Effective State,Year,Total Emissions,Total Direct Emissions,Total Supplier Emissions,Direct Point Emitters,Onshore Oil & Gas Prod.,Gathering & Boosting,Transmission Pipelines,LDC - Direct Emissions,SF6 from Elec. Equip.,GHG Quantity Associated with Coal-based liquid fuel production,GHG Quantity Associated with Petroleum Products Produced,GHG Quantity Associated with Petroleum Products Imported,GHG Quantity Associated with Petroleum Products Exported,GHG Quantity Associated with Natural Gas Supply,GHG Quantity Associated with Natural Gas Liquids Supply,GHG Quantity Associated with CO2 Supply 
AK,2010,20151950.062,17544758.662,2607191.4,17544758.662,0.0,0.0,0.0,0.0,0.0,0.0,0.0,0.0,0.0,2607191.4,0.0,0.0
AK,2011,22902015.186,20227318.286,2674696.9,18789803.038,1437515.248,0.0,0.0,0.0,0.0,0.0,0.0,0.0,0.0,2674696.9,0.0,0.0
AK,2012,36929611.974321,20396143.286321,16533468.688000001,19033119.546321,1363023.74,0.0,0.0,0.0,0.0,0.0,13675285.788,0.0,0.0,2858182.9000000004,0.0,0.0
AK,2013,37693997.482,20250210.782,17443786.7,18783388.96,1466821.822,0.0,0.0,0.0,0.0,0.0,14753136.1,0.0,0.0,2690650.6,0.0,0.0
AK,2014,35247337.670912005,19580624.878,15666712.792912,18190225.851999998,1390399.026,0.0,0.0,0.0,0.0,0.0,13171919.692912001,0.0,0.0,2494793.1,0.0,0.0
AK,2015,35427526.49,19879134.68,15548391.809999999,18532505.338,1346629.342,0.0,0.0,0.0,0.0,0.0,12694759.71,0.0,0.0,2853632.1,0.0,0.0
AK,2016,34994466.984,20321383.084,14673083.9,15003771.362,1479123.168,3838488.554,0.0,0.0,0.0,0.0,11735701.100000001,0.0,0.0,2937382.8,0.0,0.0
AK,2017,35420221.0571,20840268.662,14579952.395100001,15195128.524,1503987.756,4141152.382,0.0,0.0,0.0,0.0,11537842.1951,0.0,0.0,3042110.1999999997,0.0,0.0
AK,2018,33719496.726100005,19762193.252,13957303.474100001,14230830.175999999,1875515.4239999999,3655847.652,0.0,0.0,0.0,0.0,11057379.6741,0.0,0.0,2899923.8000000003,0.0,0.0
AK,2019,33525749.806778602,19964751.042,13560998.764778601,14324145.772,1752807.45,3887797.8200000003,0.0,0.0,0.0,0.0,10795087.6647786,0.0,0.0,2765911.1,0.0,0.0
AK,2020,31630921.154,19484735.954,12146185.2,14263438.38,1744095.018,3477202.556,0.0,0.0,0.0,0.0,9194132.2,0.0,0.0,2952053.0,0.0,0.0
AK,2021,33854220.316,19376105.716000002,14478114.6,14240136.934,1649383.054,3486585.728,0.0,0.0,0.0,0.0,11429496.3,0.0,0.0,3048618.3000000003,0.0,0.0
AK,2022,33356991.1821,19631251.7852,13725739.3969,14359970.09,1630895.686,3639123.2539999997,0.0,0.0,1262.7552,0.0,10822557.4969,0.0,0.0,2903181.9,0.0,0.0
AK,2023,34413542.6753017,19581671.847599998,14831870.827701699,14212704.844,1556688.19,3802851.766,0.0,0.0,9427.0476,0.0,11729746.727701701,0.0,0.0,3102124.0999999996,0.0,0.0
AL,2010,113817572.512511,101858388.012511,11959184.5,101858388.012511,0.0,0.0,0.0,0.0,0.0,0.0,0.0,0.0,0.0,11261808.799999999,697375.7,0.0
AL,2011,123474216.08408,111534101.98408,11940114.1,111170684.13408001,79882.95,0.0,0.0,283534.9,0.0,0.0,0.0,0.0,0.0,11310847.5,629266.6,0.0
AL,2012,136114825.6442441,103377032.56055,32737793.0836941,102946241.36055,81356.0,0.0,0.0,349435.19999999995,0.0,0.0,20652146.0836941,0.0,0.0,11521515.3,564131.7,0.0
AL,2013,137001532.5824806,102342840.0458,34658692.5366806,101897944.04980001,49343.598,0.0,0.0,395552.398,0.0,0.0,21983725.5902806,0.0,0.0,12089524.3464,585442.6,0.0
AL,2014,139074161.8946246,104396193.46056,34677968.4340646,104082766.40456,57180.906,0.0,0.0,256246.15,0.0,0.0,21752699.468464598,0.0,0.0,12407042.5656,518226.4,0.0
AL,2015,134157665.0182943,98576807.592244,35580857.4260503,98214178.352244,117171.342,0.0,0.0,245457.898,0.0,0.0,21779571.1260503,0.0,0.0,13318392.0,482894.30000000005,0.0
AL,2016,126151999.4945488,90248524.12766,35903475.3668888,89541826.18166,475817.996,0.0,0.0,230879.95,0.0,0.0,21924861.1668888,0.0,0.0,13566829.4,411784.80000000005,0.0
AL,2017,120825628.523645,85649276.985572,35176351.538073,85042070.541572,382736.244,0.0,0.0,224470.2,0.0,0.0,21391950.938072998,0.0,0.0,13470580.9,313819.69999999995,0.0
AL,2018,125202915.9018571,88309165.624172,36893750.2776851,88098505.324172,0.0,0.0,0.0,210660.30000000002,0.0,0.0,22053786.8776851,0.0,0.0,14610351.9,229611.5,0.0
AL,2019,117884551.9664167,81763159.494432,36121392.4719847,81563922.844432,0.0,0.0,0.0,199236.65,0.0,0.0,21662002.4719847,0.0,0.0,14329331.4,130058.6,0.0
AL,2020,109848039.9003889,73985436.139524,35862603.7608649,73795752.916324,0.0,0.0,0.0,189570.5,112.7232,0.0,21417527.9608649,0.0,0.0,14296170.1,148905.7,0.0
AL,2021,119280413.8948712,78670312.58876,40610101.3061112,78488376.41196,0.0,0.0,0.0,181578.65,357.5268,0.0,22277497.0061112,0.0,0.0,14934271.299999999,3398333.0,0.0
AL,2022,119424907.639665,79866255.514996,39558652.124669,79688549.211796,0.0,0.0,0.0,175869.9,1836.4032,0.0,22712988.624669,0.0,0.0,15037900.0,1807763.5,0.0
AL,2023,111523970.5256301,72203823.206968,39320147.3186621,72030311.522168,0.0,0.0,0.0,171906.19999999998,1605.4848,0.0,22865868.1186621,0.0,0.0,14725673.4,1728605.7999999998,0.0
AR,2010,44024581.721127,41939225.621127,2085356.0999999999,41939225.621127,0.0,0.0,0.0,0.0,0.0,0.0,0.0,0.0,0.0,2040860.9,44495.2,0.0
AR,2011,48347071.52784,46411246.22784,1935825.3,46250139.41984,37505.358,0.0,0.0,80258.65000000001,43342.8,0.0,0.0,0.0,0.0,1901130.3,34695.0,0.0
AR,2012,60098764.176696,47476514.076696,12622250.1,47297852.486696005,68057.81,0.0,0.0,81816.5,28787.28,0.0,10917482.0,0.0,0.0,1704768.0999999999,0.0,0.0
AR,2013,61904411.264,47142045.864,14762365.4,47049180.596,15959.888,0.0,0.0,76207.7,697.68,0.0,12684243.0,0.0,0.0,2078122.4000000001,0.0,0.0
AR,2014,60210654.0708,47060332.27,13150321.8008,46960151.33,25059.69,0.0,0.0,74197.85,923.4,0.0,11035326.0,0.0,0.0,2114995.8008000003,0.0,0.0
AR,2015,51481707.8684,37847814.088,13633893.780399999,37737351.686,34804.902,0.0,0.0,75657.5,0.0,0.0,11837709.9804,0.0,0.0,1796183.8,0.0,0.0
AR,2016,51665836.6039,39201598.104,12464238.4999,39005972.182000004,31319.844,89819.128,0.0,74486.95,0.0,0.0,10569133.0999,0.0,0.0,1895105.4000000001,0.0,0.0
AR,2017,54403646.5783,41275452.08,13128194.498300001,41102324.252,27933.248,67560.93,0.0,77633.65,0.0,0.0,11384634.4983,0.0,0.0,1743560.0,0.0,0.0
AR,2018,59709531.0692,47523060.299,12186470.7702,47327666.921000004,31222.598,66194.53,0.0,97976.25,0.0,0.0,9983467.6702,0.0,0.0,2203003.1,0.0,0.0
AR,2019,52566849.8763,42281864.4552,10284985.4211,42081922.8512,32928.772,62937.032,0.0,104075.8,0.0,0.0,8028082.8211,0.0,0.0,2256902.5999999996,0.0,0.0
AR,2020,45937632.835999995,33004636.836,12932996.0,32751577.682,31360.798,57501.156,0.0,164197.2,0.0,0.0,10815138.6,0.0,0.0,2117857.4000000004,0.0,0.0
AR,2021,52060933.215,39911331.815,12149601.4,39680572.849,31433.896,25474.27,0.0,173850.8,0.0,0.0,9909380.0,0.0,0.0,2240221.4000000004,0.0,0.0
AR,2022,55596355.45,41093371.15,14502984.3,40881588.346,8348.946,29469.458,0.0,173964.4,0.0,0.0,12149006.0,0.0,0.0,2353978.3,0.0,0.0
AR,2023,52256015.490453124,37891409.94725313,14364605.543200001,37765105.63125313,4681.646,18639.42,0.0,102983.25,0.0,0.0,12144741.9432,0.0,0.0,2219863.6,0.0,0.0
AZ,2010,62865636.879366,61228865.679366,1636771.2,61228865.679366,0.0,0.0,0.0,0.0,0.0,0.0,0.0,0.0,0.0,1636771.2,0.0,0.0
AZ,2011,61541933.771716,59936738.871716,1605194.9,59784701.361716,0.0,0.0,0.0,21160.95,130876.56,0.0,0.0,0.0,0.0,1605194.9,0.0,0.0
AZ,2012,61295319.91767,59626937.01767,1668382.9,59572653.85767,0.0,0.0,0.0,20215.4,34067.76,0.0,0.0,0.0,0.0,1668382.9,0.0,0.0
AZ,2013,63970699.069073,62055152.369072996,1915546.7,61995309.319073,0.0,0.0,0.0,19327.45,40515.600000000006,0.0,0.0,0.0,0.0,1915546.7,0.0,0.0
AZ,2014,63765684.852095,61896085.252095,1869599.6,61797472.852095,0.0,0.0,0.0,20123.4,78489.0,0.0,0.0,0.0,0.0,1869599.6,0.0,0.0
AZ,2015,60440748.326217,58649244.326217,1791504.0,58510623.776217,0.0,0.0,0.0,20676.15,117944.4,0.0,0.0,0.0,0.0,1791504.0,0.0,0.0
AZ,2016,54610353.623241,52884742.023241,1725611.5999999999,52793422.303241,0.0,0.0,0.0,20813.0,70506.72,0.0,0.0,0.0,0.0,1725611.5999999999,0.0,0.0
AZ,2017,53853525.818684,52235268.518684,1618257.3,52159427.339884,0.0,0.0,0.0,20921.2,54919.9788,0.0,0.0,0.0,0.0,1618257.3,0.0,0.0
AZ,2018,57701229.8041374,55956406.3041374,1744823.5,55830340.8765374,0.0,0.0,0.0,21144.0,104921.42760000001,0.0,0.0,0.0,0.0,1744823.5,0.0,0.0
AZ,2019,54101978.429212,51756032.429212,2345946.0,51657551.110412,0.0,0.0,0.0,21284.6,77196.7188,0.0,0.0,0.0,0.0,2345946.0,0.0,0.0
AZ,2020,45667109.532598,43669534.332598,1997575.2,43507354.386198,0.0,0.0,0.0,21651.85,140528.0964,0.0,0.0,0.0,0.0,1997575.2,0.0,0.0
AZ,2021,44715388.734369,42293667.134369,2421721.5999999996,42254463.920369,0.0,0.0,0.0,21826.65,17376.564,0.0,0.0,0.0,0.0,2421721.5999999996,0.0,0.0
AZ,2022,42863052.538818,40535734.338818,2327318.2,40437720.535218,0.0,0.0,0.0,22064.449999999997,75949.3536,0.0,0.0,0.0,0.0,2327318.2,0.0,0.0
AZ,2023,44740216.913913004,42051840.313913,2688376.6,41985085.759513,0.0,0.0,0.0,22454.2,44300.3544,0.0,0.0,0.0,0.0,2688376.6,0.0,0.0
CA,2010,203596461.39818922,110200169.71418923,93396291.684,110200169.71418923,0.0,0.0,0.0,0.0,0.0,0.0,0.0,0.0,0.0,90185835.184,3210456.5,0.0
CA,2011,200814082.39686182,108089658.39686182,92724424.0,103318459.77286182,2883882.314,0.0,0.0,1691322.95,195993.36,0.0,0.0,0.0,0.0,90008580.5,2715843.5,0.0
CA,2012,486740551.720308,119053736.4039935,367686815.3163145,114487051.8499935,2680981.424,0.0,0.0,1709890.05,175813.08,0.0,243781292.9163145,0.0,22882131.7,97632626.3,3390764.4,0.0
CA,2013,512479724.9936002,119398723.7170495,393081001.2765507,114435084.6350495,3145598.962,0.0,0.0,1670959.6,147080.52,0.0,261805406.4858727,0.0,29687879.7,97370399.490678,4217315.6,0.0
CA,2014,508956807.85776854,120372587.9829434,388584219.8748251,116384797.0829434,2164539.55,0.0,0.0,1660664.55,162586.8,0.0,266470193.1055851,0.0,25419982.0,92869764.06924,3824280.7,0.0
CA,2015,514029858.5546752,116541514.172751,397488344.3819242,112455017.970751,2262538.262,0.0,0.0,1658662.5,165295.44,0.0,268127497.534171,0.0,32250008.1477532,93432205.9,3678632.8000000003,0.0
CA,2016,489388149.5567836,108327877.7019822,381060271.8548014,97751237.2713107,1816507.396,6597745.992000001,270710.7826715,1657321.9000000001,234354.36,0.0,260096161.4901798,0.0,29666687.0646216,87795473.7,3501949.6,0.0
CA,2017,504355082.4326256,105337650.9311019,399017431.5015237,93919193.8288377,4181416.804,5174558.618,301801.78706420003,1649068.9,111610.99320000001,0.0,276237759.91576433,0.0,32340766.1857594,86858267.5,3580637.9,0.0
CA,2018,509060729.6577372,106830297.83776431,402230431.81997293,95511235.4979059,3366042.89,6057981.5540000005,169258.8894584,1647225.2999999998,78553.70640000001,0.0,282689853.512911,0.0,28920635.7070619,87138191.30000001,3481751.3,0.0
CA,2019,504191708.3368455,103515879.8082358,400675828.5286097,91463393.789501,3674099.488,6252487.968,321309.3135348,1644886.9000000001,159702.3492,0.0,270370301.8675602,0.0,38051744.7610495,88781607.3,3472174.6,0.0
CA,2020,443496781.61094624,101497621.9719355,341999159.6390107,90327489.623786,3104319.702,5811729.002,361258.7533495,1645446.35,247378.5408,0.0,221263246.867068,0.0,31209531.5719427,86846459.7,2679921.5,0.0
CA,2021,452263511.8489064,102389786.56785241,349873725.281054,91955083.8365959,2968848.818,5466518.102,279470.5280565,1589904.8499999999,129960.4332,0.0,224759787.321054,0.0,33155832.46,89381830.9,2576274.6,0.0
CA,2022,448317134.55506504,101020654.6693175,347296479.8857475,91415773.1550743,2561635.944,5158423.518,186954.7306432,1582535.3,115332.0216,0.0,226372060.1749917,0.0,30137945.6107558,88772662.8,2013811.3,0.0
CA,2023,448583015.0849105,99387178.6089976,349195836.4759129,90483453.6121253,2283489.072,4798611.916,114021.4560723,1618617.55,88985.0028,0.0,226168113.91376162,0.0,32801440.2621513,88075407.9,2150874.4,0.0
CO,2010,97379132.744943,50539694.653943,46839438.091,50539694.653943,0.0,0.0,0.0,0.0,0.0,0.0,0.0,0.0,0.0,19278162.6,3012593.991,24548681.5
CO,2011,110981608.926527,64830405.773527,46151203.153,54317175.181526996,10084280.542,0.0,0.0,322998.45,105951.59999999999,0.0,0.0,0.0,0.0,19167164.5,2617464.053,24366574.599999998
CO,2012,124808620.076415,65983544.597415,58825075.479,53799188.063415,11712635.914,0.0,0.0,370103.3,101617.31999999999,0.0,13690853.0,0.0,291343.83,17859028.0,3240167.749,23743682.900000002
CO,2013,128206612.784246,67258779.518046,60947833.2662,52406556.270045996,14390959.988,0.0,0.0,335072.1,126191.15999999999,0.0,13676186.0,0.0,300991.69,20054225.9472,3284688.329,23631741.3
CO,2014,127358336.58202,66206361.71698,61151974.86504,52062303.17098,13792231.766,0.0,0.0,334291.3,17535.48,0.0,13699455.0,0.0,511000.61,20498614.603040002,1717199.852,24725704.8
CO,2015,123529269.447748,64386041.396748,59143228.051,51253681.676748,12735239.379999999,0.0,0.0,348139.10000000003,48981.240000000005,0.0,14490335.0,0.0,407712.92,19591039.3,1017072.731,23637068.1
CO,2016,129625313.5720575,72185054.5920575,57440258.98,47526694.236875,12876696.5158,11282457.906,162520.4733825,313367.9,23317.559999999998,0.0,13402493.0,0.0,423408.58,19411223.5,1118404.7,23084729.2
CO,2017,130881125.7646627,71361416.1646627,59519709.6,46474289.054284,13295535.9491,11218907.758,56512.0232787,306159.89999999997,10011.48,0.0,13986709.0,0.0,0.0,19939619.5,1198112.2,24395268.9
CO,2018,134030056.770391,72998563.620391,61031493.15,45273728.049258,15068928.9382,12210118.242,147826.96093300002,290195.75,7765.68,0.0,14261748.0,0.0,387138.25,21942352.900000002,1268000.2,23172253.8
CO,2019,136072975.9276357,73523686.5276357,62549289.4,45015352.430993,16113653.4345,11939589.484,158563.98814270002,289965.35,6561.84,0.0,13176537.0,0.0,0.0,23037073.8,2472087.1999999997,23863591.4
CO,2020,117781402.7704052,64791015.1704052,52990387.6,39870589.376263,12926762.318,11514641.054,80099.0021422,329704.9,69218.52,0.0,11017764.0,0.0,0.0,23816699.6,2349450.0,15806474.0
CO,2021,115572368.9529993,66402923.6277591,49169445.3252402,41521898.119537,13294959.814,11213221.658,47615.913022099994,308474.25,16753.8732,0.0,10622599.4252402,0.0,0.0,22717161.2,1232162.5,14597522.200000001
CO,2022,118616887.3120408,65049001.431772,53567885.8802688,40641779.568764,12636980.694,11416078.064,21449.319008,292349.35,40364.436,0.0,12732276.5802688,0.0,0.0,23403598.4,1265689.2,16166321.7
CO,2023,111393333.4490017,62481986.6247702,48911346.8242315,37798968.158522,12581822.266,11792564.974,25237.4022482,275563.05,7830.774,0.0,9808177.3242315,0.0,0.0,22896307.7,1084871.1,15121990.700000001
CT,2010,19249174.372125,10307078.672125,8942095.7,10307078.672125,0.0,0.0,0.0,0.0,0.0,0.0,0.0,0.0,0.0,8942095.7,0.0,0.0
CT,2011,18270205.836373,9117371.436373001,9152834.4,8832952.020373,0.0,0.0,0.0,268792.296,15627.12,0.0,0.0,0.0,0.0,9152834.4,0.0,0.0
CT,2012,24957208.902327,9324963.102327,15632245.8,9039496.826327,0.0,0.0,0.0,261535.396,23930.88,0.0,0.0,0.0,6930175.7,8702070.1,0.0,0.0
CT,2013,22651662.334599998,9293746.141,13357916.193599999,9028271.905,0.0,0.0,0.0,249370.59600000002,16103.640000000001,0.0,0.0,0.0,4394038.9,8963877.2936,0.0,0.0
CT,2014,35228972.98044,9186232.937,26042740.04344,8939331.781,0.0,0.0,0.0,225122.596,21778.56,0.0,0.0,0.0,16701937.93784,9340802.1056,0.0,0.0
CT,2015,34055695.3959269,9930416.845999999,24125278.5499269,9670578.629999999,0.0,0.0,0.0,236789.696,23048.52,0.0,0.0,0.0,14533338.5499269,9591940.0,0.0,0.0
CT,2016,37462602.302468,9394609.774,28067992.528467998,9164715.758,0.0,0.0,0.0,228961.49599999998,932.52,0.0,0.0,0.0,18741170.128468,9326822.4,0.0,0.0
CT,2017,39287074.375098,8603202.485,30683871.890097998,8378906.739,0.0,0.0,0.0,224295.74599999998,0.0,0.0,0.0,0.0,21576114.090098,9107757.8,0.0,0.0
CT,2018,37531583.471443,10446138.656,27085444.815443,10228586.91,0.0,0.0,0.0,217551.74599999998,0.0,0.0,0.0,0.0,16847617.115443,10237827.7,0.0,0.0
CT,2019,38350030.015191,9729531.196,28620498.819191,9516567.3,0.0,0.0,0.0,212963.896,0.0,0.0,0.0,0.0,17666966.019191,10953532.8,0.0,0.0
CT,2020,35779786.7559181,10946572.372000001,24833214.3839181,10744809.376,0.0,0.0,0.0,201762.996,0.0,0.0,0.0,0.0,17948048.8839181,6885165.5,0.0,0.0
CT,2021,30999050.940216,11358830.757,19640220.183215998,11161557.965,0.0,0.0,0.0,197272.79200000002,0.0,0.0,0.0,0.0,10130410.483215999,9509809.7,0.0,0.0
CT,2022,29464848.622743,11216873.997,18247974.625743,11029745.557,0.0,0.0,0.0,187128.44,0.0,0.0,0.0,0.0,10991163.425743,7256811.2,0.0,0.0
CT,2023,33738304.3345,11068507.6302,22669796.7043,10889445.311,0.0,0.0,0.0,175740.49599999998,3321.8232,0.0,0.0,0.0,15857702.7043,6812094.0,0.0,0.0
DC,2010,579739.826,579739.826,0.0,579739.826,0.0,0.0,0.0,0.0,0.0,0.0,0.0,0.0,0.0,0.0,0.0,0.0
DC,2011,548850.54,548850.54,0.0,456788.7,0.0,0.0,0.0,0.0,92061.84,0.0,0.0,0.0,0.0,0.0,0.0,0.0
DC,2012,360973.51399999997,360973.51399999997,0.0,280592.114,0.0,0.0,0.0,0.0,80381.4,0.0,0.0,0.0,0.0,0.0,0.0,0.0
DC,2013,314930.00399999996,314930.00399999996,0.0,264243.32399999996,0.0,0.0,0.0,0.0,50686.68,0.0,0.0,0.0,0.0,0.0,0.0,0.0
DC,2014,368489.204,368489.204,0.0,287854.724,0.0,0.0,0.0,0.0,80634.48,0.0,0.0,0.0,0.0,0.0,0.0,0.0
DC,2015,267290.754,267290.754,0.0,245799.474,0.0,0.0,0.0,0.0,21491.28,0.0,0.0,0.0,0.0,0.0,0.0,0.0
DC,2016,251778.866,251778.866,0.0,238883.18600000002,0.0,0.0,0.0,0.0,12895.68,0.0,0.0,0.0,0.0,0.0,0.0,0.0
DC,2017,249528.31,249528.31,0.0,241037.59,0.0,0.0,0.0,0.0,8490.72,0.0,0.0,0.0,0.0,0.0,0.0,0.0
DC,2018,309902.108,309902.108,0.0,297473.828,0.0,0.0,0.0,0.0,12428.28,0.0,0.0,0.0,0.0,0.0,0.0,0.0
DC,2019,284437.792,284437.792,0.0,277495.19200000004,0.0,0.0,0.0,0.0,6942.6,0.0,0.0,0.0,0.0,0.0,0.0,0.0
DC,2020,237668.714,237668.714,0.0,237668.714,0.0,0.0,0.0,0.0,0.0,0.0,0.0,0.0,0.0,0.0,0.0,0.0
DC,2021,228779.636,228779.636,0.0,228779.636,0.0,0.0,0.0,0.0,0.0,0.0,0.0,0.0,0.0,0.0,0.0,0.0
DC,2022,291407.448,291407.448,0.0,291407.448,0.0,0.0,0.0,0.0,0.0,0.0,0.0,0.0,0.0,0.0,0.0,0.0
DC,2023,279349.994,279349.994,0.0,279349.994,0.0,0.0,0.0,0.0,0.0,0.0,0.0,0.0,0.0,0.0,0.0,0.0
DE,2010,7355846.7979999995,4750822.898,2605023.9,4750822.898,0.0,0.0,0.0,0.0,0.0,0.0,0.0,0.0,0.0,2605023.9,0.0,0.0
DE,2011,10388635.543,6870282.943,3518352.6,6776025.263,0.0,0.0,0.0,40470.2,53787.48,0.0,0.0,0.0,0.0,3518352.6,0.0,0.0
DE,2012,34174545.135,9246066.735,24928478.4,9162516.674999999,0.0,0.0,0.0,40191.3,43358.76,0.0,20700992.2,0.0,0.0,4227486.2,0.0,0.0
DE,2013,32084610.485000003,8287914.385,23796696.1,8237706.465000001,0.0,0.0,0.0,31331.800000000003,18876.12,0.0,20099496.0,0.0,0.0,3697200.1,0.0,0.0
DE,2014,32558967.974,8204662.074,24354305.9,8155013.814,0.0,0.0,0.0,31027.5,18620.76,0.0,20351674.0,0.0,0.0,4002631.9,0.0,0.0
DE,2015,30524029.149,8086462.149,22437567.0,8028759.329,0.0,0.0,0.0,34665.7,23037.12,0.0,18802268.0,0.0,0.0,3635299.0,0.0,0.0
DE,2016,32807095.582,8355470.982,24451624.6,8308834.652,0.0,0.0,0.0,34014.25,12622.08,0.0,20771465.0,0.0,0.0,3680159.6,0.0,0.0
DE,2017,28998038.843000002,7068132.143,21929906.7,7025671.453,0.0,0.0,0.0,32729.65,9731.04,0.0,18732940.0,0.0,0.0,3196966.6999999997,0.0,0.0
DE,2018,30780882.68,7037571.4799999995,23743311.2,6996663.26,0.0,0.0,0.0,32018.5,8889.72,0.0,20717031.0,0.0,0.0,3026280.2,0.0,0.0
DE,2019,27908096.51,5947428.8100000005,21960667.7,5916081.61,0.0,0.0,0.0,31347.2,0.0,0.0,19559775.0,0.0,0.0,2400892.7,0.0,0.0
DE,2020,21111792.334,5906935.234,15204857.1,5875743.134,0.0,0.0,0.0,31192.1,0.0,0.0,12782412.0,0.0,0.0,2422445.1,0.0,0.0
DE,2021,21451246.9853675,6062394.149999999,15388852.835367499,6032968.0,0.0,0.0,0.0,29426.15,0.0,0.0,13015860.6353675,0.0,0.0,2372992.2,0.0,0.0
DE,2022,29129756.504,6644048.603999999,22485707.9,6620993.554,0.0,0.0,0.0,23055.05,0.0,0.0,20195500.0,0.0,0.0,2290207.9,0.0,0.0
DE,2023,26059305.604000002,5816608.504000001,20242697.1,5794098.904000001,0.0,0.0,0.0,22509.6,0.0,0.0,17675323.0,0.0,0.0,2567374.1,0.0,0.0
FL,2010,157273593.800443,146422359.800443,10851234.0,146422359.800443,0.0,0.0,0.0,0.0,0.0,0.0,0.0,0.0,0.0,10851234.0,0.0,0.0
FL,2011,151031071.913866,140960997.113866,10070074.799999999,140540793.97386602,0.0,0.0,0.0,289483.9,130719.24,0.0,0.0,0.0,0.0,10070074.799999999,0.0,0.0
FL,2012,145684322.726784,133267081.246784,12417241.48,132749929.218784,28835.058,0.0,0.0,285547.45,202769.52000000002,0.0,0.0,0.0,61821.18,12355420.3,0.0,0.0
FL,2013,140905574.9682,129203005.313,11702569.655199999,128698999.117,34109.466,0.0,0.0,260795.65,209101.08000000002,0.0,0.0,0.0,137700.4,11564869.255199999,0.0,0.0
FL,2014,146551069.89128318,134998471.7389062,11552598.152377,134467632.1880498,40984.046,0.0,0.0,247565.6,242289.90485639998,0.0,0.0,0.0,484760.490777,11067837.6616,0.0,0.0
FL,2015,144849356.63069478,132771204.33069478,12078152.299999999,132403015.81917799,21952.112,0.0,0.0,194958.95,151277.4495168,0.0,0.0,0.0,126970.9,11951181.399999999,0.0,0.0
FL,2016,147053334.64406908,134177748.04406907,12875586.6,133808318.63067466,23034.764,0.0,49736.55421,189676.198,106981.89718439999,0.0,0.0,0.0,66574.7,12809011.9,0.0,0.0
FL,2017,143920844.94124314,131981768.24124314,11939076.7,131487604.81952314,20816.064,0.0,58484.98772,180252.65,234609.72,0.0,0.0,0.0,36107.7,11902969.0,0.0,0.0
FL,2018,147419098.40796667,133432052.00796667,13987046.4,132579346.65733667,22165.548,0.0,442643.51463,173466.848,214429.44,0.0,0.0,0.0,931812.6,13055233.8,0.0,0.0
FL,2019,134381411.41941,120108906.71941,14272504.7,119615352.505,12685.066,0.0,37117.19241,165131.396,278620.56,0.0,0.0,0.0,44081.0,14228423.7,0.0,0.0
FL,2020,132588201.27833,120238975.37833,12349225.9,119730873.595,0.0,0.0,189497.84733,145168.896,173435.03999999998,0.0,0.0,0.0,29114.1,12320111.8,0.0,0.0
FL,2021,129432754.79171,117345030.89171,12087723.9,117059369.13499999,0.0,0.0,73890.74191,146481.596,65289.4188,0.0,0.0,0.0,37490.1,12050233.8,0.0,0.0
FL,2022,124992396.77022,112884040.27022,12108356.5,112632948.37,0.0,0.0,81384.67102000001,143126.898,26580.3312,0.0,0.0,0.0,40868.9,12067487.6,0.0,0.0
FL,2023,120307350.74951443,109166906.64951444,11140444.1,108910230.13245444,0.0,0.0,90453.60106,138575.294,27647.622000000003,0.0,0.0,0.0,0.0,11140444.1,0.0,0.0
GA,2010,112253496.383396,96153848.483396,16099647.9,96153848.483396,0.0,0.0,0.0,0.0,0.0,0.0,0.0,0.0,0.0,16099647.9,0.0,0.0
GA,2011,101954871.647349,87529034.94734901,14425836.700000001,87022018.127349,0.0,0.0,0.0,231595.1,275421.72000000003,0.0,0.0,0.0,0.0,14425836.700000001,0.0,0.0
GA,2012,90288231.414582,75253387.010152,15034844.40443,74957992.570152,0.0,0.0,0.0,203629.0,91765.44,0.0,1221547.90443,0.0,0.0,13813296.5,0.0,0.0
GA,2013,89020801.6492,73691245.398,15329556.2512,73441127.558,0.0,0.0,0.0,155513.8,94604.04,0.0,0.0,0.0,0.0,15329556.2512,0.0,0.0
GA,2014,94988804.4836,79089169.526,15899634.9576,78860177.436,0.0,0.0,0.0,155671.85,73320.24,0.0,0.0,0.0,0.0,15899634.9576,0.0,0.0
GA,2015,88907616.09,74462758.19,14444857.9,74230969.616,0.0,0.0,0.0,160923.894,70864.68,0.0,0.0,0.0,0.0,14444857.9,0.0,0.0
GA,2016,89744416.9828,75347752.0828,14396664.9,74951849.052,0.0,0.0,159028.55,151902.05,84972.4308,0.0,0.0,0.0,0.0,14396664.9,0.0,0.0
GA,2017,82908725.7752,68596517.8752,14312207.9,68301509.084,0.0,0.0,27180.552,154795.438,113032.8012,0.0,0.0,0.0,0.0,14312207.9,0.0,0.0
GA,2018,85024888.7682118,69173472.8682118,15851415.900000002,68898220.75,0.0,0.0,28262.2482118,156542.84,90447.03,0.0,0.0,0.0,0.0,15851415.900000002,0.0,0.0
GA,2019,81033325.027534,65877582.427534,15155742.600000001,65637571.77,0.0,0.0,46801.809934,154525.296,38683.5516,0.0,0.0,0.0,0.0,15155742.600000001,0.0,0.0
GA,2020,67906701.7571111,53272054.857111104,14634646.9,52959441.094,0.0,0.0,87154.47911110001,165161.15,60298.134,0.0,0.0,0.0,0.0,14634646.9,0.0,0.0
GA,2021,72401760.439597,57022057.439596996,15379703.0,56707731.93,0.0,0.0,33007.449997,200092.9,81225.1596,0.0,0.0,0.0,0.0,15379703.0,0.0,0.0
GA,2022,71291642.6305988,55405079.3305988,15886563.3,55065581.516,0.0,0.0,109035.5425988,175745.35,54716.922,0.0,0.0,0.0,0.0,15886563.3,0.0,0.0
GA,2023,69902889.9492069,55111656.849206895,14791233.1,54791990.6149088,0.0,0.0,115118.1478981,177828.356,26719.7304,0.0,0.0,0.0,0.0,14791233.1,0.0,0.0
GU,2010,1270953.568,1270953.568,0.0,1270953.568,0.0,0.0,0.0,0.0,0.0,0.0,0.0,0.0,0.0,0.0,0.0,0.0
GU,2011,1318871.114,1318871.114,0.0,1318871.114,0.0,0.0,0.0,0.0,0.0,0.0,0.0,0.0,0.0,0.0,0.0,0.0
GU,2012,1065650.608,1065650.608,0.0,1065650.608,0.0,0.0,0.0,0.0,0.0,0.0,0.0,0.0,0.0,0.0,0.0,0.0
GU,2013,1113787.62,1113787.62,0.0,1113787.62,0.0,0.0,0.0,0.0,0.0,0.0,0.0,0.0,0.0,0.0,0.0,0.0
GU,2014,1248516.406,1248516.406,0.0,1248516.406,0.0,0.0,0.0,0.0,0.0,0.0,0.0,0.0,0.0,0.0,0.0,0.0
GU,2015,1271513.716,1271513.716,0.0,1271513.716,0.0,0.0,0.0,0.0,0.0,0.0,0.0,0.0,0.0,0.0,0.0,0.0
GU,2016,1153742.202,1153742.202,0.0,1153742.202,0.0,0.0,0.0,0.0,0.0,0.0,0.0,0.0,0.0,0.0,0.0,0.0
GU,2017,1220878.234,1220878.234,0.0,1220878.234,0.0,0.0,0.0,0.0,0.0,0.0,0.0,0.0,0.0,0.0,0.0,0.0
GU,2018,1236383.3739999998,1236383.3739999998,0.0,1236383.3739999998,0.0,0.0,0.0,0.0,0.0,0.0,0.0,0.0,0.0,0.0,0.0,0.0
GU,2019,1248818.328,1248818.328,0.0,1248818.328,0.0,0.0,0.0,0.0,0.0,0.0,0.0,0.0,0.0,0.0,0.0,0.0
GU,2020,1213148.368,1213148.368,0.0,1213148.368,0.0,0.0,0.0,0.0,0.0,0.0,0.0,0.0,0.0,0.0,0.0,0.0
GU,2021,1363715.4300000002,1363715.4300000002,0.0,1363715.4300000002,0.0,0.0,0.0,0.0,0.0,0.0,0.0,0.0,0.0,0.0,0.0,0.0
GU,2022,1308218.662,1308218.662,0.0,1308218.662,0.0,0.0,0.0,0.0,0.0,0.0,0.0,0.0,0.0,0.0,0.0,0.0
GU,2023,1304859.404,1304859.404,0.0,1304859.404,0.0,0.0,0.0,0.0,0.0,0.0,0.0,0.0,0.0,0.0,0.0,0.0
HI,2010,9716453.500362,9578090.700362,138362.8,9578090.700362,0.0,0.0,0.0,0.0,0.0,0.0,0.0,0.0,0.0,138362.8,0.0,0.0
HI,2011,9936103.99845,9795361.49845,140742.5,9794504.21845,0.0,0.0,0.0,0.0,857.28,0.0,0.0,0.0,0.0,140742.5,0.0,0.0
HI,2012,26434378.913315,9486808.413315,16947570.5,9486147.213315,0.0,0.0,0.0,0.0,661.2,0.0,16814169.6,0.0,0.0,133400.9,0.0,0.0
HI,2013,20885078.1765728,8872298.428,12012779.7485728,8872298.428,0.0,0.0,0.0,0.0,0.0,0.0,11869768.548572801,0.0,0.0,143011.2,0.0,0.0
HI,2014,26277753.8092622,9045937.818,17231815.9912622,9043135.698,0.0,0.0,0.0,0.0,2802.12,0.0,17087103.6912622,0.0,0.0,144712.3,0.0,0.0
HI,2015,27225998.7498538,8905771.598,18320227.1518538,8899752.398,0.0,0.0,0.0,0.0,6019.2,0.0,18169672.2518538,0.0,0.0,150554.9,0.0,0.0
HI,2016,25960919.425422,8672767.998,17288151.427422002,8669801.718,0.0,0.0,0.0,0.0,2966.28,0.0,17060480.674322,0.0,62380.9531,165289.8,0.0,0.0
HI,2017,25833881.004843,8193373.501999999,17640507.502843,8190031.022,0.0,0.0,0.0,0.0,3342.48,0.0,17205965.128703,0.0,276934.17414,157608.2,0.0,0.0
HI,2018,27255736.4215809,8195552.468,19060183.9535809,8192002.508,0.0,0.0,0.0,0.0,3549.96,0.0,18311014.9767659,0.0,579625.576815,169543.4,0.0,0.0
HI,2019,23941872.0171264,8026695.526,15915176.4911264,8019629.806,0.0,0.0,0.0,0.0,7065.72,0.0,15736767.2911264,0.0,0.0,178409.2,0.0,0.0
HI,2020,18320927.2687478,7130160.678,11190766.5907478,7126560.558,0.0,0.0,0.0,0.0,3600.12,0.0,11059470.3907478,0.0,0.0,131296.2,0.0,0.0
HI,2021,19237918.769208197,7020727.9596,12217190.809608199,7015137.126,0.0,0.0,0.0,0.0,5590.8336,0.0,12066187.2096082,0.0,0.0,151003.6,0.0,0.0
HI,2022,19074436.1408064,6989858.8616,12084577.279206399,6976797.038,0.0,0.0,0.0,0.0,13061.8236,0.0,11921627.5792064,0.0,0.0,162949.7,0.0,0.0
HI,2023,18931563.274507,6712636.7828,12218926.491706999,6706243.4120000005,0.0,0.0,0.0,0.0,6393.3708,0.0,12056718.291707,0.0,0.0,162208.2,0.0,0.0
IA,2010,75710520.665583,62027756.465583,13682764.200000001,62027756.465583,0.0,0.0,0.0,0.0,0.0,0.0,0.0,0.0,0.0,13682764.200000001,0.0,0.0
IA,2011,73274443.964222,59881624.764222,13392819.2,59734215.384222,0.0,0.0,0.0,129497.70000000001,17911.68,0.0,0.0,0.0,0.0,13392819.2,0.0,0.0
IA,2012,69497524.245092,56653913.045092,12843611.2,56518410.105092,0.0,0.0,0.0,128097.5,7405.44,0.0,0.0,0.0,0.0,12843611.2,0.0,0.0
IA,2013,69406414.45,54559424.65,14846989.8,54413403.58,0.0,0.0,0.0,122824.34999999999,23196.72,0.0,0.0,0.0,0.0,14846989.8,0.0,0.0
IA,2014,70186166.178,55005642.278,15180523.9,54854615.258,0.0,0.0,0.0,120112.5,30914.52,0.0,0.0,0.0,0.0,15180523.9,0.0,0.0
IA,2015,64468775.276,50372933.876,14095841.4,50235187.096,0.0,0.0,0.0,116540.5,21206.28,0.0,0.0,0.0,0.0,14095841.4,0.0,0.0
IA,2016,60896798.672,46670063.372,14226735.3,46116560.032,0.0,0.0,422137.75,116094.15,15271.44,0.0,0.0,0.0,0.0,14226735.3,0.0,0.0
IA,2017,66086810.3387,50640239.7387,15446570.6,50280652.005,0.0,0.0,227600.0937,116054.99999999999,15932.640000000001,0.0,0.0,0.0,0.0,15446570.6,0.0,0.0
IA,2018,73570238.1178666,55852862.1178666,17717376.0,55525502.596,0.0,0.0,202912.2818666,116243.8,8203.44,0.0,0.0,0.0,0.0,17717376.0,0.0,0.0
IA,2019,67849046.5394758,49379549.9394758,18469496.599999998,48735706.578,0.0,0.0,508776.2714758,116501.05,18566.04,0.0,0.0,0.0,0.0,18469496.599999998,0.0,0.0
IA,2020,57787753.2287824,40795688.8287824,16992064.4,40026879.054,0.0,0.0,642607.4447824,115620.84999999999,10581.48,0.0,0.0,0.0,0.0,16992064.4,0.0,0.0
IA,2021,64999485.6605636,48240035.6605636,16759450.0,47701552.142,0.0,0.0,412807.3245636,116196.296,9479.898,0.0,0.0,0.0,0.0,16759450.0,0.0,0.0
IA,2022,62623358.810818404,44927359.2108184,17695999.6,44557789.254,0.0,0.0,247683.3716184,116616.046,5270.5392,0.0,0.0,0.0,0.0,17695999.6,0.0,0.0
IA,2023,61327553.2096779,43911308.109677896,17416245.1,43592023.7918576,0.0,0.0,197585.2386203,116413.94799999999,5285.1312,0.0,0.0,0.0,0.0,17416245.1,0.0,0.0
ID,2010,6029764.048,3197555.948,2832208.1,3197555.948,0.0,0.0,0.0,0.0,0.0,0.0,0.0,0.0,0.0,2832208.1,0.0,0.0
ID,2011,6569602.2226,3510985.3226,3058616.9,3437363.8426,0.0,0.0,0.0,28897.0,44724.48,0.0,0.0,0.0,0.0,3058616.9,0.0,0.0
ID,2012,6876960.5536,3758155.5535999998,3118805.0,3715932.2635999997,0.0,0.0,0.0,28935.45,13287.84,0.0,0.0,0.0,0.0,3118805.0,0.0,0.0
ID,2013,8168072.4013,4790928.6013,3377143.8,4771471.0813,0.0,0.0,0.0,0.0,19457.52,0.0,0.0,0.0,0.0,3377143.8,0.0,0.0
ID,2014,7374371.375819,4224090.875819,3150280.5,4217627.075819,0.0,0.0,0.0,0.0,6463.8,0.0,0.0,0.0,0.0,3150280.5,0.0,0.0
ID,2015,8283011.8073040005,4918781.607303999,3364230.2,4883297.847304,0.0,0.0,0.0,29779.2,5704.56,0.0,0.0,0.0,0.0,3364230.2,0.0,0.0
ID,2016,8209170.700743,4608910.300743,3600260.4,4568577.670743,0.0,0.0,0.0,30207.15,10125.48,0.0,0.0,0.0,0.0,3600260.4,0.0,0.0
ID,2017,8324890.129725,4436820.429725,3888069.7,4402486.879725,0.0,0.0,0.0,34333.55,0.0,0.0,0.0,0.0,0.0,3888069.7,0.0,0.0
ID,2018,8189757.215512999,4386608.615513,3803148.6,4353618.915513,0.0,0.0,0.0,32989.7,0.0,0.0,0.0,0.0,0.0,3803148.6,0.0,0.0
ID,2019,9314016.420501,5138892.620501,4175123.8,5106993.470501,0.0,0.0,0.0,31899.15,0.0,0.0,0.0,0.0,0.0,4175123.8,0.0,0.0
ID,2020,9058140.885489,5043365.685489,4014775.2,5010932.685489,0.0,0.0,0.0,32433.0,0.0,0.0,0.0,0.0,0.0,4014775.2,0.0,0.0
ID,2021,9403190.5705224,5387762.1705224,4015428.4,5297755.636895,0.0,0.0,56789.3336274,33217.2,0.0,0.0,0.0,0.0,0.0,4015428.4,0.0,0.0
ID,2022,9965208.6132865,5247504.1132865,4717704.5,5199181.994486,0.0,0.0,14295.9688005,34026.15,0.0,0.0,0.0,0.0,0.0,4717704.5,0.0,0.0
ID,2023,10354962.316486,5703362.816486,4651599.5,5668302.316486,0.0,0.0,0.0,35060.5,0.0,0.0,0.0,0.0,0.0,4651599.5,0.0,0.0
IL,2010,185370006.061978,134226896.261978,51143109.8,134226896.261978,0.0,0.0,0.0,0.0,0.0,0.0,0.0,0.0,0.0,45224447.1,5918662.7,0.0
IL,2011,189394323.28315207,137175329.0831521,52218994.2,136628598.94915208,0.0,0.0,0.0,508660.974,38069.16,0.0,0.0,0.0,0.0,45990823.1,6228171.1,0.0
IL,2012,343071823.09981555,130535114.49981557,212536708.6,129959800.33181557,0.0,0.0,0.0,478555.528,96758.64,0.0,127836128.1,0.0,37008113.0,41812339.9,5880127.6,0.0
IL,2013,343040389.0091244,134218313.8456,208822075.1635244,133740310.0696,0.0,0.0,0.0,446801.976,31201.8,0.0,131623455.0635244,0.0,23166943.0,49010521.3,5021155.8,0.0
IL,2014,345170719.3069613,131946672.6472,213224046.6597613,131453712.25919999,0.0,0.0,0.0,463555.228,29405.16,0.0,134150918.48645,0.0,22234744.1733113,51432373.699999996,5406010.3,0.0
IL,2015,317573617.5783894,120048020.9217,197525596.6566894,119584049.5457,0.0,0.0,0.0,453483.376,10488.0,0.0,131125699.0557427,0.0,16255407.3009467,45023670.8,5120819.5,0.0
IL,2016,302888095.536954,107089918.1767,195798177.360254,106411164.0609,0.0,0.0,238553.5458,416949.13,23251.44,0.0,133919802.7763806,0.0,12028565.0838734,44039907.5,5809902.0,0.0
IL,2017,319848873.6300915,102036457.43465,217812416.1954415,101375964.3504,0.0,0.0,249813.69024999999,400791.034,9888.36,0.0,132938527.6464893,0.0,33529550.0489522,44109443.9,7234894.6,0.0
IL,2018,330047620.0993612,105671766.90855,224375853.19081122,105152838.7902,0.0,0.0,70094.39835,418662.48,30171.24,0.0,141646858.2908112,0.0,27340079.0,48750813.6,6638102.3,0.0
IL,2019,331354017.5021139,96659623.68853,234694393.8135839,96006895.2876,0.0,0.0,249297.63093,394584.37,8846.4,0.0,138895806.9429231,0.0,40525601.0706608,48872418.300000004,6400567.5,0.0
IL,2020,298032671.6795624,77815448.62449,220217223.0550724,77112932.6014,0.0,0.0,311372.25309,383498.93,7644.84,0.0,131544553.3524739,0.0,36772459.6025985,45180123.7,6720086.4,0.0
IL,2021,319721628.50319123,87165858.87738,232555769.62581122,86434097.6568,0.0,0.0,337176.74178000004,384619.032,9965.4468,0.0,143091895.12581122,0.0,37879055.6,44955421.6,6629397.3,0.0
IL,2022,314442703.1063137,83116182.47016,231326520.6361537,82557690.5798,0.0,0.0,156489.88196,394334.414,7667.5944,0.0,137838334.4761537,0.0,38498489.96,48309059.1,6680637.1,0.0
IL,2023,309364344.67484903,72016519.61976,237347825.055089,71355070.6934,0.0,0.0,260958.23156,392881.856,7608.8388,0.0,151277906.75758392,0.0,36772649.2975051,42805938.5,6491330.5,0.0
IN,2010,218194196.72201,162682555.02201,55511641.7,162682555.02201,0.0,0.0,0.0,0.0,0.0,0.0,0.0,0.0,0.0,55511641.7,0.0,0.0
IN,2011,222857927.942021,166058446.842021,56799481.1,164905161.836021,0.0,0.0,0.0,1105040.206,48244.8,0.0,0.0,0.0,0.0,56799481.1,0.0,0.0
IN,2012,271186150.805575,155820214.117973,115365936.687602,154618027.061973,0.0,0.0,0.0,1184995.856,17191.2,0.0,58707695.487602,0.0,40775.0,56617466.2,0.0,0.0
IN,2013,264812502.4452,156590612.338,108221890.1072,155561559.954,0.0,0.0,0.0,1024376.1039999999,4676.28,0.0,45393063.1,0.0,33763.0,62795064.0072,0.0,0.0
IN,2014,280223537.335797,160790867.666197,119432669.66960001,159740200.48219702,0.0,0.0,0.0,1000949.5040000001,49717.68,0.0,52327313.7,0.0,52814.0,67052541.9696,0.0,0.0
IN,2015,260635470.339306,142474720.15119702,118160750.188109,141499550.899197,0.0,0.0,0.0,948718.972,26450.28,0.0,54087728.488109,0.0,59511.7,64013510.0,0.0,0.0
IN,2016,254535144.218643,139008607.820773,115526536.39786999,138002493.686773,0.0,0.0,35525.9,914839.954,55748.28,0.0,52607715.89787,0.0,66663.0,62852157.5,0.0,0.0
IN,2017,258184539.627863,136515370.3468225,121669169.2810405,135664319.827788,0.0,0.0,491.5114345,849386.472,1172.5356000000002,0.0,59406812.8810405,0.0,42062.0,62220294.400000006,0.0,0.0
IN,2018,273575033.9820514,143886611.5998586,129688422.3821928,143046655.396,0.0,0.0,426.5446586,809460.472,30069.1872,0.0,59346086.4821928,0.0,55551.0,70286784.9,0.0,0.0
IN,2019,261369599.1937332,129244467.9676687,132125131.22606449,128458269.847,0.0,0.0,1155.5282687,740343.922,44698.6704,0.0,62045112.8260645,0.0,46468.0,70033550.39999999,0.0,0.0
IN,2020,241401627.8909686,112622521.7,128779106.1909686,111890422.608,0.0,0.0,0.0,724249.622,7849.469999999999,0.0,61463481.4909686,0.0,37684.0,67277940.7,0.0,0.0
IN,2021,249429592.5709297,120670254.307,128759338.2639297,119945372.347,0.0,0.0,0.0,711736.392,13145.568000000001,0.0,62849555.8639297,0.0,38151.0,65871631.4,0.0,0.0
IN,2022,254323170.73455143,117436498.4016,136886672.3329514,116746221.132,0.0,0.0,0.0,674119.092,16158.177599999999,0.0,67535747.13295141,0.0,36035.0,69314890.2,0.0,0.0
IN,2023,246158633.59378055,108605521.70640224,137553111.8873783,107903850.47280224,0.0,0.0,0.0,658350.162,43321.0716,0.0,70587806.78737831,0.0,36536.6,66928768.5,0.0,0.0
KS,2010,81738336.818277,48946131.118277006,32792205.7,48946131.118277006,0.0,0.0,0.0,0.0,0.0,0.0,0.0,0.0,0.0,8139914.600000001,24652291.1,0.0
KS,2011,82828720.07087499,49106139.170875,33722580.9,48637772.084875,240941.416,0.0,0.0,164910.34999999998,62515.32,0.0,0.0,0.0,0.0,8165928.3,25556652.6,0.0
KS,2012,139647653.803659,45513398.103659004,94134255.7,45014993.589659,230792.25400000002,0.0,0.0,156400.7,111211.56,0.0,51844206.1,0.0,7809846.899999999,7195017.2,27285185.5,0.0
KS,2013,135973300.7,46750143.160000004,89223157.53999999,46288494.662,228572.608,0.0,0.0,177003.84999999998,56072.04,0.0,49834404.4,0.0,7647024.0,8427818.04,23313911.1,0.0
KS,2014,133152300.7144,45975623.528000005,87176677.1864,45649910.168,141341.19,0.0,0.0,149262.45,35109.72,0.0,50001043.2,0.0,7141375.3,8954794.5864,21079464.1,0.0
KS,2015,126476674.96000001,41220659.06,85256015.9,40976661.772,72755.828,0.0,0.0,142577.3,28664.16,0.0,48997588.3,0.0,5854410.7,7703360.100000001,22700656.799999997,0.0
KS,2016,132709579.7608,40092775.022,92616804.7388,39380140.386,43065.032,510011.224,0.0,134202.5,25355.88,0.0,55122433.9388,0.0,7177714.8,7695088.4,22621567.6,0.0
KS,2017,129423865.453118,36043370.004818,93380495.4483,35371986.232,22324.334,420256.094,71814.294818,123381.85,33607.2,0.0,56045511.7483,0.0,5198985.100000001,7573406.8,24562591.799999997,0.0
KS,2018,131343808.3971099,37725035.6662099,93618772.7309,37170806.344,0.0,406232.91,11483.0522099,130751.8,5761.56,0.0,54569601.230900005,0.0,4019019.0,8567503.9,26462648.6,0.0
KS,2019,129566528.6864606,34517182.8169606,95049345.8695,33963884.79,0.0,323323.36,48897.3069606,122362.8,58714.56,0.0,55804557.369500004,0.0,4353804.0,8792511.8,26098472.7,0.0
KS,2020,120830507.94693421,33057004.6644342,87773503.2825,32612575.796,0.0,289887.69,44263.2384342,100284.7,9993.24,0.0,51439702.9825,0.0,5339882.1,8547559.1,22446359.1,0.0
KS,2021,137391381.9843625,34909488.0288625,102481893.9555,34530253.572,0.0,247433.488,28745.3960625,96808.35,6247.2228,0.0,58996608.0555,0.0,9475833.7,8599545.0,25409907.2,0.0
KS,2022,140098293.4787589,36562017.6036589,103536275.8751,36170464.838,0.0,242420.538,16925.6960589,79424.6,52781.9316,0.0,58994314.8851,0.0,5991498.6899999995,9532191.9,29018270.4,0.0
KS,2023,133667452.3207846,32817907.672035098,100849544.6487495,32434383.772,0.0,225294.43600000002,33412.8168351,59377.25,65439.3972,0.0,55498162.6787495,0.0,4185914.4699999997,8531174.7,32634292.799999997,0.0
KY,2010,120128199.856728,114207046.056728,5921153.8,114207046.056728,0.0,0.0,0.0,0.0,0.0,0.0,0.0,0.0,0.0,3930960.8000000003,1990193.0,0.0
KY,2011,127585534.8724906,121921147.97249061,5664386.9,121799987.2584906,41230.844,0.0,0.0,37250.549999999996,42679.32,0.0,0.0,0.0,0.0,3732524.4,1931862.5,0.0
KY,2012,152301148.60577512,111125560.3057751,41175588.3,110989900.9217751,33560.394,0.0,0.0,37283.15,64815.84,0.0,35807246.0,0.0,0.0,3581491.8,1786850.5,0.0
KY,2013,149166572.77138,110050193.96138,39116378.81,109938897.48338,54477.288,0.0,0.0,31527.149999999998,25292.04,0.0,33133728.91,0.0,0.0,4091991.1999999997,1890658.7,0.0
KY,2014,150158150.62776,110649681.56776,39508469.06,110477546.47376,17430.074,0.0,0.0,31564.5,123140.51999999999,0.0,33386775.16,0.0,0.0,4274355.1,1847338.8,0.0
KY,2015,138842489.997,99804699.807,39037790.19,99684138.707,15114.44,0.0,0.0,38125.1,67321.56,0.0,33682144.989999995,0.0,0.0,3952775.1,1402870.1,0.0
KY,2016,134008810.803,91440641.613,42568169.19,91325858.037,12789.446,0.0,0.0,31596.850000000002,70397.28,0.0,37256905.39,0.0,0.0,3832435.2,1478828.6,0.0
KY,2017,126596366.5124667,84247553.2535,42348813.2589667,83853224.04349999,132014.04,147019.29,0.0,25552.8,89743.08,0.0,37327160.6589667,0.0,0.0,3666506.9,1355145.7,0.0
KY,2018,132011578.4754,86520774.019,45490804.4564,86230080.915,51723.194,183583.04,0.0,25692.15,29694.72,0.0,40087557.9564,0.0,0.0,4031457.6999999997,1371788.8,0.0
KY,2019,123489592.534521,78573431.52,44916161.014521,78293975.336,55534.546,179693.238,0.0,25236.0,18992.4,0.0,39784334.514521,0.0,0.0,3938823.6,1193002.9,0.0
KY,2020,104990279.145,66462515.902,38527763.243,66395752.452,0.0,0.0,0.0,24993.850000000002,41769.6,0.0,33780099.743,0.0,0.0,3629879.8,1117783.7,0.0
KY,2021,116624156.98969999,73813651.6897,42810505.3,73776981.6285,0.0,0.0,0.0,24930.25,11739.8112,0.0,37838754.0,0.0,0.0,3868913.4,1102837.9,0.0
KY,2022,120624273.011155,72649837.8079,47974435.203255,72616520.1855,0.0,0.0,0.0,24706.449999999997,8611.1724,0.0,42824730.303255,0.0,0.0,4055054.3000000003,1094650.6,0.0
KY,2023,112985363.64145,65118213.2162,47867150.42525,65082784.771000005,0.0,0.0,0.0,24850.75,10577.6952,0.0,43001365.32525,0.0,0.0,3720575.8000000003,1145209.3,0.0
LA,2010,165876026.219055,131640875.619055,34235150.6,131640875.619055,0.0,0.0,0.0,0.0,0.0,0.0,0.0,0.0,0.0,2278460.3,31956690.3,0.0
LA,2011,176930450.4393,145219507.7393,31710942.7,144633273.1053,374242.994,0.0,0.0,70203.0,141788.63999999998,0.0,0.0,0.0,0.0,2527820.4,29183122.3,0.0
LA,2012,514349972.59694344,141184197.548,373165775.0489434,140737840.572,274659.836,0.0,0.0,67995.90000000001,103701.24,0.0,341607897.7489434,0.0,0.0,2585321.6,28972555.7,0.0
LA,2013,581235894.8098905,137668934.81,443566959.9998905,137011628.972,168627.318,0.0,0.0,60519.6,428158.92,0.0,419045543.5070905,0.0,0.0,2195315.8928,22326100.6,0.0
LA,2014,595453025.5133657,137928885.65,457524139.8633657,137467898.472,136316.978,0.0,0.0,56952.6,267717.60000000003,0.0,429075309.3585657,0.0,0.0,2567414.9048,25881415.6,0.0
LA,2015,615394925.9936389,138934985.2742,476459940.7194389,138582074.0802,195296.474,0.0,0.0,52691.399999999994,104923.31999999999,0.0,441473215.7194389,0.0,0.0,2201151.5,32785573.5,0.0
LA,2016,614925239.3991438,140120686.6924466,474804552.7066972,139320735.266,231309.776,33949.242,282515.2684466,46947.5,205229.64,0.0,444562676.2066972,0.0,0.0,1127907.2,29113969.299999997,0.0
LA,2017,630568566.211824,141506264.3657039,489062301.8461202,140635717.699,283141.426,43036.85,281752.77070389997,41400.9,221214.72,0.0,457417711.4461202,0.0,0.0,1064086.5,30580503.9,0.0
LA,2018,639803381.7100616,146049947.92288035,493753433.7871812,145172233.26946056,288141.99600000004,188464.416,234860.1914198,36698.45,129549.6,0.0,458505839.8172028,0.0,0.0,1250586.6,33997007.3699784,0.0
LA,2019,644241062.0518584,148126067.30016327,496114994.75169516,146955135.31781688,391376.498,305525.33,261551.2243464,33052.05,179426.88,0.0,456517227.22053397,0.0,0.0,1246747.4,38351020.1311612,0.0
LA,2020,541024864.2388798,137142919.8867551,403881944.3521247,135974216.8330339,312561.082,690095.634,130985.6577212,29860.0,5200.68,0.0,368025034.04501146,0.0,0.0,1120619.9000000001,34736290.407113194,0.0
LA,2021,547762053.5847355,142442167.24551275,405319886.3392228,140421687.10495734,589673.652,1110401.958,191944.3961554,25860.75,102599.3844,0.0,372873887.4699902,0.0,0.0,1279520.9,31166477.9692326,0.0
LA,2022,584864197.6926991,149314418.8355321,435549778.857167,147604478.3851107,278517.474,1254827.012,100749.5128214,22816.0,53030.4516,0.0,398769335.78676957,0.0,0.0,1250391.6,35530051.4703974,0.0
LA,2023,580596090.6917269,146131822.1014755,434464268.5902514,144318455.12248883,222837.832,1322529.37,155919.1301867,22112.85,89967.7968,0.0,396428295.226642,0.0,0.0,1139278.0,36896695.3636094,0.0
MA,2010,36324296.030347005,21667167.830347,14657128.200000001,21667167.830347,0.0,0.0,0.0,0.0,0.0,0.0,0.0,0.0,0.0,14657128.200000001,0.0,0.0
MA,2011,33685638.004873,19021983.704873,14663654.3,18133200.520873,0.0,0.0,0.0,836573.464,52209.72,0.0,0.0,0.0,0.0,14663654.3,0.0,0.0
MA,2012,30746416.1263658,16616944.0263658,14129472.1,15764113.6743658,0.0,0.0,0.0,810030.192,42800.16,0.0,0.0,0.0,0.0,14129472.1,0.0,0.0
MA,2013,32470898.2788,17077796.9948,15393101.284,16253805.6948,0.0,0.0,0.0,785762.5399999999,38228.76,0.0,0.0,0.0,0.0,15393101.284,0.0,0.0
MA,2014,31464946.988275,15176834.757074999,16288112.231199998,14372571.873075,0.0,0.0,0.0,757062.324,47200.560000000005,0.0,0.0,0.0,0.0,16288112.231199998,0.0,0.0
MA,2015,31909266.166471,15535615.966471,16373650.200000001,14750541.696471,0.0,0.0,0.0,739996.39,45077.880000000005,0.0,0.0,0.0,0.0,16373650.200000001,0.0,0.0
MA,2016,30017423.379349,14772368.679349001,15245054.7,14008323.825349001,0.0,0.0,0.0,707496.294,56548.56,0.0,0.0,0.0,0.0,15245054.7,0.0,0.0
MA,2017,30148225.463122,14162632.363122,15985593.1,13480298.127122,0.0,0.0,0.0,671403.916,10930.32,0.0,0.0,0.0,0.0,15985593.1,0.0,0.0
MA,2018,28150868.259683,11785258.159683,16365610.1,11122736.607683,0.0,0.0,0.0,647536.138,14985.414,0.0,0.0,0.0,0.0,16365610.1,0.0,0.0
MA,2019,26365751.655601,9939666.155601,16426085.5,9305515.362001,0.0,0.0,0.0,622153.16,11997.6336,0.0,0.0,0.0,0.0,16426085.5,0.0,0.0
MA,2020,24426349.548835,9466067.248835,14960282.299999999,8848315.584835,0.0,0.0,0.0,605457.22,12294.444,0.0,0.0,0.0,0.0,14960282.299999999,0.0,0.0
MA,2021,24893130.213208,9803899.213208,15089231.0,9217615.661608,0.0,0.0,0.0,577151.6499999999,9131.9016,0.0,0.0,0.0,0.0,15089231.0,0.0,0.0
MA,2022,25763858.346754,10412367.046754,15351491.3,9851718.443554,0.0,0.0,0.0,554619.28,6029.3232,0.0,0.0,0.0,0.0,15351491.3,0.0,0.0
MA,2023,24417684.916699,9341762.816699,15075922.100000001,8812173.096699,0.0,0.0,0.0,529589.72,0.0,0.0,0.0,0.0,0.0,15075922.100000001,0.0,0.0
MD,2010,39187868.589314,33742445.889313996,5445422.7,33742445.889313996,0.0,0.0,0.0,0.0,0.0,0.0,0.0,0.0,0.0,5445422.7,0.0,0.0
MD,2011,36404578.997,31111051.597,5293527.4,30848873.797,0.0,0.0,0.0,260388.00000000003,1789.8,0.0,0.0,0.0,0.0,5293527.4,0.0,0.0
MD,2012,29947760.658,25129605.758,4818154.9,24872384.728,0.0,0.0,0.0,253912.75000000003,3308.28,0.0,0.0,0.0,0.0,4818154.9,0.0,0.0
MD,2013,28358842.183999997,23228190.384,5130651.8,22975063.294,0.0,0.0,0.0,249620.45,3506.64,0.0,0.0,0.0,0.0,5130651.8,0.0,0.0
MD,2014,31039961.56,25651013.06,5388948.5,25401529.169999998,0.0,0.0,0.0,244312.85,5171.04,0.0,0.0,0.0,0.0,5388948.5,0.0,0.0
MD,2015,28162526.044,22786895.144,5375630.9,22545794.484,0.0,0.0,0.0,238223.30000000002,2877.36,0.0,0.0,0.0,0.0,5375630.9,0.0,0.0
MD,2016,28039753.072,22692677.472,5347075.6,22460154.224,0.0,0.0,0.0,232523.24800000002,0.0,0.0,0.0,0.0,0.0,5347075.6,0.0,0.0
MD,2017,22812288.85,17839921.25,4972367.6,17617942.702,0.0,0.0,0.0,221978.548,0.0,0.0,0.0,0.0,0.0,4972367.6,0.0,0.0
MD,2018,28190995.272,22600965.172,5590030.1,22387280.873999998,0.0,0.0,0.0,213684.298,0.0,0.0,0.0,0.0,0.0,5590030.1,0.0,0.0
MD,2019,24101333.258,18706094.858,5395238.4,18501112.26,0.0,0.0,0.0,204982.59799999997,0.0,0.0,0.0,0.0,0.0,5395238.4,0.0,0.0
MD,2020,20717278.83,15914588.53,4802690.3,15720136.432,0.0,0.0,0.0,194452.098,0.0,0.0,0.0,0.0,0.0,4802690.3,0.0,0.0
MD,2021,23656496.754,18571948.254,5084548.5,18385332.006,0.0,0.0,0.0,186616.24800000002,0.0,0.0,0.0,0.0,0.0,5084548.5,0.0,0.0
MD,2022,22304388.268,17196383.868,5108004.4,17018793.122,0.0,0.0,0.0,177590.746,0.0,0.0,0.0,0.0,0.0,5108004.4,0.0,0.0
MD,2023,19366708.292,14587848.092,4778860.2,14414739.993999999,0.0,0.0,0.0,173108.098,0.0,0.0,0.0,0.0,0.0,4778860.2,0.0,0.0
ME,2010,6941490.095751,5884875.795751,1056614.3,5884875.795751,0.0,0.0,0.0,0.0,0.0,0.0,0.0,0.0,0.0,1056614.3,0.0,0.0
ME,2011,6932023.215577,5877289.915577,1054733.3,5874336.295577,0.0,0.0,0.0,1017.9000000000001,1935.72,0.0,0.0,0.0,0.0,1054733.3,0.0,0.0
ME,2012,6193111.286688,5191078.686688,1002032.6,5188597.696688,0.0,0.0,0.0,1094.75,1386.24,0.0,0.0,0.0,0.0,1002032.6,0.0,0.0
ME,2013,6552557.8848,4570917.6848,1981640.2000000002,4569728.9748,0.0,0.0,0.0,500.15,688.56,0.0,0.0,0.0,0.0,1981640.2000000002,0.0,0.0
ME,2014,6053998.288373,4727329.288373,1326669.0,4725446.828373,0.0,0.0,0.0,1148.3,734.16,0.0,0.0,0.0,0.0,1326669.0,0.0,0.0
ME,2015,5179746.2423910005,4079006.0423910003,1100740.2000000002,4078084.942391,0.0,0.0,0.0,921.1,0.0,0.0,0.0,0.0,0.0,1100740.2000000002,0.0,0.0
ME,2016,4808928.303863,3685147.303863,1123781.0,3684246.303863,0.0,0.0,0.0,901.0,0.0,0.0,0.0,0.0,0.0,1123781.0,0.0,0.0
ME,2017,3896964.646799,3071883.646799,825081.0,3070973.146799,0.0,0.0,0.0,910.5,0.0,0.0,0.0,0.0,0.0,825081.0,0.0,0.0
ME,2018,3381580.038432,3191199.938432,190380.1,3191199.938432,0.0,0.0,0.0,0.0,0.0,0.0,0.0,0.0,0.0,190380.1,0.0,0.0
ME,2019,3148796.8059900003,2923516.10599,225280.7,2923516.10599,0.0,0.0,0.0,0.0,0.0,0.0,0.0,0.0,0.0,225280.7,0.0,0.0
ME,2020,3162868.388462,2894692.788462,268175.6,2894692.788462,0.0,0.0,0.0,0.0,0.0,0.0,0.0,0.0,0.0,268175.6,0.0,0.0
ME,2021,3589173.380608,3318132.880608,271040.5,3318132.880608,0.0,0.0,0.0,0.0,0.0,0.0,0.0,0.0,0.0,271040.5,0.0,0.0
ME,2022,4059853.260626,3811800.760626,248052.5,3811800.760626,0.0,0.0,0.0,0.0,0.0,0.0,0.0,0.0,0.0,248052.5,0.0,0.0
ME,2023,3634281.413632,3421059.713632,213221.7,3421059.713632,0.0,0.0,0.0,0.0,0.0,0.0,0.0,0.0,0.0,213221.7,0.0,0.0
MI,2010,136196941.6109665,99287132.4109665,36909809.199999996,99287132.4109665,0.0,0.0,0.0,0.0,0.0,0.0,0.0,0.0,0.0,36397609.699999996,512199.5,0.0
MI,2011,134597226.29905283,95746445.89905283,38850780.4,94326108.12705283,996492.872,0.0,0.0,389428.3,34416.6,0.0,0.0,0.0,0.0,38367528.1,483252.3,0.0
MI,2012,145489369.42216006,93978912.72216007,51510456.7,92519787.43416007,1028341.488,0.0,0.0,386369.4,44414.399999999994,0.0,14022138.0,0.0,0.0,37018557.1,469761.6,0.0
MI,2013,153415439.3334,93791861.4794,59623577.854,91810543.8154,941408.344,0.0,0.0,968194.2,71715.12,0.0,19069298.0,0.0,0.0,40140829.254,413450.6,0.0
MI,2014,153073787.03599998,89852610.336,63221176.7,87909763.03,933495.216,0.0,0.0,968510.45,40841.64,0.0,20373665.0,0.0,0.0,42553746.6,293765.1,0.0
MI,2015,152144891.48699,91460740.38699,60684151.1,89668711.19499,914824.894,0.0,0.0,862931.498,14272.800000000001,0.0,19915542.0,0.0,0.0,40481383.7,287225.4,0.0
MI,2016,145529191.4817,84339355.576,61189835.9057,82373964.174,837473.39,274820.544,0.0,839738.948,13358.52,0.0,20305219.2057,0.0,0.0,40682401.0,202215.7,0.0
MI,2017,143529550.52,83537641.72,59991908.8,81442400.6372,910283.176,297847.282,0.0,851538.84,35571.7848,0.0,20016074.7,0.0,0.0,39792762.9,183071.2,0.0
MI,2018,149401738.8547049,86503777.5547049,62897961.300000004,84621993.83219999,787390.854,291280.68,31452.6473049,751999.58,19659.9612,0.0,18358810.8,0.0,0.0,44351025.0,188125.5,0.0
MI,2019,146827978.1204028,80535617.65433,66292360.4660728,78632573.566,750996.88,385375.12600000005,10827.754330000002,724727.23,31117.098,0.0,20935050.0660728,0.0,0.0,45194835.400000006,162475.0,0.0
MI,2020,129005756.5823378,67981524.0188402,61024232.5634976,66268530.672,645790.044,352422.13,713.1528402,689422.132,24645.888000000003,0.0,19052787.1634976,0.0,0.0,41861450.400000006,109995.0,0.0
MI,2021,140496994.5344819,75981633.39818,64515361.1363019,74282462.182,679504.26,347166.174,1283.97058,643281.978,27934.8336,0.0,21933558.5363019,0.0,0.0,42464172.0,117630.6,0.0
MI,2022,142429944.6931415,76347066.4931415,66082878.199999996,74630115.65,624188.8640000001,335835.89800000004,139434.4035415,601606.53,15885.147599999998,0.0,21642927.0,0.0,0.0,44319548.3,120402.9,0.0
MI,2023,133300386.29112759,69044082.3684,64256303.9227276,67545273.506,518451.78599999996,385950.35400000005,12216.35,561597.686,20592.6864,0.0,21914294.3227276,0.0,0.0,42206436.4,135573.2,0.0
MN,2010,65143610.835573,46933861.035573,18209749.8,46933861.035573,0.0,0.0,0.0,0.0,0.0,0.0,0.0,0.0,0.0,18209749.8,0.0,0.0
MN,2011,66005040.522961415,47431529.422961414,18573511.1,47221324.34496141,0.0,0.0,0.0,153271.198,56933.88,0.0,0.0,0.0,0.0,18573511.1,0.0,0.0
MN,2012,117036250.00214358,42784502.868543565,74251747.1336,42530234.45054357,0.0,0.0,0.0,147532.498,106735.92,0.0,55654324.9336,0.0,0.0,18597422.2,0.0,0.0
MN,2013,119298038.9437072,43373929.8309072,75924109.1128,43180939.2929072,0.0,0.0,0.0,137579.698,55410.840000000004,0.0,54488492.6,0.0,0.0,21435616.5128,0.0,0.0
MN,2014,126247850.5864141,47247789.9486938,79000060.6377203,47036005.8006938,0.0,0.0,0.0,133785.348,77998.8,0.0,55067519.0985203,0.0,2746279.0,21186262.5392,0.0,0.0
MN,2015,120651458.7284426,43380842.445664905,77270616.2827777,43167239.335664906,0.0,0.0,0.0,151628.15,61974.96000000001,0.0,57373171.1061825,0.0,30153.6765952,19867291.5,0.0,0.0
MN,2016,124059110.216362,42552515.482262,81506594.7341,42388963.872262,0.0,0.0,0.0,134374.45,29177.159999999996,0.0,57440294.9341,0.0,4059767.4,20006532.4,0.0,0.0
MN,2017,126628848.7179163,42769346.473829,83859502.24408731,42533098.093829,0.0,0.0,0.0,131069.70000000001,105178.68,0.0,62099979.7440873,0.0,999623.4,20759899.099999998,0.0,0.0
MN,2018,131827501.6922442,44600642.9951823,87226858.6970619,44373330.7251823,0.0,0.0,0.0,128864.15,98448.12,0.0,64151489.8970619,0.0,223511.1,22851857.7,0.0,0.0
MN,2019,129488165.8363741,39884265.2363741,89603900.6,39603090.1543741,0.0,0.0,57492.0,128395.04199999999,95288.04,0.0,65151263.300000004,0.0,199372.9,24253264.4,0.0,0.0
MN,2020,117561070.9679531,34924745.2679531,82636325.7,34609329.9086635,0.0,0.0,48895.1580896,152472.344,114047.85720000001,0.0,60980055.2,0.0,2700.0,21653570.5,0.0,0.0
MN,2021,126974850.5929643,38234336.5763848,88740514.01657951,37968680.5697629,0.0,0.0,45292.2766219,152388.494,67975.236,0.0,66027315.4165795,0.0,209309.8,22503888.8,0.0,0.0
MN,2022,127072039.02830131,36623646.0488685,90448392.9794328,36335593.0652503,0.0,0.0,16676.6964182,151167.64200000002,120208.6452,0.0,67144626.0794328,0.0,0.0,23303766.900000002,0.0,0.0
MN,2023,125001748.30217141,34763142.7805224,90238605.521649,34463710.6780626,0.0,0.0,1649.9456598,147020.896,150761.2608,0.0,67287663.521649,0.0,0.0,22950942.0,0.0,0.0
MO,2010,103960894.753375,92031602.353375,11929292.4,92031602.353375,0.0,0.0,0.0,0.0,0.0,0.0,0.0,0.0,0.0,11929292.4,0.0,0.0
MO,2011,106543203.06406328,95101716.86406328,11441486.2,94814950.55406328,0.0,0.0,0.0,233295.75,53470.56,0.0,0.0,0.0,0.0,11441486.2,0.0,0.0
MO,2012,98401721.19019462,88561763.99019462,9839957.2,88311192.43019462,0.0,0.0,0.0,224917.0,25654.559999999998,0.0,0.0,0.0,0.0,9839957.2,0.0,0.0
MO,2013,102018477.402,89799060.002,12219417.4,89543344.182,0.0,0.0,0.0,217961.3,37754.520000000004,0.0,0.0,0.0,0.0,12219417.4,0.0,0.0
MO,2014,99726101.265,86870352.565,12855748.7,86602817.785,0.0,0.0,0.0,212903.7,54631.079999999994,0.0,0.0,0.0,0.0,12855748.7,0.0,0.0
MO,2015,91594323.914,80418506.114,11175817.8,80178896.954,0.0,0.0,0.0,209337.6,30271.56,0.0,0.0,0.0,0.0,11175817.8,0.0,0.0
MO,2016,86385911.313197,75301989.813197,11083921.5,75084497.453197,0.0,0.0,0.0,202907.19999999998,14585.16,0.0,0.0,0.0,0.0,11083921.5,0.0,0.0
MO,2017,92420281.147983,81527007.147983,10893274.0,81304039.587983,0.0,0.0,0.0,198202.19999999998,24765.36,0.0,0.0,0.0,0.0,10893274.0,0.0,0.0
MO,2018,92155704.95300001,79171843.45300001,12983861.5,78954442.283,0.0,0.0,0.0,187592.44999999998,29808.72,0.0,0.0,0.0,0.0,12983861.5,0.0,0.0
MO,2019,84390146.286,71532930.38599999,12857215.9,71344387.166,0.0,0.0,0.0,176803.5,11739.72,0.0,0.0,0.0,0.0,12857215.9,0.0,0.0
MO,2020,80081469.7884,68230178.0884,11851291.7,68057631.92999999,0.0,0.0,0.0,166625.5,5920.6584,0.0,0.0,0.0,0.0,11851291.7,0.0,0.0
MO,2021,85115121.8414,73369843.1414,11745278.7,73198745.375,0.0,0.0,0.0,154182.15,16915.6164,0.0,0.0,0.0,0.0,11745278.7,0.0,0.0
MO,2022,83423169.141,70608257.541,12814911.6,70443271.1726,0.0,0.0,0.0,145298.5,19687.8684,0.0,0.0,0.0,0.0,12814911.6,0.0,0.0
MO,2023,70853758.44940001,59670947.749400005,11182810.7,59526790.8686,0.0,0.0,0.0,135746.85,8410.0308,0.0,0.0,0.0,0.0,11182810.7,0.0,0.0
MP,2010,0.0,0.0,0.0,0.0,0.0,0.0,0.0,0.0,0.0,0.0,0.0,0.0,0.0,0.0,0.0,0.0
MP,2011,0.0,0.0,0.0,0.0,0.0,0.0,0.0,0.0,0.0,0.0,0.0,0.0,0.0,0.0,0.0,0.0
MP,2012,0.0,0.0,0.0,0.0,0.0,0.0,0.0,0.0,0.0,0.0,0.0,0.0,0.0,0.0,0.0,0.0
MP,2013,0.0,0.0,0.0,0.0,0.0,0.0,0.0,0.0,0.0,0.0,0.0,0.0,0.0,0.0,0.0,0.0
MP,2014,0.0,0.0,0.0,0.0,0.0,0.0,0.0,0.0,0.0,0.0,0.0,0.0,0.0,0.0,0.0,0.0
MP,2015,0.0,0.0,0.0,0.0,0.0,0.0,0.0,0.0,0.0,0.0,0.0,0.0,0.0,0.0,0.0,0.0
MP,2016,0.0,0.0,0.0,0.0,0.0,0.0,0.0,0.0,0.0,0.0,0.0,0.0,0.0,0.0,0.0,0.0
MP,2017,0.0,0.0,0.0,0.0,0.0,0.0,0.0,0.0,0.0,0.0,0.0,0.0,0.0,0.0,0.0,0.0
MS,2010,57237310.155762,39619947.055762,17617363.099999998,39619947.055762,0.0,0.0,0.0,0.0,0.0,0.0,0.0,0.0,0.0,519508.2,0.0,17097854.9
MS,2011,54641633.137775,35986530.537775,18655102.6,35841866.195775,136812.902,0.0,0.0,5473.4,2378.04,0.0,0.0,0.0,0.0,470985.3,0.0,18184117.3
MS,2012,113920264.31249,36851603.77909,77068660.5334,36664711.32109,163779.838,0.0,0.0,5273.9,17838.72,0.0,56185661.6334,0.0,0.0,431572.5,0.0,20451426.4
MS,2013,108845909.7296,36134913.703999996,72710996.0256,35910392.484,219390.67,0.0,0.0,5130.55,0.0,0.0,51921765.7256,0.0,0.0,502847.0,0.0,20286383.3
MS,2014,113617722.0093,38121466.831,75496255.17830001,37830644.133,284298.448,0.0,0.0,6524.25,0.0,0.0,55608882.7783,0.0,0.0,535438.8,0.0,19351933.599999998
MS,2015,109961270.2190225,40266589.445,69694680.7740225,40025995.159,235599.136,0.0,0.0,4995.15,0.0,0.0,52961406.774022505,0.0,0.0,358514.5,0.0,16374759.5
MS,2016,112674633.5562741,41424329.177999996,71250304.3782741,41051803.538,233456.95,41698.37,92453.27,4917.05,0.0,0.0,60542939.0782741,0.0,0.0,423395.4,0.0,10283969.9
MS,2017,110444878.7980992,40092635.1,70352243.6980992,39528334.786,373054.436,60897.848,126258.73,4089.3,0.0,0.0,59380503.198099196,0.0,0.0,414518.80000000005,0.0,10557221.7
MS,2018,109031561.8057243,41919042.013000004,67112519.7927243,41580153.785000004,265836.222,43866.016,26080.04,3105.95,0.0,0.0,56165361.4927243,0.0,0.0,467704.0,0.0,10479454.3
MS,2019,108417591.0026853,40261661.954,68155929.0486853,39955840.24,181033.55599999998,55363.768,66335.44,3088.95,0.0,0.0,57197526.3486853,0.0,0.0,361540.4,0.0,10596862.3
MS,2020,94183784.0689828,41476938.276,52706845.792982794,41232787.696,147561.082,60895.198,32628.6,3065.7,0.0,0.0,44436817.0929828,0.0,0.0,439688.8,0.0,7830339.9
MS,2021,99439360.8615763,40140883.15,59298477.7115763,39923697.402,127571.174,61734.634,24817.09,3062.85,0.0,0.0,50141905.3115763,0.0,0.0,282787.2,0.0,8873785.2
MS,2022,105976814.73272319,42081604.15,63895210.5827232,41856709.036,132327.11,76702.824,12566.23,3298.95,0.0,0.0,54443849.9827232,0.0,0.0,406939.30000000005,0.0,9044421.3
MS,2023,105103236.44969635,41837251.12030544,63265985.329390906,41636843.55990544,128845.43599999999,66903.508,1637.5164,3021.1,0.0,0.0,54318095.829390906,0.0,0.0,351674.8,0.0,8596214.7
MT,2010,29450258.76,25220750.66,4229508.1,25220750.66,0.0,0.0,0.0,0.0,0.0,0.0,0.0,0.0,0.0,3980686.5,248821.6,0.0
MT,2011,27025242.964,21934407.564,5090835.4,21888874.444000002,0.0,0.0,0.0,36814.4,8718.72,0.0,0.0,0.0,0.0,4676414.0,414421.4,0.0
MT,2012,52248488.654,21193913.454,31054575.2,21150763.524,0.0,0.0,0.0,35156.25,7993.68,0.0,26428586.0,0.0,0.0,4256467.5,369521.69999999995,0.0
MT,2013,54445240.2172993,21915167.502,32530072.7152993,21863097.032,0.0,0.0,0.0,35497.15,16573.32,0.0,27213340.4152993,0.0,0.0,4921772.8,394959.5,0.0
MT,2014,53908878.1569028,22576003.016000003,31332875.140902802,22522014.646,0.0,0.0,0.0,35682.25,18306.12,0.0,26262167.9409028,0.0,144210.6,4582162.0,344334.6,0.0
MT,2015,61729733.7961604,23172777.51,38556956.2861604,23115840.7,0.0,0.0,0.0,39057.05,17879.76,0.0,33528484.4861604,0.0,143762.1,4553443.9,331265.8,0.0
MT,2016,59595407.2753017,21171851.88,38423555.3953017,21079274.648,0.0,55669.082,0.0,36908.15,0.0,0.0,33277639.8953017,0.0,210212.4,4614873.8,320829.3,0.0
MT,2017,57696375.127569504,20131000.49,37565374.6375695,20042385.156,0.0,52055.234,0.0,36560.1,0.0,0.0,32479915.6375695,0.0,81348.3,4642099.0,362011.7,0.0
MT,2018,60647740.8223162,19917856.007999998,40729884.8143162,19780293.344,49170.076,50973.088,0.0,37419.5,0.0,0.0,35105315.7143162,0.0,126630.5,5182611.399999999,315327.2,0.0
MT,2019,62492460.5032192,21058898.914,41433561.5892192,20872516.86,99478.862,50262.092,0.0,36641.1,0.0,0.0,35453072.3892192,0.0,174659.3,5453251.8,352578.1,0.0
MT,2020,55968107.767777,14659017.912,41309089.855776995,14578355.822,44226.69,0.0,0.0,36435.4,0.0,0.0,35292737.755777,0.0,726390.3,5052728.4,237233.4,0.0
MT,2021,53502984.7742693,16994515.694000002,36508469.0802693,16914170.96,43578.684,0.0,0.0,36766.05,0.0,0.0,30794903.4802693,0.0,184124.7,5204833.3,324607.6,0.0
MT,2022,51931847.4612873,17624137.036,34307710.4252873,17537871.182,49176.654,0.0,0.0,37089.200000000004,0.0,0.0,28227834.2252873,0.0,119906.4,5655786.6,304183.2,0.0
MT,2023,55128912.6550166,18108432.566,37020480.0890166,18007480.978,63499.238,0.0,0.0,37452.35,0.0,0.0,30638949.8890166,0.0,121397.5,5890628.4,369504.3,0.0
NC,2010,101542147.1414,80847772.4414,20694374.7,80847772.4414,0.0,0.0,0.0,0.0,0.0,0.0,0.0,0.0,0.0,20694374.7,0.0,0.0
NC,2011,90755909.981975,71879981.381975,18875928.6,71359643.517975,0.0,0.0,0.0,198454.304,321883.56,0.0,0.0,0.0,0.0,18875928.6,0.0,0.0
NC,2012,89254311.91583501,67241763.315835,22012548.6,66816404.031835,0.0,0.0,0.0,208985.00400000002,216374.28,0.0,0.0,0.0,0.0,22012548.6,0.0,0.0
NC,2013,91576504.29077101,65564167.190771,26012337.1,65163747.288771,0.0,0.0,0.0,228092.94199999998,172326.96,0.0,0.0,0.0,0.0,26012337.1,0.0,0.0
NC,2014,94675913.562611,67631143.862611,27044769.7,67087545.824611,0.0,0.0,0.0,243828.19800000003,299769.84,0.0,0.0,0.0,0.0,27044769.7,0.0,0.0
NC,2015,92463445.562436,63112242.962436,29351202.599999998,62682124.432436,0.0,0.0,0.0,248730.85,181387.68,0.0,0.0,0.0,0.0,29351202.599999998,0.0,0.0
NC,2016,94469409.738066,63107917.738066,31361492.0,62446025.398066,0.0,0.0,0.0,261996.30000000002,399896.04,0.0,0.0,0.0,0.0,31361492.0,0.0,0.0
NC,2017,88284922.861966,58024179.461966,30260743.4,57452893.771966,0.0,0.0,0.0,250425.85,320859.84,0.0,0.0,0.0,0.0,30260743.4,0.0,0.0
NC,2018,95638493.065884,59348255.365884,36290237.699999996,58829045.825884,0.0,0.0,0.0,263249.9,255959.64,0.0,0.0,0.0,0.0,36290237.699999996,0.0,0.0
NC,2019,91613233.525092,56640602.125092,34972631.4,56040077.655092,0.0,0.0,0.0,262003.74999999997,338520.72,0.0,0.0,0.0,0.0,34972631.4,0.0,0.0
NC,2020,80540308.793955,45928973.493955,34611335.3,45425990.847954996,0.0,0.0,0.0,263883.15,239099.496,0.0,0.0,0.0,0.0,34611335.3,0.0,0.0
NC,2021,88370302.061853,49449728.861852996,38920573.199999996,48881589.725453,0.0,0.0,0.0,267203.35,300935.7864,0.0,0.0,0.0,0.0,38920573.199999996,0.0,0.0
NC,2022,93977424.468323,49432406.768323004,44545017.699999996,48990812.198723,0.0,0.0,0.0,252515.72,189078.8496,0.0,0.0,0.0,0.0,44545017.699999996,0.0,0.0
NC,2023,86221980.997787,44658027.997787,41563953.0,44271080.088987,0.0,0.0,0.0,243610.442,143337.4668,0.0,0.0,0.0,0.0,41563953.0,0.0,0.0
ND,2010,42526165.314626,37715618.314626,4810547.0,37715618.314626,0.0,0.0,0.0,0.0,0.0,0.0,0.0,0.0,0.0,2975229.9,1835317.0999999999,0.0
ND,2011,44168641.56425,37934030.06425,6234611.5,37137336.73625,774551.878,0.0,0.0,22141.45,0.0,0.0,0.0,0.0,0.0,3026036.5,3208575.0,0.0
ND,2012,55195463.747633,39720588.147633,15474875.600000001,38421338.935633,1276876.162,0.0,0.0,22373.05,0.0,131848.0,8813531.8,0.0,0.0,2829804.4,3699691.4000000004,0.0
ND,2013,55265180.276,38222116.076,17043064.2,36793248.196,1428867.88,0.0,0.0,0.0,0.0,232416.0,9513941.1,0.0,0.0,3295151.6,4001555.5,0.0
ND,2014,57723879.676,39334859.076,18389020.6,36475123.46,2859735.616,0.0,0.0,0.0,0.0,251770.0,9897323.0,0.0,0.0,3459341.3,4780586.3,0.0
ND,2015,64934951.327,42614205.734,22320745.593,39107197.934,3507007.8,0.0,0.0,0.0,0.0,395064.0,11289525.493,0.0,0.0,3182201.2,7453954.9,0.0
ND,2016,64635679.4106696,41259541.148,23376138.2626696,38582922.938,2220599.686,456018.524,0.0,0.0,0.0,419508.0,12278698.2626696,0.0,0.0,3028212.5,7649719.5,0.0
ND,2017,63819739.8624,41451933.0972,22367806.7652,38499302.296,2603288.9512,349341.85,0.0,0.0,0.0,480008.5,10269178.8652,0.0,0.0,3183792.3,8434827.1,0.0
ND,2018,71916287.92996573,45567916.35136573,26348371.5786,40657241.53870416,4576676.5553,327967.6573615718,0.0,0.0,6030.6,521186.0,12519377.1286,0.0,0.0,3428509.6,9879298.85,0.0
ND,2019,72769723.66409153,44877738.73324152,27891984.93085,37755893.6126511,6746295.632,351160.3285904226,0.0,0.0,24389.16,362324.0,12617281.62185,0.0,0.0,3559516.5,11352862.809,0.0
ND,2020,72392303.46531568,39998590.14411569,32393713.3212,36124429.36264888,3606924.31,261730.5906668065,0.0,0.0,5505.8808,287106.0,18841198.7022,0.0,0.0,3204758.4,10060650.219,0.0
ND,2021,64354427.437611274,40955404.676611274,23399022.761,36789526.63382968,3842895.836,306461.1215815915,0.0,0.0,16521.085199999998,477040.1,10159022.0,0.0,0.0,3246936.0,9516024.661,0.0
ND,2022,63496791.037889816,40386002.162242815,23110788.875646997,37077317.16930729,3062520.4000000004,236740.12173552936,0.0,0.0,9424.4712,468310.0,9935573.594647,0.0,0.0,3653040.1,9053865.181,0.0
ND,2023,61040547.96092719,37270794.04824819,23769753.912678998,34493055.64619019,2398893.8279999997,339948.80005799956,0.0,0.0,38895.774000000005,351488.0,9980876.524679,0.0,0.0,3376287.0000000005,10061102.388,0.0
NE,2010,36901894.2107,31088106.1107,5813788.1,31088106.1107,0.0,0.0,0.0,0.0,0.0,0.0,0.0,0.0,0.0,5813788.1,0.0,0.0
NE,2011,39088775.60515,33592107.50515,5496668.100000001,33446337.37515,0.0,0.0,0.0,123902.65,21867.48,0.0,0.0,0.0,0.0,5496668.100000001,0.0,0.0
NE,2012,37498906.665169,32280083.865169,5218822.8,32140574.055169,0.0,0.0,0.0,128036.85,11472.960000000001,0.0,0.0,0.0,0.0,5218822.8,0.0,0.0
NE,2013,40076333.772,33977912.872,6098420.9,33745883.552,0.0,0.0,0.0,204842.6,27186.72,0.0,0.0,0.0,0.0,6098420.9,0.0,0.0
NE,2014,38328569.024,32371932.724,5956636.300000001,32244485.924,0.0,0.0,0.0,111714.8,15732.0,0.0,0.0,0.0,0.0,5956636.300000001,0.0,0.0
NE,2015,36871069.854,31338797.454,5532272.4,31225652.144,0.0,0.0,0.0,107201.35,5943.96,0.0,0.0,0.0,0.0,5532272.4,0.0,0.0
NE,2016,34334139.796,28889963.296,5444176.5,28808453.296,0.0,0.0,0.0,81247.8,262.2,0.0,0.0,0.0,0.0,5444176.5,0.0,0.0
NE,2017,34651565.834,29163890.634,5487675.199999999,29085756.374,0.0,0.0,0.0,74892.1,3242.16,0.0,0.0,0.0,0.0,5487675.199999999,0.0,0.0
NE,2018,37818961.788,31623197.688,6195764.1,31549722.578,0.0,0.0,0.0,68237.95,5237.16,0.0,0.0,0.0,0.0,6195764.1,0.0,0.0
NE,2019,35244224.094399996,28909544.7944,6334679.3,28837085.024,0.0,0.0,0.0,61755.9,10703.8704,0.0,0.0,0.0,0.0,6334679.3,0.0,0.0
NE,2020,32723639.1588,26735050.0588,5988589.1,26621729.474,0.0,0.0,0.0,110928.5,2392.0848,0.0,0.0,0.0,0.0,5988589.1,0.0,0.0
NE,2021,32783670.312400002,26801083.3124,5982587.0,26687404.577999998,0.0,0.0,0.0,101187.8,12490.9344,0.0,0.0,0.0,0.0,5982587.0,0.0,0.0
NE,2022,34074167.0968,27842237.3968,6231929.699999999,27738670.586,0.0,0.0,0.0,95747.3,7819.5108,0.0,0.0,0.0,0.0,6231929.699999999,0.0,0.0
NE,2023,31603164.2732,25712581.4732,5890582.800000001,25626497.191999998,0.0,0.0,0.0,81121.2,4963.0812,0.0,0.0,0.0,0.0,5890582.800000001,0.0,0.0
NH,2010,6784139.422175,6017622.222175,766517.2,6017622.222175,0.0,0.0,0.0,0.0,0.0,0.0,0.0,0.0,0.0,766517.2,0.0,0.0
NH,2011,6515064.472,5722772.172,792292.3,5681177.172,0.0,0.0,0.0,27253.8,14341.2,0.0,0.0,0.0,0.0,792292.3,0.0,0.0
NH,2012,5583221.349287,4827400.949287,755820.4,4811167.349287,0.0,0.0,0.0,0.0,16233.6,0.0,0.0,0.0,0.0,755820.4,0.0,0.0
NH,2013,4811129.771600001,3952772.1700000004,858357.6016,3936267.25,0.0,0.0,0.0,0.0,16504.92,0.0,0.0,0.0,0.0,858357.6016,0.0,0.0
NH,2014,4714690.55,3809416.358,905274.192,3796329.1580000003,0.0,0.0,0.0,0.0,13087.199999999999,0.0,0.0,0.0,0.0,905274.192,0.0,0.0
NH,2015,4970193.2020000005,4037503.4020000002,932689.8,4019258.842,0.0,0.0,0.0,0.0,18244.56,0.0,0.0,0.0,0.0,932689.8,0.0,0.0
NH,2016,3757168.588,2898767.288,858401.3,2898767.288,0.0,0.0,0.0,0.0,0.0,0.0,0.0,0.0,0.0,858401.3,0.0,0.0
NH,2017,3292202.6259999997,2393887.736,898314.89,2393887.736,0.0,0.0,0.0,0.0,0.0,0.0,0.0,0.0,7474.79,890840.1,0.0,0.0
NH,2018,3656478.0719999997,2723778.972,932699.1,2723778.972,0.0,0.0,0.0,0.0,0.0,0.0,0.0,0.0,0.0,932699.1,0.0,0.0
NH,2019,3400972.4639999997,2436896.164,964076.3,2436896.164,0.0,0.0,0.0,0.0,0.0,0.0,0.0,0.0,0.0,964076.3,0.0,0.0
NH,2020,3036807.342,2176746.942,860060.4,2176746.942,0.0,0.0,0.0,0.0,0.0,0.0,0.0,0.0,0.0,860060.4,0.0,0.0
NH,2021,3607165.02,2727080.62,880084.4,2727080.62,0.0,0.0,0.0,0.0,0.0,0.0,0.0,0.0,0.0,880084.4,0.0,0.0
NH,2022,3790373.3260000004,2905627.626,884745.7,2905627.626,0.0,0.0,0.0,0.0,0.0,0.0,0.0,0.0,0.0,884745.7,0.0,0.0
NH,2023,3239225.6222820003,2392512.722282,846712.9,2392512.722282,0.0,0.0,0.0,0.0,0.0,0.0,0.0,0.0,0.0,846712.9,0.0,0.0
NJ,2010,60441806.257604,26676065.457604,33765740.8,26676065.457604,0.0,0.0,0.0,0.0,0.0,0.0,0.0,0.0,0.0,33765740.8,0.0,0.0
NJ,2011,59902335.319,26648353.719,33253981.6,25400944.465,0.0,0.0,0.0,1123903.934,123505.32,0.0,0.0,0.0,0.0,33253981.6,0.0,0.0
NJ,2012,117265654.059299,25450778.126399,91814875.9329,24277034.970399,0.0,0.0,0.0,1089294.236,84448.92,0.0,57717276.8329,0.0,1197638.0,32899961.099999998,0.0,0.0
NJ,2013,121441963.91669999,24688803.268,96753160.6487,23560439.858,0.0,0.0,0.0,1044707.9299999999,83655.48,0.0,59074345.5615,0.0,3114481.3,34564333.7872,0.0,0.0
NJ,2014,125671441.32710001,27132326.884,98539114.4431,26102925.674,0.0,0.0,0.0,1015604.9299999999,13796.279999999999,0.0,59624819.1335,0.0,1584284.7,37330010.6096,0.0,0.0
NJ,2015,125487743.3936,28226772.523,97260970.8706,27193526.661,0.0,0.0,0.0,969171.0220000001,64074.84,0.0,58828376.4706,0.0,2272787.8,36159806.6,0.0,0.0
NJ,2016,127938956.8108,29150732.302,98788224.5088,28171814.976,0.0,0.0,0.0,916782.766,62134.56,0.0,61861274.5088,0.0,2337069.0,34589881.0,0.0,0.0
NJ,2017,115090961.28809999,25906575.995,89184385.2931,25015822.425,0.0,0.0,0.0,857185.13,33568.44,0.0,51555031.9242,0.0,6954553.9689,30674799.4,0.0,0.0
NJ,2018,115101980.65020001,25598549.858,89503430.7922,24750685.86,0.0,0.0,0.0,823714.238,24149.76,0.0,51657015.092199996,0.0,6784496.2,31061919.499999996,0.0,0.0
NJ,2019,113142647.332118,25778940.884,87363706.448118,24997918.44,0.0,0.0,0.0,762139.4839999999,18882.96,0.0,52176914.2571,0.0,4994970.391018,30191821.8,0.0,0.0
NJ,2020,88810151.29,20972138.39,67838012.9,20245789.344,0.0,0.0,0.0,707876.486,18472.56,0.0,38671497.0,0.0,3194250.5,25972265.4,0.0,0.0
NJ,2021,95517627.5324755,20496428.8808,75021198.65167549,19820500.646,0.0,0.0,0.0,657685.134,18243.1008,0.0,45418440.3161,0.0,2805669.8355755,26797088.5,0.0,0.0
NJ,2022,102333580.41709669,21238397.1616,81095183.2554967,20602042.194,0.0,0.0,0.0,613374.232,22980.7356,0.0,48320115.0,0.0,3647705.8554967,29127362.4,0.0,0.0
NJ,2023,88907928.4523421,19927978.194,68979950.2583421,19352129.058,0.0,0.0,0.0,575849.136,0.0,0.0,41214595.0,0.0,1255646.2583421,26509709.0,0.0,0.0
NM,2010,49006576.715411,35731684.215411,13274892.5,35731684.215411,0.0,0.0,0.0,0.0,0.0,0.0,0.0,0.0,0.0,4559224.999999999,1885711.2,6829956.3
NM,2011,56476041.432021,43720308.932021,12755732.5,40825014.882021,2821521.7399999998,0.0,0.0,60270.15,13502.16,0.0,0.0,0.0,0.0,4380404.0,1963545.5,6411783.0
NM,2012,72071748.811878,42548820.237678,29522928.5742,39777926.095678,2693662.8419999997,0.0,0.0,62605.1,14626.2,0.0,17003522.2742,0.0,0.0,4449318.8,1558197.9000000001,6511889.6
NM,2013,70886788.185854,42410297.975454,28476490.2104,40266172.829454005,2063377.186,0.0,0.0,64133.6,16614.36,0.0,16449620.4,0.0,0.0,4600884.610400001,1172338.5,6253646.7
NM,2014,66276290.618553,38487092.9140236,27789197.7045294,36398795.8920236,1985382.882,0.0,0.0,66393.1,36521.04,0.0,16896285.2045294,0.0,0.0,4358656.8,641425.4,5892830.3
NM,2015,66092885.0433911,38235748.534024596,27857136.5093665,36388780.9500246,1770256.584,0.0,0.0,56829.399999999994,19881.6,0.0,18157784.1093665,0.0,0.0,4330925.7,0.0,5368426.7
NM,2016,61996481.73269,34925826.76268,27070654.970009997,31717394.94597,1453315.8981,1636177.58,30973.55861,55358.5,32606.28,0.0,17710523.37001,0.0,0.0,4371219.7,0.0,4988911.9
NM,2017,62206210.633074,34831417.217574,27374793.4155,31449545.082994,1602727.8080000002,1657083.9919999999,31005.21458,55272.799999999996,35782.32,0.0,18487293.4155,0.0,0.0,4065224.4,0.0,4822275.6
NM,2018,60831207.2425187,31840173.772407863,28991033.470110834,28181793.701907866,1669226.9645,1895986.536,0.0,56175.85,36990.72,0.0,19827233.8265,0.0,0.0,4558300.2,0.0,4605499.443610836
NM,2019,60408869.619803555,33150370.869898044,27258498.74990551,29754583.170128044,1912298.7580000001,1398377.3960000002,23001.85577,55479.45,6630.24,0.0,18083952.692700002,0.0,0.0,4930541.2,0.0,4244004.857205512
NM,2020,53014097.366936356,30151845.4036705,22862251.963265855,27298384.0303705,1350305.3177,1408431.7619999999,10027.5936,55649.5,29047.2,0.0,14835046.1593,0.0,0.0,4611683.0,0.0,3415522.8039658545
NM,2021,50232459.4766492,29028302.71233394,21204156.764315266,25891822.43258394,1748514.052,1305342.662,1758.53815,56122.65,24742.3776,0.0,13267552.2735,0.0,0.0,4592134.4,0.0,3344470.0908152675
NM,2022,49146669.53545216,28524566.814383432,20622102.72106873,25668447.968283433,1615368.94,1123759.924,51554.3261,57272.8,8162.856,0.0,12580067.1478,0.0,0.0,4798920.6,0.0,3243114.9732687264
NM,2023,43100502.33937349,23748877.563545093,19351624.775828402,20889136.80952509,1632414.082,1145579.136,4287.01642,57252.15,20208.3696,0.0,11070109.507399999,0.0,0.0,5169544.4,0.0,3111970.8684284026
NV,2010,31917310.45857,20057971.05857,11859339.4,20057971.05857,0.0,0.0,0.0,0.0,0.0,0.0,0.0,0.0,0.0,11859339.4,0.0,0.0
NV,2011,29970073.67125,18106771.87125,11863301.799999999,17961527.72125,0.0,0.0,0.0,141675.95,3568.2,0.0,0.0,0.0,0.0,11863301.799999999,0.0,0.0
NV,2012,30242329.991036,18362186.891036,11880143.1,18214213.381036002,0.0,0.0,0.0,141117.55,6855.96,0.0,251113.0,0.0,0.0,11629030.1,0.0,0.0
NV,2013,31843637.840855,19288901.652,12554736.188855,19135619.472,0.0,0.0,0.0,141640.5,11641.68,0.0,241053.088855,0.0,0.0,12313683.1,0.0,0.0
NV,2014,30726289.672000002,19833535.472,10892754.2,19676269.882,0.0,0.0,0.0,141868.75,15396.84,0.0,254599.2,0.0,0.0,10638155.0,0.0,0.0
NV,2015,30154587.454,18269929.954,11884657.5,18114799.314,0.0,0.0,0.0,143131.0,11999.64,0.0,312255.4,0.0,0.0,11572402.1,0.0,0.0
NV,2016,29232085.242,17584541.442,11647543.8,17433640.442,0.0,0.0,0.0,143388.4,7512.599999999999,0.0,265013.5,0.0,0.0,11382530.3,0.0,0.0
NV,2017,27941173.862,16339289.762,11601884.1,16181052.822,0.0,0.0,0.0,144835.1,13401.84,0.0,185395.4,0.0,0.0,11416488.7,0.0,0.0
NV,2018,29749033.658,17129182.658,12619851.0,16957065.538,0.0,0.0,0.0,147609.4,24507.72,0.0,195860.1,0.0,0.0,12423990.9,0.0,0.0
NV,2019,30746566.4032,17169348.6032,13577217.8,16999353.51,0.0,0.0,0.0,149510.0,20485.0932,0.0,232488.7,0.0,0.0,13344729.1,0.0,0.0
NV,2020,29838224.9328,16957748.7328,12880476.2,16780932.691999998,0.0,0.0,0.0,151634.9,25181.1408,0.0,189895.4,0.0,0.0,12690580.8,0.0,0.0
NV,2021,29968864.1616,17320531.5616,12648332.6,17137547.888,0.0,0.0,0.0,153577.1,29406.573600000003,0.0,180646.8,0.0,0.0,12467685.8,0.0,0.0
NV,2022,29705655.4328,16333834.4328,13371821.0,16152846.018,0.0,0.0,0.0,158304.90000000002,22683.5148,0.0,209049.2,0.0,0.0,13162771.8,0.0,0.0
NV,2023,28944263.586322,15785487.586321998,13158776.0,15595273.103122,0.0,0.0,0.0,158818.45,31396.0332,0.0,198760.4,0.0,0.0,12960015.6,0.0,0.0
NY,2010,109672725.783277,51365072.483277,58307653.3,51365072.483277,0.0,0.0,0.0,0.0,0.0,0.0,0.0,0.0,0.0,58307653.3,0.0,0.0
NY,2011,108330671.6532903,49137462.3532903,59193209.3,47026440.0692903,145488.886,0.0,0.0,1714904.398,250629.0,0.0,0.0,0.0,0.0,59193209.3,0.0,0.0
NY,2012,146815726.547327,47685653.647327,99130072.9,45825749.071327,118737.476,0.0,0.0,1520007.1,221160.0,0.0,0.0,0.0,40935865.4,58194207.5,0.0,0.0
NY,2013,136476093.0467979,44713490.9308889,91762602.115909,42973925.348888904,65766.542,0.0,0.0,1438108.5999999999,235690.44,0.0,0.0,0.0,28992745.693509,62769856.422400005,0.0,0.0
NY,2014,133479896.6268018,45057164.7428018,88422731.884,43282039.9708018,153165.252,0.0,0.0,1403606.2,218353.32,0.0,0.0,0.0,22461629.5,65961102.383999996,0.0,0.0
NY,2015,139276608.7991024,43944275.7991024,95332333.0,42325837.2791024,62746.05,0.0,0.0,1354176.95,201515.52,0.0,0.0,0.0,30285145.2,65047187.8,0.0,0.0
NY,2016,137268753.6089021,40936215.538902104,96332538.07000001,39139653.4909021,54030.788,289269.688,0.0,1278440.2920000001,174821.28,0.0,0.0,0.0,32793607.77,63538930.3,0.0,0.0
NY,2017,117253167.5545523,35484459.4353075,81768708.1192448,33781285.3973075,80483.67,286775.872,0.0,1214912.616,121001.87999999999,0.0,0.0,0.0,21873274.6192448,59895433.5,0.0,0.0
NY,2018,123334467.7290236,38282811.6985066,85051656.030517,36648220.5365066,65665.334,299855.658,0.0,1155008.6099999999,114061.56000000001,0.0,0.0,0.0,20142395.230517,64909260.800000004,0.0,0.0
NY,2019,119285334.6706154,35192945.7974111,84092388.8732043,33542486.3974111,82254.01,316345.112,0.0,1113033.358,138826.92,0.0,0.0,0.0,21425311.673204303,62667077.2,0.0,0.0
NY,2020,113150519.2110071,36612463.7931051,76538055.417902,35040116.7095051,45510.85,346668.51,0.0,1079416.188,100751.5356,0.0,0.0,0.0,16822908.417902,59715147.0,0.0,0.0
NY,2021,107292912.99597819,38086620.7195102,69206292.276468,36521124.1775102,109796.816,295519.452,0.0,1047263.388,112916.886,0.0,0.0,0.0,9085449.776468,60120842.5,0.0,0.0
NY,2022,112489361.1945615,40360777.8004925,72128583.394069,38717396.9408925,223485.45,279322.966,0.0,1004441.0079999999,136131.4356,0.0,0.0,0.0,10116230.194069,62012353.2,0.0,0.0
NY,2023,111437490.7987106,38090037.3433306,73347453.45538,36379450.5969306,291283.474,327882.06,0.0,981236.04,110185.1724,0.0,0.0,0.0,14774384.05538,58573069.4,0.0,0.0
OH,2010,177927510.548595,156744678.048595,21182832.5,156744678.048595,0.0,0.0,0.0,0.0,0.0,0.0,0.0,0.0,0.0,20988573.6,194258.9,0.0
OH,2011,171305499.02981156,151114814.02981156,20190685.0,149453522.79981157,0.0,0.0,0.0,1102324.15,558967.08,0.0,0.0,0.0,0.0,20015078.0,175607.0,0.0
OH,2012,229796813.870164,134945385.99729833,94851427.8728657,133621132.96729831,0.0,0.0,0.0,923688.95,400564.08,0.0,71900542.2728657,0.0,3002337.9,19782839.400000002,165708.3,0.0
OH,2013,237419976.3324955,138667494.161,98752482.1714955,137393049.819,76057.094,0.0,0.0,845511.648,352875.6,0.0,71146072.8994955,0.0,5319156.2,21872093.472,415159.6,0.0
OH,2014,250731109.7741353,138542572.164,112188537.6101353,137388847.778,90442.028,0.0,0.0,754383.3979999999,308898.96,0.0,68500503.4496313,0.0,13453848.373304,22920586.5872,7313599.2,0.0
OH,2015,243480746.3255041,121498282.62,121982463.7055041,120208410.486,270107.864,0.0,0.0,738197.95,281566.32,0.0,71500328.1498221,0.0,12991748.755682,21359579.2,16130807.6,0.0
OH,2016,244223436.9960527,117440115.02743,126783321.9686227,115526179.792,137103.296,262508.466,211532.72343,691477.15,611313.6,0.0,71609984.73215911,0.0,16579224.4364636,20646529.599999998,17947583.2,0.0
OH,2017,257391337.34755,117666639.7474525,139724697.6000975,115605701.921,413972.68,506717.39,141287.3784525,672234.098,326726.28,0.0,79704215.7425226,0.0,20443621.9575749,20966279.7,18610580.2,0.0
OH,2018,264522084.3301215,114792630.504,149729453.8261215,112375879.5548,825581.966,537802.03,137831.31,654112.348,261423.2952,0.0,73546018.5150428,0.0,30976501.6110787,24441517.099999998,20688383.7,77032.9
OH,2019,264622917.3187009,106624740.7844,157998176.5343009,103137730.54800001,1273659.676,860459.624,169490.074,639137.548,544263.3144,0.0,73682630.5343009,0.0,34645628.2,24377749.6,25292168.2,0.0
OH,2020,248551807.8774745,104962449.7977807,143589358.0796938,101666706.339,920274.1980000001,1018770.2640000001,283947.7679807,625711.9480000001,447039.28080000007,0.0,64714199.9250589,0.0,24957567.0546349,23909692.9,30007898.200000003,0.0
OH,2021,259226499.9368389,107593133.4527964,151633366.4840425,104913611.99,878086.528,659430.334,168439.0267964,689057.598,284507.976,0.0,73365809.4106604,0.0,23417800.573382102,24136153.2,30713603.3,0.0
OH,2022,267592207.5368205,107993548.9430912,159598658.5937293,105553270.886196,839691.874,598516.676,28873.7876952,685001.348,288194.3712,0.0,73973124.2050467,0.0,29183523.5886826,26020953.2,30421057.6,0.0
OH,2023,261647300.2821294,102149369.6065439,159497930.6755855,99800411.431,785821.6100000001,576587.626,46917.1831439,659376.596,280255.1604,0.0,66835299.926826,0.0,35826489.6487595,24024749.8,32811391.3,0.0
OK,2010,99767589.78408802,69072906.08408801,30694683.7,69072906.08408801,0.0,0.0,0.0,0.0,0.0,0.0,0.0,0.0,0.0,10360690.1,20333993.599999998,0.0
OK,2011,118224290.183425,88873546.583425,29350743.6,72012853.49142501,16639393.792,0.0,0.0,188410.3,32889.0,0.0,0.0,0.0,0.0,10310409.0,19040334.6,0.0
OK,2012,181621699.7813574,89576300.959981,92045398.8213764,70900185.505981,18429143.384,0.0,0.0,189506.95,57465.12,0.0,63397169.8213764,0.0,0.0,9527438.799999999,19120790.2,0.0
OK,2013,179688555.9355134,85377217.46,94311338.4755134,68752972.832,16418914.828,0.0,0.0,170913.2,34416.6,0.0,67616205.7187134,0.0,0.0,10630276.956799999,16064855.8,0.0
OK,2014,176974116.4891744,86327624.609,90646491.8801744,67070807.026999995,19007778.512000002,0.0,0.0,164920.75,84118.31999999999,0.0,64317593.4329744,0.0,0.0,10986324.147200001,15342574.3,0.0
OK,2015,177530002.4529522,84896253.02213,92633749.4308222,64322826.33413,20390129.468,0.0,0.0,159325.3,23971.92,0.0,70961754.8308222,0.0,0.0,10146323.7,11525670.9,0.0
OK,2016,177974419.7457886,86194183.6534,91780236.0923886,59523407.064,15271705.8794,11222342.37,0.0,156144.5,20583.84,0.0,71852265.5923886,0.0,0.0,9870199.4,10057771.1,0.0
OK,2017,177645745.6320387,83005482.624545,94640263.0074937,54630098.895,16972240.946,11191589.494,37295.739545,162173.55,12084.0,0.0,72864386.8074937,0.0,0.0,9931606.200000001,11844270.0,0.0
OK,2018,186538532.0399633,87935360.04771991,98603171.99224341,57626457.42722591,18878912.9647,11182511.348,49835.427794,159667.2,37975.68,0.0,74473662.8922434,0.0,0.0,11345910.5,12783598.6,0.0
OK,2019,181003472.51867792,83279081.69675145,97724390.8219265,51267635.91741584,19584826.866100002,12190525.416,38772.9072356,153549.15,43771.44,0.0,72282574.7219265,0.0,0.0,11398700.4,14043115.7,0.0
OK,2020,169088210.0808834,75385821.72420771,93702388.3566757,48474332.53499221,14875141.6244,11812146.052,41726.9828155,149571.85,32902.68,0.0,70247726.6566757,0.0,0.0,11431953.1,12022708.6,0.0
OK,2021,163495999.60630754,71963123.75638422,91532875.8499233,48284731.39508533,12680398.092,10765748.748,20249.4832989,148826.7,63169.338,0.0,66216881.8499233,0.0,0.0,10937714.1,14378279.9,0.0
OK,2022,162874380.59498778,71116410.77775127,91757969.8172365,48160430.46127757,13882448.182,8884254.264,26458.5888737,152060.6,10758.6816,0.0,72117386.0172365,0.0,0.0,11655461.1,7985122.7,0.0
OK,2023,148998625.87923473,70043558.07640082,78955067.8028339,48009084.431490116,12724658.37457,9113785.988,11576.860340700001,155077.7,29374.722,0.0,68055933.1028339,0.0,0.0,10899134.700000001,0.0,0.0
OR,2010,19337224.616807,13696991.616807,5640233.0,13696991.616807,0.0,0.0,0.0,0.0,0.0,0.0,0.0,0.0,0.0,5640233.0,0.0,0.0
OR,2011,16756035.4409054,10590514.9409054,6165520.5,10522537.880905401,0.0,0.0,0.0,67356.90000000001,620.16,0.0,0.0,0.0,0.0,6165520.5,0.0,0.0
OR,2012,17245314.8198048,11321770.6198048,5923544.2,11248868.4598048,0.0,0.0,0.0,67288.8,5613.36,0.0,0.0,0.0,0.0,5923544.2,0.0,0.0
OR,2013,19349961.6472014,13310882.947201401,6039078.7,13238294.5572014,0.0,0.0,0.0,66961.35,5627.04,0.0,0.0,0.0,0.0,6039078.7,0.0,0.0
OR,2014,18442321.960526,12595512.960526,5846809.0,12502074.220526,0.0,0.0,0.0,66881.3,26557.44,0.0,0.0,0.0,0.0,5846809.0,0.0,0.0
OR,2015,18603148.4262043,13127027.1262043,5476121.3,13053797.7562043,0.0,0.0,0.0,64134.450000000004,9094.92,0.0,0.0,0.0,0.0,5476121.3,0.0,0.0
OR,2016,17950091.175648402,12144836.6756484,5805254.5,12078952.4956484,0.0,0.0,0.0,65539.90000000001,344.28,0.0,0.0,0.0,0.0,5805254.5,0.0,0.0
OR,2017,18568768.954096,11932563.954096,6636205.0,11864390.494096,0.0,0.0,0.0,65444.3,2729.16,0.0,0.0,0.0,0.0,6636205.0,0.0,0.0
OR,2018,18950890.80784,12922456.00784,6028434.8,12850605.06784,0.0,0.0,0.0,65836.3,6014.64,0.0,0.0,0.0,0.0,6028434.8,0.0,0.0
OR,2019,21720764.994519997,15196460.594519999,6524304.399999999,15114901.69452,0.0,0.0,0.0,66191.7,15367.2,0.0,0.0,0.0,0.0,6524304.399999999,0.0,0.0
OR,2020,19695858.141687,13635158.141687,6060700.0,13563239.621687,0.0,0.0,0.0,66380.40000000001,5538.12,0.0,0.0,0.0,0.0,6060700.0,0.0,0.0
OR,2021,19541539.9297483,13119864.0297483,6421675.899999999,13046156.5597483,0.0,0.0,0.0,66336.8,7370.67,0.0,0.0,0.0,0.0,6421675.899999999,0.0,0.0
OR,2022,18881763.6650037,12120495.2650037,6761268.399999999,12046743.0938037,0.0,0.0,0.0,66744.5,7007.6712,0.0,0.0,0.0,0.0,6761268.399999999,0.0,0.0
OR,2023,20460883.6022543,13807369.8022543,6653513.8,13734568.6294543,0.0,0.0,0.0,67024.2,5776.9728,0.0,0.0,0.0,0.0,6653513.8,0.0,0.0
PA,2010,183774928.811256,152925723.411256,30849205.4,152925723.411256,0.0,0.0,0.0,0.0,0.0,0.0,0.0,0.0,0.0,30849205.4,0.0,0.0
PA,2011,190036868.076518,158573524.076518,31463344.0,152755933.062518,4547696.558,0.0,0.0,1088504.496,181389.96,0.0,0.0,0.0,0.0,30394966.2,1068377.8,0.0
PA,2012,237158914.4878146,146913525.129696,90245389.35811861,143087603.83769602,2573914.786,0.0,0.0,1168337.346,83669.16,0.0,59441408.4243515,0.0,58944.4337671,28407511.2,2337525.3,0.0
PA,2013,263016531.02652,150115966.131,112900564.89552,144852864.899,4011377.646,0.0,0.0,1115976.946,135746.64,0.0,78779246.2,0.0,57766.2,31345540.395519998,2718012.1,0.0
PA,2014,260513982.03914002,141478733.071,119035248.96813999,136898008.523,3304688.202,0.0,0.0,1161956.546,114079.8,0.0,80323581.46494,0.0,62074.0,31961840.8032,6687752.7,0.0
PA,2015,250785068.49573,131831165.66573,118953902.83,127686704.99373,2978898.296,0.0,0.0,1058001.096,107561.28,0.0,80014715.5,0.0,145025.13,30928497.400000002,7865664.8,0.0
PA,2016,248576787.4857177,125889804.47726,122686983.0084577,119176877.17875999,2542794.1755,2735188.326,317133.201,1033668.196,84143.4,0.0,81107415.9084577,0.0,119574.8,31463660.7,9996331.6,0.0
PA,2017,246777079.2313337,122640541.1880348,124136538.0432989,114886133.8557,3075168.6493,3417809.332,206850.8250348,1008451.846,46126.68,0.0,80307197.273061,0.0,570580.2702379,32285663.2,10973097.3,0.0
PA,2018,245172314.8748339,120744826.4634309,124427488.411403,112621785.353591,3120545.1678,3825827.816,163464.9560399,950858.85,62344.32,0.0,76786419.5385468,0.0,597852.3728562,35574615.1,11468601.4,0.0
PA,2019,229122678.83101872,121800347.018569,107322331.8124497,113913827.185743,2771300.842,3906924.942,249438.098826,917622.15,41233.8,0.0,58005346.1127085,0.0,81108.2997412,37568801.699999996,11667075.7,0.0
PA,2020,191373751.5373413,111448279.5616488,79925471.9756925,103602484.30794,2432663.9280000003,4239487.81,257108.3077088,890937.99,25597.218,0.0,33434024.609357197,0.0,80622.1663353,35468753.1,10942072.100000001,0.0
PA,2021,201141392.2642175,118837002.386567,82304389.8776505,110952398.90571,2447251.372,4265350.52,289732.20125700004,852823.9400000001,29445.4476,0.0,35502476.8720128,0.0,80883.9056377,35213504.5,11507524.6,0.0
PA,2022,201448318.5337857,115473572.2393643,85974746.2944214,108280198.56626,2158634.704,4124372.66,85733.1307043,812605.54,12027.6384,0.0,37082688.128988504,0.0,81401.1654329,37537278.4,11273378.6,0.0
PA,2023,192398122.4160556,109301536.7382143,83096585.6778413,102733194.1413228,1733628.09,3871955.66,176655.5652915,782338.8420000001,3764.4396,0.0,35955390.336183205,0.0,86445.6416581,35741426.0,11313323.7,0.0
PR,2010,18917173.58125,18917173.58125,0.0,18917173.58125,0.0,0.0,0.0,0.0,0.0,0.0,0.0,0.0,0.0,0.0,0.0,0.0
PR,2011,19457425.36845,19457425.36845,0.0,19432067.20845,0.0,0.0,0.0,0.0,25358.16,0.0,0.0,0.0,0.0,0.0,0.0,0.0
PR,2012,18387774.52845,18387774.52845,0.0,18355001.808450002,0.0,0.0,0.0,0.0,32772.72,0.0,0.0,0.0,0.0,0.0,0.0,0.0
PR,2013,16855602.236,16855602.236,0.0,16797386.996,0.0,0.0,0.0,0.0,58215.24,0.0,0.0,0.0,0.0,0.0,0.0,0.0
PR,2014,16377035.45,16377035.45,0.0,16342728.29,0.0,0.0,0.0,0.0,34307.16,0.0,0.0,0.0,0.0,0.0,0.0,0.0
PR,2015,16817742.51,16817742.51,0.0,16787327.31,0.0,0.0,0.0,0.0,30415.2,0.0,0.0,0.0,0.0,0.0,0.0,0.0
PR,2016,14581470.208,14581470.208,0.0,14566153.168,0.0,0.0,0.0,0.0,15317.04,0.0,0.0,0.0,0.0,0.0,0.0,0.0
PR,2017,11788543.458,11788543.458,0.0,11758616.178,0.0,0.0,0.0,0.0,29927.28,0.0,0.0,0.0,0.0,0.0,0.0,0.0
PR,2018,11575909.352,11575909.352,0.0,11538706.592,0.0,0.0,0.0,0.0,37202.76,0.0,0.0,0.0,0.0,0.0,0.0,0.0
PR,2019,12521918.386,12521918.386,0.0,12506564.866,0.0,0.0,0.0,0.0,15353.52,0.0,0.0,0.0,0.0,0.0,0.0,0.0
PR,2020,13925393.368,13925393.368,0.0,13915650.928,0.0,0.0,0.0,0.0,9742.44,0.0,0.0,0.0,0.0,0.0,0.0,0.0
PR,2021,14354734.2212,14354734.2212,0.0,14318847.842,0.0,0.0,0.0,0.0,35886.3792,0.0,0.0,0.0,0.0,0.0,0.0,0.0
PR,2022,14802263.7288,14802263.7288,0.0,14780783.598000001,0.0,0.0,0.0,0.0,21480.1308,0.0,0.0,0.0,0.0,0.0,0.0,0.0
PR,2023,13803419.7336,13803419.7336,0.0,13729981.914,0.0,0.0,0.0,0.0,73437.8196,0.0,0.0,0.0,0.0,0.0,0.0,0.0
RI,2010,5784314.182,3642999.382,2141314.8,3642999.382,0.0,0.0,0.0,0.0,0.0,0.0,0.0,0.0,0.0,2141314.8,0.0,0.0
RI,2011,6085630.368,4086826.268,1998804.1,3903108.6180000002,0.0,0.0,0.0,183717.65,0.0,0.0,0.0,0.0,0.0,1998804.1,0.0,0.0
RI,2012,5918694.532,4013539.132,1905155.4,3835680.182,0.0,0.0,0.0,177858.95,0.0,0.0,0.0,0.0,0.0,1905155.4,0.0,0.0
RI,2013,5191360.694,3030877.294,2160483.4,2858963.794,0.0,0.0,0.0,171913.5,0.0,0.0,0.0,0.0,0.0,2160483.4,0.0,0.0
RI,2014,5260687.649999999,2994200.0500000003,2266487.6,2827992.75,0.0,0.0,0.0,166207.3,0.0,0.0,0.0,0.0,0.0,2266487.6,0.0,0.0
RI,2015,5593017.192,3299446.792,2293570.4,3140626.5919999997,0.0,0.0,0.0,158820.2,0.0,0.0,0.0,0.0,0.0,2293570.4,0.0,0.0
RI,2016,5221924.2,3063354.5,2158569.7,2875935.25,0.0,0.0,33932.7,153486.55,0.0,0.0,0.0,0.0,0.0,2158569.7,0.0,0.0
RI,2017,5254761.273,3401813.773,1852947.5,3240788.5730000003,0.0,0.0,12608.0,148417.2,0.0,0.0,0.0,0.0,0.0,1852947.5,0.0,0.0
RI,2018,5806040.825,3691410.9250000003,2114629.9,3538227.525,0.0,0.0,9370.05,143813.35,0.0,0.0,0.0,0.0,0.0,2114629.9,0.0,0.0
RI,2019,5499432.073,3377550.273,2121881.8,3218788.973,0.0,0.0,16255.95,142505.35,0.0,0.0,0.0,0.0,0.0,2121881.8,0.0,0.0
RI,2020,5571007.636,3636473.736,1934533.9,3497573.386,0.0,0.0,1506.95,137393.4,0.0,0.0,0.0,0.0,0.0,1934533.9,0.0,0.0
RI,2021,5835444.1959999995,3837281.296,1998162.9,3698128.596,0.0,0.0,5801.7,133351.0,0.0,0.0,0.0,0.0,0.0,1998162.9,0.0,0.0
RI,2022,5360618.371,3158998.571,2201619.8,3032445.421,0.0,0.0,0.0,126553.15,0.0,0.0,0.0,0.0,0.0,2201619.8,0.0,0.0
RI,2023,6302929.6,4238399.6,2064530.0,4117039.0,0.0,0.0,0.0,121360.6,0.0,0.0,0.0,0.0,0.0,2064530.0,0.0,0.0
SC,2010,55988949.646583,50943894.346583,5045055.3,50943894.346583,0.0,0.0,0.0,0.0,0.0,0.0,0.0,0.0,0.0,5045055.3,0.0,0.0
SC,2011,53025285.603,48252889.503,4772396.100000001,48204475.423,0.0,0.0,0.0,36806.6,11607.48,0.0,0.0,0.0,0.0,4772396.100000001,0.0,0.0
SC,2012,48962376.557412,43847588.057412,5114788.5,43788660.117412,0.0,0.0,0.0,39700.7,19227.24,0.0,0.0,0.0,0.0,5114788.5,0.0,0.0
SC,2013,42997013.058,38203448.258,4793564.800000001,38146800.878,0.0,0.0,0.0,38439.3,18208.08,0.0,0.0,0.0,0.0,4793564.800000001,0.0,0.0
SC,2014,48088994.881,42793674.881,5295320.0,42723364.241000004,0.0,0.0,0.0,44129.4,26181.239999999998,0.0,0.0,0.0,0.0,5295320.0,0.0,0.0
SC,2015,44605885.247,39637660.647,4968224.6,39583099.797,0.0,0.0,0.0,42967.05,11593.8,0.0,0.0,0.0,0.0,4968224.6,0.0,0.0
SC,2016,42760195.958,37630411.658,5129784.3,37587919.408,0.0,0.0,0.0,42492.25,0.0,0.0,0.0,0.0,0.0,5129784.3,0.0,0.0
SC,2017,39301188.761,34164524.061000004,5136664.7,34120249.161,0.0,0.0,0.0,44274.899999999994,0.0,0.0,0.0,0.0,0.0,5136664.7,0.0,0.0
SC,2018,43602121.146,38141957.846,5460163.3,38097266.796,0.0,0.0,0.0,44691.049999999996,0.0,0.0,0.0,0.0,0.0,5460163.3,0.0,0.0
SC,2019,38969101.809,33883223.209,5085878.6,33838093.409,0.0,0.0,0.0,45129.799999999996,0.0,0.0,0.0,0.0,0.0,5085878.6,0.0,0.0
SC,2020,37091893.742,32092316.142,4999577.6,32040996.238,0.0,0.0,0.0,47573.75,3746.154,0.0,0.0,0.0,0.0,4999577.6,0.0,0.0
SC,2021,40639157.154,35081872.754,5557284.399999999,35010270.71,0.0,0.0,0.0,49691.7,21910.344,0.0,0.0,0.0,0.0,5557284.399999999,0.0,0.0
SC,2022,40486711.3882,35044680.9882,5442030.4,34972596.003,0.0,0.0,0.0,49601.7,22483.2852,0.0,0.0,0.0,0.0,5442030.4,0.0,0.0
SC,2023,40385384.681,35207451.681,5177933.0,35136884.955,0.0,0.0,0.0,49735.049999999996,20831.676,0.0,0.0,0.0,0.0,5177933.0,0.0,0.0
SD,2010,6251788.336,6020997.236,230791.1,6020997.236,0.0,0.0,0.0,0.0,0.0,0.0,0.0,0.0,0.0,230791.1,0.0,0.0
SD,2011,5685710.1959999995,5457415.6959999995,228294.5,5455760.416,0.0,0.0,0.0,0.0,1655.28,0.0,0.0,0.0,0.0,228294.5,0.0,0.0
SD,2012,5788348.212,5568522.312,219825.9,5566867.032,0.0,0.0,0.0,0.0,1655.28,0.0,0.0,0.0,0.0,219825.9,0.0,0.0
SD,2013,6171291.4520000005,5928230.052,243061.4,5927304.372,0.0,0.0,0.0,0.0,925.68,0.0,0.0,0.0,0.0,243061.4,0.0,0.0
SD,2014,6441330.041999999,6187047.041999999,254283.0,6185920.722,0.0,0.0,0.0,0.0,1126.32,0.0,0.0,0.0,0.0,254283.0,0.0,0.0
SD,2015,5076076.068,4842183.068,233893.0,4842023.468,0.0,0.0,0.0,0.0,159.6,0.0,0.0,0.0,0.0,233893.0,0.0,0.0
SD,2016,5813391.966,5578160.466,235231.5,5578160.466,0.0,0.0,0.0,0.0,0.0,0.0,0.0,0.0,0.0,235231.5,0.0,0.0
SD,2017,5700619.578000001,5461749.078000001,238870.5,5461749.078000001,0.0,0.0,0.0,0.0,0.0,0.0,0.0,0.0,0.0,238870.5,0.0,0.0
SD,2018,6101509.1916654,5828470.7916654,273038.4,5801899.954,0.0,0.0,26570.8376654,0.0,0.0,0.0,0.0,0.0,0.0,273038.4,0.0,0.0
SD,2019,6620891.0386258,6365107.5386258,255783.5,6354832.393999999,0.0,0.0,10275.1446258,0.0,0.0,0.0,0.0,0.0,0.0,255783.5,0.0,0.0
SD,2020,5466607.776000001,5220648.576,245959.2,5209399.926,0.0,0.0,11248.65,0.0,0.0,0.0,0.0,0.0,0.0,245959.2,0.0,0.0
SD,2021,5865714.1680854,5621093.6680854,244620.5,5614862.448,0.0,0.0,6231.2200854,0.0,0.0,0.0,0.0,0.0,0.0,244620.5,0.0,0.0
SD,2022,6374522.152,6107227.252,267294.9,6107227.252,0.0,0.0,0.0,0.0,0.0,0.0,0.0,0.0,0.0,267294.9,0.0,0.0
SD,2023,6551819.796,6299962.496,251857.3,6299962.496,0.0,0.0,0.0,0.0,0.0,0.0,0.0,0.0,0.0,251857.3,0.0,0.0
TN,2010,65154996.919738,57319219.719738,7835777.2,57319219.719738,0.0,0.0,0.0,0.0,0.0,0.0,0.0,0.0,0.0,7835777.2,0.0,0.0
TN,2011,63814170.970481,56461663.770481,7352507.2,56167662.040481,0.0,0.0,0.0,88674.05,205327.68,0.0,0.0,0.0,0.0,7352507.2,0.0,0.0
TN,2012,82889556.73474601,54406949.634746,28482607.099999998,54004448.944746,0.0,0.0,0.0,196108.25,206392.44,0.0,21660568.0,0.0,0.0,6822039.1,0.0,0.0
TN,2013,81488472.74964,50619672.984,30868799.76564,50350997.944,0.0,0.0,0.0,161097.8,107577.24,0.0,22888743.0,0.0,0.0,7980056.76564,0.0,0.0
TN,2014,83276053.49971195,53511960.914,29764092.585711952,53141575.894,0.0,0.0,0.0,283861.30000000005,86523.72,0.0,21222859.0,0.0,0.0,8541233.58571195,0.0,0.0
TN,2015,80377121.9502015,48917044.263,31460077.6872015,48701515.773,0.0,0.0,0.0,114620.25,100908.24,0.0,23869960.8872015,0.0,0.0,7590116.8,0.0,0.0
TN,2016,83374752.7484618,50827433.639,32547319.1094618,50526765.469,0.0,0.0,67147.41,115617.40000000001,117903.36,0.0,25017312.0094618,0.0,0.0,7530007.1,0.0,0.0
TN,2017,80030837.4444824,47837098.901,32193738.5434824,47502506.681,0.0,0.0,61897.65,113370.45,159324.12,0.0,24936997.2434824,0.0,0.0,7256741.3,0.0,0.0
TN,2018,76601914.9244639,42178455.671,34423459.2534639,41863766.171,0.0,0.0,137979.98,58847.2,117862.32,0.0,24921280.2534639,0.0,0.0,9502179.0,0.0,0.0
TN,2019,72780815.6925583,40481814.721,32299000.9715583,40095958.901,0.0,0.0,3179.0,57687.899999999994,324988.92,0.0,22309958.5715583,0.0,0.0,9989042.4,0.0,0.0
TN,2020,62403215.6960943,34506237.2960943,27896978.400000002,34380096.419,0.0,0.0,31742.6470943,58850.75,35547.48,0.0,19014799.0,0.0,0.0,8882179.4,0.0,0.0
TN,2021,72773397.101152,39544123.671152,33229273.43,39301101.539,0.0,0.0,102070.172552,66333.1,74618.8596,0.0,22849822.03,0.0,722287.0,9657164.4,0.0,0.0
TN,2022,76087012.69902936,38515366.69902935,37571646.0,38386052.52925475,0.0,0.0,1222.9917746,65958.09999999999,62133.078,0.0,22364627.0,0.0,5177852.5,10029166.5,0.0,0.0
TN,2023,74112998.576628,37409611.376628004,36703387.2,37265031.30575821,0.0,0.0,2109.6636698,61234.6,81235.8072,0.0,23590899.0,0.0,3519494.1,9592994.1,0.0,0.0
TX,2010,524786813.897691,387085436.621691,137701377.276,387085436.621691,0.0,0.0,0.0,0.0,0.0,0.0,0.0,0.0,0.0,41169480.1,96519230.076,12667.1
TX,2011,608405473.4963584,457408169.4803584,150997304.016,407371470.4203584,48707446.72,0.0,0.0,1180817.5,148434.84,0.0,0.0,0.0,0.0,40585010.1,110397289.216,15004.7
TX,2012,1397503816.647926,443931124.0726156,953572692.5753103,393755244.4806156,48825299.372,0.0,0.0,1243730.3,106849.92,0.0,603694455.3378794,0.0,183312910.148431,37068202.1,129479200.989,17924.0
TX,2013,1561517412.6483068,459025595.72237957,1102491816.9259272,405634366.6563795,52162973.046000004,0.0,0.0,1107680.5,120575.52,0.0,670289104.0665611,0.0,259842274.3627661,41959726.9736,130385664.023,15047.5
TX,2014,1726606335.8850448,463031817.1913456,1263574518.6936991,407172213.7413456,54634825.77,0.0,0.0,1075959.8,148817.88,0.0,711445781.8679556,0.0,350265511.6381435,44661548.5136,157115043.87399998,86632.8
TX,2015,1740737532.2444587,452132876.0304864,1288604656.2139723,396333877.7444864,54180546.736,0.0,0.0,1483521.15,134930.4,0.0,731952108.2482696,0.0,345897149.4057026,41945531.3,168491685.46,318181.8
TX,2016,1797307581.2561386,467934207.38061583,1329373373.8755226,385541724.42688704,46291032.5054,34331309.742,211011.7763288,1434433.45,124695.48,0.0,733923180.1260655,0.0,372627912.9494572,36429493.9,186225946.1,166840.8
TX,2017,1846877977.423892,473010380.2819216,1373867597.1419704,388938314.9905423,47586130.8364,34794494.608,475241.5069793,1145454.5,70743.84,0.0,746418655.157676,0.0,398562620.8842945,36551952.1,192088596.79999998,245772.2
TX,2018,1971324934.6218584,489251501.7389067,1482073432.8829515,390026811.4041878,59430000.274016194,37770889.512427405,879128.7082753001,1100091.0,44580.84,0.0,795899767.3710959,0.0,421653979.2753425,43456759.6,220827700.03651318,235226.6
TX,2019,2025590068.9266846,499002400.9095841,1526587668.0171003,383173484.01849747,69990191.39591351,44379385.11675095,300940.8384222,1070339.1,88060.44,0.0,770461540.1989226,0.0,464615458.14775944,43372298.6,247906362.5704184,232008.5
TX,2020,1975063540.2231798,460464548.8808012,1514598991.3423786,360842659.7934228,54835539.84587458,43050780.54784812,595014.5436556999,1028514.9500000001,112039.2,0.0,730525388.5032284,0.0,457512970.64411527,40136185.1,286277690.29503477,146756.8
TX,2021,2032557841.4837582,469898425.1197441,1562659416.364014,373118565.3633042,51036389.07479562,44159831.67651383,339933.5087305,996142.8,247562.69640000002,0.0,761313141.636705,0.0,452803993.0092774,41708016.4,306663670.5180316,170594.8
TX,2022,2280682854.9904914,481923229.07121456,1798759625.9192767,383308302.34652984,49706974.86408945,47116097.54467081,632217.7023244001,1000177.7,159458.9136,0.0,841736573.8195717,0.0,597724657.811772,43913813.9,315218686.287933,165894.1
TX,2023,2456704566.0551877,484813993.3105058,1971890572.7446818,379849251.0883798,53302361.69099826,50270314.00555512,205164.6959726,979329.9,207571.9296,0.0,851548748.7753985,0.0,699068229.7918746,40393386.6,380880207.5774088,0.0
UT,2010,52201825.774025,41540096.674025,10661729.1,41540096.674025,0.0,0.0,0.0,0.0,0.0,0.0,0.0,0.0,0.0,9092801.6,1568927.5,0.0
UT,2011,54413470.353098296,43599541.6530983,10813928.700000001,42804733.4290983,540902.664,0.0,0.0,78899.6,175005.96,0.0,0.0,0.0,0.0,9103372.9,1710555.7999999998,0.0
UT,2012,76222050.55847889,41932910.4908214,34289140.0676575,41192661.2668214,534259.644,0.0,0.0,80496.1,125493.48,0.0,23677192.867657498,0.0,0.0,8671239.3,1940707.9000000001,0.0
UT,2013,79556788.5992101,45150962.7627223,34405825.8364878,44415084.5627223,493226.092,0.0,0.0,81941.748,160710.36,0.0,22830036.8364878,0.0,0.0,9713598.9,1862190.1,0.0
UT,2014,81066122.6511122,44531805.8174023,36534316.8337099,43542767.8734023,751468.664,0.0,0.0,83245.2,154324.08000000002,0.0,24432370.3337099,0.0,0.0,9953474.1,2148472.4,0.0
UT,2015,76121806.4506494,42899053.002267696,33222753.4483817,42278622.406267695,462164.436,0.0,0.0,85404.2,72861.95999999999,0.0,23715071.9483817,0.0,0.0,9030810.4,476871.1,0.0
UT,2016,73558872.873833,37504772.7982896,36054100.0755434,36110591.9762896,463056.142,722587.652,0.0,87101.948,121435.08,0.0,25538521.1755434,0.0,0.0,10085387.8,430191.1,0.0
UT,2017,73645516.4185935,36818238.2756545,36827278.142939,35734718.3136545,520032.14800000004,383929.734,0.0,90038.44,89519.64,0.0,26915606.142939,0.0,0.0,9444144.1,467527.9,0.0
UT,2018,73977517.8371247,37573001.9959373,36404515.8411874,36351235.4239373,728788.622,332377.024,0.0,93356.886,67244.04,0.0,25688447.2411874,0.0,0.0,10225265.700000001,490802.9,0.0
UT,2019,76659235.0534014,37234717.1237561,39424517.9296453,36233156.8257561,694819.532,191159.224,0.0,96520.74200000001,19060.8,0.0,28148671.229645297,0.0,0.0,10791584.1,484262.60000000003,0.0
UT,2020,67992630.2706113,34458979.5845925,33533650.6860188,33219831.969849,694493.486,353165.29000000004,69117.5707435,97168.148,25203.12,0.0,22834662.6860188,0.0,0.0,10182347.4,516640.60000000003,0.0
UT,2021,81350317.7719144,38636459.4802579,42713858.2916565,37305310.4558085,726287.5,380786.446,511.0872494,98985.498,124578.4932,0.0,30944207.1916565,0.0,0.0,11261434.799999999,508216.3,0.0
UT,2022,80455670.4233907,35652968.2518707,44802702.17152,34118257.1806023,919636.28,443643.636,3954.8308684,98195.948,69280.3764,0.0,32313925.671520002,0.0,0.0,11866629.9,622146.6,0.0
UT,2023,73938368.5110669,29386889.1438694,44551479.3671975,28276069.8126694,638884.002,294364.57399999996,0.0,100105.498,77465.2572,0.0,31672561.6671975,0.0,0.0,12111867.8,767049.9,0.0
VA,2010,64462039.503733,47416740.003733,17045299.5,47416740.003733,0.0,0.0,0.0,0.0,0.0,0.0,0.0,0.0,0.0,17045299.5,0.0,0.0
VA,2011,61734930.5864332,46065814.7864332,15669115.8,45629763.936433196,0.0,0.0,0.0,319178.05,116872.8,0.0,0.0,0.0,0.0,15669115.8,0.0,0.0
VA,2012,59255880.6450613,42513905.1450613,16741975.5,42166863.4350613,0.0,0.0,0.0,299282.55,47759.16,0.0,0.0,0.0,0.0,16741975.5,0.0,0.0
VA,2013,65180921.3463457,47736453.6463457,17444467.7,47405682.5203457,0.0,0.0,0.0,287428.326,43342.8,0.0,0.0,0.0,0.0,17444467.7,0.0,0.0
VA,2014,64712287.5627204,46584254.5627204,18128033.0,46225989.9927204,0.0,0.0,0.0,282593.65,75670.92,0.0,0.0,0.0,0.0,18128033.0,0.0,0.0
VA,2015,65705241.7998391,46940825.5998391,18764416.2,46609717.3758391,0.0,0.0,0.0,277288.824,53819.4,0.0,0.0,0.0,0.0,18764416.2,0.0,0.0
VA,2016,68575860.8957485,49949809.2957485,18626051.6,49405043.5543108,0.0,0.0,208548.9314377,293371.05,42845.76,0.0,0.0,0.0,0.0,18626051.6,0.0,0.0
VA,2017,61949859.9616826,45071265.9616826,16878594.0,44576783.7395713,0.0,0.0,190645.3021113,261570.28,42266.64,0.0,0.0,0.0,0.0,16878594.0,0.0,0.0
VA,2018,64622283.2104848,45770899.3104848,18851383.9,45320607.3518213,0.0,0.0,152153.4878635,258216.674,39921.7968,0.0,0.0,0.0,0.0,18851383.9,0.0,0.0
VA,2019,60720159.6973193,42755442.0973193,17964717.6,42390671.5332669,0.0,0.0,71248.1380524,255184.22600000002,38338.2,0.0,0.0,0.0,0.0,17964717.6,0.0,0.0
VA,2020,61389835.4640019,44186199.0640019,17203636.4,43833919.5906992,0.0,0.0,65325.1973027,255980.476,30973.8,0.0,0.0,0.0,0.0,17203636.4,0.0,0.0
VA,2021,56229613.989007,39290715.689007,16938898.3,38912644.8620268,0.0,0.0,103736.5289802,255002.17799999999,19332.12,0.0,0.0,0.0,0.0,16938898.3,0.0,0.0
VA,2022,54695941.2009287,36879920.0009287,17816021.2,36501979.2175568,0.0,0.0,67950.8285719,249236.48200000002,60753.4728,0.0,0.0,0.0,0.0,17816021.2,0.0,0.0
VA,2023,52330452.90438453,35065430.80438453,17265022.1,34671118.577550635,0.0,0.0,34282.5956339,247602.85400000002,112426.7772,0.0,0.0,0.0,0.0,17265022.1,0.0,0.0
VI,2010,6327077.812,6327077.812,0.0,6327077.812,0.0,0.0,0.0,0.0,0.0,0.0,0.0,0.0,0.0,0.0,0.0,0.0
VI,2011,5492411.242,5492411.242,0.0,5492411.242,0.0,0.0,0.0,0.0,0.0,0.0,0.0,0.0,0.0,0.0,0.0,0.0
VI,2012,6253348.409999999,1579789.41,4673559.0,1579789.41,0.0,0.0,0.0,0.0,0.0,0.0,4673559.0,0.0,0.0,0.0,0.0,0.0
VI,2013,918587.376,918587.376,0.0,918587.376,0.0,0.0,0.0,0.0,0.0,0.0,0.0,0.0,0.0,0.0,0.0,0.0
VI,2014,1160972.2680000002,865800.368,295171.9,865800.368,0.0,0.0,0.0,0.0,0.0,0.0,0.0,0.0,295171.9,0.0,0.0,0.0
VI,2015,891703.076,891703.076,0.0,891703.076,0.0,0.0,0.0,0.0,0.0,0.0,0.0,0.0,0.0,0.0,0.0,0.0
VI,2016,909047.18,909047.18,0.0,909047.18,0.0,0.0,0.0,0.0,0.0,0.0,0.0,0.0,0.0,0.0,0.0,0.0
VI,2017,654352.086,654352.086,0.0,654352.086,0.0,0.0,0.0,0.0,0.0,0.0,0.0,0.0,0.0,0.0,0.0,0.0
VI,2018,676118.082,676118.082,0.0,676118.082,0.0,0.0,0.0,0.0,0.0,0.0,0.0,0.0,0.0,0.0,0.0,0.0
VI,2019,785977.922,785977.922,0.0,785977.922,0.0,0.0,0.0,0.0,0.0,0.0,0.0,0.0,0.0,0.0,0.0,0.0
VI,2020,2568698.793594,1073727.53,1494971.263594,1073727.53,0.0,0.0,0.0,0.0,0.0,0.0,1494971.263594,0.0,0.0,0.0,0.0,0.0
VI,2021,4942340.2271259995,1570237.666,3372102.561126,1570237.666,0.0,0.0,0.0,0.0,0.0,0.0,3372102.561126,0.0,0.0,0.0,0.0,0.0
VI,2022,728850.01,728850.01,0.0,728850.01,0.0,0.0,0.0,0.0,0.0,0.0,0.0,0.0,0.0,0.0,0.0,0.0
VI,2023,581163.676,581163.676,0.0,581163.676,0.0,0.0,0.0,0.0,0.0,0.0,0.0,0.0,0.0,0.0,0.0,0.0
VT,2010,753579.95,288909.25,464670.7,288909.25,0.0,0.0,0.0,0.0,0.0,0.0,0.0,0.0,0.0,464670.7,0.0,0.0
VT,2011,1134745.4096,663797.6096,470947.8,662926.6496,0.0,0.0,0.0,0.0,870.96,0.0,0.0,0.0,0.0,470947.8,0.0,0.0
VT,2012,1065902.9169,615030.3169,450872.6,611884.4669,0.0,0.0,0.0,2735.45,410.4,0.0,0.0,0.0,0.0,450872.6,0.0,0.0
VT,2013,1059281.1842,532414.8842,526866.3,531110.7241999999,0.0,0.0,0.0,0.0,1304.16,0.0,0.0,0.0,0.0,526866.3,0.0,0.0
VT,2014,1073229.4888799998,504407.08888,568822.4,500645.06888,0.0,0.0,0.0,2920.7,841.32,0.0,0.0,0.0,0.0,568822.4,0.0,0.0
VT,2015,1150400.709242,509491.20924199995,640909.5,503411.549242,0.0,0.0,0.0,3646.9,2432.76,0.0,0.0,0.0,0.0,640909.5,0.0,0.0
VT,2016,1119374.165228,458215.365228,661158.8,453655.005228,0.0,0.0,0.0,3792.0,768.36,0.0,0.0,0.0,0.0,661158.8,0.0,0.0
VT,2017,435206.6993,435206.6993,0.0,434819.0993,0.0,0.0,0.0,0.0,387.6,0.0,0.0,0.0,0.0,0.0,0.0,0.0
VT,2018,1185826.800627,440835.80062700005,744991.0,440286.320627,0.0,0.0,0.0,0.0,549.48,0.0,0.0,0.0,0.0,744991.0,0.0,0.0
VT,2019,1227597.0416559998,467825.341656,759771.7,462945.49165599997,0.0,0.0,0.0,4047.65,832.2,0.0,0.0,0.0,0.0,759771.7,0.0,0.0
VT,2020,1141010.629342,437124.92934200005,703885.7,432738.579342,0.0,0.0,0.0,4067.15,319.2,0.0,0.0,0.0,0.0,703885.7,0.0,0.0
VT,2021,1174867.265097,446168.465097,728698.8,441022.527097,0.0,0.0,0.0,4100.9,1045.038,0.0,0.0,0.0,0.0,728698.8,0.0,0.0
VT,2022,1166901.491299,422093.191299,744808.3,417155.462899,0.0,0.0,0.0,4100.9,836.8284,0.0,0.0,0.0,0.0,744808.3,0.0,0.0
VT,2023,991550.3027720001,293263.30277199997,698287.0,288825.145172,0.0,0.0,0.0,4100.9,337.2576,0.0,0.0,0.0,0.0,698287.0,0.0,0.0
WA,2010,39349684.372275,25804953.772275,13544730.600000001,25804953.772275,0.0,0.0,0.0,0.0,0.0,0.0,0.0,0.0,0.0,13544730.600000001,0.0,0.0
WA,2011,34367660.4705,20788319.0705,13579341.399999999,20619721.8905,0.0,0.0,0.0,119631.9,48965.28,0.0,0.0,0.0,0.0,13579341.399999999,0.0,0.0
WA,2012,127649034.55765,19189419.65765,108459614.9,19002146.09765,0.0,0.0,0.0,91201.20000000001,96072.36,0.0,77277706.9,0.0,16492969.899999999,14688938.100000001,0.0,0.0
WA,2013,142338686.4921907,25367356.8033,116971329.68889071,25153436.6633,0.0,0.0,0.0,86119.3,127800.84000000001,0.0,83963081.4888907,0.0,17475152.200000003,15533096.0,0.0,0.0
WA,2014,145013604.2316887,25051978.63199,119961625.59969871,24909254.96199,0.0,0.0,0.0,85532.15,57191.52,0.0,86014019.29969871,0.0,18962987.700000003,14984618.600000001,0.0,0.0
WA,2015,139528949.387119,23824436.320669,115704513.06645,23680567.280669,0.0,0.0,0.0,73957.4,69911.64,0.0,81854385.06645,0.0,18856810.5,14993317.5,0.0,0.0
WA,2016,150595941.8380138,22646064.776972,127949877.0610418,22526286.754972,0.0,0.0,0.0,74181.1,45596.922,0.0,89611083.72073129,0.0,23232524.540310502,15106268.8,0.0,0.0
WA,2017,145107469.05615428,23119931.648896,121987537.4072583,22950677.471296,0.0,0.0,0.0,102457.2,66796.9776,0.0,84090254.0072583,0.0,21634021.7,16263261.7,0.0,0.0
WA,2018,130938710.6807475,23046328.120136,107892382.5606115,22895973.451336,0.0,0.0,0.0,100805.8,49548.8688,0.0,84254824.9880315,0.0,7737578.57258,15899979.0,0.0,0.0
WA,2019,141505376.9091569,27407851.640329,114097525.2688279,27268195.930329,0.0,0.0,0.0,100688.8,38966.909999999996,0.0,89711230.2688279,0.0,7053061.0,17333234.0,0.0,0.0
WA,2020,119037557.8647348,23362626.275063,95674931.58967179,23229359.015863,0.0,0.0,0.0,103921.744,29345.5152,0.0,76232522.78967181,0.0,2988204.0,16454204.799999999,0.0,0.0
WA,2021,125699820.79348111,22042746.772451002,103657074.0210301,21885478.340851,0.0,0.0,0.0,105121.59400000001,52146.8376,0.0,82412509.8210301,0.0,3803167.0,17441397.2,0.0,0.0
WA,2022,127517715.7493491,21883656.374351,105634059.3749981,21758743.887951,0.0,0.0,0.0,108142.676,16769.8104,0.0,85269594.5229981,0.0,3518905.652,16845559.2,0.0,0.0
WA,2023,130348928.03424254,24423327.843920838,105925600.1903217,24245870.53592084,0.0,0.0,0.0,110945.034,66512.274,0.0,84651889.2263217,0.0,3713116.564,17560594.4,0.0,0.0
WI,2010,76355725.630995,56084090.230995,20271635.4,56084090.230995,0.0,0.0,0.0,0.0,0.0,0.0,0.0,0.0,0.0,20271635.4,0.0,0.0
WI,2011,76552801.837499,55613788.537498996,20939013.3,55458554.301499,0.0,0.0,0.0,144374.596,10859.64,0.0,0.0,0.0,0.0,20939013.3,0.0,0.0
WI,2012,76208498.63013999,49982146.35314,26226352.277,49804593.07514,0.0,0.0,0.0,144034.998,33518.28,0.0,5043331.077,0.0,276079.9,20906941.3,0.0,0.0
WI,2013,84024350.17058,55711551.456,28312798.71458,55554214.378,0.0,0.0,0.0,145775.19799999997,11561.88,0.0,4869968.1,0.0,18924.41458,23423906.2,0.0,0.0
WI,2014,82469187.6575,52336540.206,30132647.4515,52187767.428,0.0,0.0,0.0,146114.298,2658.48,0.0,5631040.7515,0.0,54767.7,24446839.0,0.0,0.0
WI,2015,82706929.05,53882568.95,28824360.1,53729812.632,0.0,0.0,0.0,147822.398,4933.92,0.0,5397036.5,0.0,0.0,23427323.6,0.0,0.0
WI,2016,80672934.6255,50327922.126,30345012.4995,50172473.728,0.0,0.0,0.0,155448.398,0.0,0.0,5519318.8595,0.0,140016.34,24685677.3,0.0,0.0
WI,2017,82926684.406,52637500.294,30289184.112000003,52471819.346,0.0,0.0,0.0,165680.948,0.0,0.0,5236122.212,0.0,0.0,25053061.900000002,0.0,0.0
WI,2018,80401182.82,50693553.82,29707628.999999996,50522035.62,0.0,0.0,0.0,171518.2,0.0,0.0,2069556.5,0.0,50150.5,27587921.999999996,0.0,0.0
WI,2019,72964731.5872,43461533.356,29503198.2312,43285448.158,0.0,0.0,0.0,176085.198,0.0,0.0,42051.1712,0.0,598343.86,28862803.2,0.0,0.0
WI,2020,67910777.25,40443249.79,27467527.46,40287414.592,0.0,0.0,0.0,155835.198,0.0,0.0,7575.1,0.0,76877.56,27383074.8,0.0,0.0
WI,2021,72116643.764,44538148.764,27578495.0,44381859.166,0.0,0.0,0.0,156289.598,0.0,0.0,760.7,0.0,0.0,27577734.3,0.0,0.0
WI,2022,69867374.066,39541754.166,30325619.900000002,39383605.668,0.0,0.0,0.0,158148.498,0.0,0.0,6964.0,0.0,0.0,30318655.900000002,0.0,0.0
WI,2023,71710217.26975952,39516432.21751832,32193785.052241202,39354627.71951832,0.0,0.0,0.0,161804.498,0.0,0.0,3300278.6522412,0.0,0.0,28893506.400000002,0.0,0.0
WV,2010,84305874.855605,79464011.955605,4841862.9,79464011.955605,0.0,0.0,0.0,0.0,0.0,0.0,0.0,0.0,0.0,3726396.4,1010428.0,105038.5
WV,2011,96613955.1107732,91731998.8107732,4881956.300000001,91068311.5287732,208149.082,0.0,0.0,455538.2,0.0,0.0,0.0,0.0,0.0,3655184.4000000004,1130356.1,96415.8
WV,2012,93391831.2351957,86072594.7296886,7319236.5055071,85601293.2696886,136419.56,0.0,0.0,334881.9,0.0,0.0,2618195.7055071,0.0,0.0,3437327.4,1263713.4,0.0
WV,2013,96762485.3537132,88518232.4309132,8244252.9228,88083836.2809132,143860.5,0.0,0.0,290535.65,0.0,0.0,2595364.39,0.0,0.0,3752389.5327999997,1896499.0,0.0
WV,2014,106229491.876953,95237273.8422982,10992218.0346548,94859012.5142982,108969.478,0.0,0.0,269291.85,0.0,0.0,2789152.6362548,0.0,0.0,4114367.3984000003,4000812.5999999996,87885.4
WV,2015,101897398.17706001,88676246.97706,13221151.2,88357952.16906,62143.658,0.0,0.0,256151.15000000002,0.0,0.0,2859542.0,0.0,0.0,4063286.0999999996,6193539.2,104783.9
WV,2016,104197427.954465,90571216.954465,13626211.0,89643029.774465,140582.356,172519.674,390519.5,224565.65000000002,0.0,0.0,3009621.0,0.0,0.0,4287073.8,6236574.4,92941.8
WV,2017,101350788.2684938,87318513.81332,14032274.4551738,86340339.22532,219948.91,396615.908,140504.72,221105.05,0.0,0.0,2876134.1551738,0.0,0.0,4503407.199999999,6568968.6,83764.5
WV,2018,94594299.600755,80196964.100755,14397335.5,79281866.604755,301832.696,266043.5,129202.05,218019.25,0.0,0.0,3387026.0,0.0,0.0,4784157.2,6226152.3,0.0
WV,2019,92939576.6788712,75942839.083845,16996737.5950262,75048357.553845,247366.59600000002,222721.834,208785.0,215608.09999999998,0.0,0.0,2968986.6950262,0.0,0.0,4940422.7,9087328.2,0.0
WV,2020,86344814.2112617,68352830.855195,17991983.3560667,67394756.407195,305400.292,251113.906,193039.4,208520.85,0.0,0.0,3033859.3560667,0.0,0.0,3997788.4,10900658.600000001,59677.0
WV,2021,96229582.5608944,77606519.726995,18623062.8338994,76200239.156995,747415.9920000001,391014.178,69883.35,197967.05,0.0,0.0,2997301.8338994,0.0,0.0,4569411.7,10988602.0,67747.3
WV,2022,86480693.351316,68837558.131316,17643135.22,67876784.431316,380633.35000000003,293038.9,96395.85,190705.6,0.0,0.0,2615815.72,0.0,0.0,4638332.7,10344696.899999999,44289.9
WV,2023,85116792.7070702,65699256.624675,19417536.0823952,64558942.914675,390391.972,512342.338,42427.95,195151.45,0.0,0.0,2885781.6823952,0.0,0.0,4738730.7,11784720.8,8302.9
WY,2010,64790545.457,60085247.457,4705298.0,60085247.457,0.0,0.0,0.0,0.0,0.0,0.0,0.0,0.0,0.0,1463412.7999999998,3241885.2,0.0
WY,2011,69676061.384,65133433.784,4542627.6,64629934.66,492634.424,0.0,0.0,10864.7,0.0,0.0,0.0,0.0,0.0,1573696.3,2968931.3,0.0
WY,2012,95694156.2037468,67530821.162,28163335.041746803,67233337.85599999,285322.556,0.0,0.0,12160.75,0.0,0.0,23950724.2417468,0.0,0.0,1478480.1,2734130.6999999997,0.0
WY,2013,93680350.89767,67959047.17999999,25721303.71767,67567058.406,379770.97400000005,0.0,0.0,12217.8,0.0,0.0,21319723.517669998,0.0,0.0,1575817.0,2825763.2,0.0
WY,2014,89650457.7319752,63004353.704,26646104.0279752,62918823.842,71928.412,0.0,0.0,13601.45,0.0,0.0,22141924.1279752,0.0,0.0,1568029.9,2936150.0,0.0
WY,2015,91005483.1546451,63367471.364,27638011.7906451,63244596.828,112597.236,0.0,0.0,10277.3,0.0,0.0,24006153.1906451,0.0,0.0,1478610.2,2153248.4,0.0
WY,2016,87379535.0558,59293038.862,28086496.1938,57567892.764,265046.58,1460099.5180000002,0.0,0.0,0.0,0.0,24088492.2938,0.0,0.0,1801801.5,2196202.4,0.0
WY,2017,89131241.80931,61953097.426,27178144.38331,60349182.932000004,321295.468,1282619.026,0.0,0.0,0.0,0.0,23347154.08331,0.0,0.0,1824334.8,2006655.5,0.0
WY,2018,87854992.068,60980528.778000005,26874463.29,59333022.244,452121.97199999995,1195384.562,0.0,0.0,0.0,0.0,22691988.39,0.0,0.0,2183210.7,1999264.2,0.0
WY,2019,82979724.8204084,56276686.936,26703037.8844084,54589336.278,486754.424,1200596.234,0.0,0.0,0.0,0.0,23026434.7844084,0.0,0.0,1830592.3,1846010.8,0.0
WY,2020,76979685.46,54213935.32,22765750.14,52659427.496,421885.436,1132622.388,0.0,0.0,0.0,0.0,18911791.54,0.0,0.0,1850527.2999999998,2003431.3,0.0
WY,2021,71256820.2,52184555.5,19072264.7,51074882.148,176934.212,932739.14,0.0,0.0,0.0,0.0,15758358.1,0.0,0.0,1570260.9000000001,1743645.7,0.0
WY,2022,74264162.235945,53759723.716,20504438.519945,52723035.412,181117.332,855570.972,0.0,0.0,0.0,0.0,16964475.419945,0.0,0.0,1788053.8,1751909.3,0.0
WY,2023,73685535.18152042,50847431.14205912,22838104.0394613,50054464.65805912,141795.54,651170.944,0.0,0.0,0.0,0.0,19385771.5394613,0.0,0.0,1759704.1,1692628.4,0.0
