DISTRICTID,Year,Total Emissions,Total Direct Emissions,Total Supplier Emissions,Direct Point Emitters,Onshore Oil & Gas Prod.,Gathering & Boosting,Transmission Pipelines,LDC - Direct Emissions,SF6 from Elec. Equip.,GHG Quantity Associated with Coal-based liquid fuel production,GHG Quantity Associated with Petroleum Products Produced,GHG Quantity Associated with Petroleum Products Imported,GHG Quantity Associated with Petroleum Products Exported,GHG Quantity Associated with Natural Gas Supply,GHG Quantity Associated with Natural Gas Liquids Supply,GHG Quantity Associated with CO2 Supply ,Representative_Name,Representative_Last_Name,Representative_Party
0101,2010,18691010.654064998,15825638.554065,2865372.1,15825638.554065,0.0,0.0,0.0,0.0,0.0,0.0,0.0,0.0,0.0,2195012.6,670359.5,0.0,Barry Moore,Moore,Republican
0101,2011,16467521.594,13940897.694,2526623.9,13940897.694,0.0,0.0,0.0,0.0,0.0,0.0,0.0,0.0,0.0,1925174.7999999998,601449.1,0.0,Barry Moore,Moore,Republican
0101,2012,29433729.8141691,15138574.165275,14295155.6488941,15138574.165275,0.0,0.0,0.0,0.0,0.0,0.0,11540837.1488941,0.0,0.0,2228205.8000000003,526112.7,0.0,Barry Moore,Moore,Republican
0101,2013,30223569.9472806,15416161.041000001,14807408.906280601,15416161.041000001,0.0,0.0,0.0,0.0,0.0,0.0,12032719.5902806,0.0,0.0,2249194.716,525494.6,0.0,Barry Moore,Moore,Republican
0101,2014,31205186.1250646,15701179.763,15504006.362064598,15701179.763,0.0,0.0,0.0,0.0,0.0,0.0,12767338.4684646,0.0,0.0,2300522.4936,436145.4,0.0,Barry Moore,Moore,Republican
0101,2015,30132369.0238503,14893270.9978,15239098.0260503,14893270.9978,0.0,0.0,0.0,0.0,0.0,0.0,12145175.1260503,0.0,0.0,2683588.5999999996,410334.3,0.0,Barry Moore,Moore,Republican
0101,2016,30932903.0528888,15150967.086000001,15781935.9668888,15150967.086000001,0.0,0.0,0.0,0.0,0.0,0.0,12668067.1668888,0.0,0.0,2781396.8000000003,332472.0,0.0,Barry Moore,Moore,Republican
0101,2017,29252705.856073003,13816060.318,15436645.538073,13816060.318,0.0,0.0,0.0,0.0,0.0,0.0,12186432.938073,0.0,0.0,2971548.7,278663.9,0.0,Barry Moore,Moore,Republican
0101,2018,28602562.6056851,14321682.228,14280880.3776851,14321682.228,0.0,0.0,0.0,0.0,0.0,0.0,11317103.8776851,0.0,0.0,2755303.9,208472.6,0.0,Barry Moore,Moore,Republican
0101,2019,28081189.9859847,14306362.913999999,13774827.071984699,14306362.913999999,0.0,0.0,0.0,0.0,0.0,0.0,11002906.471984701,0.0,0.0,2660791.5999999996,111129.0,0.0,Barry Moore,Moore,Republican
0101,2020,26226623.5160649,13033852.7552,13192770.7608649,13033740.032,0.0,0.0,0.0,0.0,112.7232,0.0,10050889.9608649,0.0,0.0,2992975.1,148905.7,0.0,Barry Moore,Moore,Republican
0101,2021,30664137.9169112,13939522.5108,16724615.4061112,13939164.984,0.0,0.0,0.0,0.0,357.5268,0.0,10331506.0061112,0.0,0.0,2994776.4,3398333.0,0.0,Barry Moore,Moore,Republican
0101,2022,29547266.505869,13835281.2812,15711985.224669,13833444.878,0.0,0.0,0.0,0.0,1836.4032,0.0,11017693.624669,0.0,0.0,2886528.1,1807763.5,0.0,Barry Moore,Moore,Republican
0101,2023,28121539.9594621,11739249.5408,16382290.4186621,11737644.056,0.0,0.0,0.0,0.0,1605.4848,0.0,11825635.1186621,0.0,0.0,2828049.5,1728605.7999999998,0.0,Barry Moore,Moore,Republican
0102,2010,8288350.816000001,6189033.916,2099316.9,6189033.916,0.0,0.0,0.0,0.0,0.0,0.0,0.0,0.0,0.0,2075862.0,23454.9,0.0,Shomari Figures,Figures,Democrat
0102,2011,9525887.836000001,6725638.236,2800249.6,6693468.936,0.0,0.0,0.0,32169.3,0.0,0.0,0.0,0.0,0.0,2775751.8000000003,24497.8,0.0,Shomari Figures,Figures,Democrat
0102,2012,8636918.016,5678568.416,2958349.5999999996,5648851.416,0.0,0.0,0.0,29717.0,0.0,0.0,0.0,0.0,0.0,2922902.0999999996,35447.5,0.0,Shomari Figures,Figures,Democrat
0102,2013,8231876.1464,5274230.216,2957645.9304000004,5244486.666,0.0,0.0,0.0,29743.55,0.0,0.0,0.0,0.0,0.0,2900216.0304,57429.9,0.0,Shomari Figures,Figures,Democrat
0102,2014,8327565.686000001,5478872.614,2848693.072,5450489.414,0.0,0.0,0.0,28383.199999999997,0.0,0.0,0.0,0.0,0.0,2769748.372,78944.7,0.0,Shomari Figures,Figures,Democrat
0102,2015,9222849.981,5814648.881,3408201.0999999996,5788175.931,0.0,0.0,0.0,26472.95,0.0,0.0,0.0,0.0,0.0,3339494.0,68707.1,0.0,Shomari Figures,Figures,Democrat
0102,2016,9067625.521000002,5731743.021,3335882.5000000005,5707153.271000001,0.0,0.0,0.0,24589.75,0.0,0.0,0.0,0.0,0.0,3256569.7,79312.8,0.0,Shomari Figures,Figures,Democrat
0102,2017,7833440.035,4806876.735,3026563.3,4784122.585,0.0,0.0,0.0,22754.149999999998,0.0,0.0,0.0,0.0,0.0,2991407.5,35155.8,0.0,Shomari Figures,Figures,Democrat
0102,2018,8502789.465,5193233.065,3309556.4,5173901.015,0.0,0.0,0.0,19332.05,0.0,0.0,0.0,0.0,0.0,3288417.5,21138.9,0.0,Shomari Figures,Figures,Democrat
0102,2019,8066418.169,4821674.9690000005,3244743.1999999997,4804867.269,0.0,0.0,0.0,16807.7,0.0,0.0,0.0,0.0,0.0,3225813.6,18929.6,0.0,Shomari Figures,Figures,Democrat
0102,2020,7332446.392,3977810.492,3354635.9,3962185.792,0.0,0.0,0.0,15624.7,0.0,0.0,0.0,0.0,0.0,3354635.9,0.0,0.0,Shomari Figures,Figures,Democrat
0102,2021,7386566.78,3731589.1799999997,3654977.6,3717519.1799999997,0.0,0.0,0.0,14070.0,0.0,0.0,0.0,0.0,0.0,3654977.6,0.0,0.0,Shomari Figures,Figures,Democrat
0102,2022,7445379.694,3818689.594,3626690.1,3804517.844,0.0,0.0,0.0,14171.75,0.0,0.0,0.0,0.0,0.0,3626690.1,0.0,0.0,Shomari Figures,Figures,Democrat
0102,2023,8044804.146,4283164.4459999995,3761639.6999999997,4269157.296,0.0,0.0,0.0,14007.15,0.0,0.0,0.0,0.0,0.0,3761639.6999999997,0.0,0.0,Shomari Figures,Figures,Democrat
0103,2010,6198632.244446,6053219.6444459995,145412.6,6053219.6444459995,0.0,0.0,0.0,0.0,0.0,0.0,0.0,0.0,0.0,145412.6,0.0,0.0,Mike Rogers,Rogers,Republican
0103,2011,7457183.050000001,7318180.850000001,139002.2,7318180.850000001,0.0,0.0,0.0,0.0,0.0,0.0,0.0,0.0,0.0,139002.2,0.0,0.0,Mike Rogers,Rogers,Republican
0103,2012,8058079.556875,7901449.756875,156629.8,7901449.756875,0.0,0.0,0.0,0.0,0.0,0.0,0.0,0.0,0.0,156629.8,0.0,0.0,Mike Rogers,Rogers,Republican
0103,2013,6696830.922,6534310.1219999995,162520.8,6534310.1219999995,0.0,0.0,0.0,0.0,0.0,0.0,0.0,0.0,0.0,162520.8,0.0,0.0,Mike Rogers,Rogers,Republican
0103,2014,8855929.216,8662800.816,193128.4,8662800.816,0.0,0.0,0.0,0.0,0.0,0.0,0.0,0.0,0.0,193128.4,0.0,0.0,Mike Rogers,Rogers,Republican
0103,2015,8194310.65,7977789.95,216520.7,7977789.95,0.0,0.0,0.0,0.0,0.0,0.0,0.0,0.0,0.0,216520.7,0.0,0.0,Mike Rogers,Rogers,Republican
0103,2016,8522429.83,8328826.7299999995,193603.1,8328826.7299999995,0.0,0.0,0.0,0.0,0.0,0.0,0.0,0.0,0.0,193603.1,0.0,0.0,Mike Rogers,Rogers,Republican
0103,2017,7985097.199,7812145.299000001,172951.9,7812145.299000001,0.0,0.0,0.0,0.0,0.0,0.0,0.0,0.0,0.0,172951.9,0.0,0.0,Mike Rogers,Rogers,Republican
0103,2018,9139066.931,8953707.931,185359.0,8953707.931,0.0,0.0,0.0,0.0,0.0,0.0,0.0,0.0,0.0,185359.0,0.0,0.0,Mike Rogers,Rogers,Republican
0103,2019,9548916.326,9356023.026,192893.3,9356023.026,0.0,0.0,0.0,0.0,0.0,0.0,0.0,0.0,0.0,192893.3,0.0,0.0,Mike Rogers,Rogers,Republican
0103,2020,9208319.105999999,9039846.205999998,168472.9,9039846.205999998,0.0,0.0,0.0,0.0,0.0,0.0,0.0,0.0,0.0,168472.9,0.0,0.0,Mike Rogers,Rogers,Republican
0103,2021,8674049.751,8486786.050999999,187263.7,8486786.050999999,0.0,0.0,0.0,0.0,0.0,0.0,0.0,0.0,0.0,187263.7,0.0,0.0,Mike Rogers,Rogers,Republican
0103,2022,8773785.458,8552954.658,220830.8,8552954.658,0.0,0.0,0.0,0.0,0.0,0.0,0.0,0.0,0.0,220830.8,0.0,0.0,Mike Rogers,Rogers,Republican
0103,2023,8968936.339544,8781237.239544,187699.1,8781237.239544,0.0,0.0,0.0,0.0,0.0,0.0,0.0,0.0,0.0,187699.1,0.0,0.0,Mike Rogers,Rogers,Republican
0104,2010,16257688.540000001,14678210.24,1579478.3,14678210.24,0.0,0.0,0.0,0.0,0.0,0.0,0.0,0.0,0.0,1579478.3,0.0,0.0,Robert B. Aderholt,Aderholt,Republican
0104,2011,14382193.775999999,12841485.076,1540708.7,12841485.076,0.0,0.0,0.0,0.0,0.0,0.0,0.0,0.0,0.0,1540708.7,0.0,0.0,Robert B. Aderholt,Aderholt,Republican
0104,2012,10340561.338,8886315.338,1454246.0,8886315.338,0.0,0.0,0.0,0.0,0.0,0.0,0.0,0.0,0.0,1454246.0,0.0,0.0,Robert B. Aderholt,Aderholt,Republican
0104,2013,10831870.146,9272584.046,1559286.0999999999,9271615.096,0.0,0.0,0.0,968.95,0.0,0.0,0.0,0.0,0.0,1559286.0999999999,0.0,0.0,Robert B. Aderholt,Aderholt,Republican
0104,2014,12769821.712,11215913.012,1553908.7,11214919.812,0.0,0.0,0.0,993.2,0.0,0.0,0.0,0.0,0.0,1553908.7,0.0,0.0,Robert B. Aderholt,Aderholt,Republican
0104,2015,12303145.436,10854517.436,1448628.0,10853511.236,0.0,0.0,0.0,1006.2,0.0,0.0,0.0,0.0,0.0,1448628.0,0.0,0.0,Robert B. Aderholt,Aderholt,Republican
0104,2016,10832538.441,9436814.841,1395723.6,9435783.391,0.0,0.0,0.0,1031.45,0.0,0.0,0.0,0.0,0.0,1395723.6,0.0,0.0,Robert B. Aderholt,Aderholt,Republican
0104,2017,8924303.31,7497526.71,1426776.5999999999,7496475.41,0.0,0.0,0.0,1051.3,0.0,0.0,0.0,0.0,0.0,1426776.5999999999,0.0,0.0,Robert B. Aderholt,Aderholt,Republican
0104,2018,9850185.271,8356553.971,1493631.3,8355485.171,0.0,0.0,0.0,1068.8,0.0,0.0,0.0,0.0,0.0,1493631.3,0.0,0.0,Robert B. Aderholt,Aderholt,Republican
0104,2019,4761660.976,3313622.376,1448038.6,3313622.376,0.0,0.0,0.0,0.0,0.0,0.0,0.0,0.0,0.0,1448038.6,0.0,0.0,Robert B. Aderholt,Aderholt,Republican
0104,2020,4298611.685,2873497.385,1425114.3,2873497.385,0.0,0.0,0.0,0.0,0.0,0.0,0.0,0.0,0.0,1425114.3,0.0,0.0,Robert B. Aderholt,Aderholt,Republican
0104,2021,4091575.846,2615168.046,1476407.8,2615168.046,0.0,0.0,0.0,0.0,0.0,0.0,0.0,0.0,0.0,1476407.8,0.0,0.0,Robert B. Aderholt,Aderholt,Republican
0104,2022,3520716.4,1990259.1,1530457.3,1990259.1,0.0,0.0,0.0,0.0,0.0,0.0,0.0,0.0,0.0,1530457.3,0.0,0.0,Robert B. Aderholt,Aderholt,Republican
0104,2023,3233845.338,1783754.338,1450091.0,1783754.338,0.0,0.0,0.0,0.0,0.0,0.0,0.0,0.0,0.0,1450091.0,0.0,0.0,Robert B. Aderholt,Aderholt,Republican
0105,2010,12137886.976,11362126.076,775760.9,11362126.076,0.0,0.0,0.0,0.0,0.0,0.0,0.0,0.0,0.0,775760.9,0.0,0.0,Dale W. Strong,Strong,Republican
0105,2011,12057941.80208,11325966.30208,731975.5,11315281.15208,0.0,0.0,0.0,10685.15,0.0,0.0,0.0,0.0,0.0,731975.5,0.0,0.0,Dale W. Strong,Strong,Republican
0105,2012,11402747.6104,10718898.510400001,683849.1,10718898.510400001,0.0,0.0,0.0,0.0,0.0,0.0,0.0,0.0,0.0,683849.1,0.0,0.0,Dale W. Strong,Strong,Republican
0105,2013,10285403.7168,9523772.9168,761630.8,9523772.9168,0.0,0.0,0.0,0.0,0.0,0.0,0.0,0.0,0.0,761630.8,0.0,0.0,Dale W. Strong,Strong,Republican
0105,2014,9984304.30356,9188288.20356,796016.1,9175336.603559999,0.0,0.0,0.0,12951.6,0.0,0.0,0.0,0.0,0.0,796016.1,0.0,0.0,Dale W. Strong,Strong,Republican
0105,2015,8074510.491444,7332616.3914439995,741894.1000000001,7320241.491444,0.0,0.0,0.0,12374.9,0.0,0.0,0.0,0.0,0.0,741894.1000000001,0.0,0.0,Dale W. Strong,Strong,Republican
0105,2016,6553844.43966,5819403.33966,734441.1000000001,5810174.13966,0.0,0.0,0.0,9229.2,0.0,0.0,0.0,0.0,0.0,734441.1000000001,0.0,0.0,Dale W. Strong,Strong,Republican
0105,2017,6242688.6815720005,5525598.281572,717090.3999999999,5516621.881572001,0.0,0.0,0.0,8976.4,0.0,0.0,0.0,0.0,0.0,717090.3999999999,0.0,0.0,Dale W. Strong,Strong,Republican
0105,2018,6934360.615172,6099451.815172,834908.8,6090583.765172,0.0,0.0,0.0,8868.05,0.0,0.0,0.0,0.0,0.0,834908.8,0.0,0.0,Dale W. Strong,Strong,Republican
0105,2019,6360672.009432,5578970.209432,781701.8,5570108.4094320005,0.0,0.0,0.0,8861.8,0.0,0.0,0.0,0.0,0.0,781701.8,0.0,0.0,Dale W. Strong,Strong,Republican
0105,2020,5667862.669323999,4957041.969324,710820.7,4948725.219324,0.0,0.0,0.0,8316.75,0.0,0.0,0.0,0.0,0.0,710820.7,0.0,0.0,Dale W. Strong,Strong,Republican
0105,2021,6581695.72296,5804118.42296,777577.3,5795638.22296,0.0,0.0,0.0,8480.2,0.0,0.0,0.0,0.0,0.0,777577.3,0.0,0.0,Dale W. Strong,Strong,Republican
0105,2022,7437868.0237960005,6590973.523796,846894.5,6582819.323796,0.0,0.0,0.0,8154.2,0.0,0.0,0.0,0.0,0.0,846894.5,0.0,0.0,Dale W. Strong,Strong,Republican
0105,2023,7249691.886623999,6472618.586624,777073.3,6465082.7866239995,0.0,0.0,0.0,7535.8,0.0,0.0,0.0,0.0,0.0,777073.3,0.0,0.0,Dale W. Strong,Strong,Republican
0106,2010,17156910.264,17054467.463999998,102442.8,17054467.463999998,0.0,0.0,0.0,0.0,0.0,0.0,0.0,0.0,0.0,102442.8,0.0,0.0,Gary J. Palmer,Palmer,Republican
0106,2011,21209099.244,21125252.144,83847.1,21125252.144,0.0,0.0,0.0,0.0,0.0,0.0,0.0,0.0,0.0,83847.1,0.0,0.0,Gary J. Palmer,Palmer,Republican
0106,2012,20045395.966000002,19967919.066,77476.9,19881597.666,0.0,0.0,0.0,86321.4,0.0,0.0,0.0,0.0,0.0,77476.9,0.0,0.0,Gary J. Palmer,Palmer,Republican
0106,2013,18046292.362,17906728.262,139564.1,17765931.164,0.0,0.0,0.0,140797.098,0.0,0.0,0.0,0.0,0.0,139564.1,0.0,0.0,Gary J. Palmer,Palmer,Republican
0106,2014,17803896.06,17684516.16,119379.9,17682480.66,0.0,0.0,0.0,2035.5,0.0,0.0,0.0,0.0,0.0,119379.9,0.0,0.0,Gary J. Palmer,Palmer,Republican
0106,2015,19022954.490000002,18874824.89,148129.6,18872304.542,0.0,0.0,0.0,2520.348,0.0,0.0,0.0,0.0,0.0,148129.6,0.0,0.0,Gary J. Palmer,Palmer,Republican
0106,2016,15825015.719999999,15674516.719999999,150499.0,15672321.57,0.0,0.0,0.0,2195.15,0.0,0.0,0.0,0.0,0.0,150499.0,0.0,0.0,Gary J. Palmer,Palmer,Republican
0106,2017,14988849.014,14870624.814,118224.2,14868435.164,0.0,0.0,0.0,2189.65,0.0,0.0,0.0,0.0,0.0,118224.2,0.0,0.0,Gary J. Palmer,Palmer,Republican
0106,2018,16272584.614,16072908.614,199676.0,16070706.913999999,0.0,0.0,0.0,2201.7,0.0,0.0,0.0,0.0,0.0,199676.0,0.0,0.0,Gary J. Palmer,Palmer,Republican
0106,2019,15568467.656,15409119.556,159348.1,15406928.456,0.0,0.0,0.0,2191.1,0.0,0.0,0.0,0.0,0.0,159348.1,0.0,0.0,Gary J. Palmer,Palmer,Republican
0106,2020,14036468.172,13890666.572,145801.6,13888473.222000001,0.0,0.0,0.0,2193.35,0.0,0.0,0.0,0.0,0.0,145801.6,0.0,0.0,Gary J. Palmer,Palmer,Republican
0106,2021,14665504.234,14494408.034,171096.2,14492197.084,0.0,0.0,0.0,2210.95,0.0,0.0,0.0,0.0,0.0,171096.2,0.0,0.0,Gary J. Palmer,Palmer,Republican
0106,2022,14973229.54,14806033.94,167195.6,14803823.49,0.0,0.0,0.0,2210.45,0.0,0.0,0.0,0.0,0.0,167195.6,0.0,0.0,Gary J. Palmer,Palmer,Republican
0106,2023,14256677.896,14085306.196,171371.7,14083111.345999999,0.0,0.0,0.0,2194.85,0.0,0.0,0.0,0.0,0.0,171371.7,0.0,0.0,Gary J. Palmer,Palmer,Republican
0107,2010,34951722.958,30560322.058,4391400.899999999,30560322.058,0.0,0.0,0.0,0.0,0.0,0.0,0.0,0.0,0.0,4387839.6,3561.3,0.0,Terri A. Sewell,Sewell,Democrat
0107,2011,42215808.666,38098101.566,4117707.1,37777538.166,79882.95,0.0,0.0,240680.45,0.0,0.0,0.0,0.0,0.0,4114387.4,3319.7,0.0,Terri A. Sewell,Sewell,Democrat
0107,2012,48019200.8208,34907114.786,13112086.0348,34592361.986,81356.0,0.0,0.0,233396.8,0.0,0.0,9111308.9348,0.0,0.0,3998205.6,2571.5,0.0,Terri A. Sewell,Sewell,Democrat
0107,2013,52496154.896,38225518.996,14270635.9,37952132.598,49343.598,0.0,0.0,224042.8,0.0,0.0,9951006.0,0.0,0.0,4317111.8,2518.1,0.0,Terri A. Sewell,Sewell,Democrat
0107,2014,49961479.136,36298643.236,13662835.9,36029579.68,57180.906,0.0,0.0,211882.65,0.0,0.0,8985361.0,0.0,0.0,4674338.6,3136.3,0.0,Terri A. Sewell,Sewell,Democrat
0107,2015,47018005.028,32639619.128000002,14378385.9,32319364.286000002,117171.342,0.0,0.0,203083.5,0.0,0.0,9634396.0,0.0,0.0,4740137.0,3852.9,0.0,Terri A. Sewell,Sewell,Democrat
0107,2016,44262531.041999996,29951140.941999998,14311390.1,29281488.546,475817.996,0.0,0.0,193834.4,0.0,0.0,9256794.0,0.0,0.0,5054596.1,0.0,0.0,Terri A. Sewell,Sewell,Democrat
0107,2017,45414445.178,31136345.577999998,14278099.6,30564110.634,382736.244,0.0,0.0,189498.7,0.0,0.0,9205518.0,0.0,0.0,5072581.6,0.0,0.0,Terri A. Sewell,Sewell,Democrat
0107,2018,45730685.786,29140947.386,16589738.4,28961757.686,0.0,0.0,0.0,179189.7,0.0,0.0,10736683.0,0.0,0.0,5853055.4,0.0,0.0,Terri A. Sewell,Sewell,Democrat
0107,2019,45375007.156,28855166.755999997,16519840.4,28683790.705999997,0.0,0.0,0.0,171376.05,0.0,0.0,10659096.0,0.0,0.0,5860744.4,0.0,0.0,Terri A. Sewell,Sewell,Democrat
0107,2020,42998323.116,26133335.516000003,16864987.6,25969899.816,0.0,0.0,0.0,163435.7,0.0,0.0,11366638.0,0.0,0.0,5498349.6,0.0,0.0,Terri A. Sewell,Sewell,Democrat
0107,2021,47119288.098,29501124.797999997,17618163.3,29344307.297999997,0.0,0.0,0.0,156817.5,0.0,0.0,11945991.0,0.0,0.0,5672172.3,0.0,0.0,Terri A. Sewell,Sewell,Democrat
0107,2022,47650943.458,30196344.858,17454598.6,30045011.358,0.0,0.0,0.0,151333.5,0.0,0.0,11695295.0,0.0,0.0,5759303.6,0.0,0.0,Terri A. Sewell,Sewell,Democrat
0107,2023,41553839.514,24963857.414,16589982.1,24815689.014,0.0,0.0,0.0,148168.4,0.0,0.0,11040233.0,0.0,0.0,5549749.1,0.0,0.0,Terri A. Sewell,Sewell,Democrat
0200,2010,20151950.062,17544758.662,2607191.4,17544758.662,0.0,0.0,0.0,0.0,0.0,0.0,0.0,0.0,0.0,2607191.4,0.0,0.0,Nicholas J. Begich III,Begich,Republican
0200,2011,22902015.186,20227318.286,2674696.9,18789803.038,1437515.248,0.0,0.0,0.0,0.0,0.0,0.0,0.0,0.0,2674696.9,0.0,0.0,Nicholas J. Begich III,Begich,Republican
0200,2012,36929611.974321,20396143.286321,16533468.688000001,19033119.546321,1363023.74,0.0,0.0,0.0,0.0,0.0,13675285.788,0.0,0.0,2858182.9000000004,0.0,0.0,Nicholas J. Begich III,Begich,Republican
0200,2013,37693997.482,20250210.782,17443786.7,18783388.96,1466821.822,0.0,0.0,0.0,0.0,0.0,14753136.1,0.0,0.0,2690650.6,0.0,0.0,Nicholas J. Begich III,Begich,Republican
0200,2014,35247337.670912005,19580624.878,15666712.792912,18190225.851999998,1390399.026,0.0,0.0,0.0,0.0,0.0,13171919.692912001,0.0,0.0,2494793.1,0.0,0.0,Nicholas J. Begich III,Begich,Republican
0200,2015,35427526.49,19879134.68,15548391.809999999,18532505.338,1346629.342,0.0,0.0,0.0,0.0,0.0,12694759.71,0.0,0.0,2853632.1,0.0,0.0,Nicholas J. Begich III,Begich,Republican
0200,2016,34994466.984,20321383.084,14673083.9,15003771.362,1479123.168,3838488.554,0.0,0.0,0.0,0.0,11735701.100000001,0.0,0.0,2937382.8,0.0,0.0,Nicholas J. Begich III,Begich,Republican
0200,2017,35420221.0571,20840268.662,14579952.395100001,15195128.524,1503987.756,4141152.382,0.0,0.0,0.0,0.0,11537842.1951,0.0,0.0,3042110.1999999997,0.0,0.0,Nicholas J. Begich III,Begich,Republican
0200,2018,33719496.726100005,19762193.252,13957303.474100001,14230830.175999999,1875515.4239999999,3655847.652,0.0,0.0,0.0,0.0,11057379.6741,0.0,0.0,2899923.8000000003,0.0,0.0,Nicholas J. Begich III,Begich,Republican
0200,2019,33495726.0027786,19934727.238,13560998.764778601,14294121.968,1752807.45,3887797.8200000003,0.0,0.0,0.0,0.0,10795087.6647786,0.0,0.0,2765911.1,0.0,0.0,Nicholas J. Begich III,Begich,Republican
0200,2020,31598935.484,19452750.283999998,12146185.2,14231452.71,1744095.018,3477202.556,0.0,0.0,0.0,0.0,9194132.2,0.0,0.0,2952053.0,0.0,0.0,Nicholas J. Begich III,Begich,Republican
0200,2021,33823767.122,19345652.522,14478114.6,14209683.74,1649383.054,3486585.728,0.0,0.0,0.0,0.0,11429496.3,0.0,0.0,3048618.3000000003,0.0,0.0,Nicholas J. Begich III,Begich,Republican
0200,2022,33328272.0061,19602532.6092,13725739.3969,14331250.914,1630895.686,3639123.2539999997,0.0,0.0,1262.7552,0.0,10822557.4969,0.0,0.0,2903181.9,0.0,0.0,Nicholas J. Begich III,Begich,Republican
0200,2023,34382592.2893017,19550721.4616,14831870.827701699,14181754.458,1556688.19,3802851.766,0.0,0.0,9427.0476,0.0,11729746.727701701,0.0,0.0,3102124.0999999996,0.0,0.0,Nicholas J. Begich III,Begich,Republican
0401,2010,202864.447375,202864.447375,0.0,202864.447375,0.0,0.0,0.0,0.0,0.0,0.0,0.0,0.0,0.0,0.0,0.0,0.0,David Schweikert,Schweikert,Republican
0401,2011,209647.895125,209647.895125,0.0,209647.895125,0.0,0.0,0.0,0.0,0.0,0.0,0.0,0.0,0.0,0.0,0.0,0.0,David Schweikert,Schweikert,Republican
0401,2012,259743.308325,259743.308325,0.0,259743.308325,0.0,0.0,0.0,0.0,0.0,0.0,0.0,0.0,0.0,0.0,0.0,0.0,David Schweikert,Schweikert,Republican
0401,2013,191408.25,191408.25,0.0,191408.25,0.0,0.0,0.0,0.0,0.0,0.0,0.0,0.0,0.0,0.0,0.0,0.0,David Schweikert,Schweikert,Republican
0401,2014,204414.5,204414.5,0.0,204414.5,0.0,0.0,0.0,0.0,0.0,0.0,0.0,0.0,0.0,0.0,0.0,0.0,David Schweikert,Schweikert,Republican
0401,2015,207373.25,207373.25,0.0,207373.25,0.0,0.0,0.0,0.0,0.0,0.0,0.0,0.0,0.0,0.0,0.0,0.0,David Schweikert,Schweikert,Republican
0401,2016,164397.5,164397.5,0.0,164397.5,0.0,0.0,0.0,0.0,0.0,0.0,0.0,0.0,0.0,0.0,0.0,0.0,David Schweikert,Schweikert,Republican
0401,2017,176362.25,176362.25,0.0,176362.25,0.0,0.0,0.0,0.0,0.0,0.0,0.0,0.0,0.0,0.0,0.0,0.0,David Schweikert,Schweikert,Republican
0401,2018,154428.5,154428.5,0.0,154428.5,0.0,0.0,0.0,0.0,0.0,0.0,0.0,0.0,0.0,0.0,0.0,0.0,David Schweikert,Schweikert,Republican
0401,2019,144247.75,144247.75,0.0,144247.75,0.0,0.0,0.0,0.0,0.0,0.0,0.0,0.0,0.0,0.0,0.0,0.0,David Schweikert,Schweikert,Republican
0401,2020,141758.75,141758.75,0.0,141758.75,0.0,0.0,0.0,0.0,0.0,0.0,0.0,0.0,0.0,0.0,0.0,0.0,David Schweikert,Schweikert,Republican
0401,2021,172400.75,172400.75,0.0,172400.75,0.0,0.0,0.0,0.0,0.0,0.0,0.0,0.0,0.0,0.0,0.0,0.0,David Schweikert,Schweikert,Republican
0401,2022,136789.5,136789.5,0.0,136789.5,0.0,0.0,0.0,0.0,0.0,0.0,0.0,0.0,0.0,0.0,0.0,0.0,David Schweikert,Schweikert,Republican
0401,2023,117071.5,117071.5,0.0,117071.5,0.0,0.0,0.0,0.0,0.0,0.0,0.0,0.0,0.0,0.0,0.0,0.0,David Schweikert,Schweikert,Republican
0402,2010,44879658.657823,43415624.757823,1464033.9,43415624.757823,0.0,0.0,0.0,0.0,0.0,0.0,0.0,0.0,0.0,1464033.9,0.0,0.0,Elijah Crane,Crane,Republican
0402,2011,45772143.820675,44347499.520675,1424644.3,44332226.870675005,0.0,0.0,0.0,15272.65,0.0,0.0,0.0,0.0,0.0,1424644.3,0.0,0.0,Elijah Crane,Crane,Republican
0402,2012,43506805.665285,42005830.365285,1500975.3,41991271.115285,0.0,0.0,0.0,14559.25,0.0,0.0,0.0,0.0,0.0,1500975.3,0.0,0.0,Elijah Crane,Crane,Republican
0402,2013,45527115.532,43781919.532,1745196.0,43767318.032,0.0,0.0,0.0,14601.5,0.0,0.0,0.0,0.0,0.0,1745196.0,0.0,0.0,Elijah Crane,Crane,Republican
0402,2014,45229106.396000005,43510632.196,1718474.2,43496044.596,0.0,0.0,0.0,14587.6,0.0,0.0,0.0,0.0,0.0,1718474.2,0.0,0.0,Elijah Crane,Crane,Republican
0402,2015,40304309.306,38674269.006,1630040.3,38659618.905999996,0.0,0.0,0.0,14650.1,0.0,0.0,0.0,0.0,0.0,1630040.3,0.0,0.0,Elijah Crane,Crane,Republican
0402,2016,34600431.206,33036780.006,1563651.2,33022134.156,0.0,0.0,0.0,14645.85,0.0,0.0,0.0,0.0,0.0,1563651.2,0.0,0.0,Elijah Crane,Crane,Republican
0402,2017,36197669.134,34739982.334,1457686.8,34725272.384,0.0,0.0,0.0,14709.95,0.0,0.0,0.0,0.0,0.0,1457686.8,0.0,0.0,Elijah Crane,Crane,Republican
0402,2018,36744255.322,35169320.322,1574935.0,35154533.022,0.0,0.0,0.0,14787.3,0.0,0.0,0.0,0.0,0.0,1574935.0,0.0,0.0,Elijah Crane,Crane,Republican
0402,2019,30189523.542,28035942.842,2153580.7,28021062.191999998,0.0,0.0,0.0,14880.65,0.0,0.0,0.0,0.0,0.0,2153580.7,0.0,0.0,Elijah Crane,Crane,Republican
0402,2020,20224266.783999998,18416939.783999998,1807327.0,18401934.934,0.0,0.0,0.0,15004.85,0.0,0.0,0.0,0.0,0.0,1807327.0,0.0,0.0,Elijah Crane,Crane,Republican
0402,2021,20301631.542,18071121.242,2230510.3,18056072.042,0.0,0.0,0.0,15049.2,0.0,0.0,0.0,0.0,0.0,2230510.3,0.0,0.0,Elijah Crane,Crane,Republican
0402,2022,19428558.964,17306875.764000002,2121683.2,17291759.714,0.0,0.0,0.0,15116.05,0.0,0.0,0.0,0.0,0.0,2121683.2,0.0,0.0,Elijah Crane,Crane,Republican
0402,2023,18690867.932,16215581.532,2475286.4,16200263.932,0.0,0.0,0.0,15317.6,0.0,0.0,0.0,0.0,0.0,2475286.4,0.0,0.0,Elijah Crane,Crane,Republican
0403,2010,836921.6,836921.6,0.0,836921.6,0.0,0.0,0.0,0.0,0.0,0.0,0.0,0.0,0.0,0.0,0.0,0.0,Yassamin Ansari,Ansari,Democrat
0403,2011,805766.104,805766.104,0.0,805766.104,0.0,0.0,0.0,0.0,0.0,0.0,0.0,0.0,0.0,0.0,0.0,0.0,Yassamin Ansari,Ansari,Democrat
0403,2012,1028943.54,1028943.54,0.0,1028943.54,0.0,0.0,0.0,0.0,0.0,0.0,0.0,0.0,0.0,0.0,0.0,0.0,Yassamin Ansari,Ansari,Democrat
0403,2013,831859.04,831859.04,0.0,831859.04,0.0,0.0,0.0,0.0,0.0,0.0,0.0,0.0,0.0,0.0,0.0,0.0,Yassamin Ansari,Ansari,Democrat
0403,2014,810860.024,810860.024,0.0,810860.024,0.0,0.0,0.0,0.0,0.0,0.0,0.0,0.0,0.0,0.0,0.0,0.0,Yassamin Ansari,Ansari,Democrat
0403,2015,902816.828,902816.828,0.0,902816.828,0.0,0.0,0.0,0.0,0.0,0.0,0.0,0.0,0.0,0.0,0.0,0.0,Yassamin Ansari,Ansari,Democrat
0403,2016,1243898.942,1243898.942,0.0,1243898.942,0.0,0.0,0.0,0.0,0.0,0.0,0.0,0.0,0.0,0.0,0.0,0.0,Yassamin Ansari,Ansari,Democrat
0403,2017,1334804.65,1334804.65,0.0,1334804.65,0.0,0.0,0.0,0.0,0.0,0.0,0.0,0.0,0.0,0.0,0.0,0.0,Yassamin Ansari,Ansari,Democrat
0403,2018,1431133.284,1431133.284,0.0,1431133.284,0.0,0.0,0.0,0.0,0.0,0.0,0.0,0.0,0.0,0.0,0.0,0.0,Yassamin Ansari,Ansari,Democrat
0403,2019,1445146.836,1445146.836,0.0,1445146.836,0.0,0.0,0.0,0.0,0.0,0.0,0.0,0.0,0.0,0.0,0.0,0.0,Yassamin Ansari,Ansari,Democrat
0403,2020,1672407.73,1672407.73,0.0,1672407.73,0.0,0.0,0.0,0.0,0.0,0.0,0.0,0.0,0.0,0.0,0.0,0.0,Yassamin Ansari,Ansari,Democrat
0403,2021,1298614.808,1298614.808,0.0,1298614.808,0.0,0.0,0.0,0.0,0.0,0.0,0.0,0.0,0.0,0.0,0.0,0.0,Yassamin Ansari,Ansari,Democrat
0403,2022,1083242.14,1083242.14,0.0,1083242.14,0.0,0.0,0.0,0.0,0.0,0.0,0.0,0.0,0.0,0.0,0.0,0.0,Yassamin Ansari,Ansari,Democrat
0403,2023,1497255.738,1497255.738,0.0,1497255.738,0.0,0.0,0.0,0.0,0.0,0.0,0.0,0.0,0.0,0.0,0.0,0.0,Yassamin Ansari,Ansari,Democrat
0404,2010,458573.636,285836.336,172737.3,285836.336,0.0,0.0,0.0,0.0,0.0,0.0,0.0,0.0,0.0,172737.3,0.0,0.0,Greg Stanton,Stanton,Democrat
0404,2011,700393.2360489999,519842.636049,180550.6,495518.256049,0.0,0.0,0.0,5888.3,18436.08,0.0,0.0,0.0,0.0,180550.6,0.0,0.0,Greg Stanton,Stanton,Democrat
0404,2012,909059.44247,741651.84247,167407.6,729075.89247,0.0,0.0,0.0,5656.15,6919.8,0.0,0.0,0.0,0.0,167407.6,0.0,0.0,Greg Stanton,Stanton,Democrat
0404,2013,739313.991103,568963.291103,170350.7,557864.741103,0.0,0.0,0.0,4725.95,6372.6,0.0,0.0,0.0,0.0,170350.7,0.0,0.0,Greg Stanton,Stanton,Democrat
0404,2014,810227.5702429999,659102.1702429999,151125.4,646343.330243,0.0,0.0,0.0,5535.8,7223.04,0.0,0.0,0.0,0.0,151125.4,0.0,0.0,Greg Stanton,Stanton,Democrat
0404,2015,921488.393052,760024.693052,161463.7,710856.4830519999,0.0,0.0,0.0,6026.05,43142.16,0.0,0.0,0.0,0.0,161463.7,0.0,0.0,Greg Stanton,Stanton,Democrat
0404,2016,1035245.3432369999,873284.943237,161960.4,863018.353237,0.0,0.0,0.0,6167.15,4099.44,0.0,0.0,0.0,0.0,161960.4,0.0,0.0,Greg Stanton,Stanton,Democrat
0404,2017,1059527.032767,898956.532767,160570.5,867927.482767,0.0,0.0,0.0,6211.25,24817.8,0.0,0.0,0.0,0.0,160570.5,0.0,0.0,Greg Stanton,Stanton,Democrat
0404,2018,1010607.046904,840718.546904,169888.5,831231.406904,0.0,0.0,0.0,6356.7,3130.44,0.0,0.0,0.0,0.0,169888.5,0.0,0.0,Greg Stanton,Stanton,Democrat
0404,2019,1332176.5424880001,1139811.242488,192365.3,1117383.042088,0.0,0.0,0.0,6403.95,16024.2504,0.0,0.0,0.0,0.0,192365.3,0.0,0.0,Greg Stanton,Stanton,Democrat
0404,2020,1491925.815408,1301677.615408,190248.2,1252015.975808,0.0,0.0,0.0,6647.0,43014.6396,0.0,0.0,0.0,0.0,190248.2,0.0,0.0,Greg Stanton,Stanton,Democrat
0404,2021,1400183.051489,1208971.751489,191211.3,1191002.305889,0.0,0.0,0.0,6777.45,11191.9956,0.0,0.0,0.0,0.0,191211.3,0.0,0.0,Greg Stanton,Stanton,Democrat
0404,2022,1444656.16862,1239021.16862,205635.0,1179062.26702,0.0,0.0,0.0,6948.4,53010.5016,0.0,0.0,0.0,0.0,205635.0,0.0,0.0,Greg Stanton,Stanton,Democrat
0404,2023,1330195.0590610001,1117104.859061,213090.2,1078849.998261,0.0,0.0,0.0,7136.6,31118.2608,0.0,0.0,0.0,0.0,213090.2,0.0,0.0,Greg Stanton,Stanton,Democrat
0405,2010,1065063.8839999998,1065063.8839999998,0.0,1065063.8839999998,0.0,0.0,0.0,0.0,0.0,0.0,0.0,0.0,0.0,0.0,0.0,0.0,Andy Biggs,Biggs,Republican
0405,2011,1423918.429967,1423918.429967,0.0,1423918.429967,0.0,0.0,0.0,0.0,0.0,0.0,0.0,0.0,0.0,0.0,0.0,0.0,Andy Biggs,Biggs,Republican
0405,2012,1659324.007425,1659324.007425,0.0,1659324.007425,0.0,0.0,0.0,0.0,0.0,0.0,0.0,0.0,0.0,0.0,0.0,0.0,Andy Biggs,Biggs,Republican
0405,2013,1661881.53597,1661881.53597,0.0,1661881.53597,0.0,0.0,0.0,0.0,0.0,0.0,0.0,0.0,0.0,0.0,0.0,0.0,Andy Biggs,Biggs,Republican
0405,2014,1700110.429852,1700110.429852,0.0,1700110.429852,0.0,0.0,0.0,0.0,0.0,0.0,0.0,0.0,0.0,0.0,0.0,0.0,Andy Biggs,Biggs,Republican
0405,2015,2038426.389165,2038426.389165,0.0,2038426.389165,0.0,0.0,0.0,0.0,0.0,0.0,0.0,0.0,0.0,0.0,0.0,0.0,Andy Biggs,Biggs,Republican
0405,2016,1817152.266004,1817152.266004,0.0,1817152.266004,0.0,0.0,0.0,0.0,0.0,0.0,0.0,0.0,0.0,0.0,0.0,0.0,Andy Biggs,Biggs,Republican
0405,2017,2050459.947117,2050459.947117,0.0,2050459.947117,0.0,0.0,0.0,0.0,0.0,0.0,0.0,0.0,0.0,0.0,0.0,0.0,Andy Biggs,Biggs,Republican
0405,2018,2148631.9776334,2148631.9776334,0.0,2148631.9776334,0.0,0.0,0.0,0.0,0.0,0.0,0.0,0.0,0.0,0.0,0.0,0.0,Andy Biggs,Biggs,Republican
0405,2019,3042431.340324,3042431.340324,0.0,3042431.340324,0.0,0.0,0.0,0.0,0.0,0.0,0.0,0.0,0.0,0.0,0.0,0.0,Andy Biggs,Biggs,Republican
0405,2020,3194475.87439,3194475.87439,0.0,3194475.87439,0.0,0.0,0.0,0.0,0.0,0.0,0.0,0.0,0.0,0.0,0.0,0.0,Andy Biggs,Biggs,Republican
0405,2021,2804932.96448,2804932.96448,0.0,2804932.96448,0.0,0.0,0.0,0.0,0.0,0.0,0.0,0.0,0.0,0.0,0.0,0.0,Andy Biggs,Biggs,Republican
0405,2022,2169652.524198,2169652.524198,0.0,2169652.524198,0.0,0.0,0.0,0.0,0.0,0.0,0.0,0.0,0.0,0.0,0.0,0.0,Andy Biggs,Biggs,Republican
0405,2023,2862394.295252,2862394.295252,0.0,2862394.295252,0.0,0.0,0.0,0.0,0.0,0.0,0.0,0.0,0.0,0.0,0.0,0.0,Andy Biggs,Biggs,Republican
0406,2010,5026833.092,5026833.092,0.0,5026833.092,0.0,0.0,0.0,0.0,0.0,0.0,0.0,0.0,0.0,0.0,0.0,0.0,Juan Ciscomani,Ciscomani,Republican
0406,2011,4468706.326,4468706.326,0.0,4468336.966,0.0,0.0,0.0,0.0,369.36,0.0,0.0,0.0,0.0,0.0,0.0,0.0,Juan Ciscomani,Ciscomani,Republican
0406,2012,4026246.5,4026246.5,0.0,4024329.02,0.0,0.0,0.0,0.0,1917.48,0.0,0.0,0.0,0.0,0.0,0.0,0.0,Juan Ciscomani,Ciscomani,Republican
0406,2013,4789666.922,4789666.922,0.0,4789094.642,0.0,0.0,0.0,0.0,572.28,0.0,0.0,0.0,0.0,0.0,0.0,0.0,Juan Ciscomani,Ciscomani,Republican
0406,2014,5750801.732000001,5750801.732000001,0.0,5748968.612000001,0.0,0.0,0.0,0.0,1833.12,0.0,0.0,0.0,0.0,0.0,0.0,0.0,Juan Ciscomani,Ciscomani,Republican
0406,2015,5064015.458000001,5064015.458000001,0.0,5064015.458000001,0.0,0.0,0.0,0.0,0.0,0.0,0.0,0.0,0.0,0.0,0.0,0.0,Juan Ciscomani,Ciscomani,Republican
0406,2016,4427445.164,4427445.164,0.0,4427445.164,0.0,0.0,0.0,0.0,0.0,0.0,0.0,0.0,0.0,0.0,0.0,0.0,Juan Ciscomani,Ciscomani,Republican
0406,2017,4103761.302,4103761.302,0.0,4103761.302,0.0,0.0,0.0,0.0,0.0,0.0,0.0,0.0,0.0,0.0,0.0,0.0,Juan Ciscomani,Ciscomani,Republican
0406,2018,5279912.466,5279912.466,0.0,5279912.466,0.0,0.0,0.0,0.0,0.0,0.0,0.0,0.0,0.0,0.0,0.0,0.0,Juan Ciscomani,Ciscomani,Republican
0406,2019,5308638.834,5308638.834,0.0,5308638.834,0.0,0.0,0.0,0.0,0.0,0.0,0.0,0.0,0.0,0.0,0.0,0.0,Juan Ciscomani,Ciscomani,Republican
0406,2020,4897278.59,4897278.59,0.0,4897278.59,0.0,0.0,0.0,0.0,0.0,0.0,0.0,0.0,0.0,0.0,0.0,0.0,Juan Ciscomani,Ciscomani,Republican
0406,2021,4604667.6,4604667.6,0.0,4604667.6,0.0,0.0,0.0,0.0,0.0,0.0,0.0,0.0,0.0,0.0,0.0,0.0,Juan Ciscomani,Ciscomani,Republican
0406,2022,4578068.958000001,4578068.958000001,0.0,4578068.958000001,0.0,0.0,0.0,0.0,0.0,0.0,0.0,0.0,0.0,0.0,0.0,0.0,Juan Ciscomani,Ciscomani,Republican
0406,2023,5288767.482,5288767.482,0.0,5288767.482,0.0,0.0,0.0,0.0,0.0,0.0,0.0,0.0,0.0,0.0,0.0,0.0,Juan Ciscomani,Ciscomani,Republican
0407,2010,2936765.542018,2936765.542018,0.0,2936765.542018,0.0,0.0,0.0,0.0,0.0,0.0,0.0,0.0,0.0,0.0,0.0,0.0,Grijalva,Grijalva,Democrat
0407,2011,2027982.921,2027982.921,0.0,1952200.281,0.0,0.0,0.0,0.0,75782.64,0.0,0.0,0.0,0.0,0.0,0.0,0.0,Grijalva,Grijalva,Democrat
0407,2012,2525962.079957,2525962.079957,0.0,2504922.239957,0.0,0.0,0.0,0.0,21039.84,0.0,0.0,0.0,0.0,0.0,0.0,0.0,Grijalva,Grijalva,Democrat
0407,2013,3046017.724,3046017.724,0.0,3026480.404,0.0,0.0,0.0,0.0,19537.320000000003,0.0,0.0,0.0,0.0,0.0,0.0,0.0,Grijalva,Grijalva,Democrat
0407,2014,2383219.896,2383219.896,0.0,2352663.336,0.0,0.0,0.0,0.0,30556.559999999998,0.0,0.0,0.0,0.0,0.0,0.0,0.0,Grijalva,Grijalva,Democrat
0407,2015,3119414.248,3119414.248,0.0,3099309.208,0.0,0.0,0.0,0.0,20105.04,0.0,0.0,0.0,0.0,0.0,0.0,0.0,Grijalva,Grijalva,Democrat
0407,2016,3557249.774,3557249.774,0.0,3517297.3340000003,0.0,0.0,0.0,0.0,39952.44,0.0,0.0,0.0,0.0,0.0,0.0,0.0,Grijalva,Grijalva,Democrat
0407,2017,1869304.6288,1869304.6288,0.0,1854099.97,0.0,0.0,0.0,0.0,15204.6588,0.0,0.0,0.0,0.0,0.0,0.0,0.0,Grijalva,Grijalva,Democrat
0407,2018,4332450.6855999995,4332450.6855999995,0.0,4240142.217999999,0.0,0.0,0.0,0.0,92308.4676,0.0,0.0,0.0,0.0,0.0,0.0,0.0,Grijalva,Grijalva,Democrat
0407,2019,4034532.3324,4034532.3324,0.0,3982598.424,0.0,0.0,0.0,0.0,51933.9084,0.0,0.0,0.0,0.0,0.0,0.0,0.0,Grijalva,Grijalva,Democrat
0407,2020,5129142.2828,5129142.2828,0.0,5072406.626,0.0,0.0,0.0,0.0,56735.6568,0.0,0.0,0.0,0.0,0.0,0.0,0.0,Grijalva,Grijalva,Democrat
0407,2021,4633953.3264,4633953.3264,0.0,4632630.174,0.0,0.0,0.0,0.0,1323.1524,0.0,0.0,0.0,0.0,0.0,0.0,0.0,Grijalva,Grijalva,Democrat
0407,2022,4591905.7652,4591905.7652,0.0,4579727.966,0.0,0.0,0.0,0.0,12177.7992,0.0,0.0,0.0,0.0,0.0,0.0,0.0,Grijalva,Grijalva,Democrat
0407,2023,4563399.8032,4563399.8032,0.0,4560070.228,0.0,0.0,0.0,0.0,3329.5752,0.0,0.0,0.0,0.0,0.0,0.0,0.0,Grijalva,Grijalva,Democrat
0408,2010,123295.928,123295.928,0.0,123295.928,0.0,0.0,0.0,0.0,0.0,0.0,0.0,0.0,0.0,0.0,0.0,0.0,Abraham J. Hamadeh,Hamadeh,Republican
0408,2011,114741.308,114741.308,0.0,78452.82800000001,0.0,0.0,0.0,0.0,36288.48,0.0,0.0,0.0,0.0,0.0,0.0,0.0,Abraham J. Hamadeh,Hamadeh,Republican
0408,2012,117994.284,117994.284,0.0,113803.644,0.0,0.0,0.0,0.0,4190.64,0.0,0.0,0.0,0.0,0.0,0.0,0.0,Abraham J. Hamadeh,Hamadeh,Republican
0408,2013,122511.544,122511.544,0.0,108478.144,0.0,0.0,0.0,0.0,14033.4,0.0,0.0,0.0,0.0,0.0,0.0,0.0,Abraham J. Hamadeh,Hamadeh,Republican
0408,2014,140690.968,140690.968,0.0,101814.688,0.0,0.0,0.0,0.0,38876.28,0.0,0.0,0.0,0.0,0.0,0.0,0.0,Abraham J. Hamadeh,Hamadeh,Republican
0408,2015,194109.064,194109.064,0.0,139411.864,0.0,0.0,0.0,0.0,54697.2,0.0,0.0,0.0,0.0,0.0,0.0,0.0,Abraham J. Hamadeh,Hamadeh,Republican
0408,2016,158973.414,158973.414,0.0,132518.574,0.0,0.0,0.0,0.0,26454.84,0.0,0.0,0.0,0.0,0.0,0.0,0.0,Abraham J. Hamadeh,Hamadeh,Republican
0408,2017,205641.66799999998,205641.66799999998,0.0,190744.148,0.0,0.0,0.0,0.0,14897.52,0.0,0.0,0.0,0.0,0.0,0.0,0.0,Abraham J. Hamadeh,Hamadeh,Republican
0408,2018,170992.886,170992.886,0.0,161510.36599999998,0.0,0.0,0.0,0.0,9482.52,0.0,0.0,0.0,0.0,0.0,0.0,0.0,Abraham J. Hamadeh,Hamadeh,Republican
0408,2019,216676.63999999998,216676.63999999998,0.0,207438.08,0.0,0.0,0.0,0.0,9238.56,0.0,0.0,0.0,0.0,0.0,0.0,0.0,Abraham J. Hamadeh,Hamadeh,Republican
0408,2020,264072.704,264072.704,0.0,223294.904,0.0,0.0,0.0,0.0,40777.8,0.0,0.0,0.0,0.0,0.0,0.0,0.0,Abraham J. Hamadeh,Hamadeh,Republican
0408,2021,105812.42199999999,105812.42199999999,0.0,100951.006,0.0,0.0,0.0,0.0,4861.416,0.0,0.0,0.0,0.0,0.0,0.0,0.0,Abraham J. Hamadeh,Hamadeh,Republican
0408,2022,111745.5448,111745.5448,0.0,100984.492,0.0,0.0,0.0,0.0,10761.0528,0.0,0.0,0.0,0.0,0.0,0.0,0.0,Abraham J. Hamadeh,Hamadeh,Republican
0408,2023,124020.6044,124020.6044,0.0,114168.086,0.0,0.0,0.0,0.0,9852.5184,0.0,0.0,0.0,0.0,0.0,0.0,0.0,Abraham J. Hamadeh,Hamadeh,Republican
0409,2010,7335660.09215,7335660.09215,0.0,7335660.09215,0.0,0.0,0.0,0.0,0.0,0.0,0.0,0.0,0.0,0.0,0.0,0.0,Paul A. Gosar,Gosar,Republican
0409,2011,6018633.7309,6018633.7309,0.0,6018633.7309,0.0,0.0,0.0,0.0,0.0,0.0,0.0,0.0,0.0,0.0,0.0,0.0,Paul A. Gosar,Gosar,Republican
0409,2012,7261241.0902080005,7261241.0902080005,0.0,7261241.0902080005,0.0,0.0,0.0,0.0,0.0,0.0,0.0,0.0,0.0,0.0,0.0,0.0,Paul A. Gosar,Gosar,Republican
0409,2013,7060924.53,7060924.53,0.0,7060924.53,0.0,0.0,0.0,0.0,0.0,0.0,0.0,0.0,0.0,0.0,0.0,0.0,Paul A. Gosar,Gosar,Republican
0409,2014,6736253.336,6736253.336,0.0,6736253.336,0.0,0.0,0.0,0.0,0.0,0.0,0.0,0.0,0.0,0.0,0.0,0.0,Paul A. Gosar,Gosar,Republican
0409,2015,7688795.39,7688795.39,0.0,7688795.39,0.0,0.0,0.0,0.0,0.0,0.0,0.0,0.0,0.0,0.0,0.0,0.0,Paul A. Gosar,Gosar,Republican
0409,2016,7605560.0139999995,7605560.0139999995,0.0,7605560.0139999995,0.0,0.0,0.0,0.0,0.0,0.0,0.0,0.0,0.0,0.0,0.0,0.0,Paul A. Gosar,Gosar,Republican
0409,2017,6855995.206,6855995.206,0.0,6855995.206,0.0,0.0,0.0,0.0,0.0,0.0,0.0,0.0,0.0,0.0,0.0,0.0,Paul A. Gosar,Gosar,Republican
0409,2018,6428817.636,6428817.636,0.0,6428817.636,0.0,0.0,0.0,0.0,0.0,0.0,0.0,0.0,0.0,0.0,0.0,0.0,Paul A. Gosar,Gosar,Republican
0409,2019,8388604.612,8388604.612,0.0,8388604.612,0.0,0.0,0.0,0.0,0.0,0.0,0.0,0.0,0.0,0.0,0.0,0.0,Paul A. Gosar,Gosar,Republican
0409,2020,8651781.002,8651781.002,0.0,8651781.002,0.0,0.0,0.0,0.0,0.0,0.0,0.0,0.0,0.0,0.0,0.0,0.0,Paul A. Gosar,Gosar,Republican
0409,2021,9393192.27,9393192.27,0.0,9393192.27,0.0,0.0,0.0,0.0,0.0,0.0,0.0,0.0,0.0,0.0,0.0,0.0,Paul A. Gosar,Gosar,Republican
0409,2022,9318432.974,9318432.974,0.0,9318432.974,0.0,0.0,0.0,0.0,0.0,0.0,0.0,0.0,0.0,0.0,0.0,0.0,Paul A. Gosar,Gosar,Republican
0409,2023,10266244.5,10266244.5,0.0,10266244.5,0.0,0.0,0.0,0.0,0.0,0.0,0.0,0.0,0.0,0.0,0.0,0.0,Paul A. Gosar,Gosar,Republican
0501,2010,16276675.438,16276675.438,0.0,16276675.438,0.0,0.0,0.0,0.0,0.0,0.0,0.0,0.0,0.0,0.0,0.0,0.0,Eric A. “Rick” Crawford,Crawford,Republican
0501,2011,18381861.604,18381861.604,0.0,18381861.604,0.0,0.0,0.0,0.0,0.0,0.0,0.0,0.0,0.0,0.0,0.0,0.0,Eric A. “Rick” Crawford,Crawford,Republican
0501,2012,18377806.142,18377806.142,0.0,18377806.142,0.0,0.0,0.0,0.0,0.0,0.0,0.0,0.0,0.0,0.0,0.0,0.0,Eric A. “Rick” Crawford,Crawford,Republican
0501,2013,16454554.19,16454554.19,0.0,16454554.19,0.0,0.0,0.0,0.0,0.0,0.0,0.0,0.0,0.0,0.0,0.0,0.0,Eric A. “Rick” Crawford,Crawford,Republican
0501,2014,16584826.046,16584826.046,0.0,16584826.046,0.0,0.0,0.0,0.0,0.0,0.0,0.0,0.0,0.0,0.0,0.0,0.0,Eric A. “Rick” Crawford,Crawford,Republican
0501,2015,11343718.206,11343718.206,0.0,11343718.206,0.0,0.0,0.0,0.0,0.0,0.0,0.0,0.0,0.0,0.0,0.0,0.0,Eric A. “Rick” Crawford,Crawford,Republican
0501,2016,14424361.108000001,14424361.108000001,0.0,14424361.108000001,0.0,0.0,0.0,0.0,0.0,0.0,0.0,0.0,0.0,0.0,0.0,0.0,Eric A. “Rick” Crawford,Crawford,Republican
0501,2017,13618766.152,13618766.152,0.0,13618766.152,0.0,0.0,0.0,0.0,0.0,0.0,0.0,0.0,0.0,0.0,0.0,0.0,Eric A. “Rick” Crawford,Crawford,Republican
0501,2018,18601540.938,18601540.938,0.0,18601540.938,0.0,0.0,0.0,0.0,0.0,0.0,0.0,0.0,0.0,0.0,0.0,0.0,Eric A. “Rick” Crawford,Crawford,Republican
0501,2019,14604826.108,14604826.108,0.0,14604826.108,0.0,0.0,0.0,0.0,0.0,0.0,0.0,0.0,0.0,0.0,0.0,0.0,Eric A. “Rick” Crawford,Crawford,Republican
0501,2020,10823696.872,10823696.872,0.0,10823696.872,0.0,0.0,0.0,0.0,0.0,0.0,0.0,0.0,0.0,0.0,0.0,0.0,Eric A. “Rick” Crawford,Crawford,Republican
0501,2021,13012694.25,13012694.25,0.0,13012694.25,0.0,0.0,0.0,0.0,0.0,0.0,0.0,0.0,0.0,0.0,0.0,0.0,Eric A. “Rick” Crawford,Crawford,Republican
0501,2022,14051573.284,14051573.284,0.0,14051573.284,0.0,0.0,0.0,0.0,0.0,0.0,0.0,0.0,0.0,0.0,0.0,0.0,Eric A. “Rick” Crawford,Crawford,Republican
0501,2023,13579972.156,13579972.156,0.0,13579972.156,0.0,0.0,0.0,0.0,0.0,0.0,0.0,0.0,0.0,0.0,0.0,0.0,Eric A. “Rick” Crawford,Crawford,Republican
0502,2010,1700678.54185,1700678.54185,0.0,1700678.54185,0.0,0.0,0.0,0.0,0.0,0.0,0.0,0.0,0.0,0.0,0.0,0.0,J. French Hill,Hill,Republican
0502,2011,2699484.216835,2699484.216835,0.0,2656668.096835,0.0,0.0,0.0,0.0,42816.12,0.0,0.0,0.0,0.0,0.0,0.0,0.0,J. French Hill,Hill,Republican
0502,2012,2600521.526501,2600521.526501,0.0,2571978.206501,0.0,0.0,0.0,0.0,28543.32,0.0,0.0,0.0,0.0,0.0,0.0,0.0,J. French Hill,Hill,Republican
0502,2013,2819051.332,2819051.332,0.0,2819051.332,0.0,0.0,0.0,0.0,0.0,0.0,0.0,0.0,0.0,0.0,0.0,0.0,J. French Hill,Hill,Republican
0502,2014,3162589.638,3162589.638,0.0,3162589.638,0.0,0.0,0.0,0.0,0.0,0.0,0.0,0.0,0.0,0.0,0.0,0.0,J. French Hill,Hill,Republican
0502,2015,2864777.776,2864777.776,0.0,2864777.776,0.0,0.0,0.0,0.0,0.0,0.0,0.0,0.0,0.0,0.0,0.0,0.0,J. French Hill,Hill,Republican
0502,2016,811151.7660000001,811151.7660000001,0.0,811151.7660000001,0.0,0.0,0.0,0.0,0.0,0.0,0.0,0.0,0.0,0.0,0.0,0.0,J. French Hill,Hill,Republican
0502,2017,687661.21,687661.21,0.0,687661.21,0.0,0.0,0.0,0.0,0.0,0.0,0.0,0.0,0.0,0.0,0.0,0.0,J. French Hill,Hill,Republican
0502,2018,705439.352,705439.352,0.0,705439.352,0.0,0.0,0.0,0.0,0.0,0.0,0.0,0.0,0.0,0.0,0.0,0.0,J. French Hill,Hill,Republican
0502,2019,658945.158,658945.158,0.0,658945.158,0.0,0.0,0.0,0.0,0.0,0.0,0.0,0.0,0.0,0.0,0.0,0.0,J. French Hill,Hill,Republican
0502,2020,618017.18,618017.18,0.0,618017.18,0.0,0.0,0.0,0.0,0.0,0.0,0.0,0.0,0.0,0.0,0.0,0.0,J. French Hill,Hill,Republican
0502,2021,688037.226,688037.226,0.0,688037.226,0.0,0.0,0.0,0.0,0.0,0.0,0.0,0.0,0.0,0.0,0.0,0.0,J. French Hill,Hill,Republican
0502,2022,577145.582,577145.582,0.0,577145.582,0.0,0.0,0.0,0.0,0.0,0.0,0.0,0.0,0.0,0.0,0.0,0.0,J. French Hill,Hill,Republican
0502,2023,616738.5260000001,616738.5260000001,0.0,616738.5260000001,0.0,0.0,0.0,0.0,0.0,0.0,0.0,0.0,0.0,0.0,0.0,0.0,J. French Hill,Hill,Republican
0503,2010,4775507.175827,4146596.975827,628910.2,4146596.975827,0.0,0.0,0.0,0.0,0.0,0.0,0.0,0.0,0.0,628910.2,0.0,0.0,Steve Womack,Womack,Republican
0503,2011,6776945.491005,6212629.991005,564315.5,4446779.201005,1750914.69,0.0,0.0,14936.1,0.0,0.0,0.0,0.0,0.0,564315.5,0.0,0.0,Steve Womack,Womack,Republican
0503,2012,6256035.360995,5722174.460995,533860.9,4390999.570995,1317019.94,0.0,0.0,14154.95,0.0,0.0,0.0,0.0,0.0,533860.9,0.0,0.0,Steve Womack,Womack,Republican
0503,2013,5258832.307999999,4646038.208,612794.1,3541240.22,1090864.488,0.0,0.0,13933.5,0.0,0.0,0.0,0.0,0.0,612794.1,0.0,0.0,Steve Womack,Womack,Republican
0503,2014,4885462.9668,4295538.966,589924.0008,4002891.0659999996,279329.85,0.0,0.0,13318.05,0.0,0.0,0.0,0.0,0.0,589924.0008,0.0,0.0,Steve Womack,Womack,Republican
0503,2015,4202642.716,3708827.416,493815.30000000005,3417704.7399999998,276770.476,0.0,0.0,14352.2,0.0,0.0,0.0,0.0,0.0,493815.30000000005,0.0,0.0,Steve Womack,Womack,Republican
0503,2016,3513696.432,3061903.632,451792.8,2698272.32,261063.784,89819.128,0.0,12748.4,0.0,0.0,0.0,0.0,0.0,451792.8,0.0,0.0,Steve Womack,Womack,Republican
0503,2017,3985456.3079999997,3550376.1079999995,435080.19999999995,3208996.996,261873.532,67560.93,0.0,11944.650000000001,0.0,0.0,0.0,0.0,0.0,435080.19999999995,0.0,0.0,Steve Womack,Womack,Republican
0503,2018,4354911.156,3836368.356,518542.8,3103572.5500000003,666601.276,66194.53,0.0,0.0,0.0,0.0,0.0,0.0,0.0,518542.8,0.0,0.0,Steve Womack,Womack,Republican
0503,2019,4215337.238,3680130.838,535206.4,2926277.978,690915.828,62937.032,0.0,0.0,0.0,0.0,0.0,0.0,0.0,535206.4,0.0,0.0,Steve Womack,Womack,Republican
0503,2020,3557221.0640000002,3057334.264,499886.80000000005,2274813.282,725019.826,57501.156,0.0,0.0,0.0,0.0,0.0,0.0,0.0,499886.80000000005,0.0,0.0,Steve Womack,Womack,Republican
0503,2021,4106435.074,3589922.2739999997,516512.80000000005,3321359.204,243088.8,25474.27,0.0,0.0,0.0,0.0,0.0,0.0,0.0,516512.80000000005,0.0,0.0,Steve Womack,Womack,Republican
0503,2022,3924498.814,3381207.314,543291.5,3179329.618,172408.238,29469.458,0.0,0.0,0.0,0.0,0.0,0.0,0.0,543291.5,0.0,0.0,Steve Womack,Womack,Republican
0503,2023,3316763.1659999997,2812902.6659999997,503860.5,2722653.414,71609.832,18639.42,0.0,0.0,0.0,0.0,0.0,0.0,0.0,503860.5,0.0,0.0,Steve Womack,Womack,Republican
0504,2010,19859769.865450002,19815274.66545,44495.2,19815274.66545,0.0,0.0,0.0,0.0,0.0,0.0,0.0,0.0,0.0,0.0,44495.2,0.0,Bruce Westerman,Westerman,Republican
0504,2011,20837557.556,20802862.556,34695.0,20764830.518,37505.358,0.0,0.0,0.0,526.68,0.0,0.0,0.0,0.0,0.0,34695.0,0.0,Bruce Westerman,Westerman,Republican
0504,2012,32942852.337199997,22025370.337199997,10917482.0,21957068.567199998,68057.81,0.0,0.0,0.0,243.96,0.0,10917482.0,0.0,0.0,0.0,0.0,0.0,Bruce Westerman,Westerman,Republican
0504,2013,36935235.422,24250992.422000002,12684243.0,24234334.854000002,15959.888,0.0,0.0,0.0,697.68,0.0,12684243.0,0.0,0.0,0.0,0.0,0.0,Bruce Westerman,Westerman,Republican
0504,2014,34271153.67,23235827.669999998,11035326.0,23209844.58,25059.69,0.0,0.0,0.0,923.4,0.0,11035326.0,0.0,0.0,0.0,0.0,0.0,Bruce Westerman,Westerman,Republican
0504,2015,31983665.8464,20145955.866,11837709.9804,20111150.964,34804.902,0.0,0.0,0.0,0.0,0.0,11837709.9804,0.0,0.0,0.0,0.0,0.0,Bruce Westerman,Westerman,Republican
0504,2016,31672639.931900002,21103506.832,10569133.0999,21072186.988,31319.844,0.0,0.0,0.0,0.0,0.0,10569133.0999,0.0,0.0,0.0,0.0,0.0,Bruce Westerman,Westerman,Republican
0504,2017,34999467.6403,23614833.142,11384634.4983,23586899.894,27933.248,0.0,0.0,0.0,0.0,0.0,11384634.4983,0.0,0.0,0.0,0.0,0.0,Bruce Westerman,Westerman,Republican
0504,2018,34931804.3492,24948336.679,9983467.6702,24917114.081,31222.598,0.0,0.0,0.0,0.0,0.0,9983467.6702,0.0,0.0,0.0,0.0,0.0,Bruce Westerman,Westerman,Republican
0504,2019,31952885.200299997,23924802.3792,8028082.8211,23891873.6072,32928.772,0.0,0.0,0.0,0.0,0.0,8028082.8211,0.0,0.0,0.0,0.0,0.0,Bruce Westerman,Westerman,Republican
0504,2020,29881549.746,19066411.146,10815138.6,19035050.348,31360.798,0.0,0.0,0.0,0.0,0.0,10815138.6,0.0,0.0,0.0,0.0,0.0,Bruce Westerman,Westerman,Republican
0504,2021,32599296.065,22689916.065,9909380.0,22658482.169,31433.896,0.0,0.0,0.0,0.0,0.0,9909380.0,0.0,0.0,0.0,0.0,0.0,Bruce Westerman,Westerman,Republican
0504,2022,35230894.808,23081888.808,12149006.0,23073539.862,8348.946,0.0,0.0,0.0,0.0,0.0,12149006.0,0.0,0.0,0.0,0.0,0.0,Bruce Westerman,Westerman,Republican
0504,2023,32995165.124453127,20850423.181253128,12144741.9432,20845741.53525313,4681.646,0.0,0.0,0.0,0.0,0.0,12144741.9432,0.0,0.0,0.0,0.0,0.0,Bruce Westerman,Westerman,Republican
0601,2010,1584140.1815055,1584140.1815055,0.0,1584140.1815055,0.0,0.0,0.0,0.0,0.0,0.0,0.0,0.0,0.0,0.0,0.0,0.0,Doug LaMalfa,LaMalfa,Republican
0601,2011,2269165.5236429074,2269165.5236429074,0.0,2269165.5236429074,0.0,0.0,0.0,0.0,0.0,0.0,0.0,0.0,0.0,0.0,0.0,0.0,Doug LaMalfa,LaMalfa,Republican
0601,2012,2694726.22505,2694726.22505,0.0,2694726.22505,0.0,0.0,0.0,0.0,0.0,0.0,0.0,0.0,0.0,0.0,0.0,0.0,Doug LaMalfa,LaMalfa,Republican
0601,2013,2696701.506,2696701.506,0.0,2696701.506,0.0,0.0,0.0,0.0,0.0,0.0,0.0,0.0,0.0,0.0,0.0,0.0,Doug LaMalfa,LaMalfa,Republican
0601,2014,2784755.86,2784755.86,0.0,2784755.86,0.0,0.0,0.0,0.0,0.0,0.0,0.0,0.0,0.0,0.0,0.0,0.0,Doug LaMalfa,LaMalfa,Republican
0601,2015,3091850.966,3091850.966,0.0,3091850.966,0.0,0.0,0.0,0.0,0.0,0.0,0.0,0.0,0.0,0.0,0.0,0.0,Doug LaMalfa,LaMalfa,Republican
0601,2016,2119984.2139999997,2119984.2139999997,0.0,2119984.2139999997,0.0,0.0,0.0,0.0,0.0,0.0,0.0,0.0,0.0,0.0,0.0,0.0,Doug LaMalfa,LaMalfa,Republican
0601,2017,1959175.554,1959175.554,0.0,1959175.554,0.0,0.0,0.0,0.0,0.0,0.0,0.0,0.0,0.0,0.0,0.0,0.0,Doug LaMalfa,LaMalfa,Republican
0601,2018,2466702.954,2466702.954,0.0,2466702.954,0.0,0.0,0.0,0.0,0.0,0.0,0.0,0.0,0.0,0.0,0.0,0.0,Doug LaMalfa,LaMalfa,Republican
0601,2019,2562747.644,2562747.644,0.0,2562747.644,0.0,0.0,0.0,0.0,0.0,0.0,0.0,0.0,0.0,0.0,0.0,0.0,Doug LaMalfa,LaMalfa,Republican
0601,2020,2678094.604,2678094.604,0.0,2678094.604,0.0,0.0,0.0,0.0,0.0,0.0,0.0,0.0,0.0,0.0,0.0,0.0,Doug LaMalfa,LaMalfa,Republican
0601,2021,2908396.928,2908396.928,0.0,2908396.928,0.0,0.0,0.0,0.0,0.0,0.0,0.0,0.0,0.0,0.0,0.0,0.0,Doug LaMalfa,LaMalfa,Republican
0601,2022,3364356.518,3364356.518,0.0,3364356.518,0.0,0.0,0.0,0.0,0.0,0.0,0.0,0.0,0.0,0.0,0.0,0.0,Doug LaMalfa,LaMalfa,Republican
0601,2023,3285908.44,3285908.44,0.0,3285908.44,0.0,0.0,0.0,0.0,0.0,0.0,0.0,0.0,0.0,0.0,0.0,0.0,Doug LaMalfa,LaMalfa,Republican
0602,2010,723216.8118439796,723216.8118439796,0.0,723216.8118439796,0.0,0.0,0.0,0.0,0.0,0.0,0.0,0.0,0.0,0.0,0.0,0.0,Jared Huffman,Huffman,Democrat
0602,2011,568479.0637881232,568479.0637881232,0.0,568479.0637881232,0.0,0.0,0.0,0.0,0.0,0.0,0.0,0.0,0.0,0.0,0.0,0.0,Jared Huffman,Huffman,Democrat
0602,2012,542227.551739,542227.551739,0.0,542227.551739,0.0,0.0,0.0,0.0,0.0,0.0,0.0,0.0,0.0,0.0,0.0,0.0,Jared Huffman,Huffman,Democrat
0602,2013,483031.918,483031.918,0.0,483031.918,0.0,0.0,0.0,0.0,0.0,0.0,0.0,0.0,0.0,0.0,0.0,0.0,Jared Huffman,Huffman,Democrat
0602,2014,376512.392,376512.392,0.0,376512.392,0.0,0.0,0.0,0.0,0.0,0.0,0.0,0.0,0.0,0.0,0.0,0.0,Jared Huffman,Huffman,Democrat
0602,2015,377433.358,377433.358,0.0,377433.358,0.0,0.0,0.0,0.0,0.0,0.0,0.0,0.0,0.0,0.0,0.0,0.0,Jared Huffman,Huffman,Democrat
0602,2016,359152.72000000003,359152.72000000003,0.0,359152.72000000003,0.0,0.0,0.0,0.0,0.0,0.0,0.0,0.0,0.0,0.0,0.0,0.0,Jared Huffman,Huffman,Democrat
0602,2017,412679.83999999997,412679.83999999997,0.0,412679.83999999997,0.0,0.0,0.0,0.0,0.0,0.0,0.0,0.0,0.0,0.0,0.0,0.0,Jared Huffman,Huffman,Democrat
0602,2018,362268.532,362268.532,0.0,362268.532,0.0,0.0,0.0,0.0,0.0,0.0,0.0,0.0,0.0,0.0,0.0,0.0,Jared Huffman,Huffman,Democrat
0602,2019,407701.24600000004,407701.24600000004,0.0,407701.24600000004,0.0,0.0,0.0,0.0,0.0,0.0,0.0,0.0,0.0,0.0,0.0,0.0,Jared Huffman,Huffman,Democrat
0602,2020,406196.848,406196.848,0.0,406196.848,0.0,0.0,0.0,0.0,0.0,0.0,0.0,0.0,0.0,0.0,0.0,0.0,Jared Huffman,Huffman,Democrat
0602,2021,409423.934,409423.934,0.0,409423.934,0.0,0.0,0.0,0.0,0.0,0.0,0.0,0.0,0.0,0.0,0.0,0.0,Jared Huffman,Huffman,Democrat
0602,2022,364484.88,364484.88,0.0,364484.88,0.0,0.0,0.0,0.0,0.0,0.0,0.0,0.0,0.0,0.0,0.0,0.0,Jared Huffman,Huffman,Democrat
0602,2023,424728.514,424728.514,0.0,424728.514,0.0,0.0,0.0,0.0,0.0,0.0,0.0,0.0,0.0,0.0,0.0,0.0,Jared Huffman,Huffman,Democrat
0603,2010,255491.64,255491.64,0.0,255491.64,0.0,0.0,0.0,0.0,0.0,0.0,0.0,0.0,0.0,0.0,0.0,0.0,Kevin Kiley,Kiley,Republican
0603,2011,150452.543,150452.543,0.0,150452.543,0.0,0.0,0.0,0.0,0.0,0.0,0.0,0.0,0.0,0.0,0.0,0.0,Kevin Kiley,Kiley,Republican
0603,2012,317186.6265,317186.6265,0.0,317186.6265,0.0,0.0,0.0,0.0,0.0,0.0,0.0,0.0,0.0,0.0,0.0,0.0,Kevin Kiley,Kiley,Republican
0603,2013,298223.04000000004,298223.04000000004,0.0,298223.04000000004,0.0,0.0,0.0,0.0,0.0,0.0,0.0,0.0,0.0,0.0,0.0,0.0,Kevin Kiley,Kiley,Republican
0603,2014,305412.216328,305412.216328,0.0,305412.216328,0.0,0.0,0.0,0.0,0.0,0.0,0.0,0.0,0.0,0.0,0.0,0.0,Kevin Kiley,Kiley,Republican
0603,2015,366722.20801299997,366722.20801299997,0.0,366722.20801299997,0.0,0.0,0.0,0.0,0.0,0.0,0.0,0.0,0.0,0.0,0.0,0.0,Kevin Kiley,Kiley,Republican
0603,2016,249685.564492,249685.564492,0.0,249685.564492,0.0,0.0,0.0,0.0,0.0,0.0,0.0,0.0,0.0,0.0,0.0,0.0,Kevin Kiley,Kiley,Republican
0603,2017,99732.92890999999,99732.92890999999,0.0,99732.92890999999,0.0,0.0,0.0,0.0,0.0,0.0,0.0,0.0,0.0,0.0,0.0,0.0,Kevin Kiley,Kiley,Republican
0603,2018,191093.25488,191093.25488,0.0,191093.25488,0.0,0.0,0.0,0.0,0.0,0.0,0.0,0.0,0.0,0.0,0.0,0.0,Kevin Kiley,Kiley,Republican
0603,2019,178261.990185,178261.990185,0.0,178261.990185,0.0,0.0,0.0,0.0,0.0,0.0,0.0,0.0,0.0,0.0,0.0,0.0,Kevin Kiley,Kiley,Republican
0603,2020,183189.730197,183189.730197,0.0,183189.730197,0.0,0.0,0.0,0.0,0.0,0.0,0.0,0.0,0.0,0.0,0.0,0.0,Kevin Kiley,Kiley,Republican
0603,2021,284570.448591,284570.448591,0.0,284570.448591,0.0,0.0,0.0,0.0,0.0,0.0,0.0,0.0,0.0,0.0,0.0,0.0,Kevin Kiley,Kiley,Republican
0603,2022,323228.561849,323228.561849,0.0,323228.561849,0.0,0.0,0.0,0.0,0.0,0.0,0.0,0.0,0.0,0.0,0.0,0.0,Kevin Kiley,Kiley,Republican
0603,2023,174077.989576,174077.989576,0.0,174077.989576,0.0,0.0,0.0,0.0,0.0,0.0,0.0,0.0,0.0,0.0,0.0,0.0,Kevin Kiley,Kiley,Republican
0604,2010,393899.236,393899.236,0.0,393899.236,0.0,0.0,0.0,0.0,0.0,0.0,0.0,0.0,0.0,0.0,0.0,0.0,Mike Thompson,Thompson,Democrat
0604,2011,371364.558,371364.558,0.0,371364.558,0.0,0.0,0.0,0.0,0.0,0.0,0.0,0.0,0.0,0.0,0.0,0.0,Mike Thompson,Thompson,Democrat
0604,2012,372769.936,372769.936,0.0,372769.936,0.0,0.0,0.0,0.0,0.0,0.0,0.0,0.0,0.0,0.0,0.0,0.0,Mike Thompson,Thompson,Democrat
0604,2013,368282.716,368282.716,0.0,368282.716,0.0,0.0,0.0,0.0,0.0,0.0,0.0,0.0,0.0,0.0,0.0,0.0,Mike Thompson,Thompson,Democrat
0604,2014,374216.65599999996,374216.65599999996,0.0,374216.65599999996,0.0,0.0,0.0,0.0,0.0,0.0,0.0,0.0,0.0,0.0,0.0,0.0,Mike Thompson,Thompson,Democrat
0604,2015,305304.43799999997,305304.43799999997,0.0,305304.43799999997,0.0,0.0,0.0,0.0,0.0,0.0,0.0,0.0,0.0,0.0,0.0,0.0,Mike Thompson,Thompson,Democrat
0604,2016,270581.224,270581.224,0.0,270581.224,0.0,0.0,0.0,0.0,0.0,0.0,0.0,0.0,0.0,0.0,0.0,0.0,Mike Thompson,Thompson,Democrat
0604,2017,245452.686,245452.686,0.0,245452.686,0.0,0.0,0.0,0.0,0.0,0.0,0.0,0.0,0.0,0.0,0.0,0.0,Mike Thompson,Thompson,Democrat
0604,2018,257015.386,257015.386,0.0,257015.386,0.0,0.0,0.0,0.0,0.0,0.0,0.0,0.0,0.0,0.0,0.0,0.0,Mike Thompson,Thompson,Democrat
0604,2019,327650.498,327650.498,0.0,327650.498,0.0,0.0,0.0,0.0,0.0,0.0,0.0,0.0,0.0,0.0,0.0,0.0,Mike Thompson,Thompson,Democrat
0604,2020,303060.104,303060.104,0.0,303060.104,0.0,0.0,0.0,0.0,0.0,0.0,0.0,0.0,0.0,0.0,0.0,0.0,Mike Thompson,Thompson,Democrat
0604,2021,310889.584,310889.584,0.0,310889.584,0.0,0.0,0.0,0.0,0.0,0.0,0.0,0.0,0.0,0.0,0.0,0.0,Mike Thompson,Thompson,Democrat
0604,2022,297098.364,297098.364,0.0,297098.364,0.0,0.0,0.0,0.0,0.0,0.0,0.0,0.0,0.0,0.0,0.0,0.0,Mike Thompson,Thompson,Democrat
0604,2023,286175.83400000003,286175.83400000003,0.0,286175.83400000003,0.0,0.0,0.0,0.0,0.0,0.0,0.0,0.0,0.0,0.0,0.0,0.0,Mike Thompson,Thompson,Democrat
0605,2010,326048.07999999996,326048.07999999996,0.0,326048.07999999996,0.0,0.0,0.0,0.0,0.0,0.0,0.0,0.0,0.0,0.0,0.0,0.0,Tom McClintock,McClintock,Republican
0605,2011,346758.864,346758.864,0.0,346758.864,0.0,0.0,0.0,0.0,0.0,0.0,0.0,0.0,0.0,0.0,0.0,0.0,Tom McClintock,McClintock,Republican
0605,2012,371973.516,371973.516,0.0,371973.516,0.0,0.0,0.0,0.0,0.0,0.0,0.0,0.0,0.0,0.0,0.0,0.0,Tom McClintock,McClintock,Republican
0605,2013,385190.08999999997,385190.08999999997,0.0,385190.08999999997,0.0,0.0,0.0,0.0,0.0,0.0,0.0,0.0,0.0,0.0,0.0,0.0,Tom McClintock,McClintock,Republican
0605,2014,365039.408,365039.408,0.0,365039.408,0.0,0.0,0.0,0.0,0.0,0.0,0.0,0.0,0.0,0.0,0.0,0.0,Tom McClintock,McClintock,Republican
0605,2015,398162.254,398162.254,0.0,398162.254,0.0,0.0,0.0,0.0,0.0,0.0,0.0,0.0,0.0,0.0,0.0,0.0,Tom McClintock,McClintock,Republican
0605,2016,328718.43799999997,328718.43799999997,0.0,328718.43799999997,0.0,0.0,0.0,0.0,0.0,0.0,0.0,0.0,0.0,0.0,0.0,0.0,Tom McClintock,McClintock,Republican
0605,2017,295360.66000000003,295360.66000000003,0.0,295360.66000000003,0.0,0.0,0.0,0.0,0.0,0.0,0.0,0.0,0.0,0.0,0.0,0.0,Tom McClintock,McClintock,Republican
0605,2018,344090.578,344090.578,0.0,344090.578,0.0,0.0,0.0,0.0,0.0,0.0,0.0,0.0,0.0,0.0,0.0,0.0,Tom McClintock,McClintock,Republican
0605,2019,331263.206,331263.206,0.0,331263.206,0.0,0.0,0.0,0.0,0.0,0.0,0.0,0.0,0.0,0.0,0.0,0.0,Tom McClintock,McClintock,Republican
0605,2020,328694.066,328694.066,0.0,328694.066,0.0,0.0,0.0,0.0,0.0,0.0,0.0,0.0,0.0,0.0,0.0,0.0,Tom McClintock,McClintock,Republican
0605,2021,311925.13,311925.13,0.0,311925.13,0.0,0.0,0.0,0.0,0.0,0.0,0.0,0.0,0.0,0.0,0.0,0.0,Tom McClintock,McClintock,Republican
0605,2022,318107.812,318107.812,0.0,318107.812,0.0,0.0,0.0,0.0,0.0,0.0,0.0,0.0,0.0,0.0,0.0,0.0,Tom McClintock,McClintock,Republican
0605,2023,281178.648,281178.648,0.0,281178.648,0.0,0.0,0.0,0.0,0.0,0.0,0.0,0.0,0.0,0.0,0.0,0.0,Tom McClintock,McClintock,Republican
0606,2010,202632.432,202632.432,0.0,202632.432,0.0,0.0,0.0,0.0,0.0,0.0,0.0,0.0,0.0,0.0,0.0,0.0,Ami Bera,Bera,Democrat
0606,2011,249959.32,249959.32,0.0,249959.32,0.0,0.0,0.0,0.0,0.0,0.0,0.0,0.0,0.0,0.0,0.0,0.0,Ami Bera,Bera,Democrat
0606,2012,410825.248,410825.248,0.0,410825.248,0.0,0.0,0.0,0.0,0.0,0.0,0.0,0.0,0.0,0.0,0.0,0.0,Ami Bera,Bera,Democrat
0606,2013,236182.034,236182.034,0.0,236182.034,0.0,0.0,0.0,0.0,0.0,0.0,0.0,0.0,0.0,0.0,0.0,0.0,Ami Bera,Bera,Democrat
0606,2014,212258.708,212258.708,0.0,212258.708,0.0,0.0,0.0,0.0,0.0,0.0,0.0,0.0,0.0,0.0,0.0,0.0,Ami Bera,Bera,Democrat
0606,2015,198451.836,198451.836,0.0,198451.836,0.0,0.0,0.0,0.0,0.0,0.0,0.0,0.0,0.0,0.0,0.0,0.0,Ami Bera,Bera,Democrat
0606,2016,156491.266,156491.266,0.0,156491.266,0.0,0.0,0.0,0.0,0.0,0.0,0.0,0.0,0.0,0.0,0.0,0.0,Ami Bera,Bera,Democrat
0606,2017,201763.458,201763.458,0.0,201763.458,0.0,0.0,0.0,0.0,0.0,0.0,0.0,0.0,0.0,0.0,0.0,0.0,Ami Bera,Bera,Democrat
0606,2018,178733.324,178733.324,0.0,178733.324,0.0,0.0,0.0,0.0,0.0,0.0,0.0,0.0,0.0,0.0,0.0,0.0,Ami Bera,Bera,Democrat
0606,2019,162975.97,162975.97,0.0,162975.97,0.0,0.0,0.0,0.0,0.0,0.0,0.0,0.0,0.0,0.0,0.0,0.0,Ami Bera,Bera,Democrat
0606,2020,172668.374,172668.374,0.0,172668.374,0.0,0.0,0.0,0.0,0.0,0.0,0.0,0.0,0.0,0.0,0.0,0.0,Ami Bera,Bera,Democrat
0606,2021,154436.942,154436.942,0.0,154436.942,0.0,0.0,0.0,0.0,0.0,0.0,0.0,0.0,0.0,0.0,0.0,0.0,Ami Bera,Bera,Democrat
0606,2022,173813.712,173813.712,0.0,173813.712,0.0,0.0,0.0,0.0,0.0,0.0,0.0,0.0,0.0,0.0,0.0,0.0,Ami Bera,Bera,Democrat
0606,2023,194631.27,194631.27,0.0,194631.27,0.0,0.0,0.0,0.0,0.0,0.0,0.0,0.0,0.0,0.0,0.0,0.0,Ami Bera,Bera,Democrat
0607,2010,2335223.552,2335223.552,0.0,2335223.552,0.0,0.0,0.0,0.0,0.0,0.0,0.0,0.0,0.0,0.0,0.0,0.0,Doris O. Matsui,Matsui,Democrat
0607,2011,2102717.75,2102717.75,0.0,2102717.75,0.0,0.0,0.0,0.0,0.0,0.0,0.0,0.0,0.0,0.0,0.0,0.0,Doris O. Matsui,Matsui,Democrat
0607,2012,2285721.422,2285721.422,0.0,2285721.422,0.0,0.0,0.0,0.0,0.0,0.0,0.0,0.0,0.0,0.0,0.0,0.0,Doris O. Matsui,Matsui,Democrat
0607,2013,2528543.048,2528543.048,0.0,2528543.048,0.0,0.0,0.0,0.0,0.0,0.0,0.0,0.0,0.0,0.0,0.0,0.0,Doris O. Matsui,Matsui,Democrat
0607,2014,2520500.4699999997,2520500.4699999997,0.0,2520500.4699999997,0.0,0.0,0.0,0.0,0.0,0.0,0.0,0.0,0.0,0.0,0.0,0.0,Doris O. Matsui,Matsui,Democrat
0607,2015,2644057.03,2644057.03,0.0,2644057.03,0.0,0.0,0.0,0.0,0.0,0.0,0.0,0.0,0.0,0.0,0.0,0.0,Doris O. Matsui,Matsui,Democrat
0607,2016,2473280.846,2473280.846,0.0,2473280.846,0.0,0.0,0.0,0.0,0.0,0.0,0.0,0.0,0.0,0.0,0.0,0.0,Doris O. Matsui,Matsui,Democrat
0607,2017,2027336.616,2027336.616,0.0,2027336.616,0.0,0.0,0.0,0.0,0.0,0.0,0.0,0.0,0.0,0.0,0.0,0.0,Doris O. Matsui,Matsui,Democrat
0607,2018,2279506.126,2279506.126,0.0,2279506.126,0.0,0.0,0.0,0.0,0.0,0.0,0.0,0.0,0.0,0.0,0.0,0.0,Doris O. Matsui,Matsui,Democrat
0607,2019,1926414.588,1926414.588,0.0,1926414.588,0.0,0.0,0.0,0.0,0.0,0.0,0.0,0.0,0.0,0.0,0.0,0.0,Doris O. Matsui,Matsui,Democrat
0607,2020,2176791.068,2176791.068,0.0,2174903.228,0.0,0.0,0.0,0.0,1887.84,0.0,0.0,0.0,0.0,0.0,0.0,0.0,Doris O. Matsui,Matsui,Democrat
0607,2021,2344268.4804,2344268.4804,0.0,2344268.07,0.0,0.0,0.0,0.0,0.4104,0.0,0.0,0.0,0.0,0.0,0.0,0.0,Doris O. Matsui,Matsui,Democrat
0607,2022,1349298.232,1349298.232,0.0,1349298.232,0.0,0.0,0.0,0.0,0.0,0.0,0.0,0.0,0.0,0.0,0.0,0.0,Doris O. Matsui,Matsui,Democrat
0607,2023,1889232.264,1889232.264,0.0,1887866.088,0.0,0.0,0.0,0.0,1366.176,0.0,0.0,0.0,0.0,0.0,0.0,0.0,Doris O. Matsui,Matsui,Democrat
0608,2010,23057235.07746119,23057235.07746119,0.0,23057235.07746119,0.0,0.0,0.0,0.0,0.0,0.0,0.0,0.0,0.0,0.0,0.0,0.0,John Garamendi,Garamendi,Democrat
0608,2011,22591513.496814296,22591513.496814296,0.0,22591513.496814296,0.0,0.0,0.0,0.0,0.0,0.0,0.0,0.0,0.0,0.0,0.0,0.0,John Garamendi,Garamendi,Democrat
0608,2012,95940463.9606297,22484263.079702,73456200.8809277,22484263.079702,0.0,0.0,0.0,0.0,0.0,0.0,73456200.8809277,0.0,0.0,0.0,0.0,0.0,John Garamendi,Garamendi,Democrat
0608,2013,116755165.72346601,22797457.05,93957708.673466,22797457.05,0.0,0.0,0.0,0.0,0.0,0.0,93957708.673466,0.0,0.0,0.0,0.0,0.0,John Garamendi,Garamendi,Democrat
0608,2014,125848391.8168689,22393351.631,103455040.18586889,22393351.631,0.0,0.0,0.0,0.0,0.0,0.0,103455040.18586889,0.0,0.0,0.0,0.0,0.0,John Garamendi,Garamendi,Democrat
0608,2015,129328703.9492028,22081609.236,107247094.7132028,22081609.236,0.0,0.0,0.0,0.0,0.0,0.0,107247094.7132028,0.0,0.0,0.0,0.0,0.0,John Garamendi,Garamendi,Democrat
0608,2016,117453836.5615505,21051326.062,96402510.49955049,21051326.062,0.0,0.0,0.0,0.0,0.0,0.0,96402510.49955049,0.0,0.0,0.0,0.0,0.0,John Garamendi,Garamendi,Democrat
0608,2017,128075873.28224671,19246456.804,108829416.4782467,19246456.804,0.0,0.0,0.0,0.0,0.0,0.0,108829416.4782467,0.0,0.0,0.0,0.0,0.0,John Garamendi,Garamendi,Democrat
0608,2018,128096352.3571715,21530465.303999998,106565887.0531715,21530465.303999998,0.0,0.0,0.0,0.0,0.0,0.0,106565887.0531715,0.0,0.0,0.0,0.0,0.0,John Garamendi,Garamendi,Democrat
0608,2019,122872630.4415199,20650914.126000002,102221716.3155199,20650914.126000002,0.0,0.0,0.0,0.0,0.0,0.0,102221716.3155199,0.0,0.0,0.0,0.0,0.0,John Garamendi,Garamendi,Democrat
0608,2020,101118126.4728056,18962915.486,82155210.9868056,18962915.486,0.0,0.0,0.0,0.0,0.0,0.0,82155210.9868056,0.0,0.0,0.0,0.0,0.0,John Garamendi,Garamendi,Democrat
0608,2021,97182302.6603204,19063591.932,78118710.7283204,19063591.932,0.0,0.0,0.0,0.0,0.0,0.0,78118710.7283204,0.0,0.0,0.0,0.0,0.0,John Garamendi,Garamendi,Democrat
0608,2022,92794321.7585819,18542518.28,74251803.4785819,18542518.28,0.0,0.0,0.0,0.0,0.0,0.0,74251803.4785819,0.0,0.0,0.0,0.0,0.0,John Garamendi,Garamendi,Democrat
0608,2023,103078115.5966786,18742852.422,84335263.1746786,18742852.422,0.0,0.0,0.0,0.0,0.0,0.0,84335263.1746786,0.0,0.0,0.0,0.0,0.0,John Garamendi,Garamendi,Democrat
0609,2010,880029.264,880029.264,0.0,880029.264,0.0,0.0,0.0,0.0,0.0,0.0,0.0,0.0,0.0,0.0,0.0,0.0,Josh Harder,Harder,Democrat
0609,2011,1227710.758,1227710.758,0.0,1105267.34,122443.418,0.0,0.0,0.0,0.0,0.0,0.0,0.0,0.0,0.0,0.0,0.0,Josh Harder,Harder,Democrat
0609,2012,974365.336,974365.336,0.0,974365.336,0.0,0.0,0.0,0.0,0.0,0.0,0.0,0.0,0.0,0.0,0.0,0.0,Josh Harder,Harder,Democrat
0609,2013,1301719.368,1301719.368,0.0,1301719.368,0.0,0.0,0.0,0.0,0.0,0.0,0.0,0.0,0.0,0.0,0.0,0.0,Josh Harder,Harder,Democrat
0609,2014,1354500.974,1354500.974,0.0,1354500.974,0.0,0.0,0.0,0.0,0.0,0.0,0.0,0.0,0.0,0.0,0.0,0.0,Josh Harder,Harder,Democrat
0609,2015,1561483.6439999999,1561483.6439999999,0.0,1561483.6439999999,0.0,0.0,0.0,0.0,0.0,0.0,0.0,0.0,0.0,0.0,0.0,0.0,Josh Harder,Harder,Democrat
0609,2016,917184.554,917184.554,0.0,917184.554,0.0,0.0,0.0,0.0,0.0,0.0,0.0,0.0,0.0,0.0,0.0,0.0,Josh Harder,Harder,Democrat
0609,2017,1202256.87,1202256.87,0.0,1202256.87,0.0,0.0,0.0,0.0,0.0,0.0,0.0,0.0,0.0,0.0,0.0,0.0,Josh Harder,Harder,Democrat
0609,2018,1522182.594,1522182.594,0.0,1522182.594,0.0,0.0,0.0,0.0,0.0,0.0,0.0,0.0,0.0,0.0,0.0,0.0,Josh Harder,Harder,Democrat
0609,2019,1302990.364,1302990.364,0.0,1302990.364,0.0,0.0,0.0,0.0,0.0,0.0,0.0,0.0,0.0,0.0,0.0,0.0,Josh Harder,Harder,Democrat
0609,2020,1047378.82,1047378.82,0.0,1047378.82,0.0,0.0,0.0,0.0,0.0,0.0,0.0,0.0,0.0,0.0,0.0,0.0,Josh Harder,Harder,Democrat
0609,2021,1234395.2519999999,1234395.2519999999,0.0,1234395.2519999999,0.0,0.0,0.0,0.0,0.0,0.0,0.0,0.0,0.0,0.0,0.0,0.0,Josh Harder,Harder,Democrat
0609,2022,701452.678,701452.678,0.0,701452.678,0.0,0.0,0.0,0.0,0.0,0.0,0.0,0.0,0.0,0.0,0.0,0.0,Josh Harder,Harder,Democrat
0609,2023,1015728.7620000001,1015728.7620000001,0.0,1015728.7620000001,0.0,0.0,0.0,0.0,0.0,0.0,0.0,0.0,0.0,0.0,0.0,0.0,Josh Harder,Harder,Democrat
0610,2010,161589.032,161589.032,0.0,161589.032,0.0,0.0,0.0,0.0,0.0,0.0,0.0,0.0,0.0,0.0,0.0,0.0,Mark DeSaulnier,DeSaulnier,Democrat
0610,2011,2063652.036,2063652.036,0.0,292547.608,1771104.428,0.0,0.0,0.0,0.0,0.0,0.0,0.0,0.0,0.0,0.0,0.0,Mark DeSaulnier,DeSaulnier,Democrat
0610,2012,19887103.702,1248594.702,18638509.0,238895.68,1009699.0219999999,0.0,0.0,0.0,0.0,0.0,0.0,0.0,18638509.0,0.0,0.0,0.0,Mark DeSaulnier,DeSaulnier,Democrat
0610,2013,25528156.8,925165.8,24602991.0,250560.946,674604.854,0.0,0.0,0.0,0.0,0.0,0.0,0.0,24602991.0,0.0,0.0,0.0,Mark DeSaulnier,DeSaulnier,Democrat
0610,2014,26393561.202,973579.202,25419982.0,295213.896,678365.306,0.0,0.0,0.0,0.0,0.0,0.0,0.0,25419982.0,0.0,0.0,0.0,Mark DeSaulnier,DeSaulnier,Democrat
0610,2015,33221981.4597532,971973.312,32250008.1477532,324239.378,647733.934,0.0,0.0,0.0,0.0,0.0,0.0,0.0,32250008.1477532,0.0,0.0,0.0,Mark DeSaulnier,DeSaulnier,Democrat
0610,2016,33652237.5426216,3985550.478,29666687.0646216,269863.948,376246.996,3339439.534,0.0,0.0,0.0,0.0,0.0,0.0,29666687.0646216,0.0,0.0,0.0,Mark DeSaulnier,DeSaulnier,Democrat
0610,2017,35934662.8577594,3593896.672,32340766.1857594,132410.25,440221.766,3021264.656,0.0,0.0,0.0,0.0,0.0,0.0,32340766.1857594,0.0,0.0,0.0,Mark DeSaulnier,DeSaulnier,Democrat
0610,2018,32933966.927061904,4013331.22,28920635.7070619,135627.75,577075.758,3300627.7120000003,0.0,0.0,0.0,0.0,0.0,0.0,28920635.7070619,0.0,0.0,0.0,Mark DeSaulnier,DeSaulnier,Democrat
0610,2019,42286651.0810495,4234906.32,38051744.7610495,140306.5,642228.544,3452371.276,0.0,0.0,0.0,0.0,0.0,0.0,38051744.7610495,0.0,0.0,0.0,Mark DeSaulnier,DeSaulnier,Democrat
0610,2020,34803393.8119427,3593862.24,31209531.5719427,123744.0,325736.398,3144381.842,0.0,0.0,0.0,0.0,0.0,0.0,31209531.5719427,0.0,0.0,0.0,Mark DeSaulnier,DeSaulnier,Democrat
0610,2021,36550474.952,3394642.492,33155832.46,125026.0,341032.968,2928583.524,0.0,0.0,0.0,0.0,0.0,0.0,33155832.46,0.0,0.0,0.0,Mark DeSaulnier,DeSaulnier,Democrat
0610,2022,33285069.734755803,3147124.124,30137945.6107558,133389.5,364136.534,2649598.09,0.0,0.0,0.0,0.0,0.0,0.0,30137945.6107558,0.0,0.0,0.0,Mark DeSaulnier,DeSaulnier,Democrat
0610,2023,35884356.2421513,3082915.98,32801440.2621513,135702.0,506085.106,2441128.874,0.0,0.0,0.0,0.0,0.0,0.0,32801440.2621513,0.0,0.0,0.0,Mark DeSaulnier,DeSaulnier,Democrat
0611,2010,39256158.831999995,386344.348,38869814.484,386344.348,0.0,0.0,0.0,0.0,0.0,0.0,0.0,0.0,0.0,38869814.484,0.0,0.0,Nancy Pelosi,Pelosi,Democrat
0611,2011,39451134.311,479108.91099999996,38972025.4,133558.021,0.0,0.0,0.0,278705.85,66845.04,0.0,0.0,0.0,0.0,38972025.4,0.0,0.0,Nancy Pelosi,Pelosi,Democrat
0611,2012,47010817.429,453693.129,46557124.300000004,129426.439,0.0,0.0,0.0,264033.65,60233.04,0.0,0.0,0.0,4243622.7,42313501.6,0.0,0.0,Nancy Pelosi,Pelosi,Democrat
0611,2013,49023318.495328,437857.072,48585461.423328005,121302.292,0.0,0.0,0.0,254217.3,62337.48,0.0,0.0,0.0,5084888.7,43500572.723328,0.0,0.0,Nancy Pelosi,Pelosi,Democrat
0611,2014,42009877.916,396332.04000000004,41613545.876,113265.27,0.0,0.0,0.0,268237.65,14829.12,0.0,0.0,0.0,0.0,41613545.876,0.0,0.0,Nancy Pelosi,Pelosi,Democrat
0611,2015,43440579.738,421995.63800000004,43018584.1,111867.978,0.0,0.0,0.0,274509.5,35618.16,0.0,0.0,0.0,0.0,43018584.1,0.0,0.0,Nancy Pelosi,Pelosi,Democrat
0611,2016,39193758.672671504,500794.57267150003,38692964.1,114928.718,0.0,0.0,44460.8546715,273985.4,67419.6,0.0,0.0,0.0,0.0,38692964.1,0.0,0.0,Nancy Pelosi,Pelosi,Democrat
0611,2017,38723349.61796419,525832.4179641999,38197517.2,114091.47,0.0,0.0,120209.4079642,276659.1,14872.44,0.0,0.0,0.0,0.0,38197517.2,0.0,0.0,Nancy Pelosi,Pelosi,Democrat
0611,2018,42128073.1601976,470103.6601976,41657969.5,115297.968,0.0,0.0,66488.6421976,279784.15,8532.9,0.0,0.0,0.0,0.0,41657969.5,0.0,0.0,Nancy Pelosi,Pelosi,Democrat
0611,2019,42621432.0540749,566769.3540749,42054662.7,115512.064,0.0,0.0,103718.5336749,284127.1,63411.6564,0.0,0.0,0.0,0.0,42054662.7,0.0,0.0,Nancy Pelosi,Pelosi,Democrat
0611,2020,40875598.9212304,574070.8212304,40301528.1,102070.816,0.0,0.0,105020.4844304,281735.2,85244.3208,0.0,0.0,0.0,0.0,40301528.1,0.0,0.0,Nancy Pelosi,Pelosi,Democrat
0611,2021,42033705.062435105,477076.9624351,41556628.1,107548.996,0.0,0.0,65902.5964351,279593.6,24031.77,0.0,0.0,0.0,0.0,41556628.1,0.0,0.0,Nancy Pelosi,Pelosi,Democrat
0611,2022,41370767.7125942,453398.5125942,40917369.2,108154.192,0.0,0.0,68361.5933942,276007.8,874.9272,0.0,0.0,0.0,0.0,40917369.2,0.0,0.0,Nancy Pelosi,Pelosi,Democrat
0611,2023,42661624.592906,442663.79290600005,42218960.8,111553.628,0.0,0.0,26723.141306,276984.0,27403.0236,0.0,0.0,0.0,0.0,42218960.8,0.0,0.0,Nancy Pelosi,Pelosi,Democrat
0612,2010,228449.927775,228449.927775,0.0,228449.927775,0.0,0.0,0.0,0.0,0.0,0.0,0.0,0.0,0.0,0.0,0.0,0.0,Lateefah Simon,Simon,Democrat
0612,2011,196980.7,196980.7,0.0,196980.7,0.0,0.0,0.0,0.0,0.0,0.0,0.0,0.0,0.0,0.0,0.0,0.0,Lateefah Simon,Simon,Democrat
0612,2012,206072.79626899998,206072.79626899998,0.0,206072.79626899998,0.0,0.0,0.0,0.0,0.0,0.0,0.0,0.0,0.0,0.0,0.0,0.0,Lateefah Simon,Simon,Democrat
0612,2013,166738.362,166738.362,0.0,166738.362,0.0,0.0,0.0,0.0,0.0,0.0,0.0,0.0,0.0,0.0,0.0,0.0,Lateefah Simon,Simon,Democrat
0612,2014,177958.498,177958.498,0.0,177958.498,0.0,0.0,0.0,0.0,0.0,0.0,0.0,0.0,0.0,0.0,0.0,0.0,Lateefah Simon,Simon,Democrat
0612,2015,173464.902,173464.902,0.0,173464.902,0.0,0.0,0.0,0.0,0.0,0.0,0.0,0.0,0.0,0.0,0.0,0.0,Lateefah Simon,Simon,Democrat
0612,2016,126346.63,126346.63,0.0,126346.63,0.0,0.0,0.0,0.0,0.0,0.0,0.0,0.0,0.0,0.0,0.0,0.0,Lateefah Simon,Simon,Democrat
0612,2017,123250.344,123250.344,0.0,123250.344,0.0,0.0,0.0,0.0,0.0,0.0,0.0,0.0,0.0,0.0,0.0,0.0,Lateefah Simon,Simon,Democrat
0612,2018,124509.486,124509.486,0.0,124509.486,0.0,0.0,0.0,0.0,0.0,0.0,0.0,0.0,0.0,0.0,0.0,0.0,Lateefah Simon,Simon,Democrat
0612,2019,132234.258,132234.258,0.0,132234.258,0.0,0.0,0.0,0.0,0.0,0.0,0.0,0.0,0.0,0.0,0.0,0.0,Lateefah Simon,Simon,Democrat
0612,2020,126374.52799999999,126374.52799999999,0.0,126374.52799999999,0.0,0.0,0.0,0.0,0.0,0.0,0.0,0.0,0.0,0.0,0.0,0.0,Lateefah Simon,Simon,Democrat
0612,2021,120850.34999999999,120850.34999999999,0.0,120850.34999999999,0.0,0.0,0.0,0.0,0.0,0.0,0.0,0.0,0.0,0.0,0.0,0.0,Lateefah Simon,Simon,Democrat
0612,2022,158265.92,158265.92,0.0,158265.92,0.0,0.0,0.0,0.0,0.0,0.0,0.0,0.0,0.0,0.0,0.0,0.0,Lateefah Simon,Simon,Democrat
0612,2023,128821.848,128821.848,0.0,128821.848,0.0,0.0,0.0,0.0,0.0,0.0,0.0,0.0,0.0,0.0,0.0,0.0,Lateefah Simon,Simon,Democrat
0613,2010,2670629.54,2670629.54,0.0,2670629.54,0.0,0.0,0.0,0.0,0.0,0.0,0.0,0.0,0.0,0.0,0.0,0.0,Adam Gray,Gray,Democrat
0613,2011,2856501.185975,2856501.185975,0.0,2856501.185975,0.0,0.0,0.0,0.0,0.0,0.0,0.0,0.0,0.0,0.0,0.0,0.0,Adam Gray,Gray,Democrat
0613,2012,2890942.382,2890942.382,0.0,2890942.382,0.0,0.0,0.0,0.0,0.0,0.0,0.0,0.0,0.0,0.0,0.0,0.0,Adam Gray,Gray,Democrat
0613,2013,2923982.292,2923982.292,0.0,2923982.292,0.0,0.0,0.0,0.0,0.0,0.0,0.0,0.0,0.0,0.0,0.0,0.0,Adam Gray,Gray,Democrat
0613,2014,3294462.398,3294462.398,0.0,3294462.398,0.0,0.0,0.0,0.0,0.0,0.0,0.0,0.0,0.0,0.0,0.0,0.0,Adam Gray,Gray,Democrat
0613,2015,3618739.236,3618739.236,0.0,3618739.236,0.0,0.0,0.0,0.0,0.0,0.0,0.0,0.0,0.0,0.0,0.0,0.0,Adam Gray,Gray,Democrat
0613,2016,2513161.676,2513161.676,0.0,2513161.676,0.0,0.0,0.0,0.0,0.0,0.0,0.0,0.0,0.0,0.0,0.0,0.0,Adam Gray,Gray,Democrat
0613,2017,2616269.68,2616269.68,0.0,2616269.68,0.0,0.0,0.0,0.0,0.0,0.0,0.0,0.0,0.0,0.0,0.0,0.0,Adam Gray,Gray,Democrat
0613,2018,2863530.216,2863530.216,0.0,2863530.216,0.0,0.0,0.0,0.0,0.0,0.0,0.0,0.0,0.0,0.0,0.0,0.0,Adam Gray,Gray,Democrat
0613,2019,2681837.9560000002,2681837.9560000002,0.0,2681837.9560000002,0.0,0.0,0.0,0.0,0.0,0.0,0.0,0.0,0.0,0.0,0.0,0.0,Adam Gray,Gray,Democrat
0613,2020,2680603.898,2680603.898,0.0,2680603.898,0.0,0.0,0.0,0.0,0.0,0.0,0.0,0.0,0.0,0.0,0.0,0.0,Adam Gray,Gray,Democrat
0613,2021,2718907.056,2718907.056,0.0,2718907.056,0.0,0.0,0.0,0.0,0.0,0.0,0.0,0.0,0.0,0.0,0.0,0.0,Adam Gray,Gray,Democrat
0613,2022,2760298.836,2760298.836,0.0,2760298.836,0.0,0.0,0.0,0.0,0.0,0.0,0.0,0.0,0.0,0.0,0.0,0.0,Adam Gray,Gray,Democrat
0613,2023,2803270.504,2803270.504,0.0,2803270.504,0.0,0.0,0.0,0.0,0.0,0.0,0.0,0.0,0.0,0.0,0.0,0.0,Adam Gray,Gray,Democrat
0614,2010,329980.166709,329980.166709,0.0,329980.166709,0.0,0.0,0.0,0.0,0.0,0.0,0.0,0.0,0.0,0.0,0.0,0.0,Eric Swalwell,Swalwell,Democrat
0614,2011,306111.749724,306111.749724,0.0,306111.749724,0.0,0.0,0.0,0.0,0.0,0.0,0.0,0.0,0.0,0.0,0.0,0.0,Eric Swalwell,Swalwell,Democrat
0614,2012,344747.853397,344747.853397,0.0,344747.853397,0.0,0.0,0.0,0.0,0.0,0.0,0.0,0.0,0.0,0.0,0.0,0.0,Eric Swalwell,Swalwell,Democrat
0614,2013,830119.004,830119.004,0.0,830119.004,0.0,0.0,0.0,0.0,0.0,0.0,0.0,0.0,0.0,0.0,0.0,0.0,Eric Swalwell,Swalwell,Democrat
0614,2014,1185832.946,1185832.946,0.0,1185832.946,0.0,0.0,0.0,0.0,0.0,0.0,0.0,0.0,0.0,0.0,0.0,0.0,Eric Swalwell,Swalwell,Democrat
0614,2015,1442650.2179999999,1442650.2179999999,0.0,1442650.2179999999,0.0,0.0,0.0,0.0,0.0,0.0,0.0,0.0,0.0,0.0,0.0,0.0,Eric Swalwell,Swalwell,Democrat
0614,2016,610722.946,610722.946,0.0,610722.946,0.0,0.0,0.0,0.0,0.0,0.0,0.0,0.0,0.0,0.0,0.0,0.0,Eric Swalwell,Swalwell,Democrat
0614,2017,637151.986,637151.986,0.0,637151.986,0.0,0.0,0.0,0.0,0.0,0.0,0.0,0.0,0.0,0.0,0.0,0.0,Eric Swalwell,Swalwell,Democrat
0614,2018,685493.976,685493.976,0.0,685493.976,0.0,0.0,0.0,0.0,0.0,0.0,0.0,0.0,0.0,0.0,0.0,0.0,Eric Swalwell,Swalwell,Democrat
0614,2019,660312.1680000001,660312.1680000001,0.0,660312.1680000001,0.0,0.0,0.0,0.0,0.0,0.0,0.0,0.0,0.0,0.0,0.0,0.0,Eric Swalwell,Swalwell,Democrat
0614,2020,730382.058,730382.058,0.0,730382.058,0.0,0.0,0.0,0.0,0.0,0.0,0.0,0.0,0.0,0.0,0.0,0.0,Eric Swalwell,Swalwell,Democrat
0614,2021,423187.196,423187.196,0.0,423187.196,0.0,0.0,0.0,0.0,0.0,0.0,0.0,0.0,0.0,0.0,0.0,0.0,Eric Swalwell,Swalwell,Democrat
0614,2022,706465.054,706465.054,0.0,706465.054,0.0,0.0,0.0,0.0,0.0,0.0,0.0,0.0,0.0,0.0,0.0,0.0,Eric Swalwell,Swalwell,Democrat
0614,2023,1050198.06,1050198.06,0.0,1050198.06,0.0,0.0,0.0,0.0,0.0,0.0,0.0,0.0,0.0,0.0,0.0,0.0,Eric Swalwell,Swalwell,Democrat
0615,2010,151446.036,151446.036,0.0,151446.036,0.0,0.0,0.0,0.0,0.0,0.0,0.0,0.0,0.0,0.0,0.0,0.0,Kevin Mullin,Mullin,Democrat
0615,2011,151960.148,151960.148,0.0,151960.148,0.0,0.0,0.0,0.0,0.0,0.0,0.0,0.0,0.0,0.0,0.0,0.0,Kevin Mullin,Mullin,Democrat
0615,2012,69595.42,69595.42,0.0,69595.42,0.0,0.0,0.0,0.0,0.0,0.0,0.0,0.0,0.0,0.0,0.0,0.0,Kevin Mullin,Mullin,Democrat
0615,2013,64880.528000000006,64880.528000000006,0.0,64880.528000000006,0.0,0.0,0.0,0.0,0.0,0.0,0.0,0.0,0.0,0.0,0.0,0.0,Kevin Mullin,Mullin,Democrat
0615,2014,57634.176,57634.176,0.0,57634.176,0.0,0.0,0.0,0.0,0.0,0.0,0.0,0.0,0.0,0.0,0.0,0.0,Kevin Mullin,Mullin,Democrat
0615,2015,57209.526,57209.526,0.0,57209.526,0.0,0.0,0.0,0.0,0.0,0.0,0.0,0.0,0.0,0.0,0.0,0.0,Kevin Mullin,Mullin,Democrat
0615,2016,57212.628,57212.628,0.0,57212.628,0.0,0.0,0.0,0.0,0.0,0.0,0.0,0.0,0.0,0.0,0.0,0.0,Kevin Mullin,Mullin,Democrat
0615,2017,58120.42,58120.42,0.0,58120.42,0.0,0.0,0.0,0.0,0.0,0.0,0.0,0.0,0.0,0.0,0.0,0.0,Kevin Mullin,Mullin,Democrat
0615,2018,56214.152,56214.152,0.0,56214.152,0.0,0.0,0.0,0.0,0.0,0.0,0.0,0.0,0.0,0.0,0.0,0.0,Kevin Mullin,Mullin,Democrat
0615,2019,58289.376000000004,58289.376000000004,0.0,58289.376000000004,0.0,0.0,0.0,0.0,0.0,0.0,0.0,0.0,0.0,0.0,0.0,0.0,Kevin Mullin,Mullin,Democrat
0615,2020,56285.444,56285.444,0.0,56285.444,0.0,0.0,0.0,0.0,0.0,0.0,0.0,0.0,0.0,0.0,0.0,0.0,Kevin Mullin,Mullin,Democrat
0615,2021,57125.153999999995,57125.153999999995,0.0,57125.153999999995,0.0,0.0,0.0,0.0,0.0,0.0,0.0,0.0,0.0,0.0,0.0,0.0,Kevin Mullin,Mullin,Democrat
0615,2022,55760.95,55760.95,0.0,55760.95,0.0,0.0,0.0,0.0,0.0,0.0,0.0,0.0,0.0,0.0,0.0,0.0,Kevin Mullin,Mullin,Democrat
0615,2023,53778.246,53778.246,0.0,53778.246,0.0,0.0,0.0,0.0,0.0,0.0,0.0,0.0,0.0,0.0,0.0,0.0,Kevin Mullin,Mullin,Democrat
0616,2010,1383675.908,1217759.308,165916.6,1217759.308,0.0,0.0,0.0,0.0,0.0,0.0,0.0,0.0,0.0,165916.6,0.0,0.0,Sam T. Liccardo,Liccardo,Democrat
0616,2011,1524873.688,1354533.588,170340.1,1354533.588,0.0,0.0,0.0,0.0,0.0,0.0,0.0,0.0,0.0,170340.1,0.0,0.0,Sam T. Liccardo,Liccardo,Democrat
0616,2012,1513550.3,1354479.4,159070.9,1354479.4,0.0,0.0,0.0,0.0,0.0,0.0,0.0,0.0,0.0,159070.9,0.0,0.0,Sam T. Liccardo,Liccardo,Democrat
0616,2013,1577427.372,1415728.072,161699.3,1415728.072,0.0,0.0,0.0,0.0,0.0,0.0,0.0,0.0,0.0,161699.3,0.0,0.0,Sam T. Liccardo,Liccardo,Democrat
0616,2014,1508099.74,1368945.44,139154.3,1368945.44,0.0,0.0,0.0,0.0,0.0,0.0,0.0,0.0,0.0,139154.3,0.0,0.0,Sam T. Liccardo,Liccardo,Democrat
0616,2015,1360630.196,1221660.596,138969.6,1221660.596,0.0,0.0,0.0,0.0,0.0,0.0,0.0,0.0,0.0,138969.6,0.0,0.0,Sam T. Liccardo,Liccardo,Democrat
0616,2016,1296818.51,1151033.61,145784.9,1151033.61,0.0,0.0,0.0,0.0,0.0,0.0,0.0,0.0,0.0,145784.9,0.0,0.0,Sam T. Liccardo,Liccardo,Democrat
0616,2017,1146734.564,993666.8640000001,153067.7,993666.8640000001,0.0,0.0,0.0,0.0,0.0,0.0,0.0,0.0,0.0,153067.7,0.0,0.0,Sam T. Liccardo,Liccardo,Democrat
0616,2018,1203900.412,1050430.512,153469.9,1050430.512,0.0,0.0,0.0,0.0,0.0,0.0,0.0,0.0,0.0,153469.9,0.0,0.0,Sam T. Liccardo,Liccardo,Democrat
0616,2019,1105944.0860000001,953512.1860000001,152431.9,953512.1860000001,0.0,0.0,0.0,0.0,0.0,0.0,0.0,0.0,0.0,152431.9,0.0,0.0,Sam T. Liccardo,Liccardo,Democrat
0616,2020,493588.27999999997,354901.38,138686.9,354901.38,0.0,0.0,0.0,0.0,0.0,0.0,0.0,0.0,0.0,138686.9,0.0,0.0,Sam T. Liccardo,Liccardo,Democrat
0616,2021,312690.71,173903.51,138787.2,173903.51,0.0,0.0,0.0,0.0,0.0,0.0,0.0,0.0,0.0,138787.2,0.0,0.0,Sam T. Liccardo,Liccardo,Democrat
0616,2022,398719.808,254967.80800000002,143752.0,254967.80800000002,0.0,0.0,0.0,0.0,0.0,0.0,0.0,0.0,0.0,143752.0,0.0,0.0,Sam T. Liccardo,Liccardo,Democrat
0616,2023,345398.396,200560.796,144837.6,200560.796,0.0,0.0,0.0,0.0,0.0,0.0,0.0,0.0,0.0,144837.6,0.0,0.0,Sam T. Liccardo,Liccardo,Democrat
0617,2010,687081.466025,687081.466025,0.0,687081.466025,0.0,0.0,0.0,0.0,0.0,0.0,0.0,0.0,0.0,0.0,0.0,0.0,Ro Khanna,Khanna,Democrat
0617,2011,891792.7627,891792.7627,0.0,891792.7627,0.0,0.0,0.0,0.0,0.0,0.0,0.0,0.0,0.0,0.0,0.0,0.0,Ro Khanna,Khanna,Democrat
0617,2012,1001064.060775,1001064.060775,0.0,1001064.060775,0.0,0.0,0.0,0.0,0.0,0.0,0.0,0.0,0.0,0.0,0.0,0.0,Ro Khanna,Khanna,Democrat
0617,2013,1147332.896,1147332.896,0.0,1147332.896,0.0,0.0,0.0,0.0,0.0,0.0,0.0,0.0,0.0,0.0,0.0,0.0,Ro Khanna,Khanna,Democrat
0617,2014,1046604.9647339999,1046604.9647339999,0.0,1046604.9647339999,0.0,0.0,0.0,0.0,0.0,0.0,0.0,0.0,0.0,0.0,0.0,0.0,Ro Khanna,Khanna,Democrat
0617,2015,1072912.323956,1072912.323956,0.0,1072912.323956,0.0,0.0,0.0,0.0,0.0,0.0,0.0,0.0,0.0,0.0,0.0,0.0,Ro Khanna,Khanna,Democrat
0617,2016,961447.0494820001,961447.0494820001,0.0,961447.0494820001,0.0,0.0,0.0,0.0,0.0,0.0,0.0,0.0,0.0,0.0,0.0,0.0,Ro Khanna,Khanna,Democrat
0617,2017,806699.754,806699.754,0.0,806699.754,0.0,0.0,0.0,0.0,0.0,0.0,0.0,0.0,0.0,0.0,0.0,0.0,Ro Khanna,Khanna,Democrat
0617,2018,863278.61,863278.61,0.0,863278.61,0.0,0.0,0.0,0.0,0.0,0.0,0.0,0.0,0.0,0.0,0.0,0.0,Ro Khanna,Khanna,Democrat
0617,2019,710536.516,710536.516,0.0,710536.516,0.0,0.0,0.0,0.0,0.0,0.0,0.0,0.0,0.0,0.0,0.0,0.0,Ro Khanna,Khanna,Democrat
0617,2020,666395.378,666395.378,0.0,666395.378,0.0,0.0,0.0,0.0,0.0,0.0,0.0,0.0,0.0,0.0,0.0,0.0,Ro Khanna,Khanna,Democrat
0617,2021,874963.952,874963.952,0.0,874963.952,0.0,0.0,0.0,0.0,0.0,0.0,0.0,0.0,0.0,0.0,0.0,0.0,Ro Khanna,Khanna,Democrat
0617,2022,724992.63,724992.63,0.0,724992.63,0.0,0.0,0.0,0.0,0.0,0.0,0.0,0.0,0.0,0.0,0.0,0.0,Ro Khanna,Khanna,Democrat
0617,2023,861949.832,861949.832,0.0,861949.832,0.0,0.0,0.0,0.0,0.0,0.0,0.0,0.0,0.0,0.0,0.0,0.0,Ro Khanna,Khanna,Democrat
0618,2010,1502298.857025,1502298.857025,0.0,1502298.857025,0.0,0.0,0.0,0.0,0.0,0.0,0.0,0.0,0.0,0.0,0.0,0.0,Zoe Lofgren,Lofgren,Democrat
0618,2011,1524955.712,1524955.712,0.0,1524955.712,0.0,0.0,0.0,0.0,0.0,0.0,0.0,0.0,0.0,0.0,0.0,0.0,Zoe Lofgren,Lofgren,Democrat
0618,2012,1580493.88555,1580493.88555,0.0,1580493.88555,0.0,0.0,0.0,0.0,0.0,0.0,0.0,0.0,0.0,0.0,0.0,0.0,Zoe Lofgren,Lofgren,Democrat
0618,2013,1517144.878,1517144.878,0.0,1517144.878,0.0,0.0,0.0,0.0,0.0,0.0,0.0,0.0,0.0,0.0,0.0,0.0,Zoe Lofgren,Lofgren,Democrat
0618,2014,1660440.242,1660440.242,0.0,1629070.302,31369.94,0.0,0.0,0.0,0.0,0.0,0.0,0.0,0.0,0.0,0.0,0.0,Zoe Lofgren,Lofgren,Democrat
0618,2015,1673750.6500000001,1673750.6500000001,0.0,1644964.208,28786.442,0.0,0.0,0.0,0.0,0.0,0.0,0.0,0.0,0.0,0.0,0.0,Zoe Lofgren,Lofgren,Democrat
0618,2016,1213503.3260000001,1213503.3260000001,0.0,1182967.028,26919.748,3616.55,0.0,0.0,0.0,0.0,0.0,0.0,0.0,0.0,0.0,0.0,Zoe Lofgren,Lofgren,Democrat
0618,2017,1101880.2719999999,1101880.2719999999,0.0,1068635.092,29745.23,3499.95,0.0,0.0,0.0,0.0,0.0,0.0,0.0,0.0,0.0,0.0,Zoe Lofgren,Lofgren,Democrat
0618,2018,1234740.444,1234740.444,0.0,1201025.462,31350.182,2364.8,0.0,0.0,0.0,0.0,0.0,0.0,0.0,0.0,0.0,0.0,Zoe Lofgren,Lofgren,Democrat
0618,2019,1102676.588,1102676.588,0.0,1071335.246,28930.042,2411.3,0.0,0.0,0.0,0.0,0.0,0.0,0.0,0.0,0.0,0.0,Zoe Lofgren,Lofgren,Democrat
0618,2020,839221.156,839221.156,0.0,828615.536,7789.822,2815.798,0.0,0.0,0.0,0.0,0.0,0.0,0.0,0.0,0.0,0.0,Zoe Lofgren,Lofgren,Democrat
0618,2021,872218.394,872218.394,0.0,861772.522,8037.772,2408.1,0.0,0.0,0.0,0.0,0.0,0.0,0.0,0.0,0.0,0.0,Zoe Lofgren,Lofgren,Democrat
0618,2022,861230.7760000001,861230.7760000001,0.0,837573.106,21176.67,2481.0,0.0,0.0,0.0,0.0,0.0,0.0,0.0,0.0,0.0,0.0,Zoe Lofgren,Lofgren,Democrat
0618,2023,783499.574,783499.574,0.0,760925.8,20109.574,2464.2,0.0,0.0,0.0,0.0,0.0,0.0,0.0,0.0,0.0,0.0,Zoe Lofgren,Lofgren,Democrat
0619,2010,2773580.826328,2773580.826328,0.0,2773580.826328,0.0,0.0,0.0,0.0,0.0,0.0,0.0,0.0,0.0,0.0,0.0,0.0,Jimmy Panetta,Panetta,Democrat
0619,2011,1731363.164,1731363.164,0.0,1731363.164,0.0,0.0,0.0,0.0,0.0,0.0,0.0,0.0,0.0,0.0,0.0,0.0,Jimmy Panetta,Panetta,Democrat
0619,2012,3424824.576421,3424824.576421,0.0,3424824.576421,0.0,0.0,0.0,0.0,0.0,0.0,0.0,0.0,0.0,0.0,0.0,0.0,Jimmy Panetta,Panetta,Democrat
0619,2013,3576569.406,3576569.406,0.0,3576569.406,0.0,0.0,0.0,0.0,0.0,0.0,0.0,0.0,0.0,0.0,0.0,0.0,Jimmy Panetta,Panetta,Democrat
0619,2014,2971106.278,2971106.278,0.0,2971106.278,0.0,0.0,0.0,0.0,0.0,0.0,0.0,0.0,0.0,0.0,0.0,0.0,Jimmy Panetta,Panetta,Democrat
0619,2015,3149766.616,3149766.616,0.0,3149766.616,0.0,0.0,0.0,0.0,0.0,0.0,0.0,0.0,0.0,0.0,0.0,0.0,Jimmy Panetta,Panetta,Democrat
0619,2016,2329162.952,2329162.952,0.0,2329162.952,0.0,0.0,0.0,0.0,0.0,0.0,0.0,0.0,0.0,0.0,0.0,0.0,Jimmy Panetta,Panetta,Democrat
0619,2017,2039826.728,2039826.728,0.0,2039826.728,0.0,0.0,0.0,0.0,0.0,0.0,0.0,0.0,0.0,0.0,0.0,0.0,Jimmy Panetta,Panetta,Democrat
0619,2018,2572541.554,2572541.554,0.0,2572541.554,0.0,0.0,0.0,0.0,0.0,0.0,0.0,0.0,0.0,0.0,0.0,0.0,Jimmy Panetta,Panetta,Democrat
0619,2019,3180888.636,3180888.636,0.0,3180888.636,0.0,0.0,0.0,0.0,0.0,0.0,0.0,0.0,0.0,0.0,0.0,0.0,Jimmy Panetta,Panetta,Democrat
0619,2020,3159013.162,3159013.162,0.0,3159013.162,0.0,0.0,0.0,0.0,0.0,0.0,0.0,0.0,0.0,0.0,0.0,0.0,Jimmy Panetta,Panetta,Democrat
0619,2021,3165901.428,3165901.428,0.0,3165901.428,0.0,0.0,0.0,0.0,0.0,0.0,0.0,0.0,0.0,0.0,0.0,0.0,Jimmy Panetta,Panetta,Democrat
0619,2022,3024435.578,3024435.578,0.0,3024435.578,0.0,0.0,0.0,0.0,0.0,0.0,0.0,0.0,0.0,0.0,0.0,0.0,Jimmy Panetta,Panetta,Democrat
0619,2023,3178597.938,3178597.938,0.0,3178597.938,0.0,0.0,0.0,0.0,0.0,0.0,0.0,0.0,0.0,0.0,0.0,0.0,Jimmy Panetta,Panetta,Democrat
0620,2010,15475249.336,12868844.536,2606404.8,12868844.536,0.0,0.0,0.0,0.0,0.0,0.0,0.0,0.0,0.0,0.0,2606404.8,0.0,Vince Fong,Fong,Republican
0620,2011,11453695.71,9480917.91,1972777.8,9383681.134,97236.776,0.0,0.0,0.0,0.0,0.0,0.0,0.0,0.0,0.0,1972777.8,0.0,Vince Fong,Fong,Republican
0620,2012,16754823.570576299,11935563.82,4819259.7505763,11824592.614,110971.206,0.0,0.0,0.0,0.0,0.0,2193074.8505763,0.0,0.0,0.0,2626184.9,0.0,Vince Fong,Fong,Republican
0620,2013,19028546.516,13433199.116,5595347.399999999,13255710.287999999,177452.348,0.0,0.0,0.0,36.48,0.0,2179588.8,0.0,0.0,0.0,3415758.5999999996,0.0,Vince Fong,Fong,Republican
0620,2014,20032857.252,14806459.852,5226397.4,14531194.584,275265.268,0.0,0.0,0.0,0.0,0.0,2182623.0,0.0,0.0,0.0,3043774.4,0.0,Vince Fong,Fong,Republican
0620,2015,18819512.74,13743212.94,5076299.8,13417097.172,326115.768,0.0,0.0,0.0,0.0,0.0,2388846.0,0.0,0.0,0.0,2687453.8000000003,0.0,Vince Fong,Fong,Republican
0620,2016,17746713.01,13188368.51,4558344.5,10490751.172,705636.936,1991980.402,0.0,0.0,0.0,0.0,2294866.0,0.0,0.0,0.0,2263478.5,0.0,Vince Fong,Fong,Republican
0620,2017,17030579.213999998,12206498.314,4824080.9,9605919.166,829297.086,1771282.0620000002,0.0,0.0,0.0,0.0,2426901.0,0.0,0.0,0.0,2397179.9,0.0,Vince Fong,Fong,Republican
0620,2018,16244558.944,11484054.144,4760504.8,8998806.142,919315.582,1565932.42,0.0,0.0,0.0,0.0,2351613.0,0.0,0.0,0.0,2408891.8,0.0,Vince Fong,Fong,Republican
0620,2019,15553692.402,10977875.102,4575817.3,8690784.228,1019493.4879999999,1267597.386,0.0,0.0,0.0,0.0,2274108.0,0.0,0.0,0.0,2301709.3,0.0,Vince Fong,Fong,Republican
0620,2020,15796787.384,11503490.583999999,4293296.8,9252758.311999999,962117.24,1288615.032,0.0,0.0,0.0,0.0,2326110.0,0.0,0.0,0.0,1967186.8,0.0,Vince Fong,Fong,Republican
0620,2021,14844276.808463,10687053.17,4157223.6384630003,8605899.542,858897.0419999999,1222256.586,0.0,0.0,0.0,0.0,2233480.538463,0.0,0.0,0.0,1923743.1,0.0,Vince Fong,Fong,Republican
0620,2022,13849712.194216,9549838.556,4299873.638216,8035334.566000001,587499.596,927004.3940000001,0.0,0.0,0.0,0.0,2357338.138216,0.0,0.0,0.0,1942535.5,0.0,Vince Fong,Fong,Republican
0620,2023,14129825.696679,9863119.973,4266705.7236790005,8497018.893,493941.368,872159.7119999999,0.0,0.0,0.0,0.0,2187972.723679,0.0,0.0,0.0,2078733.0,0.0,Vince Fong,Fong,Republican
0621,2010,437473.328,437473.328,0.0,437473.328,0.0,0.0,0.0,0.0,0.0,0.0,0.0,0.0,0.0,0.0,0.0,0.0,Jim Costa,Costa,Democrat
0621,2011,446078.152,446078.152,0.0,446078.152,0.0,0.0,0.0,0.0,0.0,0.0,0.0,0.0,0.0,0.0,0.0,0.0,Jim Costa,Costa,Democrat
0621,2012,442266.794,442266.794,0.0,442266.794,0.0,0.0,0.0,0.0,0.0,0.0,0.0,0.0,0.0,0.0,0.0,0.0,Jim Costa,Costa,Democrat
0621,2013,488067.772,488067.772,0.0,488067.772,0.0,0.0,0.0,0.0,0.0,0.0,0.0,0.0,0.0,0.0,0.0,0.0,Jim Costa,Costa,Democrat
0621,2014,566370.468,566370.468,0.0,566370.468,0.0,0.0,0.0,0.0,0.0,0.0,0.0,0.0,0.0,0.0,0.0,0.0,Jim Costa,Costa,Democrat
0621,2015,441372.252,441372.252,0.0,441372.252,0.0,0.0,0.0,0.0,0.0,0.0,0.0,0.0,0.0,0.0,0.0,0.0,Jim Costa,Costa,Democrat
0621,2016,282547.502,282547.502,0.0,282547.502,0.0,0.0,0.0,0.0,0.0,0.0,0.0,0.0,0.0,0.0,0.0,0.0,Jim Costa,Costa,Democrat
0621,2017,251806.314,251806.314,0.0,251806.314,0.0,0.0,0.0,0.0,0.0,0.0,0.0,0.0,0.0,0.0,0.0,0.0,Jim Costa,Costa,Democrat
0621,2018,276580.148,276580.148,0.0,276580.148,0.0,0.0,0.0,0.0,0.0,0.0,0.0,0.0,0.0,0.0,0.0,0.0,Jim Costa,Costa,Democrat
0621,2019,233283.388,233283.388,0.0,233283.388,0.0,0.0,0.0,0.0,0.0,0.0,0.0,0.0,0.0,0.0,0.0,0.0,Jim Costa,Costa,Democrat
0621,2020,233916.954,233916.954,0.0,233916.954,0.0,0.0,0.0,0.0,0.0,0.0,0.0,0.0,0.0,0.0,0.0,0.0,Jim Costa,Costa,Democrat
0621,2021,282118.408,282118.408,0.0,282118.408,0.0,0.0,0.0,0.0,0.0,0.0,0.0,0.0,0.0,0.0,0.0,0.0,Jim Costa,Costa,Democrat
0621,2022,280747.104,280747.104,0.0,280747.104,0.0,0.0,0.0,0.0,0.0,0.0,0.0,0.0,0.0,0.0,0.0,0.0,Jim Costa,Costa,Democrat
0621,2023,282647.336,282647.336,0.0,282647.336,0.0,0.0,0.0,0.0,0.0,0.0,0.0,0.0,0.0,0.0,0.0,0.0,Jim Costa,Costa,Democrat
0622,2010,9011041.535705661,8464131.93570566,546909.6,8464131.93570566,0.0,0.0,0.0,0.0,0.0,0.0,0.0,0.0,0.0,0.0,546909.6,0.0,David G. Valadao,Valadao,Republican
0622,2011,8605994.148,7916824.0479999995,689170.1,7900258.074,16068.934,0.0,0.0,0.0,497.03999999999996,0.0,0.0,0.0,0.0,0.0,689170.1,0.0,David G. Valadao,Valadao,Republican
0622,2012,11514414.2838,7444288.3838,4070125.9,7112503.3838,331785.0,0.0,0.0,0.0,0.0,0.0,3364899.0,0.0,0.0,0.0,705226.9,0.0,David G. Valadao,Valadao,Republican
0622,2013,12142627.2067324,7867009.584,4275617.6227324,7267855.77,598440.174,0.0,0.0,0.0,713.64,0.0,3535800.9227324,0.0,0.0,0.0,739816.7,0.0,David G. Valadao,Valadao,Republican
0622,2014,12961974.6286032,8376882.112,4585092.5166032,7752160.18,624541.812,0.0,0.0,0.0,180.12,0.0,3872594.9166032,0.0,0.0,0.0,712497.6,0.0,David G. Valadao,Valadao,Republican
0622,2015,13000129.738,7913818.738,5086311.0,7383371.59,530184.948,0.0,0.0,0.0,262.2,0.0,4172694.1,0.0,0.0,0.0,913616.9,0.0,David G. Valadao,Valadao,Republican
0622,2016,10414894.2199532,5290452.24,5124441.9799532,3990897.398,387941.412,911146.03,0.0,0.0,467.4,0.0,3945721.8799532,0.0,0.0,0.0,1178720.1,0.0,David G. Valadao,Valadao,Republican
0622,2017,10428702.1311528,5327720.55,5100981.5811528005,4036587.216,1248850.6400000001,41895.094,0.0,0.0,387.6,0.0,3974225.2811528,0.0,0.0,0.0,1126756.3,0.0,David G. Valadao,Valadao,Republican
0622,2018,10294499.8709379,5204457.5,5090042.370937901,3919997.028,433086.952,850951.72,0.0,0.0,421.8,0.0,4067664.8709379,0.0,0.0,0.0,1022377.5,0.0,David G. Valadao,Valadao,Republican
0622,2019,10241567.826787,4975510.9860000005,5266056.840787,3290430.5280000004,448666.93399999995,1236413.524,0.0,0.0,0.0,0.0,4139021.340787,0.0,0.0,0.0,1127035.5,0.0,David G. Valadao,Valadao,Republican
0622,2020,8889982.0249101,4533420.3100000005,4356561.7149101,3223227.566,266223.662,1043570.0819999999,0.0,0.0,399.0,0.0,3678940.1149101,0.0,0.0,0.0,677621.6,0.0,David G. Valadao,Valadao,Republican
0622,2021,8724555.3404899,4531664.1027999995,4192891.2376899,3208249.8479999998,328069.732,995039.436,0.0,0.0,305.0868,0.0,3575884.7376899,0.0,0.0,0.0,617006.5,0.0,David G. Valadao,Valadao,Republican
0622,2022,8388902.3652729,4527838.9392,3861063.4260729,2922740.296,257584.74800000002,1346869.5899999999,0.0,0.0,644.3052,0.0,3831426.8260729,0.0,0.0,0.0,29636.6,0.0,David G. Valadao,Valadao,Republican
0622,2023,7780047.3784358995,3983281.3159999996,3796766.0624359,2673273.022,87817.13799999999,1222191.156,0.0,0.0,0.0,0.0,3769504.2624359,0.0,0.0,0.0,27261.8,0.0,David G. Valadao,Valadao,Republican
0623,2010,7688067.980096076,7688067.980096076,0.0,7688067.980096076,0.0,0.0,0.0,0.0,0.0,0.0,0.0,0.0,0.0,0.0,0.0,0.0,Jay Obernolte,Obernolte,Republican
0623,2011,7086301.176,7086301.176,0.0,7086301.176,0.0,0.0,0.0,0.0,0.0,0.0,0.0,0.0,0.0,0.0,0.0,0.0,Jay Obernolte,Obernolte,Republican
0623,2012,8852277.592,8852277.592,0.0,8852277.592,0.0,0.0,0.0,0.0,0.0,0.0,0.0,0.0,0.0,0.0,0.0,0.0,Jay Obernolte,Obernolte,Republican
0623,2013,8340135.1959999995,8340135.1959999995,0.0,8340135.1959999995,0.0,0.0,0.0,0.0,0.0,0.0,0.0,0.0,0.0,0.0,0.0,0.0,Jay Obernolte,Obernolte,Republican
0623,2014,8547489.574000001,8547489.574000001,0.0,8547489.574000001,0.0,0.0,0.0,0.0,0.0,0.0,0.0,0.0,0.0,0.0,0.0,0.0,Jay Obernolte,Obernolte,Republican
0623,2015,7673494.398,7673494.398,0.0,7673494.398,0.0,0.0,0.0,0.0,0.0,0.0,0.0,0.0,0.0,0.0,0.0,0.0,Jay Obernolte,Obernolte,Republican
0623,2016,7639301.103999999,7639301.103999999,0.0,7639301.103999999,0.0,0.0,0.0,0.0,0.0,0.0,0.0,0.0,0.0,0.0,0.0,0.0,Jay Obernolte,Obernolte,Republican
0623,2017,7307550.832,7307550.832,0.0,7307550.832,0.0,0.0,0.0,0.0,0.0,0.0,0.0,0.0,0.0,0.0,0.0,0.0,Jay Obernolte,Obernolte,Republican
0623,2018,7612143.974,7612143.974,0.0,7612143.974,0.0,0.0,0.0,0.0,0.0,0.0,0.0,0.0,0.0,0.0,0.0,0.0,Jay Obernolte,Obernolte,Republican
0623,2019,7687088.368,7687088.368,0.0,7687088.368,0.0,0.0,0.0,0.0,0.0,0.0,0.0,0.0,0.0,0.0,0.0,0.0,Jay Obernolte,Obernolte,Republican
0623,2020,8220443.756,8220443.756,0.0,8220443.756,0.0,0.0,0.0,0.0,0.0,0.0,0.0,0.0,0.0,0.0,0.0,0.0,Jay Obernolte,Obernolte,Republican
0623,2021,8527993.144,8527993.144,0.0,8527993.144,0.0,0.0,0.0,0.0,0.0,0.0,0.0,0.0,0.0,0.0,0.0,0.0,Jay Obernolte,Obernolte,Republican
0623,2022,8511843.078,8511843.078,0.0,8511843.078,0.0,0.0,0.0,0.0,0.0,0.0,0.0,0.0,0.0,0.0,0.0,0.0,Jay Obernolte,Obernolte,Republican
0623,2023,8202953.316000001,8202953.316000001,0.0,8202953.316000001,0.0,0.0,0.0,0.0,0.0,0.0,0.0,0.0,0.0,0.0,0.0,0.0,Jay Obernolte,Obernolte,Republican
0624,2010,902197.324,902197.324,0.0,902197.324,0.0,0.0,0.0,0.0,0.0,0.0,0.0,0.0,0.0,0.0,0.0,0.0,Salud O. Carbajal,Carbajal,Democrat
0624,2011,974699.65,974699.65,0.0,974699.65,0.0,0.0,0.0,0.0,0.0,0.0,0.0,0.0,0.0,0.0,0.0,0.0,Salud O. Carbajal,Carbajal,Democrat
0624,2012,7887908.946,981330.606,6906578.34,981330.606,0.0,0.0,0.0,0.0,0.0,0.0,6906578.34,0.0,0.0,0.0,0.0,0.0,Salud O. Carbajal,Carbajal,Democrat
0624,2013,8323803.018,984577.258,7339225.76,926325.3,58251.958,0.0,0.0,0.0,0.0,0.0,7339225.76,0.0,0.0,0.0,0.0,0.0,Salud O. Carbajal,Carbajal,Democrat
0624,2014,8317068.652,1049141.5219999999,7267927.13,934554.932,114586.59,0.0,0.0,0.0,0.0,0.0,7267927.13,0.0,0.0,0.0,0.0,0.0,Salud O. Carbajal,Carbajal,Democrat
0624,2015,6030314.802,787393.1020000001,5242921.7,712717.424,74675.678,0.0,0.0,0.0,0.0,0.0,5232707.0,0.0,0.0,0.0,10214.7,0.0,Salud O. Carbajal,Carbajal,Democrat
0624,2016,6029001.498000001,745298.198,5283703.3,624767.894,66878.56999999999,53651.734,0.0,0.0,0.0,0.0,5283703.3,0.0,0.0,0.0,0.0,0.0,Salud O. Carbajal,Carbajal,Democrat
0624,2017,5761659.688,636264.778,5125394.91,421953.622,169047.05800000002,45264.098,0.0,0.0,0.0,0.0,5125394.91,0.0,0.0,0.0,0.0,0.0,Salud O. Carbajal,Carbajal,Democrat
0624,2018,5507123.604,613559.694,4893563.91,382814.34,181372.18,49373.174,0.0,0.0,0.0,0.0,4893563.91,0.0,0.0,0.0,0.0,0.0,Salud O. Carbajal,Carbajal,Democrat
0624,2019,5100748.886000001,575317.216,4525431.67,348117.59,186743.19,40456.436,0.0,0.0,0.0,0.0,4525431.67,0.0,0.0,0.0,0.0,0.0,Salud O. Carbajal,Carbajal,Democrat
0624,2020,4769098.433999999,518574.23400000005,4250524.2,336581.62600000005,137720.13400000002,44272.474,0.0,0.0,0.0,0.0,4250524.2,0.0,0.0,0.0,0.0,0.0,Salud O. Carbajal,Carbajal,Democrat
0624,2021,4162755.932,519687.93200000003,3643068.0,311124.108,152112.278,56451.546,0.0,0.0,0.0,0.0,3643068.0,0.0,0.0,0.0,0.0,0.0,Salud O. Carbajal,Carbajal,Democrat
0624,2022,4149538.5599999996,564356.56,3585182.0,314886.898,194870.386,54599.276,0.0,0.0,0.0,0.0,3585182.0,0.0,0.0,0.0,0.0,0.0,Salud O. Carbajal,Carbajal,Democrat
0624,2023,451118.618,384529.618,66589.0,170597.106,197235.964,16696.548,0.0,0.0,0.0,0.0,66589.0,0.0,0.0,0.0,0.0,0.0,Salud O. Carbajal,Carbajal,Democrat
0625,2010,1088830.6214518312,1088830.6214518312,0.0,1088830.6214518312,0.0,0.0,0.0,0.0,0.0,0.0,0.0,0.0,0.0,0.0,0.0,0.0,Raul Ruiz,Ruiz,Democrat
0625,2011,1181989.128,1181989.128,0.0,1180333.848,0.0,0.0,0.0,0.0,1655.28,0.0,0.0,0.0,0.0,0.0,0.0,0.0,Raul Ruiz,Ruiz,Democrat
0625,2012,1474383.394,1474383.394,0.0,1473213.754,0.0,0.0,0.0,0.0,1169.64,0.0,0.0,0.0,0.0,0.0,0.0,0.0,Raul Ruiz,Ruiz,Democrat
0625,2013,1767825.82,1767825.82,0.0,1765675.78,0.0,0.0,0.0,0.0,2150.04,0.0,0.0,0.0,0.0,0.0,0.0,0.0,Raul Ruiz,Ruiz,Democrat
0625,2014,1784338.13,1784338.13,0.0,1783252.8499999999,0.0,0.0,0.0,0.0,1085.28,0.0,0.0,0.0,0.0,0.0,0.0,0.0,Raul Ruiz,Ruiz,Democrat
0625,2015,1659938.06,1659938.06,0.0,1657010.54,0.0,0.0,0.0,0.0,2927.52,0.0,0.0,0.0,0.0,0.0,0.0,0.0,Raul Ruiz,Ruiz,Democrat
0625,2016,1369268.528,1369268.528,0.0,1366630.568,0.0,0.0,0.0,0.0,2637.96,0.0,0.0,0.0,0.0,0.0,0.0,0.0,Raul Ruiz,Ruiz,Democrat
0625,2017,1731391.384,1731391.384,0.0,1728395.4640000002,0.0,0.0,0.0,0.0,2995.92,0.0,0.0,0.0,0.0,0.0,0.0,0.0,Raul Ruiz,Ruiz,Democrat
0625,2018,1973477.654,1973477.654,0.0,1973477.654,0.0,0.0,0.0,0.0,0.0,0.0,0.0,0.0,0.0,0.0,0.0,0.0,Raul Ruiz,Ruiz,Democrat
0625,2019,1541051.044,1541051.044,0.0,1541051.044,0.0,0.0,0.0,0.0,0.0,0.0,0.0,0.0,0.0,0.0,0.0,0.0,Raul Ruiz,Ruiz,Democrat
0625,2020,1687336.0499999998,1687336.0499999998,0.0,1687336.0499999998,0.0,0.0,0.0,0.0,0.0,0.0,0.0,0.0,0.0,0.0,0.0,0.0,Raul Ruiz,Ruiz,Democrat
0625,2021,1974559.466,1974559.466,0.0,1974559.466,0.0,0.0,0.0,0.0,0.0,0.0,0.0,0.0,0.0,0.0,0.0,0.0,Raul Ruiz,Ruiz,Democrat
0625,2022,1725731.428,1725731.428,0.0,1725731.428,0.0,0.0,0.0,0.0,0.0,0.0,0.0,0.0,0.0,0.0,0.0,0.0,Raul Ruiz,Ruiz,Democrat
0625,2023,1778887.404,1778887.404,0.0,1778887.404,0.0,0.0,0.0,0.0,0.0,0.0,0.0,0.0,0.0,0.0,0.0,0.0,Raul Ruiz,Ruiz,Democrat
0626,2010,1291919.24767,1234777.14767,57142.1,1234777.14767,0.0,0.0,0.0,0.0,0.0,0.0,0.0,0.0,0.0,0.0,57142.1,0.0,Julia Brownley,Brownley,Democrat
0626,2011,1162371.238843,1112841.938843,49529.3,1112841.938843,0.0,0.0,0.0,0.0,0.0,0.0,0.0,0.0,0.0,0.0,49529.3,0.0,Julia Brownley,Brownley,Democrat
0626,2012,1479009.959581,1423864.759581,55145.2,1423864.759581,0.0,0.0,0.0,0.0,0.0,0.0,0.0,0.0,0.0,0.0,55145.2,0.0,Julia Brownley,Brownley,Democrat
0626,2013,1666199.786,1608478.286,57721.5,1608478.286,0.0,0.0,0.0,0.0,0.0,0.0,0.0,0.0,0.0,0.0,57721.5,0.0,Julia Brownley,Brownley,Democrat
0626,2014,1450074.974,1385988.074,64086.9,1385988.074,0.0,0.0,0.0,0.0,0.0,0.0,0.0,0.0,0.0,0.0,64086.9,0.0,Julia Brownley,Brownley,Democrat
0626,2015,1566873.716,1503771.516,63102.2,1503771.516,0.0,0.0,0.0,0.0,0.0,0.0,0.0,0.0,0.0,0.0,63102.2,0.0,Julia Brownley,Brownley,Democrat
0626,2016,1142298.186,1086363.886,55934.3,1086363.886,0.0,0.0,0.0,0.0,0.0,0.0,0.0,0.0,0.0,0.0,55934.3,0.0,Julia Brownley,Brownley,Democrat
0626,2017,1280923.488,1227796.588,53126.9,1227796.588,0.0,0.0,0.0,0.0,0.0,0.0,0.0,0.0,0.0,0.0,53126.9,0.0,Julia Brownley,Brownley,Democrat
0626,2018,1121043.368,1073919.268,47124.1,1073919.268,0.0,0.0,0.0,0.0,0.0,0.0,0.0,0.0,0.0,0.0,47124.1,0.0,Julia Brownley,Brownley,Democrat
0626,2019,1140629.132,1100456.932,40172.2,1100456.932,0.0,0.0,0.0,0.0,0.0,0.0,0.0,0.0,0.0,0.0,40172.2,0.0,Julia Brownley,Brownley,Democrat
0626,2020,1383942.428,1351764.328,32178.1,1351764.328,0.0,0.0,0.0,0.0,0.0,0.0,0.0,0.0,0.0,0.0,32178.1,0.0,Julia Brownley,Brownley,Democrat
0626,2021,1139691.842,1106725.142,32966.7,1106725.142,0.0,0.0,0.0,0.0,0.0,0.0,0.0,0.0,0.0,0.0,32966.7,0.0,Julia Brownley,Brownley,Democrat
0626,2022,1020537.176,982557.476,37979.7,982557.476,0.0,0.0,0.0,0.0,0.0,0.0,0.0,0.0,0.0,0.0,37979.7,0.0,Julia Brownley,Brownley,Democrat
0626,2023,1035566.7440000001,993592.144,41974.6,993592.144,0.0,0.0,0.0,0.0,0.0,0.0,0.0,0.0,0.0,0.0,41974.6,0.0,Julia Brownley,Brownley,Democrat
0627,2010,857448.051121,857448.051121,0.0,857448.051121,0.0,0.0,0.0,0.0,0.0,0.0,0.0,0.0,0.0,0.0,0.0,0.0,George Whitesides,Whitesides,Democrat
0627,2011,848812.894,848812.894,0.0,848812.894,0.0,0.0,0.0,0.0,0.0,0.0,0.0,0.0,0.0,0.0,0.0,0.0,George Whitesides,Whitesides,Democrat
0627,2012,914143.0993829999,914143.0993829999,0.0,914143.0993829999,0.0,0.0,0.0,0.0,0.0,0.0,0.0,0.0,0.0,0.0,0.0,0.0,George Whitesides,Whitesides,Democrat
0627,2013,816825.37,816825.37,0.0,816825.37,0.0,0.0,0.0,0.0,0.0,0.0,0.0,0.0,0.0,0.0,0.0,0.0,George Whitesides,Whitesides,Democrat
0627,2014,735607.864,735607.864,0.0,693583.966,42023.898,0.0,0.0,0.0,0.0,0.0,0.0,0.0,0.0,0.0,0.0,0.0,George Whitesides,Whitesides,Democrat
0627,2015,900588.12,900588.12,0.0,660203.144,240384.976,0.0,0.0,0.0,0.0,0.0,0.0,0.0,0.0,0.0,0.0,0.0,George Whitesides,Whitesides,Democrat
0627,2016,755162.414,755162.414,0.0,522102.984,233059.43,0.0,0.0,0.0,0.0,0.0,0.0,0.0,0.0,0.0,0.0,0.0,George Whitesides,Whitesides,Democrat
0627,2017,965730.7320000001,965730.7320000001,0.0,733650.908,232079.824,0.0,0.0,0.0,0.0,0.0,0.0,0.0,0.0,0.0,0.0,0.0,George Whitesides,Whitesides,Democrat
0627,2018,996462.282,996462.282,0.0,771366.69,225095.592,0.0,0.0,0.0,0.0,0.0,0.0,0.0,0.0,0.0,0.0,0.0,George Whitesides,Whitesides,Democrat
0627,2019,906978.344,906978.344,0.0,696330.424,210647.92,0.0,0.0,0.0,0.0,0.0,0.0,0.0,0.0,0.0,0.0,0.0,George Whitesides,Whitesides,Democrat
0627,2020,882069.024,882069.024,0.0,671149.794,210919.23,0.0,0.0,0.0,0.0,0.0,0.0,0.0,0.0,0.0,0.0,0.0,George Whitesides,Whitesides,Democrat
0627,2021,792914.11,792914.11,0.0,652442.828,140471.282,0.0,0.0,0.0,0.0,0.0,0.0,0.0,0.0,0.0,0.0,0.0,George Whitesides,Whitesides,Democrat
0627,2022,684050.226,684050.226,0.0,665407.446,18642.78,0.0,0.0,0.0,0.0,0.0,0.0,0.0,0.0,0.0,0.0,0.0,George Whitesides,Whitesides,Democrat
0627,2023,759196.8420000001,759196.8420000001,0.0,723937.8740000001,35258.968,0.0,0.0,0.0,0.0,0.0,0.0,0.0,0.0,0.0,0.0,0.0,George Whitesides,Whitesides,Democrat
0628,2010,132787.168,132787.168,0.0,132787.168,0.0,0.0,0.0,0.0,0.0,0.0,0.0,0.0,0.0,0.0,0.0,0.0,Judy Chu,Chu,Democrat
0628,2011,217365.57,217365.57,0.0,141256.89,0.0,0.0,0.0,0.0,76108.68,0.0,0.0,0.0,0.0,0.0,0.0,0.0,Judy Chu,Chu,Democrat
0628,2012,262590.538,262590.538,0.0,198244.378,0.0,0.0,0.0,0.0,64346.16,0.0,0.0,0.0,0.0,0.0,0.0,0.0,Judy Chu,Chu,Democrat
0628,2013,180134.612,180134.612,0.0,117872.372,0.0,0.0,0.0,0.0,62262.24,0.0,0.0,0.0,0.0,0.0,0.0,0.0,Judy Chu,Chu,Democrat
0628,2014,226677.092,226677.092,0.0,119498.852,0.0,0.0,0.0,0.0,107178.24,0.0,0.0,0.0,0.0,0.0,0.0,0.0,Judy Chu,Chu,Democrat
0628,2015,182434.71600000001,182434.71600000001,0.0,91777.356,0.0,0.0,0.0,0.0,90657.36,0.0,0.0,0.0,0.0,0.0,0.0,0.0,Judy Chu,Chu,Democrat
0628,2016,254129.76799999998,254129.76799999998,0.0,102087.968,0.0,0.0,0.0,0.0,152041.8,0.0,0.0,0.0,0.0,0.0,0.0,0.0,Judy Chu,Chu,Democrat
0628,2017,190488.9172,190488.9172,0.0,105544.804,0.0,0.0,0.0,0.0,84944.1132,0.0,0.0,0.0,0.0,0.0,0.0,0.0,Judy Chu,Chu,Democrat
0628,2018,160881.2456,160881.2456,0.0,102841.064,0.0,0.0,0.0,0.0,58040.1816,0.0,0.0,0.0,0.0,0.0,0.0,0.0,Judy Chu,Chu,Democrat
0628,2019,168730.7404,168730.7404,0.0,95878.288,0.0,0.0,0.0,0.0,72852.4524,0.0,0.0,0.0,0.0,0.0,0.0,0.0,Judy Chu,Chu,Democrat
0628,2020,224992.9988,224992.9988,0.0,84241.736,0.0,0.0,0.0,0.0,140751.2628,0.0,0.0,0.0,0.0,0.0,0.0,0.0,Judy Chu,Chu,Democrat
0628,2021,162734.31399999998,162734.31399999998,0.0,71376.88,0.0,0.0,0.0,0.0,91357.434,0.0,0.0,0.0,0.0,0.0,0.0,0.0,Judy Chu,Chu,Democrat
0628,2022,165574.40759999998,165574.40759999998,0.0,65545.404,0.0,0.0,0.0,0.0,100029.0036,0.0,0.0,0.0,0.0,0.0,0.0,0.0,Judy Chu,Chu,Democrat
0628,2023,103876.2428,103876.2428,0.0,58385.432,0.0,0.0,0.0,0.0,45490.8108,0.0,0.0,0.0,0.0,0.0,0.0,0.0,Judy Chu,Chu,Democrat
0629,2010,824467.3241969999,824467.3241969999,0.0,824467.3241969999,0.0,0.0,0.0,0.0,0.0,0.0,0.0,0.0,0.0,0.0,0.0,0.0,Luz M. Rivas,Rivas,Democrat
0629,2011,672003.359906,672003.359906,0.0,672003.359906,0.0,0.0,0.0,0.0,0.0,0.0,0.0,0.0,0.0,0.0,0.0,0.0,Luz M. Rivas,Rivas,Democrat
0629,2012,1226206.543477,1226206.543477,0.0,1226206.543477,0.0,0.0,0.0,0.0,0.0,0.0,0.0,0.0,0.0,0.0,0.0,0.0,Luz M. Rivas,Rivas,Democrat
0629,2013,638510.7660000001,638510.7660000001,0.0,638510.7660000001,0.0,0.0,0.0,0.0,0.0,0.0,0.0,0.0,0.0,0.0,0.0,0.0,Luz M. Rivas,Rivas,Democrat
0629,2014,815722.742,815722.742,0.0,815722.742,0.0,0.0,0.0,0.0,0.0,0.0,0.0,0.0,0.0,0.0,0.0,0.0,Luz M. Rivas,Rivas,Democrat
0629,2015,628321.502,628321.502,0.0,628321.502,0.0,0.0,0.0,0.0,0.0,0.0,0.0,0.0,0.0,0.0,0.0,0.0,Luz M. Rivas,Rivas,Democrat
0629,2016,829461.564,829461.564,0.0,829461.564,0.0,0.0,0.0,0.0,0.0,0.0,0.0,0.0,0.0,0.0,0.0,0.0,Luz M. Rivas,Rivas,Democrat
0629,2017,708377.198,708377.198,0.0,708377.198,0.0,0.0,0.0,0.0,0.0,0.0,0.0,0.0,0.0,0.0,0.0,0.0,Luz M. Rivas,Rivas,Democrat
0629,2018,648445.034,648445.034,0.0,648445.034,0.0,0.0,0.0,0.0,0.0,0.0,0.0,0.0,0.0,0.0,0.0,0.0,Luz M. Rivas,Rivas,Democrat
0629,2019,991249.8420000001,991249.8420000001,0.0,991249.8420000001,0.0,0.0,0.0,0.0,0.0,0.0,0.0,0.0,0.0,0.0,0.0,0.0,Luz M. Rivas,Rivas,Democrat
0629,2020,504443.32999999996,504443.32999999996,0.0,504443.32999999996,0.0,0.0,0.0,0.0,0.0,0.0,0.0,0.0,0.0,0.0,0.0,0.0,Luz M. Rivas,Rivas,Democrat
0629,2021,626193.412,626193.412,0.0,626193.412,0.0,0.0,0.0,0.0,0.0,0.0,0.0,0.0,0.0,0.0,0.0,0.0,Luz M. Rivas,Rivas,Democrat
0629,2022,987972.258,987972.258,0.0,987972.258,0.0,0.0,0.0,0.0,0.0,0.0,0.0,0.0,0.0,0.0,0.0,0.0,Luz M. Rivas,Rivas,Democrat
0629,2023,762966.2420000001,762966.2420000001,0.0,762966.2420000001,0.0,0.0,0.0,0.0,0.0,0.0,0.0,0.0,0.0,0.0,0.0,0.0,Luz M. Rivas,Rivas,Democrat
0630,2010,869911.7779999999,869911.7779999999,0.0,869911.7779999999,0.0,0.0,0.0,0.0,0.0,0.0,0.0,0.0,0.0,0.0,0.0,0.0,Laura Friedman,Friedman,Democrat
0630,2011,683451.912,683451.912,0.0,683451.912,0.0,0.0,0.0,0.0,0.0,0.0,0.0,0.0,0.0,0.0,0.0,0.0,Laura Friedman,Friedman,Democrat
0630,2012,736449.392,736449.392,0.0,736449.392,0.0,0.0,0.0,0.0,0.0,0.0,0.0,0.0,0.0,0.0,0.0,0.0,Laura Friedman,Friedman,Democrat
0630,2013,663332.644,663332.644,0.0,663332.644,0.0,0.0,0.0,0.0,0.0,0.0,0.0,0.0,0.0,0.0,0.0,0.0,Laura Friedman,Friedman,Democrat
0630,2014,916125.8520000001,916125.8520000001,0.0,916125.8520000001,0.0,0.0,0.0,0.0,0.0,0.0,0.0,0.0,0.0,0.0,0.0,0.0,Laura Friedman,Friedman,Democrat
0630,2015,921405.552,921405.552,0.0,921405.552,0.0,0.0,0.0,0.0,0.0,0.0,0.0,0.0,0.0,0.0,0.0,0.0,Laura Friedman,Friedman,Democrat
0630,2016,862756.7220000001,862756.7220000001,0.0,862756.7220000001,0.0,0.0,0.0,0.0,0.0,0.0,0.0,0.0,0.0,0.0,0.0,0.0,Laura Friedman,Friedman,Democrat
0630,2017,804386.804,804386.804,0.0,804386.804,0.0,0.0,0.0,0.0,0.0,0.0,0.0,0.0,0.0,0.0,0.0,0.0,Laura Friedman,Friedman,Democrat
0630,2018,824584.7279999999,824584.7279999999,0.0,824584.7279999999,0.0,0.0,0.0,0.0,0.0,0.0,0.0,0.0,0.0,0.0,0.0,0.0,Laura Friedman,Friedman,Democrat
0630,2019,890276.1599999999,890276.1599999999,0.0,890276.1599999999,0.0,0.0,0.0,0.0,0.0,0.0,0.0,0.0,0.0,0.0,0.0,0.0,Laura Friedman,Friedman,Democrat
0630,2020,810848.546,810848.546,0.0,810848.546,0.0,0.0,0.0,0.0,0.0,0.0,0.0,0.0,0.0,0.0,0.0,0.0,Laura Friedman,Friedman,Democrat
0630,2021,711746.6900000001,711746.6900000001,0.0,711746.6900000001,0.0,0.0,0.0,0.0,0.0,0.0,0.0,0.0,0.0,0.0,0.0,0.0,Laura Friedman,Friedman,Democrat
0630,2022,848095.772,848095.772,0.0,848095.772,0.0,0.0,0.0,0.0,0.0,0.0,0.0,0.0,0.0,0.0,0.0,0.0,Laura Friedman,Friedman,Democrat
0630,2023,842661.032,842661.032,0.0,842661.032,0.0,0.0,0.0,0.0,0.0,0.0,0.0,0.0,0.0,0.0,0.0,0.0,Laura Friedman,Friedman,Democrat
0631,2010,992360.2274750001,992360.2274750001,0.0,992360.2274750001,0.0,0.0,0.0,0.0,0.0,0.0,0.0,0.0,0.0,0.0,0.0,0.0,"Gilbert Ray Cisneros, Jr.",Cisneros,Democrat
0631,2011,999158.352,999158.352,0.0,999158.352,0.0,0.0,0.0,0.0,0.0,0.0,0.0,0.0,0.0,0.0,0.0,0.0,"Gilbert Ray Cisneros, Jr.",Cisneros,Democrat
0631,2012,1009239.1240000001,1009239.1240000001,0.0,1009239.1240000001,0.0,0.0,0.0,0.0,0.0,0.0,0.0,0.0,0.0,0.0,0.0,0.0,"Gilbert Ray Cisneros, Jr.",Cisneros,Democrat
0631,2013,993368.644,993368.644,0.0,993368.644,0.0,0.0,0.0,0.0,0.0,0.0,0.0,0.0,0.0,0.0,0.0,0.0,"Gilbert Ray Cisneros, Jr.",Cisneros,Democrat
0631,2014,958424.046,958424.046,0.0,958424.046,0.0,0.0,0.0,0.0,0.0,0.0,0.0,0.0,0.0,0.0,0.0,0.0,"Gilbert Ray Cisneros, Jr.",Cisneros,Democrat
0631,2015,1142599.84,1142599.84,0.0,1142599.84,0.0,0.0,0.0,0.0,0.0,0.0,0.0,0.0,0.0,0.0,0.0,0.0,"Gilbert Ray Cisneros, Jr.",Cisneros,Democrat
0631,2016,703376.756,703376.756,0.0,703376.756,0.0,0.0,0.0,0.0,0.0,0.0,0.0,0.0,0.0,0.0,0.0,0.0,"Gilbert Ray Cisneros, Jr.",Cisneros,Democrat
0631,2017,706497.36,706497.36,0.0,706497.36,0.0,0.0,0.0,0.0,0.0,0.0,0.0,0.0,0.0,0.0,0.0,0.0,"Gilbert Ray Cisneros, Jr.",Cisneros,Democrat
0631,2018,736023.282,736023.282,0.0,736023.282,0.0,0.0,0.0,0.0,0.0,0.0,0.0,0.0,0.0,0.0,0.0,0.0,"Gilbert Ray Cisneros, Jr.",Cisneros,Democrat
0631,2019,748263.764,748263.764,0.0,748263.764,0.0,0.0,0.0,0.0,0.0,0.0,0.0,0.0,0.0,0.0,0.0,0.0,"Gilbert Ray Cisneros, Jr.",Cisneros,Democrat
0631,2020,707368.446,707368.446,0.0,707368.446,0.0,0.0,0.0,0.0,0.0,0.0,0.0,0.0,0.0,0.0,0.0,0.0,"Gilbert Ray Cisneros, Jr.",Cisneros,Democrat
0631,2021,643634.216,643634.216,0.0,643634.216,0.0,0.0,0.0,0.0,0.0,0.0,0.0,0.0,0.0,0.0,0.0,0.0,"Gilbert Ray Cisneros, Jr.",Cisneros,Democrat
0631,2022,772473.406,772473.406,0.0,772473.406,0.0,0.0,0.0,0.0,0.0,0.0,0.0,0.0,0.0,0.0,0.0,0.0,"Gilbert Ray Cisneros, Jr.",Cisneros,Democrat
0631,2023,738402.534,738402.534,0.0,738402.534,0.0,0.0,0.0,0.0,0.0,0.0,0.0,0.0,0.0,0.0,0.0,0.0,"Gilbert Ray Cisneros, Jr.",Cisneros,Democrat
0632,2010,0.0,0.0,0.0,0.0,0.0,0.0,0.0,0.0,0.0,0.0,0.0,0.0,0.0,0.0,0.0,0.0,Brad Sherman,Sherman,Democrat
0632,2011,0.0,0.0,0.0,0.0,0.0,0.0,0.0,0.0,0.0,0.0,0.0,0.0,0.0,0.0,0.0,0.0,Brad Sherman,Sherman,Democrat
0632,2012,0.0,0.0,0.0,0.0,0.0,0.0,0.0,0.0,0.0,0.0,0.0,0.0,0.0,0.0,0.0,0.0,Brad Sherman,Sherman,Democrat
0632,2013,0.0,0.0,0.0,0.0,0.0,0.0,0.0,0.0,0.0,0.0,0.0,0.0,0.0,0.0,0.0,0.0,Brad Sherman,Sherman,Democrat
0632,2014,0.0,0.0,0.0,0.0,0.0,0.0,0.0,0.0,0.0,0.0,0.0,0.0,0.0,0.0,0.0,0.0,Brad Sherman,Sherman,Democrat
0632,2015,0.0,0.0,0.0,0.0,0.0,0.0,0.0,0.0,0.0,0.0,0.0,0.0,0.0,0.0,0.0,0.0,Brad Sherman,Sherman,Democrat
0632,2016,0.0,0.0,0.0,0.0,0.0,0.0,0.0,0.0,0.0,0.0,0.0,0.0,0.0,0.0,0.0,0.0,Brad Sherman,Sherman,Democrat
0632,2017,0.0,0.0,0.0,0.0,0.0,0.0,0.0,0.0,0.0,0.0,0.0,0.0,0.0,0.0,0.0,0.0,Brad Sherman,Sherman,Democrat
0632,2018,0.0,0.0,0.0,0.0,0.0,0.0,0.0,0.0,0.0,0.0,0.0,0.0,0.0,0.0,0.0,0.0,Brad Sherman,Sherman,Democrat
0632,2019,0.0,0.0,0.0,0.0,0.0,0.0,0.0,0.0,0.0,0.0,0.0,0.0,0.0,0.0,0.0,0.0,Brad Sherman,Sherman,Democrat
0632,2020,0.0,0.0,0.0,0.0,0.0,0.0,0.0,0.0,0.0,0.0,0.0,0.0,0.0,0.0,0.0,0.0,Brad Sherman,Sherman,Democrat
0632,2021,0.0,0.0,0.0,0.0,0.0,0.0,0.0,0.0,0.0,0.0,0.0,0.0,0.0,0.0,0.0,0.0,Brad Sherman,Sherman,Democrat
0632,2022,0.0,0.0,0.0,0.0,0.0,0.0,0.0,0.0,0.0,0.0,0.0,0.0,0.0,0.0,0.0,0.0,Brad Sherman,Sherman,Democrat
0632,2023,0.0,0.0,0.0,0.0,0.0,0.0,0.0,0.0,0.0,0.0,0.0,0.0,0.0,0.0,0.0,0.0,Brad Sherman,Sherman,Democrat
0633,2010,2542052.262,2542052.262,0.0,2542052.262,0.0,0.0,0.0,0.0,0.0,0.0,0.0,0.0,0.0,0.0,0.0,0.0,Pete Aguilar,Aguilar,Democrat
0633,2011,1955858.548,1955858.548,0.0,1955858.548,0.0,0.0,0.0,0.0,0.0,0.0,0.0,0.0,0.0,0.0,0.0,0.0,Pete Aguilar,Aguilar,Democrat
0633,2012,2737452.784,2737452.784,0.0,2737452.784,0.0,0.0,0.0,0.0,0.0,0.0,0.0,0.0,0.0,0.0,0.0,0.0,Pete Aguilar,Aguilar,Democrat
0633,2013,2271820.0719999997,2271820.0719999997,0.0,2271820.0719999997,0.0,0.0,0.0,0.0,0.0,0.0,0.0,0.0,0.0,0.0,0.0,0.0,Pete Aguilar,Aguilar,Democrat
0633,2014,2560801.394,2560801.394,0.0,2560801.394,0.0,0.0,0.0,0.0,0.0,0.0,0.0,0.0,0.0,0.0,0.0,0.0,Pete Aguilar,Aguilar,Democrat
0633,2015,2410904.688,2410904.688,0.0,2410904.688,0.0,0.0,0.0,0.0,0.0,0.0,0.0,0.0,0.0,0.0,0.0,0.0,Pete Aguilar,Aguilar,Democrat
0633,2016,2105968.2359999996,2105968.2359999996,0.0,2105968.2359999996,0.0,0.0,0.0,0.0,0.0,0.0,0.0,0.0,0.0,0.0,0.0,0.0,Pete Aguilar,Aguilar,Democrat
0633,2017,1791247.3900000001,1791247.3900000001,0.0,1791247.3900000001,0.0,0.0,0.0,0.0,0.0,0.0,0.0,0.0,0.0,0.0,0.0,0.0,Pete Aguilar,Aguilar,Democrat
0633,2018,986075.792,986075.792,0.0,986075.792,0.0,0.0,0.0,0.0,0.0,0.0,0.0,0.0,0.0,0.0,0.0,0.0,Pete Aguilar,Aguilar,Democrat
0633,2019,1329858.484,1329858.484,0.0,1329858.484,0.0,0.0,0.0,0.0,0.0,0.0,0.0,0.0,0.0,0.0,0.0,0.0,Pete Aguilar,Aguilar,Democrat
0633,2020,1268034.04,1268034.04,0.0,1268034.04,0.0,0.0,0.0,0.0,0.0,0.0,0.0,0.0,0.0,0.0,0.0,0.0,Pete Aguilar,Aguilar,Democrat
0633,2021,966851.618,966851.618,0.0,966851.618,0.0,0.0,0.0,0.0,0.0,0.0,0.0,0.0,0.0,0.0,0.0,0.0,Pete Aguilar,Aguilar,Democrat
0633,2022,1605314.178,1605314.178,0.0,1605314.178,0.0,0.0,0.0,0.0,0.0,0.0,0.0,0.0,0.0,0.0,0.0,0.0,Pete Aguilar,Aguilar,Democrat
0633,2023,1173192.864,1173192.864,0.0,1173192.864,0.0,0.0,0.0,0.0,0.0,0.0,0.0,0.0,0.0,0.0,0.0,0.0,Pete Aguilar,Aguilar,Democrat
0634,2010,43916203.456,91484.356,43824719.1,91484.356,0.0,0.0,0.0,0.0,0.0,0.0,0.0,0.0,0.0,43824719.1,0.0,0.0,Jimmy Gomez,Gomez,Democrat
0634,2011,45216736.36800001,1479721.6679999998,43737014.7,96070.288,0.0,0.0,0.0,1350349.7,33301.68,0.0,0.0,0.0,0.0,43737014.7,0.0,0.0,Jimmy Gomez,Gomez,Democrat
0634,2012,48091460.676,1506968.776,46584491.9,101544.016,0.0,0.0,0.0,1385094.0,20330.76,0.0,0.0,0.0,0.0,46584491.9,0.0,0.0,Jimmy Gomez,Gomez,Democrat
0634,2013,47168459.57960001,1458070.386,45710389.1936,94191.196,0.0,0.0,0.0,1357408.55,6470.64,0.0,0.0,0.0,0.0,45710389.1936,0.0,0.0,Jimmy Gomez,Gomez,Democrat
0634,2014,45517149.6092,1448014.1020000002,44069135.5072,92188.952,0.0,0.0,0.0,1333549.55,22275.6,0.0,0.0,0.0,0.0,44069135.5072,0.0,0.0,Jimmy Gomez,Gomez,Democrat
0634,2015,44307743.87799999,1444599.178,42863144.7,96326.388,0.0,0.0,0.0,1331063.35,17209.44,0.0,0.0,0.0,0.0,42863144.7,0.0,0.0,Jimmy Gomez,Gomez,Democrat
0634,2016,43881264.47,1497918.07,42383346.4,97888.532,0.0,0.0,64272.328,1330007.05,5750.16,0.0,0.0,0.0,0.0,42383346.4,0.0,0.0,Jimmy Gomez,Gomez,Democrat
0634,2017,43259630.757,1500642.3569999998,41758988.4,89495.464,0.0,0.0,85224.043,1318934.65,6988.2,0.0,0.0,0.0,0.0,41758988.4,0.0,0.0,Jimmy Gomez,Gomez,Democrat
0634,2018,41362327.5484,1455510.8484,39906816.7,80314.648,0.0,0.0,51955.162,1313835.4,9405.6384,0.0,0.0,0.0,0.0,39906816.7,0.0,0.0,Jimmy Gomez,Gomez,Democrat
0634,2019,42620511.9432,1452241.1432000003,41168270.8,61100.968,0.0,0.0,63454.896,1307009.35,20675.9292,0.0,0.0,0.0,0.0,41168270.8,0.0,0.0,Jimmy Gomez,Gomez,Democrat
0634,2020,41768863.772999994,1403325.8730000001,40365537.9,42020.892,0.0,0.0,34954.105,1309064.6,17286.276,0.0,0.0,0.0,0.0,40365537.9,0.0,0.0,Jimmy Gomez,Gomez,Democrat
0634,2021,42989366.1114,1306398.0114,41682968.1,28656.84,0.0,0.0,8921.641,1255796.9,13022.6304,0.0,0.0,0.0,0.0,41682968.1,0.0,0.0,Jimmy Gomez,Gomez,Democrat
0634,2022,42809149.001600005,1324068.0016,41485081.0,53115.7,0.0,0.0,7837.496,1251821.35,11293.4556,0.0,0.0,0.0,0.0,41485081.0,0.0,0.0,Jimmy Gomez,Gomez,Democrat
0634,2023,41286860.6258,1381504.4258,39905356.2,76838.16,0.0,0.0,5301.427,1287218.8,12146.0388,0.0,0.0,0.0,0.0,39905356.2,0.0,0.0,Jimmy Gomez,Gomez,Democrat
0635,2010,901682.8840000001,901682.8840000001,0.0,901682.8840000001,0.0,0.0,0.0,0.0,0.0,0.0,0.0,0.0,0.0,0.0,0.0,0.0,Norma J. Torres,Torres,Democrat
0635,2011,850462.384,850462.384,0.0,850462.384,0.0,0.0,0.0,0.0,0.0,0.0,0.0,0.0,0.0,0.0,0.0,0.0,Norma J. Torres,Torres,Democrat
0635,2012,998673.578,998673.578,0.0,998673.578,0.0,0.0,0.0,0.0,0.0,0.0,0.0,0.0,0.0,0.0,0.0,0.0,Norma J. Torres,Torres,Democrat
0635,2013,996916.44,996916.44,0.0,996916.44,0.0,0.0,0.0,0.0,0.0,0.0,0.0,0.0,0.0,0.0,0.0,0.0,Norma J. Torres,Torres,Democrat
0635,2014,997178.002,997178.002,0.0,997178.002,0.0,0.0,0.0,0.0,0.0,0.0,0.0,0.0,0.0,0.0,0.0,0.0,Norma J. Torres,Torres,Democrat
0635,2015,869391.0580000001,869391.0580000001,0.0,869391.0580000001,0.0,0.0,0.0,0.0,0.0,0.0,0.0,0.0,0.0,0.0,0.0,0.0,Norma J. Torres,Torres,Democrat
0635,2016,888309.644,888309.644,0.0,888309.644,0.0,0.0,0.0,0.0,0.0,0.0,0.0,0.0,0.0,0.0,0.0,0.0,Norma J. Torres,Torres,Democrat
0635,2017,846490.552,846490.552,0.0,846490.552,0.0,0.0,0.0,0.0,0.0,0.0,0.0,0.0,0.0,0.0,0.0,0.0,Norma J. Torres,Torres,Democrat
0635,2018,716011.758,716011.758,0.0,716011.758,0.0,0.0,0.0,0.0,0.0,0.0,0.0,0.0,0.0,0.0,0.0,0.0,Norma J. Torres,Torres,Democrat
0635,2019,619111.2,619111.2,0.0,619111.2,0.0,0.0,0.0,0.0,0.0,0.0,0.0,0.0,0.0,0.0,0.0,0.0,Norma J. Torres,Torres,Democrat
0635,2020,512978.968,512978.968,0.0,512978.968,0.0,0.0,0.0,0.0,0.0,0.0,0.0,0.0,0.0,0.0,0.0,0.0,Norma J. Torres,Torres,Democrat
0635,2021,542971.338,542971.338,0.0,542971.338,0.0,0.0,0.0,0.0,0.0,0.0,0.0,0.0,0.0,0.0,0.0,0.0,Norma J. Torres,Torres,Democrat
0635,2022,504572.634,504572.634,0.0,504572.634,0.0,0.0,0.0,0.0,0.0,0.0,0.0,0.0,0.0,0.0,0.0,0.0,Norma J. Torres,Torres,Democrat
0635,2023,527654.494,527654.494,0.0,527654.494,0.0,0.0,0.0,0.0,0.0,0.0,0.0,0.0,0.0,0.0,0.0,0.0,Norma J. Torres,Torres,Democrat
0636,2010,5201207.659,5201207.659,0.0,5201207.659,0.0,0.0,0.0,0.0,0.0,0.0,0.0,0.0,0.0,0.0,0.0,0.0,Ted Lieu,Lieu,Democrat
0636,2011,5423034.7190000005,5423034.7190000005,0.0,5044198.757,378835.962,0.0,0.0,0.0,0.0,0.0,0.0,0.0,0.0,0.0,0.0,0.0,Ted Lieu,Lieu,Democrat
0636,2012,45609451.687,6317983.687,39291468.0,5735207.527,582776.1599999999,0.0,0.0,0.0,0.0,0.0,39291468.0,0.0,0.0,0.0,0.0,0.0,Ted Lieu,Lieu,Democrat
0636,2013,43459012.502000004,6215490.502,37243522.0,5687461.850000001,528028.652,0.0,0.0,0.0,0.0,0.0,37243522.0,0.0,0.0,0.0,0.0,0.0,Ted Lieu,Lieu,Democrat
0636,2014,42035759.452,6474453.452,35561306.0,5958354.174,516099.278,0.0,0.0,0.0,0.0,0.0,35561306.0,0.0,0.0,0.0,0.0,0.0,Ted Lieu,Lieu,Democrat
0636,2015,48424098.9860231,7067333.236,41356765.7500231,6561168.1559999995,506165.07999999996,0.0,0.0,0.0,0.0,0.0,41356765.7500231,0.0,0.0,0.0,0.0,0.0,Ted Lieu,Lieu,Democrat
0636,2016,48810395.371388204,6201764.398,42608630.9733882,6120555.272,81209.126,0.0,0.0,0.0,0.0,0.0,42608630.9733882,0.0,0.0,0.0,0.0,0.0,Ted Lieu,Lieu,Democrat
0636,2017,46622802.642000005,6319924.442,40302878.2,6258838.21,61086.232,0.0,0.0,0.0,0.0,0.0,40302878.2,0.0,0.0,0.0,0.0,0.0,Ted Lieu,Lieu,Democrat
0636,2018,49337352.0478058,5705458.718,43631893.3298058,5664787.926,40670.792,0.0,0.0,0.0,0.0,0.0,43631893.3298058,0.0,0.0,0.0,0.0,0.0,Ted Lieu,Lieu,Democrat
0636,2019,43253537.7042145,5197275.556,38056262.1482145,5145195.5940000005,52079.962,0.0,0.0,0.0,0.0,0.0,38056262.1482145,0.0,0.0,0.0,0.0,0.0,Ted Lieu,Lieu,Democrat
0636,2020,33381616.9884601,5112655.556,28268961.4324601,5090439.408,22216.148,0.0,0.0,0.0,0.0,0.0,28268961.4324601,0.0,0.0,0.0,0.0,0.0,Ted Lieu,Lieu,Democrat
0636,2021,42486382.319291204,5273050.236,37213332.0832912,5255086.432,17963.804,0.0,0.0,0.0,0.0,0.0,37213332.0832912,0.0,0.0,0.0,0.0,0.0,Ted Lieu,Lieu,Democrat
0636,2022,44182610.1530913,5260008.4,38922601.7530913,5242800.382,17208.018,0.0,0.0,0.0,0.0,0.0,38922601.7530913,0.0,0.0,0.0,0.0,0.0,Ted Lieu,Lieu,Democrat
0636,2023,41161915.1376245,5016470.088,36145445.0496245,5002985.52,13484.568,0.0,0.0,0.0,0.0,0.0,36145445.0496245,0.0,0.0,0.0,0.0,0.0,Ted Lieu,Lieu,Democrat
0637,2010,0.0,0.0,0.0,0.0,0.0,0.0,0.0,0.0,0.0,0.0,0.0,0.0,0.0,0.0,0.0,0.0,Sydney Kamlager-Dove,Kamlager-Dove,Democrat
0637,2011,0.0,0.0,0.0,0.0,0.0,0.0,0.0,0.0,0.0,0.0,0.0,0.0,0.0,0.0,0.0,0.0,Sydney Kamlager-Dove,Kamlager-Dove,Democrat
0637,2012,0.0,0.0,0.0,0.0,0.0,0.0,0.0,0.0,0.0,0.0,0.0,0.0,0.0,0.0,0.0,0.0,Sydney Kamlager-Dove,Kamlager-Dove,Democrat
0637,2013,0.0,0.0,0.0,0.0,0.0,0.0,0.0,0.0,0.0,0.0,0.0,0.0,0.0,0.0,0.0,0.0,Sydney Kamlager-Dove,Kamlager-Dove,Democrat
0637,2014,0.0,0.0,0.0,0.0,0.0,0.0,0.0,0.0,0.0,0.0,0.0,0.0,0.0,0.0,0.0,0.0,Sydney Kamlager-Dove,Kamlager-Dove,Democrat
0637,2015,0.0,0.0,0.0,0.0,0.0,0.0,0.0,0.0,0.0,0.0,0.0,0.0,0.0,0.0,0.0,0.0,Sydney Kamlager-Dove,Kamlager-Dove,Democrat
0637,2016,0.0,0.0,0.0,0.0,0.0,0.0,0.0,0.0,0.0,0.0,0.0,0.0,0.0,0.0,0.0,0.0,Sydney Kamlager-Dove,Kamlager-Dove,Democrat
0637,2017,0.0,0.0,0.0,0.0,0.0,0.0,0.0,0.0,0.0,0.0,0.0,0.0,0.0,0.0,0.0,0.0,Sydney Kamlager-Dove,Kamlager-Dove,Democrat
0637,2018,0.0,0.0,0.0,0.0,0.0,0.0,0.0,0.0,0.0,0.0,0.0,0.0,0.0,0.0,0.0,0.0,Sydney Kamlager-Dove,Kamlager-Dove,Democrat
0637,2019,0.0,0.0,0.0,0.0,0.0,0.0,0.0,0.0,0.0,0.0,0.0,0.0,0.0,0.0,0.0,0.0,Sydney Kamlager-Dove,Kamlager-Dove,Democrat
0637,2020,0.0,0.0,0.0,0.0,0.0,0.0,0.0,0.0,0.0,0.0,0.0,0.0,0.0,0.0,0.0,0.0,Sydney Kamlager-Dove,Kamlager-Dove,Democrat
0637,2021,0.0,0.0,0.0,0.0,0.0,0.0,0.0,0.0,0.0,0.0,0.0,0.0,0.0,0.0,0.0,0.0,Sydney Kamlager-Dove,Kamlager-Dove,Democrat
0637,2022,0.0,0.0,0.0,0.0,0.0,0.0,0.0,0.0,0.0,0.0,0.0,0.0,0.0,0.0,0.0,0.0,Sydney Kamlager-Dove,Kamlager-Dove,Democrat
0637,2023,0.0,0.0,0.0,0.0,0.0,0.0,0.0,0.0,0.0,0.0,0.0,0.0,0.0,0.0,0.0,0.0,Sydney Kamlager-Dove,Kamlager-Dove,Democrat
0638,2010,70348.15400000001,70348.15400000001,0.0,70348.15400000001,0.0,0.0,0.0,0.0,0.0,0.0,0.0,0.0,0.0,0.0,0.0,0.0,Linda T. Sánchez,Sánchez,Democrat
0638,2011,69965.742,69965.742,0.0,69965.742,0.0,0.0,0.0,0.0,0.0,0.0,0.0,0.0,0.0,0.0,0.0,0.0,Linda T. Sánchez,Sánchez,Democrat
0638,2012,82034.014,82034.014,0.0,82034.014,0.0,0.0,0.0,0.0,0.0,0.0,0.0,0.0,0.0,0.0,0.0,0.0,Linda T. Sánchez,Sánchez,Democrat
0638,2013,112289.1,112289.1,0.0,112289.1,0.0,0.0,0.0,0.0,0.0,0.0,0.0,0.0,0.0,0.0,0.0,0.0,Linda T. Sánchez,Sánchez,Democrat
0638,2014,80064.432,80064.432,0.0,80064.432,0.0,0.0,0.0,0.0,0.0,0.0,0.0,0.0,0.0,0.0,0.0,0.0,Linda T. Sánchez,Sánchez,Democrat
0638,2015,74283.368,74283.368,0.0,74283.368,0.0,0.0,0.0,0.0,0.0,0.0,0.0,0.0,0.0,0.0,0.0,0.0,Linda T. Sánchez,Sánchez,Democrat
0638,2016,77165.66,77165.66,0.0,77165.66,0.0,0.0,0.0,0.0,0.0,0.0,0.0,0.0,0.0,0.0,0.0,0.0,Linda T. Sánchez,Sánchez,Democrat
0638,2017,14624.536,14624.536,0.0,14624.536,0.0,0.0,0.0,0.0,0.0,0.0,0.0,0.0,0.0,0.0,0.0,0.0,Linda T. Sánchez,Sánchez,Democrat
0638,2018,11161.75,11161.75,0.0,11161.75,0.0,0.0,0.0,0.0,0.0,0.0,0.0,0.0,0.0,0.0,0.0,0.0,Linda T. Sánchez,Sánchez,Democrat
0638,2019,10762.75,10762.75,0.0,10762.75,0.0,0.0,0.0,0.0,0.0,0.0,0.0,0.0,0.0,0.0,0.0,0.0,Linda T. Sánchez,Sánchez,Democrat
0638,2020,15779.286,15779.286,0.0,15779.286,0.0,0.0,0.0,0.0,0.0,0.0,0.0,0.0,0.0,0.0,0.0,0.0,Linda T. Sánchez,Sánchez,Democrat
0638,2021,15387.583999999999,15387.583999999999,0.0,15387.583999999999,0.0,0.0,0.0,0.0,0.0,0.0,0.0,0.0,0.0,0.0,0.0,0.0,Linda T. Sánchez,Sánchez,Democrat
0638,2022,12978.75,12978.75,0.0,12978.75,0.0,0.0,0.0,0.0,0.0,0.0,0.0,0.0,0.0,0.0,0.0,0.0,Linda T. Sánchez,Sánchez,Democrat
0638,2023,46731.5,46731.5,0.0,46731.5,0.0,0.0,0.0,0.0,0.0,0.0,0.0,0.0,0.0,0.0,0.0,0.0,Linda T. Sánchez,Sánchez,Democrat
0639,2010,23482.016,23482.016,0.0,23482.016,0.0,0.0,0.0,0.0,0.0,0.0,0.0,0.0,0.0,0.0,0.0,0.0,Mark Takano,Takano,Democrat
0639,2011,33552.558000000005,33552.558000000005,0.0,33552.558000000005,0.0,0.0,0.0,0.0,0.0,0.0,0.0,0.0,0.0,0.0,0.0,0.0,Mark Takano,Takano,Democrat
0639,2012,91336.098,91336.098,0.0,91336.098,0.0,0.0,0.0,0.0,0.0,0.0,0.0,0.0,0.0,0.0,0.0,0.0,Mark Takano,Takano,Democrat
0639,2013,63556.434,63556.434,0.0,63556.434,0.0,0.0,0.0,0.0,0.0,0.0,0.0,0.0,0.0,0.0,0.0,0.0,Mark Takano,Takano,Democrat
0639,2014,50109.648,50109.648,0.0,50109.648,0.0,0.0,0.0,0.0,0.0,0.0,0.0,0.0,0.0,0.0,0.0,0.0,Mark Takano,Takano,Democrat
0639,2015,49200.975999999995,49200.975999999995,0.0,49200.975999999995,0.0,0.0,0.0,0.0,0.0,0.0,0.0,0.0,0.0,0.0,0.0,0.0,Mark Takano,Takano,Democrat
0639,2016,55103.46000000001,55103.46000000001,0.0,55103.46000000001,0.0,0.0,0.0,0.0,0.0,0.0,0.0,0.0,0.0,0.0,0.0,0.0,Mark Takano,Takano,Democrat
0639,2017,69063.302,69063.302,0.0,69063.302,0.0,0.0,0.0,0.0,0.0,0.0,0.0,0.0,0.0,0.0,0.0,0.0,Mark Takano,Takano,Democrat
0639,2018,57437.844,57437.844,0.0,57437.844,0.0,0.0,0.0,0.0,0.0,0.0,0.0,0.0,0.0,0.0,0.0,0.0,Mark Takano,Takano,Democrat
0639,2019,45020.884,45020.884,0.0,45020.884,0.0,0.0,0.0,0.0,0.0,0.0,0.0,0.0,0.0,0.0,0.0,0.0,Mark Takano,Takano,Democrat
0639,2020,56550.836,56550.836,0.0,56550.836,0.0,0.0,0.0,0.0,0.0,0.0,0.0,0.0,0.0,0.0,0.0,0.0,Mark Takano,Takano,Democrat
0639,2021,31761.78,31761.78,0.0,31761.78,0.0,0.0,0.0,0.0,0.0,0.0,0.0,0.0,0.0,0.0,0.0,0.0,Mark Takano,Takano,Democrat
0639,2022,46177.828,46177.828,0.0,46177.828,0.0,0.0,0.0,0.0,0.0,0.0,0.0,0.0,0.0,0.0,0.0,0.0,Mark Takano,Takano,Democrat
0639,2023,30694.036,30694.036,0.0,30694.036,0.0,0.0,0.0,0.0,0.0,0.0,0.0,0.0,0.0,0.0,0.0,0.0,Mark Takano,Takano,Democrat
0640,2010,763950.216,763950.216,0.0,763950.216,0.0,0.0,0.0,0.0,0.0,0.0,0.0,0.0,0.0,0.0,0.0,0.0,Young Kim,Kim,Republican
0640,2011,826991.26,822624.96,4366.3,822624.96,0.0,0.0,0.0,0.0,0.0,0.0,0.0,0.0,0.0,0.0,4366.3,0.0,Young Kim,Kim,Republican
0640,2012,882453.508,878246.108,4207.4,878246.108,0.0,0.0,0.0,0.0,0.0,0.0,0.0,0.0,0.0,0.0,4207.4,0.0,Young Kim,Kim,Republican
0640,2013,859292.58,855273.78,4018.8,855273.78,0.0,0.0,0.0,0.0,0.0,0.0,0.0,0.0,0.0,0.0,4018.8,0.0,Young Kim,Kim,Republican
0640,2014,773268.786,769346.986,3921.8,769346.986,0.0,0.0,0.0,0.0,0.0,0.0,0.0,0.0,0.0,0.0,3921.8,0.0,Young Kim,Kim,Republican
0640,2015,796405.888,792160.688,4245.2,792160.688,0.0,0.0,0.0,0.0,0.0,0.0,0.0,0.0,0.0,0.0,4245.2,0.0,Young Kim,Kim,Republican
0640,2016,843987.324,840170.624,3816.7,840170.624,0.0,0.0,0.0,0.0,0.0,0.0,0.0,0.0,0.0,0.0,3816.7,0.0,Young Kim,Kim,Republican
0640,2017,938113.164,934538.3640000001,3574.8,907260.956,27277.408,0.0,0.0,0.0,0.0,0.0,0.0,0.0,0.0,0.0,3574.8,0.0,Young Kim,Kim,Republican
0640,2018,861454.5,858096.6,3357.9,831515.14,26581.46,0.0,0.0,0.0,0.0,0.0,0.0,0.0,0.0,0.0,3357.9,0.0,Young Kim,Kim,Republican
0640,2019,868624.154,865366.554,3257.6,839204.742,26161.812,0.0,0.0,0.0,0.0,0.0,0.0,0.0,0.0,0.0,3257.6,0.0,Young Kim,Kim,Republican
0640,2020,887782.058,884847.058,2935.0,853383.966,31463.092,0.0,0.0,0.0,0.0,0.0,0.0,0.0,0.0,0.0,2935.0,0.0,Young Kim,Kim,Republican
0640,2021,894448.12,891889.8200000001,2558.3,851923.308,39966.512,0.0,0.0,0.0,0.0,0.0,0.0,0.0,0.0,0.0,2558.3,0.0,Young Kim,Kim,Republican
0640,2022,979939.752,976280.252,3659.5,933797.598,42482.654,0.0,0.0,0.0,0.0,0.0,0.0,0.0,0.0,0.0,3659.5,0.0,Young Kim,Kim,Republican
0640,2023,1076018.636,1073113.636,2905.0,1030116.682,42996.954,0.0,0.0,0.0,0.0,0.0,0.0,0.0,0.0,0.0,2905.0,0.0,Young Kim,Kim,Republican
0641,2010,1558772.5799999998,1558772.5799999998,0.0,1558772.5799999998,0.0,0.0,0.0,0.0,0.0,0.0,0.0,0.0,0.0,0.0,0.0,0.0,Ken Calvert,Calvert,Republican
0641,2011,1455464.5760000001,1455464.5760000001,0.0,1455464.5760000001,0.0,0.0,0.0,0.0,0.0,0.0,0.0,0.0,0.0,0.0,0.0,0.0,Ken Calvert,Calvert,Republican
0641,2012,1646606.716,1646606.716,0.0,1646606.716,0.0,0.0,0.0,0.0,0.0,0.0,0.0,0.0,0.0,0.0,0.0,0.0,Ken Calvert,Calvert,Republican
0641,2013,956827.484,956827.484,0.0,956827.484,0.0,0.0,0.0,0.0,0.0,0.0,0.0,0.0,0.0,0.0,0.0,0.0,Ken Calvert,Calvert,Republican
0641,2014,1161860.76,1161860.76,0.0,1161860.76,0.0,0.0,0.0,0.0,0.0,0.0,0.0,0.0,0.0,0.0,0.0,0.0,Ken Calvert,Calvert,Republican
0641,2015,641733.6939999999,641733.6939999999,0.0,641733.6939999999,0.0,0.0,0.0,0.0,0.0,0.0,0.0,0.0,0.0,0.0,0.0,0.0,Ken Calvert,Calvert,Republican
0641,2016,375647.864,375647.864,0.0,375647.864,0.0,0.0,0.0,0.0,0.0,0.0,0.0,0.0,0.0,0.0,0.0,0.0,Ken Calvert,Calvert,Republican
0641,2017,408517.756,408517.756,0.0,408517.756,0.0,0.0,0.0,0.0,0.0,0.0,0.0,0.0,0.0,0.0,0.0,0.0,Ken Calvert,Calvert,Republican
0641,2018,313290.93,313290.93,0.0,313290.93,0.0,0.0,0.0,0.0,0.0,0.0,0.0,0.0,0.0,0.0,0.0,0.0,Ken Calvert,Calvert,Republican
0641,2019,239269.326,239269.326,0.0,239269.326,0.0,0.0,0.0,0.0,0.0,0.0,0.0,0.0,0.0,0.0,0.0,0.0,Ken Calvert,Calvert,Republican
0641,2020,283373.36199999996,283373.36199999996,0.0,283373.36199999996,0.0,0.0,0.0,0.0,0.0,0.0,0.0,0.0,0.0,0.0,0.0,0.0,Ken Calvert,Calvert,Republican
0641,2021,352740.18,352740.18,0.0,352740.18,0.0,0.0,0.0,0.0,0.0,0.0,0.0,0.0,0.0,0.0,0.0,0.0,Ken Calvert,Calvert,Republican
0641,2022,303793.93,303793.93,0.0,303793.93,0.0,0.0,0.0,0.0,0.0,0.0,0.0,0.0,0.0,0.0,0.0,0.0,Ken Calvert,Calvert,Republican
0641,2023,359139.092,359139.092,0.0,359139.092,0.0,0.0,0.0,0.0,0.0,0.0,0.0,0.0,0.0,0.0,0.0,0.0,Ken Calvert,Calvert,Republican
0642,2010,3941671.163,2972718.463,968952.7,2972718.463,0.0,0.0,0.0,0.0,0.0,0.0,0.0,0.0,0.0,968952.7,0.0,0.0,Robert Garcia,Garcia,Democrat
0642,2011,3555725.514,2591910.614,963814.9,2585393.814,0.0,0.0,0.0,6516.8,0.0,0.0,0.0,0.0,0.0,963814.9,0.0,0.0,Robert Garcia,Garcia,Democrat
0642,2012,4077910.336,3100081.4359999998,977828.9,3093587.636,0.0,0.0,0.0,6493.8,0.0,0.0,0.0,0.0,0.0,977828.9,0.0,0.0,Robert Garcia,Garcia,Democrat
0642,2013,3492538.77875,2813119.605,679419.1737500001,2806793.105,0.0,0.0,0.0,6326.5,0.0,0.0,0.0,0.0,0.0,679419.1737500001,0.0,0.0,Robert Garcia,Garcia,Democrat
0642,2014,3166769.92504,2565673.1390000004,601096.7860399999,2559422.3890000004,0.0,0.0,0.0,6250.75,0.0,0.0,0.0,0.0,0.0,601096.7860399999,0.0,0.0,Robert Garcia,Garcia,Democrat
0642,2015,2970024.166,2347750.6659999997,622273.5,2347750.6659999997,0.0,0.0,0.0,0.0,0.0,0.0,0.0,0.0,0.0,622273.5,0.0,0.0,Robert Garcia,Garcia,Democrat
0642,2016,3504631.194,2853965.094,650666.1,2556053.352,0.0,297911.74199999997,0.0,0.0,0.0,0.0,0.0,0.0,0.0,650666.1,0.0,0.0,Robert Garcia,Garcia,Democrat
0642,2017,3190724.0799999996,2516954.88,673769.2,2225602.122,0.0,291352.75800000003,0.0,0.0,0.0,0.0,0.0,0.0,0.0,673769.2,0.0,0.0,Robert Garcia,Garcia,Democrat
0642,2018,3301846.708,2627831.108,674015.6,2339099.3800000004,0.0,288731.728,0.0,0.0,0.0,0.0,0.0,0.0,0.0,674015.6,0.0,0.0,Robert Garcia,Garcia,Democrat
0642,2019,3204204.28,2487194.1799999997,717010.1,2233956.134,0.0,253238.046,0.0,0.0,0.0,0.0,0.0,0.0,0.0,717010.1,0.0,0.0,Robert Garcia,Garcia,Democrat
0642,2020,3831307.1520000002,3130264.252,701042.9,2842190.478,0.0,288073.774,0.0,0.0,0.0,0.0,0.0,0.0,0.0,701042.9,0.0,0.0,Robert Garcia,Garcia,Democrat
0642,2021,4056432.918,3348746.818,707686.1000000001,3086967.9080000003,0.0,261778.91,0.0,0.0,0.0,0.0,0.0,0.0,0.0,707686.1000000001,0.0,0.0,Robert Garcia,Garcia,Democrat
0642,2022,4129430.728,3476822.128,652608.6,3298950.96,0.0,177871.168,0.0,0.0,0.0,0.0,0.0,0.0,0.0,652608.6,0.0,0.0,Robert Garcia,Garcia,Democrat
0642,2023,3870997.199,3205169.599,665827.6000000001,2961198.173,0.0,243971.426,0.0,0.0,0.0,0.0,0.0,0.0,0.0,665827.6000000001,0.0,0.0,Robert Garcia,Garcia,Democrat
0643,2010,3027616.2260000003,3027616.2260000003,0.0,3027616.2260000003,0.0,0.0,0.0,0.0,0.0,0.0,0.0,0.0,0.0,0.0,0.0,0.0,Maxine Waters,Waters,Democrat
0643,2011,3195083.534,3195083.534,0.0,3195083.534,0.0,0.0,0.0,0.0,0.0,0.0,0.0,0.0,0.0,0.0,0.0,0.0,Maxine Waters,Waters,Democrat
0643,2012,23381237.262000002,3215466.262,20165771.0,3215466.262,0.0,0.0,0.0,0.0,0.0,0.0,20165771.0,0.0,0.0,0.0,0.0,0.0,Maxine Waters,Waters,Democrat
0643,2013,23100026.1717743,3090073.728,20009952.4437743,3090073.728,0.0,0.0,0.0,0.0,0.0,0.0,20009952.4437743,0.0,0.0,0.0,0.0,0.0,Maxine Waters,Waters,Democrat
0643,2014,21729846.97659,2865166.106,18864680.87059,2865166.106,0.0,0.0,0.0,0.0,0.0,0.0,18864680.87059,0.0,0.0,0.0,0.0,0.0,Maxine Waters,Waters,Democrat
0643,2015,14765485.070309602,1554380.974,13211104.0963096,1554380.974,0.0,0.0,0.0,0.0,0.0,0.0,13211104.0963096,0.0,0.0,0.0,0.0,0.0,Maxine Waters,Waters,Democrat
0643,2016,19495691.7476237,2486339.272,17009352.4756237,2486339.272,0.0,0.0,0.0,0.0,0.0,0.0,17009352.4756237,0.0,0.0,0.0,0.0,0.0,Maxine Waters,Waters,Democrat
0643,2017,20444549.1011052,2923971.6440000003,17520577.4571052,2923971.6440000003,0.0,0.0,0.0,0.0,0.0,0.0,17520577.4571052,0.0,0.0,0.0,0.0,0.0,Maxine Waters,Waters,Democrat
0643,2018,26509866.9757572,3095831.906,23414035.0697572,3095831.906,0.0,0.0,0.0,0.0,0.0,0.0,23414035.0697572,0.0,0.0,0.0,0.0,0.0,Maxine Waters,Waters,Democrat
0643,2019,24309332.572414003,2786300.704,21523031.868414,2786300.704,0.0,0.0,0.0,0.0,0.0,0.0,21523031.868414,0.0,0.0,0.0,0.0,0.0,Maxine Waters,Waters,Democrat
0643,2020,20483073.074105598,2859301.884,17623771.1901056,2859301.884,0.0,0.0,0.0,0.0,0.0,0.0,17623771.1901056,0.0,0.0,0.0,0.0,0.0,Maxine Waters,Waters,Democrat
0643,2021,21675576.347772,2808503.208,18867073.139772,2808503.208,0.0,0.0,0.0,0.0,0.0,0.0,18867073.139772,0.0,0.0,0.0,0.0,0.0,Maxine Waters,Waters,Democrat
0643,2022,21838898.2458933,2573470.942,19265427.3038933,2573470.942,0.0,0.0,0.0,0.0,0.0,0.0,19265427.3038933,0.0,0.0,0.0,0.0,0.0,Maxine Waters,Waters,Democrat
0643,2023,21142134.2729856,2141510.986,19000623.2869856,2141510.986,0.0,0.0,0.0,0.0,0.0,0.0,19000623.2869856,0.0,0.0,0.0,0.0,0.0,Maxine Waters,Waters,Democrat
0644,2010,11522537.266,11522537.266,0.0,11522537.266,0.0,0.0,0.0,0.0,0.0,0.0,0.0,0.0,0.0,0.0,0.0,0.0,Nanette Diaz Barragan,Barragan,Democrat
0644,2011,11438318.955,11438318.955,0.0,11438318.955,0.0,0.0,0.0,0.0,0.0,0.0,0.0,0.0,0.0,0.0,0.0,0.0,Nanette Diaz Barragan,Barragan,Democrat
0644,2012,109700735.0218105,11297434.177,98403300.8448105,11297434.177,0.0,0.0,0.0,0.0,0.0,0.0,98403300.8448105,0.0,0.0,0.0,0.0,0.0,Nanette Diaz Barragan,Barragan,Democrat
0644,2013,109002371.8809,11462763.995,97539607.88589999,11462763.995,0.0,0.0,0.0,0.0,0.0,0.0,97539607.88589999,0.0,0.0,0.0,0.0,0.0,Nanette Diaz Barragan,Barragan,Democrat
0644,2014,107013824.903523,11747803.901,95266021.002523,11747803.901,0.0,0.0,0.0,0.0,0.0,0.0,95266021.002523,0.0,0.0,0.0,0.0,0.0,Nanette Diaz Barragan,Barragan,Democrat
0644,2015,105800979.26663549,11282693.392,94518285.8746355,11282693.392,0.0,0.0,0.0,0.0,0.0,0.0,94518285.8746355,0.0,0.0,0.0,0.0,0.0,Nanette Diaz Barragan,Barragan,Democrat
0644,2016,104377291.8776642,11825915.516,92551376.3616642,11825915.516,0.0,0.0,0.0,0.0,0.0,0.0,92551376.3616642,0.0,0.0,0.0,0.0,0.0,Nanette Diaz Barragan,Barragan,Democrat
0644,2017,109856280.62325959,11797914.034,98058366.5892596,11797914.034,0.0,0.0,0.0,0.0,0.0,0.0,98058366.5892596,0.0,0.0,0.0,0.0,0.0,Nanette Diaz Barragan,Barragan,Democrat
0644,2018,109870058.76123859,12104862.482,97765196.2792386,12104862.482,0.0,0.0,0.0,0.0,0.0,0.0,97765196.2792386,0.0,0.0,0.0,0.0,0.0,Nanette Diaz Barragan,Barragan,Democrat
0644,2019,109132971.54662481,11502241.022,97630730.5246248,11502241.022,0.0,0.0,0.0,0.0,0.0,0.0,97630730.5246248,0.0,0.0,0.0,0.0,0.0,Nanette Diaz Barragan,Barragan,Democrat
0644,2020,93385045.31278661,10425316.37,82959728.9427866,10425316.37,0.0,0.0,0.0,0.0,0.0,0.0,82959728.9427866,0.0,0.0,0.0,0.0,0.0,Nanette Diaz Barragan,Barragan,Democrat
0644,2021,92093827.62151751,10985589.528,81108238.09351751,10985589.528,0.0,0.0,0.0,0.0,0.0,0.0,81108238.09351751,0.0,0.0,0.0,0.0,0.0,Nanette Diaz Barragan,Barragan,Democrat
0644,2022,95667854.7431363,11509574.068,84158280.6751363,11509574.068,0.0,0.0,0.0,0.0,0.0,0.0,84158280.6751363,0.0,0.0,0.0,0.0,0.0,Nanette Diaz Barragan,Barragan,Democrat
0644,2023,92393547.580758,11730831.1644,80662716.416358,11730707.064,0.0,0.0,0.0,0.0,124.1004,0.0,80662716.416358,0.0,0.0,0.0,0.0,0.0,Nanette Diaz Barragan,Barragan,Democrat
0645,2010,0.0,0.0,0.0,0.0,0.0,0.0,0.0,0.0,0.0,0.0,0.0,0.0,0.0,0.0,0.0,0.0,Derek Tran,Tran,Democrat
0645,2011,0.0,0.0,0.0,0.0,0.0,0.0,0.0,0.0,0.0,0.0,0.0,0.0,0.0,0.0,0.0,0.0,Derek Tran,Tran,Democrat
0645,2012,0.0,0.0,0.0,0.0,0.0,0.0,0.0,0.0,0.0,0.0,0.0,0.0,0.0,0.0,0.0,0.0,Derek Tran,Tran,Democrat
0645,2013,0.0,0.0,0.0,0.0,0.0,0.0,0.0,0.0,0.0,0.0,0.0,0.0,0.0,0.0,0.0,0.0,Derek Tran,Tran,Democrat
0645,2014,0.0,0.0,0.0,0.0,0.0,0.0,0.0,0.0,0.0,0.0,0.0,0.0,0.0,0.0,0.0,0.0,Derek Tran,Tran,Democrat
0645,2015,0.0,0.0,0.0,0.0,0.0,0.0,0.0,0.0,0.0,0.0,0.0,0.0,0.0,0.0,0.0,0.0,Derek Tran,Tran,Democrat
0645,2016,0.0,0.0,0.0,0.0,0.0,0.0,0.0,0.0,0.0,0.0,0.0,0.0,0.0,0.0,0.0,0.0,Derek Tran,Tran,Democrat
0645,2017,0.0,0.0,0.0,0.0,0.0,0.0,0.0,0.0,0.0,0.0,0.0,0.0,0.0,0.0,0.0,0.0,Derek Tran,Tran,Democrat
0645,2018,0.0,0.0,0.0,0.0,0.0,0.0,0.0,0.0,0.0,0.0,0.0,0.0,0.0,0.0,0.0,0.0,Derek Tran,Tran,Democrat
0645,2019,0.0,0.0,0.0,0.0,0.0,0.0,0.0,0.0,0.0,0.0,0.0,0.0,0.0,0.0,0.0,0.0,Derek Tran,Tran,Democrat
0645,2020,0.0,0.0,0.0,0.0,0.0,0.0,0.0,0.0,0.0,0.0,0.0,0.0,0.0,0.0,0.0,0.0,Derek Tran,Tran,Democrat
0645,2021,0.0,0.0,0.0,0.0,0.0,0.0,0.0,0.0,0.0,0.0,0.0,0.0,0.0,0.0,0.0,0.0,Derek Tran,Tran,Democrat
0645,2022,0.0,0.0,0.0,0.0,0.0,0.0,0.0,0.0,0.0,0.0,0.0,0.0,0.0,0.0,0.0,0.0,Derek Tran,Tran,Democrat
0645,2023,0.0,0.0,0.0,0.0,0.0,0.0,0.0,0.0,0.0,0.0,0.0,0.0,0.0,0.0,0.0,0.0,Derek Tran,Tran,Democrat
0646,2010,103432.446,103432.446,0.0,103432.446,0.0,0.0,0.0,0.0,0.0,0.0,0.0,0.0,0.0,0.0,0.0,0.0,J. Luis Correa,Correa,Democrat
0646,2011,110798.22,110798.22,0.0,104284.26,0.0,0.0,0.0,0.0,6513.96,0.0,0.0,0.0,0.0,0.0,0.0,0.0,J. Luis Correa,Correa,Democrat
0646,2012,127746.24,127746.24,0.0,119759.4,0.0,0.0,0.0,0.0,7986.84,0.0,0.0,0.0,0.0,0.0,0.0,0.0,J. Luis Correa,Correa,Democrat
0646,2013,122685.648,122685.648,0.0,114999.76800000001,0.0,0.0,0.0,0.0,7685.88,0.0,0.0,0.0,0.0,0.0,0.0,0.0,J. Luis Correa,Correa,Democrat
0646,2014,119178.70000000001,119178.70000000001,0.0,117302.26000000001,0.0,0.0,0.0,0.0,1876.44,0.0,0.0,0.0,0.0,0.0,0.0,0.0,J. Luis Correa,Correa,Democrat
0646,2015,105289.16399999999,105289.16399999999,0.0,102313.764,0.0,0.0,0.0,0.0,2975.4,0.0,0.0,0.0,0.0,0.0,0.0,0.0,J. Luis Correa,Correa,Democrat
0646,2016,101654.88,101654.88,0.0,95617.44,0.0,0.0,0.0,0.0,6037.44,0.0,0.0,0.0,0.0,0.0,0.0,0.0,J. Luis Correa,Correa,Democrat
0646,2017,103561.33600000001,103561.33600000001,0.0,102138.61600000001,0.0,0.0,0.0,0.0,1422.72,0.0,0.0,0.0,0.0,0.0,0.0,0.0,J. Luis Correa,Correa,Democrat
0646,2018,103186.5064,103186.5064,0.0,101033.32,0.0,0.0,0.0,0.0,2153.1864,0.0,0.0,0.0,0.0,0.0,0.0,0.0,J. Luis Correa,Correa,Democrat
0646,2019,92985.2712,92985.2712,0.0,90222.95999999999,0.0,0.0,0.0,0.0,2762.3112,0.0,0.0,0.0,0.0,0.0,0.0,0.0,J. Luis Correa,Correa,Democrat
0646,2020,65897.8012,65897.8012,0.0,64087.96,0.0,0.0,0.0,0.0,1809.8412,0.0,0.0,0.0,0.0,0.0,0.0,0.0,J. Luis Correa,Correa,Democrat
0646,2021,35167.7736,35167.7736,0.0,33924.672,0.0,0.0,0.0,0.0,1243.1016,0.0,0.0,0.0,0.0,0.0,0.0,0.0,J. Luis Correa,Correa,Democrat
0646,2022,34795.310000000005,34795.310000000005,0.0,32304.98,0.0,0.0,0.0,0.0,2490.33,0.0,0.0,0.0,0.0,0.0,0.0,0.0,J. Luis Correa,Correa,Democrat
0646,2023,34519.4332,34519.4332,0.0,32064.579999999998,0.0,0.0,0.0,0.0,2454.8532,0.0,0.0,0.0,0.0,0.0,0.0,0.0,J. Luis Correa,Correa,Democrat
0647,2010,897933.338,897933.338,0.0,897933.338,0.0,0.0,0.0,0.0,0.0,0.0,0.0,0.0,0.0,0.0,0.0,0.0,Dave Min,Min,Democrat
0647,2011,963074.3000435,963074.3000435,0.0,963074.3000435,0.0,0.0,0.0,0.0,0.0,0.0,0.0,0.0,0.0,0.0,0.0,0.0,Dave Min,Min,Democrat
0647,2012,2676969.7920495,957899.8920495,1719069.9,957899.8920495,0.0,0.0,0.0,0.0,0.0,0.0,0.0,0.0,1719069.9,0.0,0.0,0.0,Dave Min,Min,Democrat
0647,2013,2398926.1370495,685532.3370495,1713393.8,685532.3370495,0.0,0.0,0.0,0.0,0.0,0.0,0.0,0.0,1713393.8,0.0,0.0,0.0,Dave Min,Min,Democrat
0647,2014,2002833.6793054002,873730.5793054,1129103.1,873730.5793054,0.0,0.0,0.0,0.0,0.0,0.0,0.0,0.0,1129103.1,0.0,0.0,0.0,Dave Min,Min,Democrat
0647,2015,1446964.261109,791855.560009,655108.7011,791855.560009,0.0,0.0,0.0,0.0,0.0,0.0,0.0,0.0,655108.7011,0.0,0.0,0.0,Dave Min,Min,Democrat
0647,2016,1567884.2245637001,628174.4245637,939709.8,628174.4245637,0.0,0.0,0.0,0.0,0.0,0.0,0.0,0.0,939709.8,0.0,0.0,0.0,Dave Min,Min,Democrat
0647,2017,548919.8801547,548919.8801547,0.0,548919.8801547,0.0,0.0,0.0,0.0,0.0,0.0,0.0,0.0,0.0,0.0,0.0,0.0,Dave Min,Min,Democrat
0647,2018,456668.0076619,456668.0076619,0.0,456668.0076619,0.0,0.0,0.0,0.0,0.0,0.0,0.0,0.0,0.0,0.0,0.0,0.0,Dave Min,Min,Democrat
0647,2019,492031.64113400003,492031.64113400003,0.0,492031.64113400003,0.0,0.0,0.0,0.0,0.0,0.0,0.0,0.0,0.0,0.0,0.0,0.0,Dave Min,Min,Democrat
0647,2020,771815.67721,771815.67721,0.0,771815.67721,0.0,0.0,0.0,0.0,0.0,0.0,0.0,0.0,0.0,0.0,0.0,0.0,Dave Min,Min,Democrat
0647,2021,1762483.6818229002,1762483.6818229002,0.0,1762483.6818229002,0.0,0.0,0.0,0.0,0.0,0.0,0.0,0.0,0.0,0.0,0.0,0.0,Dave Min,Min,Democrat
0647,2022,1812880.6792402999,1812880.6792402999,0.0,1812880.6792402999,0.0,0.0,0.0,0.0,0.0,0.0,0.0,0.0,0.0,0.0,0.0,0.0,Dave Min,Min,Democrat
0647,2023,1496114.6605493,1496114.6605493,0.0,1496114.6605493,0.0,0.0,0.0,0.0,0.0,0.0,0.0,0.0,0.0,0.0,0.0,0.0,Dave Min,Min,Democrat
0648,2010,138998.092,138998.092,0.0,138998.092,0.0,0.0,0.0,0.0,0.0,0.0,0.0,0.0,0.0,0.0,0.0,0.0,Darrell Issa,Issa,Republican
0648,2011,162892.59,162892.59,0.0,162892.59,0.0,0.0,0.0,0.0,0.0,0.0,0.0,0.0,0.0,0.0,0.0,0.0,Darrell Issa,Issa,Republican
0648,2012,182812.579,182812.579,0.0,182812.579,0.0,0.0,0.0,0.0,0.0,0.0,0.0,0.0,0.0,0.0,0.0,0.0,Darrell Issa,Issa,Republican
0648,2013,155982.284,155982.284,0.0,155982.284,0.0,0.0,0.0,0.0,0.0,0.0,0.0,0.0,0.0,0.0,0.0,0.0,Darrell Issa,Issa,Republican
0648,2014,175639.503576,175639.503576,0.0,175639.503576,0.0,0.0,0.0,0.0,0.0,0.0,0.0,0.0,0.0,0.0,0.0,0.0,Darrell Issa,Issa,Republican
0648,2015,168141.340773,168141.340773,0.0,168141.340773,0.0,0.0,0.0,0.0,0.0,0.0,0.0,0.0,0.0,0.0,0.0,0.0,Darrell Issa,Issa,Republican
0648,2016,150339.68477300002,150339.68477300002,0.0,150339.68477300002,0.0,0.0,0.0,0.0,0.0,0.0,0.0,0.0,0.0,0.0,0.0,0.0,Darrell Issa,Issa,Republican
0648,2017,155534.287773,155534.287773,0.0,155534.287773,0.0,0.0,0.0,0.0,0.0,0.0,0.0,0.0,0.0,0.0,0.0,0.0,Darrell Issa,Issa,Republican
0648,2018,142548.52936400002,142548.52936400002,0.0,142548.52936400002,0.0,0.0,0.0,0.0,0.0,0.0,0.0,0.0,0.0,0.0,0.0,0.0,Darrell Issa,Issa,Republican
0648,2019,101931.186182,101931.186182,0.0,101931.186182,0.0,0.0,0.0,0.0,0.0,0.0,0.0,0.0,0.0,0.0,0.0,0.0,Darrell Issa,Issa,Republican
0648,2020,85561.378379,85561.378379,0.0,85561.378379,0.0,0.0,0.0,0.0,0.0,0.0,0.0,0.0,0.0,0.0,0.0,0.0,Darrell Issa,Issa,Republican
0648,2021,62495.712182,62495.712182,0.0,62495.712182,0.0,0.0,0.0,0.0,0.0,0.0,0.0,0.0,0.0,0.0,0.0,0.0,Darrell Issa,Issa,Republican
0648,2022,79550.60398500001,79550.60398500001,0.0,79550.60398500001,0.0,0.0,0.0,0.0,0.0,0.0,0.0,0.0,0.0,0.0,0.0,0.0,Darrell Issa,Issa,Republican
0648,2023,72967.87,72967.87,0.0,72967.87,0.0,0.0,0.0,0.0,0.0,0.0,0.0,0.0,0.0,0.0,0.0,0.0,Darrell Issa,Issa,Republican
0649,2010,390603.396,390603.396,0.0,390603.396,0.0,0.0,0.0,0.0,0.0,0.0,0.0,0.0,0.0,0.0,0.0,0.0,Mike Levin,Levin,Democrat
0649,2011,501943.082,501943.082,0.0,501943.082,0.0,0.0,0.0,0.0,0.0,0.0,0.0,0.0,0.0,0.0,0.0,0.0,Mike Levin,Levin,Democrat
0649,2012,1064337.937,1064337.937,0.0,1064337.937,0.0,0.0,0.0,0.0,0.0,0.0,0.0,0.0,0.0,0.0,0.0,0.0,Mike Levin,Levin,Democrat
0649,2013,489996.754,489996.754,0.0,489996.754,0.0,0.0,0.0,0.0,0.0,0.0,0.0,0.0,0.0,0.0,0.0,0.0,Mike Levin,Levin,Democrat
0649,2014,471981.83,471981.83,0.0,471981.83,0.0,0.0,0.0,0.0,0.0,0.0,0.0,0.0,0.0,0.0,0.0,0.0,Mike Levin,Levin,Democrat
0649,2015,563334.868,563334.868,0.0,563334.868,0.0,0.0,0.0,0.0,0.0,0.0,0.0,0.0,0.0,0.0,0.0,0.0,Mike Levin,Levin,Democrat
0649,2016,329392.604,329392.604,0.0,329392.604,0.0,0.0,0.0,0.0,0.0,0.0,0.0,0.0,0.0,0.0,0.0,0.0,Mike Levin,Levin,Democrat
0649,2017,437795.488,437795.488,0.0,437795.488,0.0,0.0,0.0,0.0,0.0,0.0,0.0,0.0,0.0,0.0,0.0,0.0,Mike Levin,Levin,Democrat
0649,2018,398746.996,398746.996,0.0,398746.996,0.0,0.0,0.0,0.0,0.0,0.0,0.0,0.0,0.0,0.0,0.0,0.0,Mike Levin,Levin,Democrat
0649,2019,354854.158,354854.158,0.0,354854.158,0.0,0.0,0.0,0.0,0.0,0.0,0.0,0.0,0.0,0.0,0.0,0.0,Mike Levin,Levin,Democrat
0649,2020,401193.304,401193.304,0.0,401193.304,0.0,0.0,0.0,0.0,0.0,0.0,0.0,0.0,0.0,0.0,0.0,0.0,Mike Levin,Levin,Democrat
0649,2021,363239.104,363239.104,0.0,363239.104,0.0,0.0,0.0,0.0,0.0,0.0,0.0,0.0,0.0,0.0,0.0,0.0,Mike Levin,Levin,Democrat
0649,2022,277047.542,277047.542,0.0,277047.542,0.0,0.0,0.0,0.0,0.0,0.0,0.0,0.0,0.0,0.0,0.0,0.0,Mike Levin,Levin,Democrat
0649,2023,267967.646,267967.646,0.0,267967.646,0.0,0.0,0.0,0.0,0.0,0.0,0.0,0.0,0.0,0.0,0.0,0.0,Mike Levin,Levin,Democrat
0650,2010,1647140.904,1647140.904,0.0,1647140.904,0.0,0.0,0.0,0.0,0.0,0.0,0.0,0.0,0.0,0.0,0.0,0.0,Scott H. Peters,Peters,Democrat
0650,2011,1308150.146,1308150.146,0.0,1308150.146,0.0,0.0,0.0,0.0,0.0,0.0,0.0,0.0,0.0,0.0,0.0,0.0,Scott H. Peters,Peters,Democrat
0650,2012,1514650.184,1514650.184,0.0,1514650.184,0.0,0.0,0.0,0.0,0.0,0.0,0.0,0.0,0.0,0.0,0.0,0.0,Scott H. Peters,Peters,Democrat
0650,2013,1885362.6060000001,1885362.6060000001,0.0,1885362.6060000001,0.0,0.0,0.0,0.0,0.0,0.0,0.0,0.0,0.0,0.0,0.0,0.0,Scott H. Peters,Peters,Democrat
0650,2014,1440383.406,1440383.406,0.0,1440383.406,0.0,0.0,0.0,0.0,0.0,0.0,0.0,0.0,0.0,0.0,0.0,0.0,Scott H. Peters,Peters,Democrat
0650,2015,1586162.168,1586162.168,0.0,1586162.168,0.0,0.0,0.0,0.0,0.0,0.0,0.0,0.0,0.0,0.0,0.0,0.0,Scott H. Peters,Peters,Democrat
0650,2016,1322856.9379999998,1322856.9379999998,0.0,1322856.9379999998,0.0,0.0,0.0,0.0,0.0,0.0,0.0,0.0,0.0,0.0,0.0,0.0,Scott H. Peters,Peters,Democrat
0650,2017,1424359.612,1424359.612,0.0,1424359.612,0.0,0.0,0.0,0.0,0.0,0.0,0.0,0.0,0.0,0.0,0.0,0.0,Scott H. Peters,Peters,Democrat
0650,2018,957815.258,957815.258,0.0,957815.258,0.0,0.0,0.0,0.0,0.0,0.0,0.0,0.0,0.0,0.0,0.0,0.0,Scott H. Peters,Peters,Democrat
0650,2019,646063.1140000001,646063.1140000001,0.0,646063.1140000001,0.0,0.0,0.0,0.0,0.0,0.0,0.0,0.0,0.0,0.0,0.0,0.0,Scott H. Peters,Peters,Democrat
0650,2020,942147.1640000001,942147.1640000001,0.0,942147.1640000001,0.0,0.0,0.0,0.0,0.0,0.0,0.0,0.0,0.0,0.0,0.0,0.0,Scott H. Peters,Peters,Democrat
0650,2021,869068.7819999999,869068.7819999999,0.0,869068.7819999999,0.0,0.0,0.0,0.0,0.0,0.0,0.0,0.0,0.0,0.0,0.0,0.0,Scott H. Peters,Peters,Democrat
0650,2022,1074035.876,1074035.876,0.0,1074035.876,0.0,0.0,0.0,0.0,0.0,0.0,0.0,0.0,0.0,0.0,0.0,0.0,Scott H. Peters,Peters,Democrat
0650,2023,653566.486,653566.486,0.0,653566.486,0.0,0.0,0.0,0.0,0.0,0.0,0.0,0.0,0.0,0.0,0.0,0.0,Scott H. Peters,Peters,Democrat
0651,2010,6800823.2678000005,444390.9678,6356432.3,444390.9678,0.0,0.0,0.0,0.0,0.0,0.0,0.0,0.0,0.0,6356432.3,0.0,0.0,Sara Jacobs,Jacobs,Democrat
0651,2011,6763546.491425,598161.091425,6165385.4,531338.811425,0.0,0.0,0.0,55750.6,11071.68,0.0,0.0,0.0,0.0,6165385.4,0.0,0.0,Sara Jacobs,Jacobs,Democrat
0651,2012,8382030.7573,784297.7572999999,7597733.0,708282.5173,0.0,0.0,0.0,54268.6,21746.64,0.0,0.0,0.0,0.0,7597733.0,0.0,0.0,Sara Jacobs,Jacobs,Democrat
0651,2013,8006597.227999999,688278.128,7318319.1,629846.758,0.0,0.0,0.0,53007.25,5424.12,0.0,0.0,0.0,0.0,7318319.1,0.0,0.0,Sara Jacobs,Jacobs,Democrat
0651,2014,7088454.9799999995,641623.38,6446831.6,573834.78,0.0,0.0,0.0,52626.6,15162.0,0.0,0.0,0.0,0.0,6446831.6,0.0,0.0,Sara Jacobs,Jacobs,Democrat
0651,2015,7365235.038,576001.038,6789234.0,507266.028,0.0,0.0,0.0,53089.65,15645.36,0.0,0.0,0.0,0.0,6789234.0,0.0,0.0,Sara Jacobs,Jacobs,Democrat
0651,2016,6475683.592000001,552971.392,5922712.2,499641.942,0.0,0.0,0.0,53329.45,0.0,0.0,0.0,0.0,0.0,5922712.2,0.0,0.0,Sara Jacobs,Jacobs,Democrat
0651,2017,6598962.850000001,524037.85,6074925.0,470562.7,0.0,0.0,0.0,53475.15,0.0,0.0,0.0,0.0,0.0,6074925.0,0.0,0.0,Sara Jacobs,Jacobs,Democrat
0651,2018,5264157.628,518238.02800000005,4745919.6,464632.27800000005,0.0,0.0,0.0,53605.75,0.0,0.0,0.0,0.0,0.0,4745919.6,0.0,0.0,Sara Jacobs,Jacobs,Democrat
0651,2019,5172795.926,483564.126,4689231.8,429813.676,0.0,0.0,0.0,53750.45,0.0,0.0,0.0,0.0,0.0,4689231.8,0.0,0.0,Sara Jacobs,Jacobs,Democrat
0651,2020,5858692.6219999995,519028.722,5339663.9,464382.172,0.0,0.0,0.0,54646.55,0.0,0.0,0.0,0.0,0.0,5339663.9,0.0,0.0,Sara Jacobs,Jacobs,Democrat
0651,2021,5758740.834000001,462979.434,5295761.4,408465.08400000003,0.0,0.0,0.0,54514.35,0.0,0.0,0.0,0.0,0.0,5295761.4,0.0,0.0,Sara Jacobs,Jacobs,Democrat
0651,2022,6047244.034,473392.034,5573852.0,418685.88399999996,0.0,0.0,0.0,54706.15,0.0,0.0,0.0,0.0,0.0,5573852.0,0.0,0.0,Sara Jacobs,Jacobs,Democrat
0651,2023,5565445.236,425019.536,5140425.7,370604.786,0.0,0.0,0.0,54414.75,0.0,0.0,0.0,0.0,0.0,5140425.7,0.0,0.0,Sara Jacobs,Jacobs,Democrat
0652,2010,1402713.852,1402713.852,0.0,1402713.852,0.0,0.0,0.0,0.0,0.0,0.0,0.0,0.0,0.0,0.0,0.0,0.0,Juan Vargas,Vargas,Democrat
0652,2011,1329683.134,1329683.134,0.0,1329683.134,0.0,0.0,0.0,0.0,0.0,0.0,0.0,0.0,0.0,0.0,0.0,0.0,Juan Vargas,Vargas,Democrat
0652,2012,1964173.528,1964173.528,0.0,1964173.528,0.0,0.0,0.0,0.0,0.0,0.0,0.0,0.0,0.0,0.0,0.0,0.0,Juan Vargas,Vargas,Democrat
0652,2013,1918228.6639999999,1918228.6639999999,0.0,1918228.6639999999,0.0,0.0,0.0,0.0,0.0,0.0,0.0,0.0,0.0,0.0,0.0,0.0,Juan Vargas,Vargas,Democrat
0652,2014,1911842.988,1911842.988,0.0,1911842.988,0.0,0.0,0.0,0.0,0.0,0.0,0.0,0.0,0.0,0.0,0.0,0.0,Juan Vargas,Vargas,Democrat
0652,2015,1864580.3320000002,1864580.3320000002,0.0,1864580.3320000002,0.0,0.0,0.0,0.0,0.0,0.0,0.0,0.0,0.0,0.0,0.0,0.0,Juan Vargas,Vargas,Democrat
0652,2016,1486309.664,1486309.664,0.0,1486309.664,0.0,0.0,0.0,0.0,0.0,0.0,0.0,0.0,0.0,0.0,0.0,0.0,Juan Vargas,Vargas,Democrat
0652,2017,1366636.136,1366636.136,0.0,1366636.136,0.0,0.0,0.0,0.0,0.0,0.0,0.0,0.0,0.0,0.0,0.0,0.0,Juan Vargas,Vargas,Democrat
0652,2018,529034.67,529034.67,0.0,529034.67,0.0,0.0,0.0,0.0,0.0,0.0,0.0,0.0,0.0,0.0,0.0,0.0,Juan Vargas,Vargas,Democrat
0652,2019,585558.764,585558.764,0.0,585558.764,0.0,0.0,0.0,0.0,0.0,0.0,0.0,0.0,0.0,0.0,0.0,0.0,Juan Vargas,Vargas,Democrat
0652,2020,1115919.19,1115919.19,0.0,1115919.19,0.0,0.0,0.0,0.0,0.0,0.0,0.0,0.0,0.0,0.0,0.0,0.0,Juan Vargas,Vargas,Democrat
0652,2021,1111690.2719999999,1111690.2719999999,0.0,1111690.2719999999,0.0,0.0,0.0,0.0,0.0,0.0,0.0,0.0,0.0,0.0,0.0,0.0,Juan Vargas,Vargas,Democrat
0652,2022,1308721.1560000002,1308721.1560000002,0.0,1308721.1560000002,0.0,0.0,0.0,0.0,0.0,0.0,0.0,0.0,0.0,0.0,0.0,0.0,Juan Vargas,Vargas,Democrat
0652,2023,1170445.024,1170445.024,0.0,1170445.024,0.0,0.0,0.0,0.0,0.0,0.0,0.0,0.0,0.0,0.0,0.0,0.0,Juan Vargas,Vargas,Democrat
0801,2010,13005152.958,1087303.558,11917849.4,1087303.558,0.0,0.0,0.0,0.0,0.0,0.0,0.0,0.0,0.0,11917849.4,0.0,0.0,Diana DeGette,DeGette,Democrat
0801,2011,22983879.174,10990706.174,11993173.0,1024670.3859999999,9796818.838,0.0,0.0,169216.95,0.0,0.0,0.0,0.0,0.0,11993173.0,0.0,0.0,Diana DeGette,DeGette,Democrat
0801,2012,24404831.252,12945684.922,11459146.33,1219285.136,11513714.436,0.0,0.0,212685.35,0.0,0.0,0.0,0.0,291343.83,11167802.5,0.0,0.0,Diana DeGette,DeGette,Democrat
0801,2013,27338483.2272,14892744.49,12445738.7372,1156263.434,13548112.656,0.0,0.0,188368.4,0.0,0.0,0.0,0.0,300991.69,12144747.0472,0.0,0.0,Diana DeGette,DeGette,Democrat
0801,2014,26086141.53104,13239596.818,12846544.71304,276344.516,12771824.052,0.0,0.0,191428.25,0.0,0.0,0.0,0.0,511000.61,12335544.10304,0.0,0.0,Diana DeGette,DeGette,Democrat
0801,2015,24804568.306,12389546.286,12415022.02,236501.562,11946510.524,0.0,0.0,206534.2,0.0,0.0,0.0,0.0,407712.92,12007309.1,0.0,0.0,Diana DeGette,DeGette,Democrat
0801,2016,33921682.46,21603942.38,12317740.08,196918.762,11020328.842,10194033.526,0.0,192661.25,0.0,0.0,0.0,0.0,423408.58,11894331.5,0.0,0.0,Diana DeGette,DeGette,Democrat
0801,2017,36916118.269999996,24120179.37,12795938.9,190743.03600000002,13585397.488,10155563.546,0.0,188475.3,0.0,0.0,0.0,0.0,0.0,12795938.9,0.0,0.0,Diana DeGette,DeGette,Democrat
0801,2018,41453304.983,27638662.933000002,13814642.05,212733.608,16122878.888,11106943.33,11180.657,184926.45,0.0,0.0,0.0,0.0,387138.25,13427503.8,0.0,0.0,Diana DeGette,DeGette,Democrat
0801,2019,44108743.22,29755178.419999998,14353564.8,210771.862,18654580.1,10685662.08,18255.578,185908.8,0.0,0.0,0.0,0.0,0.0,14353564.8,0.0,0.0,Diana DeGette,DeGette,Democrat
0801,2020,40239475.175,24900833.675,15338641.5,203000.78999999998,14144288.392,10357017.818,4551.075,191975.6,0.0,0.0,0.0,0.0,0.0,15338641.5,0.0,0.0,Diana DeGette,DeGette,Democrat
0801,2021,37747391.038,23903036.138,13844354.9,226344.752,13480337.63,10002683.056,0.0,193670.7,0.0,0.0,0.0,0.0,0.0,13844354.9,0.0,0.0,Diana DeGette,DeGette,Democrat
0801,2022,37969353.82,23401823.32,14567530.5,231232.128,12790028.636,10204928.306,0.0,175634.25,0.0,0.0,0.0,0.0,0.0,14567530.5,0.0,0.0,Diana DeGette,DeGette,Democrat
0801,2023,39380778.478,25101701.778,14279076.7,330759.304,13911045.244,10684769.93,0.0,175127.3,0.0,0.0,0.0,0.0,0.0,14279076.7,0.0,0.0,Diana DeGette,DeGette,Democrat
0802,2010,8124137.9221250005,8074203.9221250005,49934.0,8074203.9221250005,0.0,0.0,0.0,0.0,0.0,0.0,0.0,0.0,0.0,0.0,0.0,49934.0,Joe Neguse,Neguse,Democrat
0802,2011,7481151.16635,7449726.16635,31425.0,7449726.16635,0.0,0.0,0.0,0.0,0.0,0.0,0.0,0.0,0.0,0.0,0.0,31425.0,Joe Neguse,Neguse,Democrat
0802,2012,6953645.252175,6923756.552175,29888.7,6923756.552175,0.0,0.0,0.0,0.0,0.0,0.0,0.0,0.0,0.0,0.0,0.0,29888.7,Joe Neguse,Neguse,Democrat
0802,2013,7989847.308999999,7978698.909,11148.4,7978698.909,0.0,0.0,0.0,0.0,0.0,0.0,0.0,0.0,0.0,0.0,0.0,11148.4,Joe Neguse,Neguse,Democrat
0802,2014,8076417.855880001,8076417.65588,0.2,8076417.65588,0.0,0.0,0.0,0.0,0.0,0.0,0.0,0.0,0.0,0.0,0.0,0.2,Joe Neguse,Neguse,Democrat
0802,2015,7489807.600578,7489807.600578,0.0,7489807.600578,0.0,0.0,0.0,0.0,0.0,0.0,0.0,0.0,0.0,0.0,0.0,0.0,Joe Neguse,Neguse,Democrat
0802,2016,7280728.807775,7280728.807775,0.0,7280728.807775,0.0,0.0,0.0,0.0,0.0,0.0,0.0,0.0,0.0,0.0,0.0,0.0,Joe Neguse,Neguse,Democrat
0802,2017,6605003.880062,6605003.880062,0.0,6605003.880062,0.0,0.0,0.0,0.0,0.0,0.0,0.0,0.0,0.0,0.0,0.0,0.0,Joe Neguse,Neguse,Democrat
0802,2018,5749579.119758,5749579.119758,0.0,5749579.119758,0.0,0.0,0.0,0.0,0.0,0.0,0.0,0.0,0.0,0.0,0.0,0.0,Joe Neguse,Neguse,Democrat
0802,2019,6161365.463364,6161365.463364,0.0,6161365.463364,0.0,0.0,0.0,0.0,0.0,0.0,0.0,0.0,0.0,0.0,0.0,0.0,Joe Neguse,Neguse,Democrat
0802,2020,5380191.662379,5380191.662379,0.0,5380191.662379,0.0,0.0,0.0,0.0,0.0,0.0,0.0,0.0,0.0,0.0,0.0,0.0,Joe Neguse,Neguse,Democrat
0802,2021,5579389.950167,5579389.950167,0.0,5579389.950167,0.0,0.0,0.0,0.0,0.0,0.0,0.0,0.0,0.0,0.0,0.0,0.0,Joe Neguse,Neguse,Democrat
0802,2022,6269140.660743,6269140.660743,0.0,6269140.660743,0.0,0.0,0.0,0.0,0.0,0.0,0.0,0.0,0.0,0.0,0.0,0.0,Joe Neguse,Neguse,Democrat
0802,2023,5135665.911985,5135665.911985,0.0,5135665.911985,0.0,0.0,0.0,0.0,0.0,0.0,0.0,0.0,0.0,0.0,0.0,0.0,Joe Neguse,Neguse,Democrat
0803,2010,45528730.141475,20431168.941475,25097561.2,20431168.941475,0.0,0.0,0.0,0.0,0.0,0.0,0.0,0.0,0.0,5037.3,593776.4,24498747.5,Jeff Hurd,Hurd,Republican
0803,2011,50714229.92215,26024506.72215,24689723.2,25551770.32615,472736.396,0.0,0.0,0.0,0.0,0.0,0.0,0.0,0.0,0.0,354573.6,24335149.599999998,Jeff Hurd,Hurd,Republican
0803,2012,51384038.06348,27280900.863479998,24103137.2,26773922.51748,506978.346,0.0,0.0,0.0,0.0,0.0,0.0,0.0,0.0,0.0,389343.0,23713794.2,Jeff Hurd,Hurd,Republican
0803,2013,48796676.162,24749594.961999997,24047081.2,24297917.643999998,451677.31799999997,0.0,0.0,0.0,0.0,0.0,0.0,0.0,0.0,0.0,426488.3,23620592.9,Jeff Hurd,Hurd,Republican
0803,2014,50178480.114,24973140.914,25205339.2,24503781.584000003,469359.32999999996,0.0,0.0,0.0,0.0,0.0,0.0,0.0,0.0,0.0,479634.6,24725704.599999998,Jeff Hurd,Hurd,Republican
0803,2015,47925034.72,23854555.02,24070479.7,23327179.152,527375.868,0.0,0.0,0.0,0.0,0.0,0.0,0.0,0.0,0.0,433411.60000000003,23637068.1,Jeff Hurd,Hurd,Republican
0803,2016,47580515.936000004,24056881.036,23523634.9,22391091.628,384701.422,1281087.986,0.0,0.0,0.0,0.0,0.0,0.0,0.0,0.0,438905.7,23084729.2,Jeff Hurd,Hurd,Republican
0803,2017,48271322.252000004,23394166.952,24877155.299999997,21722254.318,373695.394,1298217.24,0.0,0.0,0.0,0.0,0.0,0.0,0.0,0.0,481886.4,24395268.9,Jeff Hurd,Hurd,Republican
0803,2018,46937870.89,23262285.79,23675585.099999998,21621298.154,346146.338,1294841.298,0.0,0.0,0.0,0.0,0.0,0.0,0.0,0.0,503331.30000000005,23172253.8,Jeff Hurd,Hurd,Republican
0803,2019,48561725.138,23072914.338,25488810.8,21472233.456,343703.734,1256977.148,0.0,0.0,0.0,0.0,0.0,0.0,0.0,0.0,1625219.4,23863591.4,Jeff Hurd,Hurd,Republican
0803,2020,35647075.428,18205149.128000002,17441926.3,16701579.564000001,345710.69,1157858.874,0.0,0.0,0.0,0.0,0.0,0.0,0.0,0.0,1635452.3,15806474.0,Jeff Hurd,Hurd,Republican
0803,2021,36627476.216000006,21523144.616,15104331.600000001,19959316.37,393003.174,1170825.072,0.0,0.0,0.0,0.0,0.0,0.0,0.0,0.0,506809.39999999997,14597522.200000001,Jeff Hurd,Hurd,Republican
0803,2022,36108896.836,19411245.936,16697650.9,17920209.79,395735.904,1095300.242,0.0,0.0,0.0,0.0,0.0,0.0,0.0,0.0,531329.2,16166321.7,Jeff Hurd,Hurd,Republican
0803,2023,33406463.772,17795374.372,15611089.4,16518942.83,370723.948,905707.594,0.0,0.0,0.0,0.0,0.0,0.0,0.0,0.0,489098.7,15121990.700000001,Jeff Hurd,Hurd,Republican
0804,2010,6193286.987133999,6158262.087134,35024.9,6158262.087134,0.0,0.0,0.0,0.0,0.0,0.0,0.0,0.0,0.0,35024.9,0.0,0.0,Lauren Boebert,Boebert,Republican
0804,2011,5695791.509202001,5658911.009202001,36880.5,5479249.761202,179661.248,0.0,0.0,0.0,0.0,0.0,0.0,0.0,0.0,36880.5,0.0,0.0,Lauren Boebert,Boebert,Republican
0804,2012,6173667.048762,6139928.748762,33738.3,5626035.500762,513893.248,0.0,0.0,0.0,0.0,0.0,0.0,0.0,0.0,33738.3,0.0,0.0,Lauren Boebert,Boebert,Republican
0804,2013,6156073.974,6118876.874,37197.1,5409416.448,709460.426,0.0,0.0,0.0,0.0,0.0,0.0,0.0,0.0,37197.1,0.0,0.0,Lauren Boebert,Boebert,Republican
0804,2014,6741374.384,6704952.784,36421.6,5338595.884000001,1366356.9000000001,0.0,0.0,0.0,0.0,0.0,0.0,0.0,0.0,36421.6,0.0,0.0,Lauren Boebert,Boebert,Republican
0804,2015,7447912.595,7414909.595,33003.0,6087008.483,1327901.112,0.0,0.0,0.0,0.0,0.0,0.0,0.0,0.0,33003.0,0.0,0.0,Lauren Boebert,Boebert,Republican
0804,2016,6169964.858,6136618.257999999,33346.6,5024208.671999999,992855.302,119554.284,0.0,0.0,0.0,0.0,0.0,0.0,0.0,33346.6,0.0,0.0,Lauren Boebert,Boebert,Republican
0804,2017,7037034.5234,7002970.4234,34064.1,5992824.238,862565.3574,147032.728,0.0,548.1,0.0,0.0,0.0,0.0,0.0,34064.1,0.0,0.0,Lauren Boebert,Boebert,Republican
0804,2018,7315701.6429,7282123.4429,33578.2,6112220.706,1168553.3869,800.15,0.0,549.2,0.0,0.0,0.0,0.0,0.0,33578.2,0.0,0.0,Lauren Boebert,Boebert,Republican
0804,2019,7360432.9337,7326168.4337,34264.5,5439626.162,1867784.0557000001,18206.766,0.0,551.45,0.0,0.0,0.0,0.0,0.0,34264.5,0.0,0.0,Lauren Boebert,Boebert,Republican
0804,2020,7325409.669,7290246.268999999,35163.4,6344438.301999999,903329.9409999999,41924.576,0.0,553.45,0.0,0.0,0.0,0.0,0.0,35163.4,0.0,0.0,Lauren Boebert,Boebert,Republican
0804,2021,6589028.926,6551412.726,37616.2,5575058.524,872852.414,102948.58799999999,0.0,553.2,0.0,0.0,0.0,0.0,0.0,37616.2,0.0,0.0,Lauren Boebert,Boebert,Republican
0804,2022,6090197.04,6050523.74,39673.3,5351231.646,553507.762,145228.882,0.0,555.45,0.0,0.0,0.0,0.0,0.0,39673.3,0.0,0.0,Lauren Boebert,Boebert,Republican
0804,2023,6457071.88,6420451.38,36620.5,5601363.366,607116.62,211415.944,0.0,555.45,0.0,0.0,0.0,0.0,0.0,36620.5,0.0,0.0,Lauren Boebert,Boebert,Republican
0805,2010,7175958.9935840005,4891781.9935840005,2284177.0,4891781.9935840005,0.0,0.0,0.0,0.0,0.0,0.0,0.0,0.0,0.0,2284177.0,0.0,0.0,Jeff Crank,Crank,Republican
0805,2011,7128485.36705,4889664.56705,2238820.8,4887781.287049999,0.0,0.0,0.0,0.0,1883.28,0.0,0.0,0.0,0.0,2238820.8,0.0,0.0,Jeff Crank,Crank,Republican
0805,2012,6597677.1696729995,4508228.6696729995,2089448.5,4507150.229673,0.0,0.0,0.0,0.0,1078.44,0.0,0.0,0.0,0.0,2089448.5,0.0,0.0,Jeff Crank,Crank,Republican
0805,2013,7264855.674046,4750569.174046,2514286.5,4749602.454046,0.0,0.0,0.0,0.0,966.72,0.0,0.0,0.0,0.0,2514286.5,0.0,0.0,Jeff Crank,Crank,Republican
0805,2014,7051254.8111,4515873.3111,2535381.5,4513666.2711,0.0,0.0,0.0,0.0,2207.04,0.0,0.0,0.0,0.0,2535381.5,0.0,0.0,Jeff Crank,Crank,Republican
0805,2015,7258975.6811,4864099.0811,2394876.6,4864099.0811,0.0,0.0,0.0,0.0,0.0,0.0,0.0,0.0,0.0,2394876.6,0.0,0.0,Jeff Crank,Crank,Republican
0805,2016,6777611.5211,4209659.4211,2567952.1,4209659.4211,0.0,0.0,0.0,0.0,0.0,0.0,0.0,0.0,0.0,2567952.1,0.0,0.0,Jeff Crank,Crank,Republican
0805,2017,6549214.416222,4218359.716222,2330854.7,4218359.716222,0.0,0.0,0.0,0.0,0.0,0.0,0.0,0.0,0.0,2330854.7,0.0,0.0,Jeff Crank,Crank,Republican
0805,2018,6894495.711499999,4075854.1114999996,2818641.6,4075854.1114999996,0.0,0.0,0.0,0.0,0.0,0.0,0.0,0.0,0.0,2818641.6,0.0,0.0,Jeff Crank,Crank,Republican
0805,2019,6794562.635629,3800580.535629,2993982.1,3800580.535629,0.0,0.0,0.0,0.0,0.0,0.0,0.0,0.0,0.0,2993982.1,0.0,0.0,Jeff Crank,Crank,Republican
0805,2020,7426593.921883999,3474228.121884,3952365.8,3440688.471884,0.0,0.0,0.0,33539.65,0.0,0.0,0.0,0.0,0.0,3952365.8,0.0,0.0,Jeff Crank,Crank,Republican
0805,2021,7249898.63737,3228984.33737,4020914.3,3195040.68737,0.0,0.0,0.0,33943.65,0.0,0.0,0.0,0.0,0.0,4020914.3,0.0,0.0,Jeff Crank,Crank,Republican
0805,2022,7133901.418021,2906114.018021,4227787.4,2871671.268021,0.0,0.0,0.0,34442.75,0.0,0.0,0.0,0.0,0.0,4227787.4,0.0,0.0,Jeff Crank,Crank,Republican
0805,2023,6523399.976537,2445868.2765369997,4077531.7,2410926.426537,0.0,0.0,0.0,34941.85,0.0,0.0,0.0,0.0,0.0,4077531.7,0.0,0.0,Jeff Crank,Crank,Republican
0806,2010,1847140.4640000002,331889.164,1515251.3,331889.164,0.0,0.0,0.0,0.0,0.0,0.0,0.0,0.0,0.0,92348.3,1422903.0,0.0,Jason A. Crow,Crow,Democrat
0806,2011,1700510.678,602305.678,1098205.0,303327.072,292707.106,0.0,0.0,6271.5,0.0,0.0,0.0,0.0,0.0,126436.3,971768.7,0.0,Jason A. Crow,Crow,Democrat
0806,2012,2153879.75,396082.14999999997,1757797.5999999999,205073.804,181168.696,0.0,0.0,9839.65,0.0,0.0,0.0,0.0,0.0,337035.39999999997,1420762.2,0.0,Jason A. Crow,Crow,Democrat
0806,2013,2221261.628,552522.528,1668739.0999999999,303319.988,240044.84,0.0,0.0,9157.7,0.0,0.0,0.0,0.0,0.0,282060.4,1386678.7,0.0,Jason A. Crow,Crow,Democrat
0806,2014,1151411.146,771461.746,379949.4,300061.24,462346.756,0.0,0.0,9053.75,0.0,0.0,0.0,0.0,0.0,379949.4,0.0,0.0,Jason A. Crow,Crow,Democrat
0806,2015,1394776.81,884935.71,509841.1,382641.878,490654.832,0.0,0.0,11639.0,0.0,0.0,0.0,0.0,0.0,509841.1,0.0,0.0,Jason A. Crow,Crow,Democrat
0806,2016,1280841.366,756102.3659999999,524739.0,232941.26799999998,511401.148,0.0,0.0,11759.95,0.0,0.0,0.0,0.0,0.0,524739.0,0.0,0.0,Jason A. Crow,Crow,Democrat
0806,2017,1379128.442,922119.142,457009.3,340819.374,569463.218,0.0,0.0,11836.55,0.0,0.0,0.0,0.0,0.0,457009.3,0.0,0.0,Jason A. Crow,Crow,Democrat
0806,2018,1436079.138,925339.238,510739.9,269008.546,656330.692,0.0,0.0,0.0,0.0,0.0,0.0,0.0,0.0,510739.9,0.0,0.0,Jason A. Crow,Crow,Democrat
0806,2019,1536198.772,1012220.172,523978.6,441260.514,570959.658,0.0,0.0,0.0,0.0,0.0,0.0,0.0,0.0,523978.6,0.0,0.0,Jason A. Crow,Crow,Democrat
0806,2020,1447232.974,919001.174,528231.8,460736.834,414443.696,43820.644,0.0,0.0,0.0,0.0,0.0,0.0,0.0,528231.8,0.0,0.0,Jason A. Crow,Crow,Democrat
0806,2021,1130268.54,622142.74,508125.8,264521.622,313276.046,38212.172,0.0,6132.9,0.0,0.0,0.0,0.0,0.0,508125.8,0.0,0.0,Jason A. Crow,Crow,Democrat
0806,2022,1475495.924,884188.324,591307.6,347317.044,495253.946,33888.284,0.0,7729.05,0.0,0.0,0.0,0.0,0.0,591307.6,0.0,0.0,Jason A. Crow,Crow,Democrat
0806,2023,1673949.11,1098791.21,575157.9,361759.122,672927.42,57972.268,0.0,6132.4,0.0,0.0,0.0,0.0,0.0,575157.9,0.0,0.0,Jason A. Crow,Crow,Democrat
0807,2010,6009322.858,1806681.258,4202641.6,1806681.258,0.0,0.0,0.0,0.0,0.0,0.0,0.0,0.0,0.0,4202641.6,0.0,0.0,Brittany Pettersen,Pettersen,Democrat
0807,2011,5905208.37,1726378.37,4178830.0,1596639.05,0.0,0.0,0.0,111068.4,18670.92,0.0,0.0,0.0,0.0,4178830.0,0.0,0.0,Brittany Pettersen,Pettersen,Democrat
0807,2012,5682462.796,1826725.296,3855737.5,1651966.526,0.0,0.0,0.0,118125.85,56632.92,0.0,0.0,0.0,0.0,3855737.5,0.0,0.0,Brittany Pettersen,Pettersen,Democrat
0807,2013,6123370.184,1665629.584,4457740.6,1461330.824,0.0,0.0,0.0,111863.0,92435.76,0.0,0.0,0.0,0.0,4457740.6,0.0,0.0,Brittany Pettersen,Pettersen,Democrat
0807,2014,6159504.268,1713139.368,4446364.9,1589110.2280000001,0.0,0.0,0.0,111881.3,12147.84,0.0,0.0,0.0,0.0,4446364.9,0.0,0.0,Brittany Pettersen,Pettersen,Democrat
0807,2015,5599842.076,1720978.0760000001,3878864.0,1569745.3760000002,0.0,0.0,0.0,108858.9,42373.8,0.0,0.0,0.0,0.0,3878864.0,0.0,0.0,Brittany Pettersen,Pettersen,Democrat
0807,2016,5789836.3533825,1679373.5533825,4110462.8,1357559.518,0.0,113668.402,130314.8433825,61738.55,16092.24,0.0,0.0,0.0,0.0,4110462.8,0.0,0.0,Brittany Pettersen,Pettersen,Democrat
0807,2017,5735638.16,1483672.26,4251965.9,1276158.792,0.0,100033.878,31779.11,65689.0,10011.48,0.0,0.0,0.0,0.0,4251965.9,0.0,0.0,Brittany Pettersen,Pettersen,Democrat
0807,2018,6638075.4263587,1633485.2263586998,5004590.2,1331289.222,39555.998,141331.32200000001,15566.7543587,97976.25,7765.68,0.0,0.0,0.0,0.0,5004590.2,0.0,0.0,Brittany Pettersen,Pettersen,Democrat
0807,2019,6710055.9459999995,1774573.5459999999,4935482.4,1328685.19,136739.248,189828.968,8682.5,104075.8,6561.84,0.0,0.0,0.0,0.0,4935482.4,0.0,0.0,Brittany Pettersen,Pettersen,Democrat
0807,2020,3433831.67,1815861.07,1617970.6,1131043.63,229974.812,221426.908,0.0,164197.2,69218.52,0.0,0.0,0.0,0.0,1617970.6,0.0,0.0,Brittany Pettersen,Pettersen,Democrat
0807,2021,3693242.6472,1969534.0472,1723708.6,1030222.2000000001,528941.568,219765.606,0.0,173850.8,16753.8732,0.0,0.0,0.0,0.0,1723708.6,0.0,0.0,Brittany Pettersen,Pettersen,Democrat
0807,2022,3830192.944,2019506.144,1810686.8,1127609.85,437144.436,240423.022,0.0,173964.4,40364.436,0.0,0.0,0.0,0.0,1810686.8,0.0,0.0,Brittany Pettersen,Pettersen,Democrat
0807,2023,3265850.488,1549847.388,1716003.1,1073973.4479999999,105080.224,259979.692,0.0,102983.25,7830.774,0.0,0.0,0.0,0.0,1716003.1,0.0,0.0,Brittany Pettersen,Pettersen,Democrat
0808,2010,8754318.320625,7758403.729625,995914.591,7758403.729625,0.0,0.0,0.0,0.0,0.0,0.0,0.0,0.0,0.0,0.0,995914.591,0.0,Gabe Evans,Evans,Republican
0808,2011,9400530.285775,8109408.532775,1291121.753,8024011.132775,0.0,0.0,0.0,0.0,85397.4,0.0,0.0,0.0,0.0,0.0,1291121.753,0.0,Gabe Evans,Evans,Republican
0808,2012,22056819.306325,6935903.757325,15120915.549,6891997.797325,0.0,0.0,0.0,0.0,43905.96,0.0,13690853.0,0.0,0.0,0.0,1430062.549,0.0,Gabe Evans,Evans,Republican
0808,2013,22230502.578,7082795.249,15147707.329,7050006.569,0.0,0.0,0.0,0.0,32788.68,0.0,13676186.0,0.0,0.0,0.0,1471521.329,0.0,Gabe Evans,Evans,Republican
0808,2014,22404526.644,7467506.392,14937020.252,7464325.792,0.0,0.0,0.0,0.0,3180.6,0.0,13699455.0,0.0,0.0,0.0,1237565.252,0.0,Gabe Evans,Evans,Republican
0808,2015,22377302.11507,7303305.98407,15073996.131000001,7296698.54407,0.0,0.0,0.0,0.0,6607.44,0.0,14490335.0,0.0,0.0,0.0,583661.131,0.0,Gabe Evans,Evans,Republican
0808,2016,20987174.556,6905182.556,14081992.0,6833586.16,0.0,64371.076,0.0,0.0,7225.32,0.0,13402493.0,0.0,0.0,0.0,679499.0,0.0,Gabe Evans,Evans,Republican
0808,2017,20895700.98,6192766.180000001,14702934.8,6128125.7,0.0,64640.48,0.0,0.0,0.0,0.0,13986709.0,0.0,0.0,0.0,716225.8,0.0,Gabe Evans,Evans,Republican
0808,2018,20996813.946,5970397.046,15026416.9,5901744.582,0.0,68652.464,0.0,0.0,0.0,0.0,14261748.0,0.0,0.0,0.0,764668.8999999999,0.0,Gabe Evans,Evans,Republican
0808,2019,20258103.182,6234698.382,14023404.8,6160829.248,0.0,73869.134,0.0,0.0,0.0,0.0,13176537.0,0.0,0.0,0.0,846867.8,0.0,Gabe Evans,Evans,Republican
0808,2020,18001766.312,6270004.612,11731761.7,6208910.1219999995,0.0,61094.49,0.0,0.0,0.0,0.0,11017764.0,0.0,0.0,0.0,713997.7,0.0,Gabe Evans,Evans,Republican
0808,2021,17093144.911240198,5745192.386,11347952.5252402,5692004.0139999995,0.0,53188.372,0.0,0.0,0.0,0.0,10622599.4252402,0.0,0.0,0.0,725353.1000000001,0.0,Gabe Evans,Evans,Republican
0808,2022,19990003.7622688,6523367.182,13466636.5802688,6523367.182,0.0,0.0,0.0,0.0,0.0,0.0,12732276.5802688,0.0,0.0,0.0,734360.0,0.0,Gabe Evans,Evans,Republican
0808,2023,16769527.4742315,6365577.75,10403949.7242315,6365577.75,0.0,0.0,0.0,0.0,0.0,0.0,9808177.3242315,0.0,0.0,0.0,595772.4,0.0,Gabe Evans,Evans,Republican
0901,2010,5780314.532000001,1040557.532,4739757.0,1040557.532,0.0,0.0,0.0,0.0,0.0,0.0,0.0,0.0,0.0,4739757.0,0.0,0.0,John B. Larson,Larson,Democrat
0901,2011,5875295.3100000005,1086312.4100000001,4788982.9,925375.23,0.0,0.0,0.0,146513.90000000002,14423.28,0.0,0.0,0.0,0.0,4788982.9,0.0,0.0,John B. Larson,Larson,Democrat
0901,2012,5533617.48,1032067.1799999999,4501550.3,869041.55,0.0,0.0,0.0,140952.95,22072.68,0.0,0.0,0.0,0.0,4501550.3,0.0,0.0,John B. Larson,Larson,Democrat
0901,2013,5874353.6756,985416.682,4888936.9936,835663.182,0.0,0.0,0.0,134032.9,15720.6,0.0,0.0,0.0,0.0,4888936.9936,0.0,0.0,John B. Larson,Larson,Democrat
0901,2014,6110789.6672,964832.6,5145957.0672,819545.51,0.0,0.0,0.0,128864.25,16422.84,0.0,0.0,0.0,0.0,5145957.0672,0.0,0.0,John B. Larson,Larson,Democrat
0901,2015,6046117.682,941737.782,5104379.9,793427.732,0.0,0.0,0.0,125373.25,22936.8,0.0,0.0,0.0,0.0,5104379.9,0.0,0.0,John B. Larson,Larson,Democrat
0901,2016,5822893.8719999995,926818.272,4896075.6,806557.722,0.0,0.0,0.0,120260.55,0.0,0.0,0.0,0.0,0.0,4896075.6,0.0,0.0,John B. Larson,Larson,Democrat
0901,2017,5992353.732,933087.532,5059266.2,817790.982,0.0,0.0,0.0,115296.55,0.0,0.0,0.0,0.0,0.0,5059266.2,0.0,0.0,John B. Larson,Larson,Democrat
0901,2018,6230884.298,881081.198,5349803.1,772221.598,0.0,0.0,0.0,108859.6,0.0,0.0,0.0,0.0,0.0,5349803.1,0.0,0.0,John B. Larson,Larson,Democrat
0901,2019,6183414.642000001,856853.442,5326561.2,752354.392,0.0,0.0,0.0,104499.05,0.0,0.0,0.0,0.0,0.0,5326561.2,0.0,0.0,John B. Larson,Larson,Democrat
0901,2020,5783661.217999999,849484.8180000001,4934176.4,751464.4180000001,0.0,0.0,0.0,98020.4,0.0,0.0,0.0,0.0,0.0,4934176.4,0.0,0.0,John B. Larson,Larson,Democrat
0901,2021,5908434.0879999995,848352.588,5060081.5,755699.088,0.0,0.0,0.0,92653.5,0.0,0.0,0.0,0.0,0.0,5060081.5,0.0,0.0,John B. Larson,Larson,Democrat
0901,2022,5867750.884000001,701235.9839999999,5166514.9,614562.9839999999,0.0,0.0,0.0,86673.0,0.0,0.0,0.0,0.0,0.0,5166514.9,0.0,0.0,John B. Larson,Larson,Democrat
0901,2023,5471667.314,596573.014,4875094.3,515954.614,0.0,0.0,0.0,80618.4,0.0,0.0,0.0,0.0,0.0,4875094.3,0.0,0.0,John B. Larson,Larson,Democrat
0902,2010,3932902.591,3881867.991,51034.6,3881867.991,0.0,0.0,0.0,0.0,0.0,0.0,0.0,0.0,0.0,51034.6,0.0,0.0,Joe Courtney,Courtney,Democrat
0902,2011,2982299.828,2927864.728,54435.1,2923552.278,0.0,0.0,0.0,4312.45,0.0,0.0,0.0,0.0,0.0,54435.1,0.0,0.0,Joe Courtney,Courtney,Democrat
0902,2012,2769037.788,2719588.188,49449.6,2715663.1380000003,0.0,0.0,0.0,3925.05,0.0,0.0,0.0,0.0,0.0,49449.6,0.0,0.0,Joe Courtney,Courtney,Democrat
0902,2013,2478931.5889999997,2419097.389,59834.2,2415257.039,0.0,0.0,0.0,3840.35,0.0,0.0,0.0,0.0,0.0,59834.2,0.0,0.0,Joe Courtney,Courtney,Democrat
0902,2014,2571449.8454,2507198.6070000003,64251.2384,2503975.557,0.0,0.0,0.0,3223.05,0.0,0.0,0.0,0.0,0.0,64251.2384,0.0,0.0,Joe Courtney,Courtney,Democrat
0902,2015,2718548.657,2652723.657,65825.0,2649707.557,0.0,0.0,0.0,3016.1,0.0,0.0,0.0,0.0,0.0,65825.0,0.0,0.0,Joe Courtney,Courtney,Democrat
0902,2016,2845836.256,2786848.256,58988.0,2784112.556,0.0,0.0,0.0,2735.7,0.0,0.0,0.0,0.0,0.0,58988.0,0.0,0.0,Joe Courtney,Courtney,Democrat
0902,2017,2656103.346,2592034.346,64069.0,2589305.8959999997,0.0,0.0,0.0,2728.45,0.0,0.0,0.0,0.0,0.0,64069.0,0.0,0.0,Joe Courtney,Courtney,Democrat
0902,2018,2820330.099,2753418.999,66911.1,2750984.599,0.0,0.0,0.0,2434.4,0.0,0.0,0.0,0.0,0.0,66911.1,0.0,0.0,Joe Courtney,Courtney,Democrat
0902,2019,2809340.812,2741020.812,68320.0,2738801.462,0.0,0.0,0.0,2219.35,0.0,0.0,0.0,0.0,0.0,68320.0,0.0,0.0,Joe Courtney,Courtney,Democrat
0902,2020,2844398.155,2789440.255,54957.9,2787292.155,0.0,0.0,0.0,2148.1,0.0,0.0,0.0,0.0,0.0,54957.9,0.0,0.0,Joe Courtney,Courtney,Democrat
0902,2021,2743744.262,2684738.662,59005.6,2682731.912,0.0,0.0,0.0,2006.75,0.0,0.0,0.0,0.0,0.0,59005.6,0.0,0.0,Joe Courtney,Courtney,Democrat
0902,2022,2972096.568,2911492.268,60604.3,2909643.068,0.0,0.0,0.0,1849.2,0.0,0.0,0.0,0.0,0.0,60604.3,0.0,0.0,Joe Courtney,Courtney,Democrat
0902,2023,2863981.444,2808330.944,55650.5,2806489.244,0.0,0.0,0.0,1841.7,0.0,0.0,0.0,0.0,0.0,55650.5,0.0,0.0,Joe Courtney,Courtney,Democrat
0903,2010,6467378.2809999995,2316074.181,4151304.1,2316074.181,0.0,0.0,0.0,0.0,0.0,0.0,0.0,0.0,0.0,4151304.1,0.0,0.0,Rosa L. DeLauro,DeLauro,Democrat
0903,2011,7277728.609,2968312.209,4309416.4,2849142.423,0.0,0.0,0.0,117965.946,1203.84,0.0,0.0,0.0,0.0,4309416.4,0.0,0.0,Rosa L. DeLauro,DeLauro,Democrat
0903,2012,7940697.778,3789627.578,4151070.2,3671111.982,0.0,0.0,0.0,116657.396,1858.2,0.0,0.0,0.0,0.0,4151070.2,0.0,0.0,Rosa L. DeLauro,DeLauro,Democrat
0903,2013,7506888.410999999,3491782.3109999998,4015106.1,3379901.925,0.0,0.0,0.0,111497.346,383.04,0.0,0.0,0.0,0.0,4015106.1,0.0,0.0,Rosa L. DeLauro,DeLauro,Democrat
0903,2014,7521188.52,3390594.72,4130593.8,3292203.704,0.0,0.0,0.0,93035.296,5355.72,0.0,0.0,0.0,0.0,4130593.8,0.0,0.0,Rosa L. DeLauro,DeLauro,Democrat
0903,2015,8376815.773000001,3955080.6730000004,4421735.1,3846568.607,0.0,0.0,0.0,108400.346,111.72,0.0,0.0,0.0,0.0,4421735.1,0.0,0.0,Rosa L. DeLauro,DeLauro,Democrat
0903,2016,7903465.3319999995,3531706.532,4371758.8,3424808.766,0.0,0.0,0.0,105965.246,932.52,0.0,0.0,0.0,0.0,4371758.8,0.0,0.0,Rosa L. DeLauro,DeLauro,Democrat
0903,2017,7400871.159,3416448.559,3984422.6,3310177.813,0.0,0.0,0.0,106270.746,0.0,0.0,0.0,0.0,0.0,3984422.6,0.0,0.0,Rosa L. DeLauro,DeLauro,Democrat
0903,2018,8076974.771,3255861.271,4821113.5,3149603.525,0.0,0.0,0.0,106257.746,0.0,0.0,0.0,0.0,0.0,4821113.5,0.0,0.0,Rosa L. DeLauro,DeLauro,Democrat
0903,2019,8415810.692,2857159.092,5558651.6,2750913.596,0.0,0.0,0.0,106245.496,0.0,0.0,0.0,0.0,0.0,5558651.6,0.0,0.0,Rosa L. DeLauro,DeLauro,Democrat
0903,2020,4682121.065,2786089.865,1896031.2,2684495.369,0.0,0.0,0.0,101594.496,0.0,0.0,0.0,0.0,0.0,1896031.2,0.0,0.0,Rosa L. DeLauro,DeLauro,Democrat
0903,2021,7269192.018999999,2878469.4189999998,4390722.6,2775856.877,0.0,0.0,0.0,102612.542,0.0,0.0,0.0,0.0,0.0,4390722.6,0.0,0.0,Rosa L. DeLauro,DeLauro,Democrat
0903,2022,5128359.415,3098667.415,2029692.0,3000061.175,0.0,0.0,0.0,98606.24,0.0,0.0,0.0,0.0,0.0,2029692.0,0.0,0.0,Rosa L. DeLauro,DeLauro,Democrat
0903,2023,4971282.5962,3089933.3962000003,1881349.2,2993331.177,0.0,0.0,0.0,93280.396,3321.8232,0.0,0.0,0.0,0.0,1881349.2,0.0,0.0,Rosa L. DeLauro,DeLauro,Democrat
0904,2010,2879921.432,2879921.432,0.0,2879921.432,0.0,0.0,0.0,0.0,0.0,0.0,0.0,0.0,0.0,0.0,0.0,0.0,James A. Himes,Himes,Democrat
0904,2011,1937487.376,1937487.376,0.0,1937487.376,0.0,0.0,0.0,0.0,0.0,0.0,0.0,0.0,0.0,0.0,0.0,0.0,James A. Himes,Himes,Democrat
0904,2012,33146422.601,1585704.501,31560718.099999998,1585704.501,0.0,0.0,0.0,0.0,0.0,0.0,0.0,0.0,31560718.099999998,0.0,0.0,0.0,James A. Himes,Himes,Democrat
0904,2013,25014198.317,2199657.317,22814541.0,2199657.317,0.0,0.0,0.0,0.0,0.0,0.0,0.0,0.0,22814541.0,0.0,0.0,0.0,James A. Himes,Himes,Democrat
0904,2014,34705858.27184,2119238.3340000003,32586619.93784,2119238.3340000003,0.0,0.0,0.0,0.0,0.0,0.0,0.0,0.0,32586619.93784,0.0,0.0,0.0,James A. Himes,Himes,Democrat
0904,2015,36437259.4672355,2177102.446,34260157.0212355,2177102.446,0.0,0.0,0.0,0.0,0.0,0.0,0.0,0.0,34260157.0212355,0.0,0.0,0.0,James A. Himes,Himes,Democrat
0904,2016,43563019.626568004,1949512.7079999999,41613506.918568,1949512.7079999999,0.0,0.0,0.0,0.0,0.0,0.0,0.0,0.0,41613506.918568,0.0,0.0,0.0,James A. Himes,Himes,Democrat
0904,2017,32817184.7100428,1461607.504,31355577.2060428,1461607.504,0.0,0.0,0.0,0.0,0.0,0.0,0.0,0.0,31355577.2060428,0.0,0.0,0.0,James A. Himes,Himes,Democrat
0904,2018,35109228.66596,3358946.42,31750282.245959997,3358946.42,0.0,0.0,0.0,0.0,0.0,0.0,0.0,0.0,31750282.245959997,0.0,0.0,0.0,James A. Himes,Himes,Democrat
0904,2019,32060701.3103953,3078477.678,28982223.632395297,3078477.678,0.0,0.0,0.0,0.0,0.0,0.0,0.0,0.0,28982223.632395297,0.0,0.0,0.0,James A. Himes,Himes,Democrat
0904,2020,31451237.9568201,4316881.052,27134356.9048201,4316881.052,0.0,0.0,0.0,0.0,0.0,0.0,0.0,0.0,27134356.9048201,0.0,0.0,0.0,James A. Himes,Himes,Democrat
0904,2021,19731667.759684,4744120.1,14987547.659683999,4744120.1,0.0,0.0,0.0,0.0,0.0,0.0,0.0,0.0,14987547.659683999,0.0,0.0,0.0,James A. Himes,Himes,Democrat
0904,2022,19239769.151812002,4305518.732,14934250.419812,4305518.732,0.0,0.0,0.0,0.0,0.0,0.0,0.0,0.0,14934250.419812,0.0,0.0,0.0,James A. Himes,Himes,Democrat
0904,2023,22822787.4223,4384076.488,18438710.934299998,4384076.488,0.0,0.0,0.0,0.0,0.0,0.0,0.0,0.0,18438710.934299998,0.0,0.0,0.0,James A. Himes,Himes,Democrat
0905,2010,188657.53612499998,188657.53612499998,0.0,188657.53612499998,0.0,0.0,0.0,0.0,0.0,0.0,0.0,0.0,0.0,0.0,0.0,0.0,Jahana Hayes,Hayes,Democrat
0905,2011,197394.71337299998,197394.71337299998,0.0,197394.71337299998,0.0,0.0,0.0,0.0,0.0,0.0,0.0,0.0,0.0,0.0,0.0,0.0,Jahana Hayes,Hayes,Democrat
0905,2012,197975.655327,197975.655327,0.0,197975.655327,0.0,0.0,0.0,0.0,0.0,0.0,0.0,0.0,0.0,0.0,0.0,0.0,Jahana Hayes,Hayes,Democrat
0905,2013,197792.44199999998,197792.44199999998,0.0,197792.44199999998,0.0,0.0,0.0,0.0,0.0,0.0,0.0,0.0,0.0,0.0,0.0,0.0,Jahana Hayes,Hayes,Democrat
0905,2014,204368.676,204368.676,0.0,204368.676,0.0,0.0,0.0,0.0,0.0,0.0,0.0,0.0,0.0,0.0,0.0,0.0,Jahana Hayes,Hayes,Democrat
0905,2015,203772.288,203772.288,0.0,203772.288,0.0,0.0,0.0,0.0,0.0,0.0,0.0,0.0,0.0,0.0,0.0,0.0,Jahana Hayes,Hayes,Democrat
0905,2016,199724.006,199724.006,0.0,199724.006,0.0,0.0,0.0,0.0,0.0,0.0,0.0,0.0,0.0,0.0,0.0,0.0,Jahana Hayes,Hayes,Democrat
0905,2017,200024.544,200024.544,0.0,200024.544,0.0,0.0,0.0,0.0,0.0,0.0,0.0,0.0,0.0,0.0,0.0,0.0,Jahana Hayes,Hayes,Democrat
0905,2018,196830.768,196830.768,0.0,196830.768,0.0,0.0,0.0,0.0,0.0,0.0,0.0,0.0,0.0,0.0,0.0,0.0,Jahana Hayes,Hayes,Democrat
0905,2019,196020.17200000002,196020.17200000002,0.0,196020.17200000002,0.0,0.0,0.0,0.0,0.0,0.0,0.0,0.0,0.0,0.0,0.0,0.0,Jahana Hayes,Hayes,Democrat
0905,2020,204676.38199999998,204676.38199999998,0.0,204676.38199999998,0.0,0.0,0.0,0.0,0.0,0.0,0.0,0.0,0.0,0.0,0.0,0.0,Jahana Hayes,Hayes,Democrat
0905,2021,203149.988,203149.988,0.0,203149.988,0.0,0.0,0.0,0.0,0.0,0.0,0.0,0.0,0.0,0.0,0.0,0.0,Jahana Hayes,Hayes,Democrat
0905,2022,199959.598,199959.598,0.0,199959.598,0.0,0.0,0.0,0.0,0.0,0.0,0.0,0.0,0.0,0.0,0.0,0.0,Jahana Hayes,Hayes,Democrat
0905,2023,189593.788,189593.788,0.0,189593.788,0.0,0.0,0.0,0.0,0.0,0.0,0.0,0.0,0.0,0.0,0.0,0.0,Jahana Hayes,Hayes,Democrat
1000,2010,7355846.7979999995,4750822.898,2605023.9,4750822.898,0.0,0.0,0.0,0.0,0.0,0.0,0.0,0.0,0.0,2605023.9,0.0,0.0,Sarah McBride,McBride,Democrat
1000,2011,10388635.543,6870282.943,3518352.6,6776025.263,0.0,0.0,0.0,40470.2,53787.48,0.0,0.0,0.0,0.0,3518352.6,0.0,0.0,Sarah McBride,McBride,Democrat
1000,2012,34174545.135,9246066.735,24928478.4,9162516.674999999,0.0,0.0,0.0,40191.3,43358.76,0.0,20700992.2,0.0,0.0,4227486.2,0.0,0.0,Sarah McBride,McBride,Democrat
1000,2013,32084610.485000003,8287914.385,23796696.1,8237706.465000001,0.0,0.0,0.0,31331.800000000003,18876.12,0.0,20099496.0,0.0,0.0,3697200.1,0.0,0.0,Sarah McBride,McBride,Democrat
1000,2014,32558967.974,8204662.074,24354305.9,8155013.814,0.0,0.0,0.0,31027.5,18620.76,0.0,20351674.0,0.0,0.0,4002631.9,0.0,0.0,Sarah McBride,McBride,Democrat
1000,2015,30524029.149,8086462.149,22437567.0,8028759.329,0.0,0.0,0.0,34665.7,23037.12,0.0,18802268.0,0.0,0.0,3635299.0,0.0,0.0,Sarah McBride,McBride,Democrat
1000,2016,32807095.582,8355470.982,24451624.6,8308834.652,0.0,0.0,0.0,34014.25,12622.08,0.0,20771465.0,0.0,0.0,3680159.6,0.0,0.0,Sarah McBride,McBride,Democrat
1000,2017,28998038.843000002,7068132.143,21929906.7,7025671.453,0.0,0.0,0.0,32729.65,9731.04,0.0,18732940.0,0.0,0.0,3196966.6999999997,0.0,0.0,Sarah McBride,McBride,Democrat
1000,2018,30780882.68,7037571.4799999995,23743311.2,6996663.26,0.0,0.0,0.0,32018.5,8889.72,0.0,20717031.0,0.0,0.0,3026280.2,0.0,0.0,Sarah McBride,McBride,Democrat
1000,2019,27908096.51,5947428.8100000005,21960667.7,5916081.61,0.0,0.0,0.0,31347.2,0.0,0.0,19559775.0,0.0,0.0,2400892.7,0.0,0.0,Sarah McBride,McBride,Democrat
1000,2020,21111792.334,5906935.234,15204857.1,5875743.134,0.0,0.0,0.0,31192.1,0.0,0.0,12782412.0,0.0,0.0,2422445.1,0.0,0.0,Sarah McBride,McBride,Democrat
1000,2021,21451246.9853675,6062394.149999999,15388852.835367499,6032968.0,0.0,0.0,0.0,29426.15,0.0,0.0,13015860.6353675,0.0,0.0,2372992.2,0.0,0.0,Sarah McBride,McBride,Democrat
1000,2022,29129756.504,6644048.603999999,22485707.9,6620993.554,0.0,0.0,0.0,23055.05,0.0,0.0,20195500.0,0.0,0.0,2290207.9,0.0,0.0,Sarah McBride,McBride,Democrat
1000,2023,26059305.604000002,5816608.504000001,20242697.1,5794098.904000001,0.0,0.0,0.0,22509.6,0.0,0.0,17675323.0,0.0,0.0,2567374.1,0.0,0.0,Sarah McBride,McBride,Democrat
1198,2010,579739.826,579739.826,0.0,579739.826,0.0,0.0,0.0,0.0,0.0,0.0,0.0,0.0,0.0,0.0,0.0,0.0,Eleanor Holmes Norton,Norton,Democrat
1198,2011,548850.54,548850.54,0.0,456788.7,0.0,0.0,0.0,0.0,92061.84,0.0,0.0,0.0,0.0,0.0,0.0,0.0,Eleanor Holmes Norton,Norton,Democrat
1198,2012,360973.51399999997,360973.51399999997,0.0,280592.114,0.0,0.0,0.0,0.0,80381.4,0.0,0.0,0.0,0.0,0.0,0.0,0.0,Eleanor Holmes Norton,Norton,Democrat
1198,2013,314930.00399999996,314930.00399999996,0.0,264243.32399999996,0.0,0.0,0.0,0.0,50686.68,0.0,0.0,0.0,0.0,0.0,0.0,0.0,Eleanor Holmes Norton,Norton,Democrat
1198,2014,368489.204,368489.204,0.0,287854.724,0.0,0.0,0.0,0.0,80634.48,0.0,0.0,0.0,0.0,0.0,0.0,0.0,Eleanor Holmes Norton,Norton,Democrat
1198,2015,267290.754,267290.754,0.0,245799.474,0.0,0.0,0.0,0.0,21491.28,0.0,0.0,0.0,0.0,0.0,0.0,0.0,Eleanor Holmes Norton,Norton,Democrat
1198,2016,251778.866,251778.866,0.0,238883.18600000002,0.0,0.0,0.0,0.0,12895.68,0.0,0.0,0.0,0.0,0.0,0.0,0.0,Eleanor Holmes Norton,Norton,Democrat
1198,2017,249528.31,249528.31,0.0,241037.59,0.0,0.0,0.0,0.0,8490.72,0.0,0.0,0.0,0.0,0.0,0.0,0.0,Eleanor Holmes Norton,Norton,Democrat
1198,2018,309902.108,309902.108,0.0,297473.828,0.0,0.0,0.0,0.0,12428.28,0.0,0.0,0.0,0.0,0.0,0.0,0.0,Eleanor Holmes Norton,Norton,Democrat
1198,2019,284437.792,284437.792,0.0,277495.19200000004,0.0,0.0,0.0,0.0,6942.6,0.0,0.0,0.0,0.0,0.0,0.0,0.0,Eleanor Holmes Norton,Norton,Democrat
1198,2020,237668.714,237668.714,0.0,237668.714,0.0,0.0,0.0,0.0,0.0,0.0,0.0,0.0,0.0,0.0,0.0,0.0,Eleanor Holmes Norton,Norton,Democrat
1198,2021,228779.636,228779.636,0.0,228779.636,0.0,0.0,0.0,0.0,0.0,0.0,0.0,0.0,0.0,0.0,0.0,0.0,Eleanor Holmes Norton,Norton,Democrat
1198,2022,291407.448,291407.448,0.0,291407.448,0.0,0.0,0.0,0.0,0.0,0.0,0.0,0.0,0.0,0.0,0.0,0.0,Eleanor Holmes Norton,Norton,Democrat
1198,2023,279349.994,279349.994,0.0,279349.994,0.0,0.0,0.0,0.0,0.0,0.0,0.0,0.0,0.0,0.0,0.0,0.0,Eleanor Holmes Norton,Norton,Democrat
1201,2010,12969490.338000001,12596249.938000001,373240.4,12596249.938000001,0.0,0.0,0.0,0.0,0.0,0.0,0.0,0.0,0.0,373240.4,0.0,0.0,Jimmy Patronis,Patronis,Republican
1201,2011,17493656.186,17139712.486,353943.69999999995,16991323.636,0.0,0.0,0.0,148388.85,0.0,0.0,0.0,0.0,0.0,353943.69999999995,0.0,0.0,Jimmy Patronis,Patronis,Republican
1201,2012,11390666.778,11049442.778,341224.0,10902718.128,0.0,0.0,0.0,146724.65,0.0,0.0,0.0,0.0,0.0,341224.0,0.0,0.0,Jimmy Patronis,Patronis,Republican
1201,2013,10260756.309999999,9827173.209999999,433583.1,9701288.809999999,0.0,0.0,0.0,125884.4,0.0,0.0,0.0,0.0,0.0,387490.0,46093.1,0.0,Jimmy Patronis,Patronis,Republican
1201,2014,11254247.148,10698547.447999999,555699.7,10582027.748,0.0,0.0,0.0,116519.7,0.0,0.0,0.0,0.0,0.0,435263.4,120436.3,0.0,Jimmy Patronis,Patronis,Republican
1201,2015,9533287.948,9010812.947999999,522475.0,8938191.548,0.0,0.0,0.0,72621.4,0.0,0.0,0.0,0.0,0.0,390893.4,131581.6,0.0,Jimmy Patronis,Patronis,Republican
1201,2016,13665875.034,13148923.333999999,516951.7,13074993.984,0.0,0.0,0.0,73929.35,0.0,0.0,0.0,0.0,0.0,397654.0,119297.7,0.0,Jimmy Patronis,Patronis,Republican
1201,2017,14044808.526999999,13545794.127,499014.39999999997,13474453.977,0.0,0.0,0.0,71340.15,0.0,0.0,0.0,0.0,0.0,392781.1,106233.3,0.0,Jimmy Patronis,Patronis,Republican
1201,2018,17096644.857,16563806.257,532838.6,16494531.356999999,0.0,0.0,0.0,69274.9,0.0,0.0,0.0,0.0,0.0,425643.6,107195.0,0.0,Jimmy Patronis,Patronis,Republican
1201,2019,11671963.393,11140516.693,531446.7,11076220.513,0.0,0.0,0.0,63336.3,959.88,0.0,0.0,0.0,0.0,425342.0,106104.7,0.0,Jimmy Patronis,Patronis,Republican
1201,2020,12649097.968999999,12153837.869,495260.1,12090568.599000001,0.0,0.0,0.0,61880.75,1388.52,0.0,0.0,0.0,0.0,418144.8,77115.3,0.0,Jimmy Patronis,Patronis,Republican
1201,2021,11717562.9106,11184884.8106,532678.1,11118936.191,0.0,0.0,0.0,59938.95,6009.6696,0.0,0.0,0.0,0.0,447265.8,85412.3,0.0,Jimmy Patronis,Patronis,Republican
1201,2022,6938130.746,6417013.746,521117.0,6357973.996,0.0,0.0,0.0,59039.75,0.0,0.0,0.0,0.0,0.0,450739.69999999995,70377.3,0.0,Jimmy Patronis,Patronis,Republican
1201,2023,6076985.689,5588617.689,488368.0,5529930.089,0.0,0.0,0.0,58687.600000000006,0.0,0.0,0.0,0.0,0.0,430526.3,57841.7,0.0,Jimmy Patronis,Patronis,Republican
1202,2010,5636527.9825410005,5481523.4825410005,155004.5,5481523.4825410005,0.0,0.0,0.0,0.0,0.0,0.0,0.0,0.0,0.0,155004.5,0.0,0.0,Neal P. Dunn,Dunn,Republican
1202,2011,5415908.15016,5276671.45016,139236.7,5276671.45016,0.0,0.0,0.0,0.0,0.0,0.0,0.0,0.0,0.0,139236.7,0.0,0.0,Neal P. Dunn,Dunn,Republican
1202,2012,4680614.452319,4542381.452319,138233.0,4542381.452319,0.0,0.0,0.0,0.0,0.0,0.0,0.0,0.0,0.0,138233.0,0.0,0.0,Neal P. Dunn,Dunn,Republican
1202,2013,4610228.234,4464944.634000001,145283.6,4464944.634000001,0.0,0.0,0.0,0.0,0.0,0.0,0.0,0.0,0.0,145283.6,0.0,0.0,Neal P. Dunn,Dunn,Republican
1202,2014,4967041.649999999,4803535.95,163505.7,4799544.649999999,0.0,0.0,0.0,3991.3,0.0,0.0,0.0,0.0,0.0,163505.7,0.0,0.0,Neal P. Dunn,Dunn,Republican
1202,2015,4455542.91,4303207.11,152335.8,4299169.81,0.0,0.0,0.0,4037.3,0.0,0.0,0.0,0.0,0.0,152335.8,0.0,0.0,Neal P. Dunn,Dunn,Republican
1202,2016,4010987.606,3854843.606,156144.0,3850788.7060000002,0.0,0.0,0.0,4054.9,0.0,0.0,0.0,0.0,0.0,156144.0,0.0,0.0,Neal P. Dunn,Dunn,Republican
1202,2017,4175683.812,4025225.512,150458.3,4021131.762,0.0,0.0,0.0,4093.75,0.0,0.0,0.0,0.0,0.0,150458.3,0.0,0.0,Neal P. Dunn,Dunn,Republican
1202,2018,4193015.344,4027540.6440000003,165474.7,4023405.3940000003,0.0,0.0,0.0,4135.25,0.0,0.0,0.0,0.0,0.0,165474.7,0.0,0.0,Neal P. Dunn,Dunn,Republican
1202,2019,4118353.84,3957942.2399999998,160411.6,3953761.1399999997,0.0,0.0,0.0,4181.1,0.0,0.0,0.0,0.0,0.0,160411.6,0.0,0.0,Neal P. Dunn,Dunn,Republican
1202,2020,4463404.648,4308417.248,154987.4,4304182.898,0.0,0.0,0.0,4234.35,0.0,0.0,0.0,0.0,0.0,154987.4,0.0,0.0,Neal P. Dunn,Dunn,Republican
1202,2021,4369863.444,4206613.744,163249.7,4202314.794,0.0,0.0,0.0,4298.95,0.0,0.0,0.0,0.0,0.0,163249.7,0.0,0.0,Neal P. Dunn,Dunn,Republican
1202,2022,4291054.76,4128521.56,162533.2,4124187.36,0.0,0.0,0.0,4334.2,0.0,0.0,0.0,0.0,0.0,162533.2,0.0,0.0,Neal P. Dunn,Dunn,Republican
1202,2023,3907824.855454438,3745826.155454438,161998.7,3741463.855454438,0.0,0.0,0.0,4362.3,0.0,0.0,0.0,0.0,0.0,161998.7,0.0,0.0,Neal P. Dunn,Dunn,Republican
1203,2010,3675412.7520000003,3285593.952,389818.8,3285593.952,0.0,0.0,0.0,0.0,0.0,0.0,0.0,0.0,0.0,389818.8,0.0,0.0,Kat Cammack,Cammack,Republican
1203,2011,3237676.8819999998,2884936.082,352740.8,2884936.082,0.0,0.0,0.0,0.0,0.0,0.0,0.0,0.0,0.0,352740.8,0.0,0.0,Kat Cammack,Cammack,Republican
1203,2012,3595950.574,3009712.374,586238.2,3009712.374,0.0,0.0,0.0,0.0,0.0,0.0,0.0,0.0,0.0,586238.2,0.0,0.0,Kat Cammack,Cammack,Republican
1203,2013,3534930.992,3043827.192,491103.8,3043827.192,0.0,0.0,0.0,0.0,0.0,0.0,0.0,0.0,0.0,491103.8,0.0,0.0,Kat Cammack,Cammack,Republican
1203,2014,3412880.822,3098578.122,314302.7,3098578.122,0.0,0.0,0.0,0.0,0.0,0.0,0.0,0.0,0.0,314302.7,0.0,0.0,Kat Cammack,Cammack,Republican
1203,2015,3655747.938,3126027.638,529720.3,3126027.638,0.0,0.0,0.0,0.0,0.0,0.0,0.0,0.0,0.0,529720.3,0.0,0.0,Kat Cammack,Cammack,Republican
1203,2016,4177441.4880000004,3278241.688,899199.8,3278241.688,0.0,0.0,0.0,0.0,0.0,0.0,0.0,0.0,0.0,899199.8,0.0,0.0,Kat Cammack,Cammack,Republican
1203,2017,2840068.174,2734419.774,105648.4,2734419.774,0.0,0.0,0.0,0.0,0.0,0.0,0.0,0.0,0.0,105648.4,0.0,0.0,Kat Cammack,Cammack,Republican
1203,2018,3218884.328,3100059.528,118824.8,3100059.528,0.0,0.0,0.0,0.0,0.0,0.0,0.0,0.0,0.0,118824.8,0.0,0.0,Kat Cammack,Cammack,Republican
1203,2019,3219304.202,3108521.9020000002,110782.3,3108521.9020000002,0.0,0.0,0.0,0.0,0.0,0.0,0.0,0.0,0.0,110782.3,0.0,0.0,Kat Cammack,Cammack,Republican
1203,2020,2993935.294,2886604.494,107330.8,2886604.494,0.0,0.0,0.0,0.0,0.0,0.0,0.0,0.0,0.0,107330.8,0.0,0.0,Kat Cammack,Cammack,Republican
1203,2021,3252980.4,3133761.1,119219.3,3133761.1,0.0,0.0,0.0,0.0,0.0,0.0,0.0,0.0,0.0,119219.3,0.0,0.0,Kat Cammack,Cammack,Republican
1203,2022,3142558.158,3032209.658,110348.5,3032209.658,0.0,0.0,0.0,0.0,0.0,0.0,0.0,0.0,0.0,110348.5,0.0,0.0,Kat Cammack,Cammack,Republican
1203,2023,2961237.67,2850173.47,111064.2,2850173.47,0.0,0.0,0.0,0.0,0.0,0.0,0.0,0.0,0.0,111064.2,0.0,0.0,Kat Cammack,Cammack,Republican
1204,2010,17836419.591984,17836419.591984,0.0,17836419.591984,0.0,0.0,0.0,0.0,0.0,0.0,0.0,0.0,0.0,0.0,0.0,0.0,Aaron Bean,Bean,Republican
1204,2011,14499436.689,14499436.689,0.0,14494163.049,0.0,0.0,0.0,0.0,5273.64,0.0,0.0,0.0,0.0,0.0,0.0,0.0,Aaron Bean,Bean,Republican
1204,2012,12557537.061283,12557537.061283,0.0,12555430.341283,0.0,0.0,0.0,0.0,2106.72,0.0,0.0,0.0,0.0,0.0,0.0,0.0,Aaron Bean,Bean,Republican
1204,2013,13833385.648,13833385.648,0.0,13823659.168,0.0,0.0,0.0,0.0,9726.48,0.0,0.0,0.0,0.0,0.0,0.0,0.0,Aaron Bean,Bean,Republican
1204,2014,15493158.202,15493158.202,0.0,15485652.442,0.0,0.0,0.0,0.0,7505.76,0.0,0.0,0.0,0.0,0.0,0.0,0.0,Aaron Bean,Bean,Republican
1204,2015,12888238.648,12888238.648,0.0,12888238.648,0.0,0.0,0.0,0.0,0.0,0.0,0.0,0.0,0.0,0.0,0.0,0.0,Aaron Bean,Bean,Republican
1204,2016,12262516.28,12262516.28,0.0,12262516.28,0.0,0.0,0.0,0.0,0.0,0.0,0.0,0.0,0.0,0.0,0.0,0.0,Aaron Bean,Bean,Republican
1204,2017,10832488.318,10832488.318,0.0,10832488.318,0.0,0.0,0.0,0.0,0.0,0.0,0.0,0.0,0.0,0.0,0.0,0.0,Aaron Bean,Bean,Republican
1204,2018,7085655.294,7085655.294,0.0,7085655.294,0.0,0.0,0.0,0.0,0.0,0.0,0.0,0.0,0.0,0.0,0.0,0.0,Aaron Bean,Bean,Republican
1204,2019,6422760.198000001,6422760.198000001,0.0,6422760.198000001,0.0,0.0,0.0,0.0,0.0,0.0,0.0,0.0,0.0,0.0,0.0,0.0,Aaron Bean,Bean,Republican
1204,2020,7538021.254,7538021.254,0.0,7538021.254,0.0,0.0,0.0,0.0,0.0,0.0,0.0,0.0,0.0,0.0,0.0,0.0,Aaron Bean,Bean,Republican
1204,2021,6038824.076,6038824.076,0.0,6038824.076,0.0,0.0,0.0,0.0,0.0,0.0,0.0,0.0,0.0,0.0,0.0,0.0,Aaron Bean,Bean,Republican
1204,2022,6096747.48,6096747.48,0.0,6096747.48,0.0,0.0,0.0,0.0,0.0,0.0,0.0,0.0,0.0,0.0,0.0,0.0,Aaron Bean,Bean,Republican
1204,2023,6020089.387999999,6020089.387999999,0.0,6020089.387999999,0.0,0.0,0.0,0.0,0.0,0.0,0.0,0.0,0.0,0.0,0.0,0.0,Aaron Bean,Bean,Republican
1205,2010,88041.25,88041.25,0.0,88041.25,0.0,0.0,0.0,0.0,0.0,0.0,0.0,0.0,0.0,0.0,0.0,0.0,John H. Rutherford,Rutherford,Republican
1205,2011,164703.874,164703.874,0.0,164703.874,0.0,0.0,0.0,0.0,0.0,0.0,0.0,0.0,0.0,0.0,0.0,0.0,John H. Rutherford,Rutherford,Republican
1205,2012,161114.104,161114.104,0.0,161114.104,0.0,0.0,0.0,0.0,0.0,0.0,0.0,0.0,0.0,0.0,0.0,0.0,John H. Rutherford,Rutherford,Republican
1205,2013,116692.182,116692.182,0.0,116692.182,0.0,0.0,0.0,0.0,0.0,0.0,0.0,0.0,0.0,0.0,0.0,0.0,John H. Rutherford,Rutherford,Republican
1205,2014,109666.162,109666.162,0.0,109666.162,0.0,0.0,0.0,0.0,0.0,0.0,0.0,0.0,0.0,0.0,0.0,0.0,John H. Rutherford,Rutherford,Republican
1205,2015,78688.86,78688.86,0.0,78688.86,0.0,0.0,0.0,0.0,0.0,0.0,0.0,0.0,0.0,0.0,0.0,0.0,John H. Rutherford,Rutherford,Republican
1205,2016,186777.308,186777.308,0.0,186777.308,0.0,0.0,0.0,0.0,0.0,0.0,0.0,0.0,0.0,0.0,0.0,0.0,John H. Rutherford,Rutherford,Republican
1205,2017,145750.608,145750.608,0.0,145750.608,0.0,0.0,0.0,0.0,0.0,0.0,0.0,0.0,0.0,0.0,0.0,0.0,John H. Rutherford,Rutherford,Republican
1205,2018,209606.612,209606.612,0.0,209606.612,0.0,0.0,0.0,0.0,0.0,0.0,0.0,0.0,0.0,0.0,0.0,0.0,John H. Rutherford,Rutherford,Republican
1205,2019,268000.4,268000.4,0.0,268000.4,0.0,0.0,0.0,0.0,0.0,0.0,0.0,0.0,0.0,0.0,0.0,0.0,John H. Rutherford,Rutherford,Republican
1205,2020,334331.002,334331.002,0.0,334331.002,0.0,0.0,0.0,0.0,0.0,0.0,0.0,0.0,0.0,0.0,0.0,0.0,John H. Rutherford,Rutherford,Republican
1205,2021,409807.41,409807.41,0.0,409807.41,0.0,0.0,0.0,0.0,0.0,0.0,0.0,0.0,0.0,0.0,0.0,0.0,John H. Rutherford,Rutherford,Republican
1205,2022,317091.924,317091.924,0.0,317091.924,0.0,0.0,0.0,0.0,0.0,0.0,0.0,0.0,0.0,0.0,0.0,0.0,John H. Rutherford,Rutherford,Republican
1205,2023,321117.558,321117.558,0.0,321117.558,0.0,0.0,0.0,0.0,0.0,0.0,0.0,0.0,0.0,0.0,0.0,0.0,John H. Rutherford,Rutherford,Republican
1206,2010,10220021.382,10220021.382,0.0,10220021.382,0.0,0.0,0.0,0.0,0.0,0.0,0.0,0.0,0.0,0.0,0.0,0.0,Randy Fine,Fine,Republican
1206,2011,9517866.484,9517866.484,0.0,9517866.484,0.0,0.0,0.0,0.0,0.0,0.0,0.0,0.0,0.0,0.0,0.0,0.0,Randy Fine,Fine,Republican
1206,2012,8556417.072,8556417.072,0.0,8556417.072,0.0,0.0,0.0,0.0,0.0,0.0,0.0,0.0,0.0,0.0,0.0,0.0,Randy Fine,Fine,Republican
1206,2013,8575299.614,8575299.614,0.0,8575299.614,0.0,0.0,0.0,0.0,0.0,0.0,0.0,0.0,0.0,0.0,0.0,0.0,Randy Fine,Fine,Republican
1206,2014,8517463.993999999,8517463.993999999,0.0,8517463.993999999,0.0,0.0,0.0,0.0,0.0,0.0,0.0,0.0,0.0,0.0,0.0,0.0,Randy Fine,Fine,Republican
1206,2015,8017695.864,8017695.864,0.0,8017695.864,0.0,0.0,0.0,0.0,0.0,0.0,0.0,0.0,0.0,0.0,0.0,0.0,Randy Fine,Fine,Republican
1206,2016,7984666.618,7984666.618,0.0,7984666.618,0.0,0.0,0.0,0.0,0.0,0.0,0.0,0.0,0.0,0.0,0.0,0.0,Randy Fine,Fine,Republican
1206,2017,8181340.292,8181340.292,0.0,8181340.292,0.0,0.0,0.0,0.0,0.0,0.0,0.0,0.0,0.0,0.0,0.0,0.0,Randy Fine,Fine,Republican
1206,2018,8391927.200000001,8391927.200000001,0.0,8391927.200000001,0.0,0.0,0.0,0.0,0.0,0.0,0.0,0.0,0.0,0.0,0.0,0.0,Randy Fine,Fine,Republican
1206,2019,7722127.64,7722127.64,0.0,7722127.64,0.0,0.0,0.0,0.0,0.0,0.0,0.0,0.0,0.0,0.0,0.0,0.0,Randy Fine,Fine,Republican
1206,2020,7456794.95,7456794.95,0.0,7456794.95,0.0,0.0,0.0,0.0,0.0,0.0,0.0,0.0,0.0,0.0,0.0,0.0,Randy Fine,Fine,Republican
1206,2021,7357501.5200000005,7357501.5200000005,0.0,7357501.5200000005,0.0,0.0,0.0,0.0,0.0,0.0,0.0,0.0,0.0,0.0,0.0,0.0,Randy Fine,Fine,Republican
1206,2022,7054184.495999999,7054184.495999999,0.0,7054184.495999999,0.0,0.0,0.0,0.0,0.0,0.0,0.0,0.0,0.0,0.0,0.0,0.0,Randy Fine,Fine,Republican
1206,2023,7087370.17,7087370.17,0.0,7087370.17,0.0,0.0,0.0,0.0,0.0,0.0,0.0,0.0,0.0,0.0,0.0,0.0,Randy Fine,Fine,Republican
1207,2010,4642274.292,4642274.292,0.0,4642274.292,0.0,0.0,0.0,0.0,0.0,0.0,0.0,0.0,0.0,0.0,0.0,0.0,Cory Mills,Mills,Republican
1207,2011,4751490.2979999995,4751490.2979999995,0.0,4751490.2979999995,0.0,0.0,0.0,0.0,0.0,0.0,0.0,0.0,0.0,0.0,0.0,0.0,Cory Mills,Mills,Republican
1207,2012,4132370.976,4132370.976,0.0,4132370.976,0.0,0.0,0.0,0.0,0.0,0.0,0.0,0.0,0.0,0.0,0.0,0.0,Cory Mills,Mills,Republican
1207,2013,3885312.536,3885312.536,0.0,3885312.536,0.0,0.0,0.0,0.0,0.0,0.0,0.0,0.0,0.0,0.0,0.0,0.0,Cory Mills,Mills,Republican
1207,2014,4042211.242,4042211.242,0.0,4042211.242,0.0,0.0,0.0,0.0,0.0,0.0,0.0,0.0,0.0,0.0,0.0,0.0,Cory Mills,Mills,Republican
1207,2015,4020789.96,4020789.96,0.0,4020789.96,0.0,0.0,0.0,0.0,0.0,0.0,0.0,0.0,0.0,0.0,0.0,0.0,Cory Mills,Mills,Republican
1207,2016,3824781.316,3824781.316,0.0,3824781.316,0.0,0.0,0.0,0.0,0.0,0.0,0.0,0.0,0.0,0.0,0.0,0.0,Cory Mills,Mills,Republican
1207,2017,4260874.82,4260874.82,0.0,4260874.82,0.0,0.0,0.0,0.0,0.0,0.0,0.0,0.0,0.0,0.0,0.0,0.0,Cory Mills,Mills,Republican
1207,2018,4293188.682,4293188.682,0.0,4293188.682,0.0,0.0,0.0,0.0,0.0,0.0,0.0,0.0,0.0,0.0,0.0,0.0,Cory Mills,Mills,Republican
1207,2019,3819865.474,3819865.474,0.0,3819865.474,0.0,0.0,0.0,0.0,0.0,0.0,0.0,0.0,0.0,0.0,0.0,0.0,Cory Mills,Mills,Republican
1207,2020,4065662.844,4065662.844,0.0,4065662.844,0.0,0.0,0.0,0.0,0.0,0.0,0.0,0.0,0.0,0.0,0.0,0.0,Cory Mills,Mills,Republican
1207,2021,3796519.762,3796519.762,0.0,3796519.762,0.0,0.0,0.0,0.0,0.0,0.0,0.0,0.0,0.0,0.0,0.0,0.0,Cory Mills,Mills,Republican
1207,2022,3839390.84,3839390.84,0.0,3839390.84,0.0,0.0,0.0,0.0,0.0,0.0,0.0,0.0,0.0,0.0,0.0,0.0,Cory Mills,Mills,Republican
1207,2023,3425751.784,3425751.784,0.0,3425751.784,0.0,0.0,0.0,0.0,0.0,0.0,0.0,0.0,0.0,0.0,0.0,0.0,Cory Mills,Mills,Republican
1208,2010,1515999.4239999999,1013036.124,502963.3,1013036.124,0.0,0.0,0.0,0.0,0.0,0.0,0.0,0.0,0.0,502963.3,0.0,0.0,Mike Haridopolos,Haridopolos,Republican
1208,2011,1050664.964,534795.564,515869.4,513558.46400000004,0.0,0.0,0.0,21237.1,0.0,0.0,0.0,0.0,0.0,515869.4,0.0,0.0,Mike Haridopolos,Haridopolos,Republican
1208,2012,1047773.8160000001,454205.31600000005,593568.5,434200.416,0.0,0.0,0.0,20004.9,0.0,0.0,0.0,0.0,0.0,593568.5,0.0,0.0,Mike Haridopolos,Haridopolos,Republican
1208,2013,2752905.805,2115647.405,637258.4,2097110.605,0.0,0.0,0.0,18536.8,0.0,0.0,0.0,0.0,0.0,637258.4,0.0,0.0,Mike Haridopolos,Haridopolos,Republican
1208,2014,3874975.838212,2886523.975985,988451.8622270001,2871043.275985,0.0,0.0,0.0,15480.7,0.0,0.0,0.0,0.0,328561.562227,659890.3,0.0,0.0,Mike Haridopolos,Haridopolos,Republican
1208,2015,3722402.917167,3058307.017167,664095.9,3039734.817167,0.0,0.0,0.0,18572.2,0.0,0.0,0.0,0.0,0.0,664095.9,0.0,0.0,Mike Haridopolos,Haridopolos,Republican
1208,2016,3615962.772788,2890655.572788,725307.2,2872363.572788,0.0,0.0,0.0,18292.0,0.0,0.0,0.0,0.0,0.0,725307.2,0.0,0.0,Mike Haridopolos,Haridopolos,Republican
1208,2017,3678476.655591,2999540.455591,678936.2,2982786.255591,0.0,0.0,0.0,16754.2,0.0,0.0,0.0,0.0,0.0,678936.2,0.0,0.0,Mike Haridopolos,Haridopolos,Republican
1208,2018,4826103.042591,3253255.642591,1572847.4,3236550.892591,0.0,0.0,0.0,16704.75,0.0,0.0,0.0,0.0,861789.0,711058.4,0.0,0.0,Mike Haridopolos,Haridopolos,Republican
1208,2019,3679404.56,3020206.4600000004,659198.1,3003501.6100000003,0.0,0.0,0.0,16704.85,0.0,0.0,0.0,0.0,0.0,659198.1,0.0,0.0,Mike Haridopolos,Haridopolos,Republican
1208,2020,3586978.422,2886994.222,699984.2,2870132.1720000003,0.0,0.0,0.0,16862.05,0.0,0.0,0.0,0.0,0.0,699984.2,0.0,0.0,Mike Haridopolos,Haridopolos,Republican
1208,2021,3740116.6119999997,2857156.312,882960.3,2837653.812,0.0,0.0,0.0,19502.5,0.0,0.0,0.0,0.0,0.0,882960.3,0.0,0.0,Mike Haridopolos,Haridopolos,Republican
1208,2022,3808838.6380000003,2883445.838,925392.8,2866674.8880000003,0.0,0.0,0.0,16770.95,0.0,0.0,0.0,0.0,0.0,925392.8,0.0,0.0,Mike Haridopolos,Haridopolos,Republican
1208,2023,3506144.964,3506144.964,0.0,3506144.9639999997,0.0,0.0,0.0,0.0,0.0,0.0,0.0,0.0,0.0,0.0,0.0,0.0,Mike Haridopolos,Haridopolos,Republican
1209,2010,1622479.4139999999,1622479.4139999999,0.0,1622479.4139999999,0.0,0.0,0.0,0.0,0.0,0.0,0.0,0.0,0.0,0.0,0.0,0.0,Darren Soto,Soto,Democrat
1209,2011,1791683.084,1791683.084,0.0,1791683.084,0.0,0.0,0.0,0.0,0.0,0.0,0.0,0.0,0.0,0.0,0.0,0.0,Darren Soto,Soto,Democrat
1209,2012,2061217.9760000003,2061217.9760000003,0.0,2061217.9760000003,0.0,0.0,0.0,0.0,0.0,0.0,0.0,0.0,0.0,0.0,0.0,0.0,Darren Soto,Soto,Democrat
1209,2013,1989446.082,1989446.082,0.0,1989446.082,0.0,0.0,0.0,0.0,0.0,0.0,0.0,0.0,0.0,0.0,0.0,0.0,Darren Soto,Soto,Democrat
1209,2014,2259546.008,2259546.008,0.0,2259546.008,0.0,0.0,0.0,0.0,0.0,0.0,0.0,0.0,0.0,0.0,0.0,0.0,Darren Soto,Soto,Democrat
1209,2015,2431122.966,2431122.966,0.0,2431122.966,0.0,0.0,0.0,0.0,0.0,0.0,0.0,0.0,0.0,0.0,0.0,0.0,Darren Soto,Soto,Democrat
1209,2016,2645695.396,2645695.396,0.0,2645695.396,0.0,0.0,0.0,0.0,0.0,0.0,0.0,0.0,0.0,0.0,0.0,0.0,Darren Soto,Soto,Democrat
1209,2017,2675333.384,2675333.384,0.0,2675333.384,0.0,0.0,0.0,0.0,0.0,0.0,0.0,0.0,0.0,0.0,0.0,0.0,Darren Soto,Soto,Democrat
1209,2018,2640839.332,2640839.332,0.0,2640839.332,0.0,0.0,0.0,0.0,0.0,0.0,0.0,0.0,0.0,0.0,0.0,0.0,Darren Soto,Soto,Democrat
1209,2019,2947761.036,2947761.036,0.0,2947761.036,0.0,0.0,0.0,0.0,0.0,0.0,0.0,0.0,0.0,0.0,0.0,0.0,Darren Soto,Soto,Democrat
1209,2020,1940688.564,1940688.564,0.0,1940688.564,0.0,0.0,0.0,0.0,0.0,0.0,0.0,0.0,0.0,0.0,0.0,0.0,Darren Soto,Soto,Democrat
1209,2021,1867289.006,1867289.006,0.0,1867289.006,0.0,0.0,0.0,0.0,0.0,0.0,0.0,0.0,0.0,0.0,0.0,0.0,Darren Soto,Soto,Democrat
1209,2022,1888538.418,1888538.418,0.0,1888538.418,0.0,0.0,0.0,0.0,0.0,0.0,0.0,0.0,0.0,0.0,0.0,0.0,Darren Soto,Soto,Democrat
1209,2023,2021059.1819999998,2021059.1819999998,0.0,2021059.1819999998,0.0,0.0,0.0,0.0,0.0,0.0,0.0,0.0,0.0,0.0,0.0,0.0,Darren Soto,Soto,Democrat
1210,2010,7297560.550000001,7297560.550000001,0.0,7297560.550000001,0.0,0.0,0.0,0.0,0.0,0.0,0.0,0.0,0.0,0.0,0.0,0.0,Maxwell Frost,Frost,Democrat
1210,2011,6271172.146,6271172.146,0.0,6270793.666,0.0,0.0,0.0,0.0,378.48,0.0,0.0,0.0,0.0,0.0,0.0,0.0,Maxwell Frost,Frost,Democrat
1210,2012,5071860.572,5071860.572,0.0,5071457.012,0.0,0.0,0.0,0.0,403.56,0.0,0.0,0.0,0.0,0.0,0.0,0.0,Maxwell Frost,Frost,Democrat
1210,2013,5514105.677999999,5514105.677999999,0.0,5513138.958,0.0,0.0,0.0,0.0,966.72,0.0,0.0,0.0,0.0,0.0,0.0,0.0,Maxwell Frost,Frost,Democrat
1210,2014,6601324.786,6601324.786,0.0,6601324.786,0.0,0.0,0.0,0.0,0.0,0.0,0.0,0.0,0.0,0.0,0.0,0.0,Maxwell Frost,Frost,Democrat
1210,2015,5766880.466,5766880.466,0.0,5766880.466,0.0,0.0,0.0,0.0,0.0,0.0,0.0,0.0,0.0,0.0,0.0,0.0,Maxwell Frost,Frost,Democrat
1210,2016,5793873.714000001,5793873.714000001,0.0,5793873.714000001,0.0,0.0,0.0,0.0,0.0,0.0,0.0,0.0,0.0,0.0,0.0,0.0,Maxwell Frost,Frost,Democrat
1210,2017,6265682.354,6265682.354,0.0,6265682.354,0.0,0.0,0.0,0.0,0.0,0.0,0.0,0.0,0.0,0.0,0.0,0.0,Maxwell Frost,Frost,Democrat
1210,2018,6151255.865999999,6151255.865999999,0.0,6151255.865999999,0.0,0.0,0.0,0.0,0.0,0.0,0.0,0.0,0.0,0.0,0.0,0.0,Maxwell Frost,Frost,Democrat
1210,2019,5918859.238000001,5918859.238000001,0.0,5918859.238000001,0.0,0.0,0.0,0.0,0.0,0.0,0.0,0.0,0.0,0.0,0.0,0.0,Maxwell Frost,Frost,Democrat
1210,2020,5786993.507999999,5786993.507999999,0.0,5786993.507999999,0.0,0.0,0.0,0.0,0.0,0.0,0.0,0.0,0.0,0.0,0.0,0.0,Maxwell Frost,Frost,Democrat
1210,2021,6506383.674,6506383.674,0.0,6506383.674,0.0,0.0,0.0,0.0,0.0,0.0,0.0,0.0,0.0,0.0,0.0,0.0,Maxwell Frost,Frost,Democrat
1210,2022,6339427.6,6339427.6,0.0,6339427.6,0.0,0.0,0.0,0.0,0.0,0.0,0.0,0.0,0.0,0.0,0.0,0.0,Maxwell Frost,Frost,Democrat
1210,2023,5894446.944,5894446.944,0.0,5894446.944,0.0,0.0,0.0,0.0,0.0,0.0,0.0,0.0,0.0,0.0,0.0,0.0,Maxwell Frost,Frost,Democrat
1211,2010,1203417.844725,779648.044725,423769.80000000005,779648.044725,0.0,0.0,0.0,0.0,0.0,0.0,0.0,0.0,0.0,423769.80000000005,0.0,0.0,Daniel Webster,Webster,Republican
1211,2011,1114935.10305,730593.5030499999,384341.6,730593.5030499999,0.0,0.0,0.0,0.0,0.0,0.0,0.0,0.0,0.0,384341.6,0.0,0.0,Daniel Webster,Webster,Republican
1211,2012,1273189.158,860863.658,412325.5,860863.658,0.0,0.0,0.0,0.0,0.0,0.0,0.0,0.0,0.0,412325.5,0.0,0.0,Daniel Webster,Webster,Republican
1211,2013,1284031.618,889351.218,394680.4,889351.218,0.0,0.0,0.0,0.0,0.0,0.0,0.0,0.0,0.0,394680.4,0.0,0.0,Daniel Webster,Webster,Republican
1211,2014,1352734.028,936627.228,416106.8,936627.228,0.0,0.0,0.0,0.0,0.0,0.0,0.0,0.0,0.0,416106.8,0.0,0.0,Daniel Webster,Webster,Republican
1211,2015,1212139.5520000001,862578.652,349560.9,862578.652,0.0,0.0,0.0,0.0,0.0,0.0,0.0,0.0,0.0,349560.9,0.0,0.0,Daniel Webster,Webster,Republican
1211,2016,1432490.59,1034982.8899999999,397507.7,1034982.8899999999,0.0,0.0,0.0,0.0,0.0,0.0,0.0,0.0,0.0,397507.7,0.0,0.0,Daniel Webster,Webster,Republican
1211,2017,1034117.85,785333.65,248784.2,785333.65,0.0,0.0,0.0,0.0,0.0,0.0,0.0,0.0,0.0,248784.2,0.0,0.0,Daniel Webster,Webster,Republican
1211,2018,1213504.742,948566.942,264937.8,948566.942,0.0,0.0,0.0,0.0,0.0,0.0,0.0,0.0,0.0,264937.8,0.0,0.0,Daniel Webster,Webster,Republican
1211,2019,1200988.9139999999,932677.014,268311.9,932677.014,0.0,0.0,0.0,0.0,0.0,0.0,0.0,0.0,0.0,268311.9,0.0,0.0,Daniel Webster,Webster,Republican
1211,2020,1211587.358,987063.0580000001,224524.3,987063.0580000001,0.0,0.0,0.0,0.0,0.0,0.0,0.0,0.0,0.0,224524.3,0.0,0.0,Daniel Webster,Webster,Republican
1211,2021,1297403.374,1046912.274,250491.09999999998,1046912.274,0.0,0.0,0.0,0.0,0.0,0.0,0.0,0.0,0.0,250491.09999999998,0.0,0.0,Daniel Webster,Webster,Republican
1211,2022,1473603.602,1202458.902,271144.7,1202458.902,0.0,0.0,0.0,0.0,0.0,0.0,0.0,0.0,0.0,271144.7,0.0,0.0,Daniel Webster,Webster,Republican
1211,2023,1196388.164,923086.3640000001,273301.8,923086.3640000001,0.0,0.0,0.0,0.0,0.0,0.0,0.0,0.0,0.0,273301.8,0.0,0.0,Daniel Webster,Webster,Republican
1212,2010,16538467.205999998,16538467.205999998,0.0,16538467.205999998,0.0,0.0,0.0,0.0,0.0,0.0,0.0,0.0,0.0,0.0,0.0,0.0,Gus M. Bilirakis,Bilirakis,Republican
1212,2011,13730215.877999999,13730215.877999999,0.0,13730215.877999999,0.0,0.0,0.0,0.0,0.0,0.0,0.0,0.0,0.0,0.0,0.0,0.0,Gus M. Bilirakis,Bilirakis,Republican
1212,2012,12982229.558,12982229.558,0.0,12982229.558,0.0,0.0,0.0,0.0,0.0,0.0,0.0,0.0,0.0,0.0,0.0,0.0,Gus M. Bilirakis,Bilirakis,Republican
1212,2013,13449013.246,13449013.246,0.0,13449013.246,0.0,0.0,0.0,0.0,0.0,0.0,0.0,0.0,0.0,0.0,0.0,0.0,Gus M. Bilirakis,Bilirakis,Republican
1212,2014,15461383.138,15461383.138,0.0,15461383.138,0.0,0.0,0.0,0.0,0.0,0.0,0.0,0.0,0.0,0.0,0.0,0.0,Gus M. Bilirakis,Bilirakis,Republican
1212,2015,13693936.732,13693936.732,0.0,13693936.732,0.0,0.0,0.0,0.0,0.0,0.0,0.0,0.0,0.0,0.0,0.0,0.0,Gus M. Bilirakis,Bilirakis,Republican
1212,2016,13259484.716,13259484.716,0.0,13259484.716,0.0,0.0,0.0,0.0,0.0,0.0,0.0,0.0,0.0,0.0,0.0,0.0,Gus M. Bilirakis,Bilirakis,Republican
1212,2017,13043472.414,13043472.414,0.0,13043472.414,0.0,0.0,0.0,0.0,0.0,0.0,0.0,0.0,0.0,0.0,0.0,0.0,Gus M. Bilirakis,Bilirakis,Republican
1212,2018,13546800.644000001,13546800.644000001,0.0,13546800.644000001,0.0,0.0,0.0,0.0,0.0,0.0,0.0,0.0,0.0,0.0,0.0,0.0,Gus M. Bilirakis,Bilirakis,Republican
1212,2019,11133642.538,11133642.538,0.0,11133642.538,0.0,0.0,0.0,0.0,0.0,0.0,0.0,0.0,0.0,0.0,0.0,0.0,Gus M. Bilirakis,Bilirakis,Republican
1212,2020,10493980.736,10493980.736,0.0,10493980.736,0.0,0.0,0.0,0.0,0.0,0.0,0.0,0.0,0.0,0.0,0.0,0.0,Gus M. Bilirakis,Bilirakis,Republican
1212,2021,11825438.428,11825438.428,0.0,11825438.428,0.0,0.0,0.0,0.0,0.0,0.0,0.0,0.0,0.0,0.0,0.0,0.0,Gus M. Bilirakis,Bilirakis,Republican
1212,2022,11708792.413999999,11708792.413999999,0.0,11708792.413999999,0.0,0.0,0.0,0.0,0.0,0.0,0.0,0.0,0.0,0.0,0.0,0.0,Gus M. Bilirakis,Bilirakis,Republican
1212,2023,10726115.834,10726115.834,0.0,10726115.834,0.0,0.0,0.0,0.0,0.0,0.0,0.0,0.0,0.0,0.0,0.0,0.0,Gus M. Bilirakis,Bilirakis,Republican
1213,2010,596022.38,477149.08,118873.3,477149.08,0.0,0.0,0.0,0.0,0.0,0.0,0.0,0.0,0.0,118873.3,0.0,0.0,Anna Paulina Luna,Luna,Republican
1213,2011,545001.422,432482.422,112519.0,432482.422,0.0,0.0,0.0,0.0,0.0,0.0,0.0,0.0,0.0,112519.0,0.0,0.0,Anna Paulina Luna,Luna,Republican
1213,2012,622739.814,501952.814,120787.0,501952.814,0.0,0.0,0.0,0.0,0.0,0.0,0.0,0.0,0.0,120787.0,0.0,0.0,Anna Paulina Luna,Luna,Republican
1213,2013,635161.302,508297.486,126863.816,508297.486,0.0,0.0,0.0,0.0,0.0,0.0,0.0,0.0,0.0,126863.816,0.0,0.0,Anna Paulina Luna,Luna,Republican
1213,2014,650857.816,525335.616,125522.2,525335.616,0.0,0.0,0.0,0.0,0.0,0.0,0.0,0.0,0.0,125522.2,0.0,0.0,Anna Paulina Luna,Luna,Republican
1213,2015,616302.084,492570.484,123731.6,492570.484,0.0,0.0,0.0,0.0,0.0,0.0,0.0,0.0,0.0,123731.6,0.0,0.0,Anna Paulina Luna,Luna,Republican
1213,2016,646653.5160000001,522806.416,123847.1,522806.416,0.0,0.0,0.0,0.0,0.0,0.0,0.0,0.0,0.0,123847.1,0.0,0.0,Anna Paulina Luna,Luna,Republican
1213,2017,651382.5299999999,525099.83,126282.7,525099.83,0.0,0.0,0.0,0.0,0.0,0.0,0.0,0.0,0.0,126282.7,0.0,0.0,Anna Paulina Luna,Luna,Republican
1213,2018,809042.5819999999,675478.982,133563.6,675478.982,0.0,0.0,0.0,0.0,0.0,0.0,0.0,0.0,0.0,133563.6,0.0,0.0,Anna Paulina Luna,Luna,Republican
1213,2019,702715.4780000001,567514.278,135201.2,567514.278,0.0,0.0,0.0,0.0,0.0,0.0,0.0,0.0,0.0,135201.2,0.0,0.0,Anna Paulina Luna,Luna,Republican
1213,2020,776913.698,641902.598,135011.1,641902.598,0.0,0.0,0.0,0.0,0.0,0.0,0.0,0.0,0.0,135011.1,0.0,0.0,Anna Paulina Luna,Luna,Republican
1213,2021,500599.586,358877.586,141722.0,358877.586,0.0,0.0,0.0,0.0,0.0,0.0,0.0,0.0,0.0,141722.0,0.0,0.0,Anna Paulina Luna,Luna,Republican
1213,2022,716546.098,574587.798,141958.3,574587.798,0.0,0.0,0.0,0.0,0.0,0.0,0.0,0.0,0.0,141958.3,0.0,0.0,Anna Paulina Luna,Luna,Republican
1213,2023,880183.61,737404.51,142779.1,737404.51,0.0,0.0,0.0,0.0,0.0,0.0,0.0,0.0,0.0,142779.1,0.0,0.0,Anna Paulina Luna,Luna,Republican
1214,2010,24114329.318,16593743.617999999,7520585.7,16593743.617999999,0.0,0.0,0.0,0.0,0.0,0.0,0.0,0.0,0.0,7520585.7,0.0,0.0,Kathy Castor,Castor,Democrat
1214,2011,23475519.198,16437795.898000002,7037723.3,16293198.938000001,0.0,0.0,0.0,88242.2,56354.759999999995,0.0,0.0,0.0,0.0,7037723.3,0.0,0.0,Kathy Castor,Castor,Democrat
1214,2012,25577906.596,16657387.696,8920518.9,16404325.016,0.0,0.0,0.0,87600.8,165461.88,0.0,0.0,0.0,0.0,8920518.9,0.0,0.0,Kathy Castor,Castor,Democrat
1214,2013,24517058.37,16399950.27,8117108.1,16212759.02,0.0,0.0,0.0,85845.25,101346.0,0.0,0.0,0.0,0.0,8117108.1,0.0,0.0,Kathy Castor,Castor,Democrat
1214,2014,24590063.920856398,16882349.6208564,7707714.3,16639869.146,0.0,0.0,0.0,84723.85,157756.6248564,0.0,0.0,0.0,0.0,7707714.3,0.0,0.0,Kathy Castor,Castor,Democrat
1214,2015,24499259.0535168,16113326.7535168,8385932.3,15904032.624,0.0,0.0,0.0,75741.4,133552.7295168,0.0,0.0,0.0,0.0,8385932.3,0.0,0.0,Kathy Castor,Castor,Democrat
1214,2016,23122868.9811844,14426902.4811844,8695966.5,14271601.136,0.0,0.0,0.0,72156.848,83144.4971844,0.0,0.0,0.0,0.0,8695966.5,0.0,0.0,Kathy Castor,Castor,Democrat
1214,2017,20723790.836,12000736.936,8723053.9,11760009.326,0.0,0.0,0.0,68628.65,172098.96,0.0,0.0,0.0,0.0,8723053.9,0.0,0.0,Kathy Castor,Castor,Democrat
1214,2018,20220011.602,10927566.202000001,9292445.4,10822623.704,0.0,0.0,0.0,65088.098,39854.399999999994,0.0,0.0,0.0,0.0,9292445.4,0.0,0.0,Kathy Castor,Castor,Democrat
1214,2019,19021344.941999998,8986644.242,10034700.7,8797946.606,0.0,0.0,0.0,63313.596,125384.04000000001,0.0,0.0,0.0,0.0,10034700.7,0.0,0.0,Kathy Castor,Castor,Democrat
1214,2020,19452224.922,8901087.422,10551137.5,8707889.156,0.0,0.0,0.0,62191.746,131006.51999999999,0.0,0.0,0.0,0.0,10551137.5,0.0,0.0,Kathy Castor,Castor,Democrat
1214,2021,18773099.5948,8727773.9948,10045325.6,8619322.652,0.0,0.0,0.0,62741.196,45710.1468,0.0,0.0,0.0,0.0,10045325.6,0.0,0.0,Kathy Castor,Castor,Democrat
1214,2022,18535512.1948,8530141.7948,10005370.4,8456565.754,0.0,0.0,0.0,62981.998,10594.0428,0.0,0.0,0.0,0.0,10005370.4,0.0,0.0,Kathy Castor,Castor,Democrat
1214,2023,18637456.8004,8616682.8004,10020774.0,8522434.434,0.0,0.0,0.0,75525.394,18722.9724,0.0,0.0,0.0,0.0,10020774.0,0.0,0.0,Kathy Castor,Castor,Democrat
1215,2010,429499.32,429499.32,0.0,429499.32,0.0,0.0,0.0,0.0,0.0,0.0,0.0,0.0,0.0,0.0,0.0,0.0,Laurel M. Lee,Lee,Republican
1215,2011,435697.85,435697.85,0.0,435697.85,0.0,0.0,0.0,0.0,0.0,0.0,0.0,0.0,0.0,0.0,0.0,0.0,Laurel M. Lee,Lee,Republican
1215,2012,442709.616,442709.616,0.0,442709.616,0.0,0.0,0.0,0.0,0.0,0.0,0.0,0.0,0.0,0.0,0.0,0.0,Laurel M. Lee,Lee,Republican
1215,2013,451546.228,451546.228,0.0,451546.228,0.0,0.0,0.0,0.0,0.0,0.0,0.0,0.0,0.0,0.0,0.0,0.0,Laurel M. Lee,Lee,Republican
1215,2014,368693.424,368693.424,0.0,368693.424,0.0,0.0,0.0,0.0,0.0,0.0,0.0,0.0,0.0,0.0,0.0,0.0,Laurel M. Lee,Lee,Republican
1215,2015,452809.034,452809.034,0.0,452809.034,0.0,0.0,0.0,0.0,0.0,0.0,0.0,0.0,0.0,0.0,0.0,0.0,Laurel M. Lee,Lee,Republican
1215,2016,385894.596,385894.596,0.0,385894.596,0.0,0.0,0.0,0.0,0.0,0.0,0.0,0.0,0.0,0.0,0.0,0.0,Laurel M. Lee,Lee,Republican
1215,2017,367853.14800000004,367853.14800000004,0.0,367853.14800000004,0.0,0.0,0.0,0.0,0.0,0.0,0.0,0.0,0.0,0.0,0.0,0.0,Laurel M. Lee,Lee,Republican
1215,2018,333006.746,333006.746,0.0,333006.746,0.0,0.0,0.0,0.0,0.0,0.0,0.0,0.0,0.0,0.0,0.0,0.0,Laurel M. Lee,Lee,Republican
1215,2019,281892.016,281892.016,0.0,281892.016,0.0,0.0,0.0,0.0,0.0,0.0,0.0,0.0,0.0,0.0,0.0,0.0,Laurel M. Lee,Lee,Republican
1215,2020,275833.12,275833.12,0.0,275833.12,0.0,0.0,0.0,0.0,0.0,0.0,0.0,0.0,0.0,0.0,0.0,0.0,Laurel M. Lee,Lee,Republican
1215,2021,343864.662,343864.662,0.0,343864.662,0.0,0.0,0.0,0.0,0.0,0.0,0.0,0.0,0.0,0.0,0.0,0.0,Laurel M. Lee,Lee,Republican
1215,2022,333123.2,333123.2,0.0,333123.2,0.0,0.0,0.0,0.0,0.0,0.0,0.0,0.0,0.0,0.0,0.0,0.0,Laurel M. Lee,Lee,Republican
1215,2023,280464.21,280464.21,0.0,280464.21,0.0,0.0,0.0,0.0,0.0,0.0,0.0,0.0,0.0,0.0,0.0,0.0,Laurel M. Lee,Lee,Republican
1216,2010,4784130.608,4784130.608,0.0,4784130.608,0.0,0.0,0.0,0.0,0.0,0.0,0.0,0.0,0.0,0.0,0.0,0.0,Vern Buchanan,Buchanan,Republican
1216,2011,4356818.664,4356818.664,0.0,4356818.664,0.0,0.0,0.0,0.0,0.0,0.0,0.0,0.0,0.0,0.0,0.0,0.0,Vern Buchanan,Buchanan,Republican
1216,2012,4261286.994,4261286.994,0.0,4261286.994,0.0,0.0,0.0,0.0,0.0,0.0,0.0,0.0,0.0,0.0,0.0,0.0,Vern Buchanan,Buchanan,Republican
1216,2013,3639590.612,3639590.612,0.0,3639590.612,0.0,0.0,0.0,0.0,0.0,0.0,0.0,0.0,0.0,0.0,0.0,0.0,Vern Buchanan,Buchanan,Republican
1216,2014,3690925.54,3690925.54,0.0,3690925.54,0.0,0.0,0.0,0.0,0.0,0.0,0.0,0.0,0.0,0.0,0.0,0.0,Vern Buchanan,Buchanan,Republican
1216,2015,4920275.882,4920275.882,0.0,4920275.882,0.0,0.0,0.0,0.0,0.0,0.0,0.0,0.0,0.0,0.0,0.0,0.0,Vern Buchanan,Buchanan,Republican
1216,2016,4086654.8699999996,4086654.8699999996,0.0,4086654.8699999996,0.0,0.0,0.0,0.0,0.0,0.0,0.0,0.0,0.0,0.0,0.0,0.0,Vern Buchanan,Buchanan,Republican
1216,2017,4019816.022,4019816.022,0.0,4019816.022,0.0,0.0,0.0,0.0,0.0,0.0,0.0,0.0,0.0,0.0,0.0,0.0,Vern Buchanan,Buchanan,Republican
1216,2018,4227393.308,4227393.308,0.0,4227393.308,0.0,0.0,0.0,0.0,0.0,0.0,0.0,0.0,0.0,0.0,0.0,0.0,Vern Buchanan,Buchanan,Republican
1216,2019,4774164.364,4774164.364,0.0,4774164.364,0.0,0.0,0.0,0.0,0.0,0.0,0.0,0.0,0.0,0.0,0.0,0.0,Vern Buchanan,Buchanan,Republican
1216,2020,4441156.982,4441156.982,0.0,4441156.982,0.0,0.0,0.0,0.0,0.0,0.0,0.0,0.0,0.0,0.0,0.0,0.0,Vern Buchanan,Buchanan,Republican
1216,2021,4082579.172,4082579.172,0.0,4082579.172,0.0,0.0,0.0,0.0,0.0,0.0,0.0,0.0,0.0,0.0,0.0,0.0,Vern Buchanan,Buchanan,Republican
1216,2022,2747844.222,2747844.222,0.0,2747844.222,0.0,0.0,0.0,0.0,0.0,0.0,0.0,0.0,0.0,0.0,0.0,0.0,Vern Buchanan,Buchanan,Republican
1216,2023,2849007.78,2849007.78,0.0,2849007.78,0.0,0.0,0.0,0.0,0.0,0.0,0.0,0.0,0.0,0.0,0.0,0.0,Vern Buchanan,Buchanan,Republican
1217,2010,4778201.134000001,4778201.134000001,0.0,4778201.134000001,0.0,0.0,0.0,0.0,0.0,0.0,0.0,0.0,0.0,0.0,0.0,0.0,W. Gregory Steube,Steube,Republican
1217,2011,4192525.2199999997,4192525.2199999997,0.0,4192525.2199999997,0.0,0.0,0.0,0.0,0.0,0.0,0.0,0.0,0.0,0.0,0.0,0.0,W. Gregory Steube,Steube,Republican
1217,2012,5218610.239999999,5218610.239999999,0.0,5218610.239999999,0.0,0.0,0.0,0.0,0.0,0.0,0.0,0.0,0.0,0.0,0.0,0.0,W. Gregory Steube,Steube,Republican
1217,2013,3998781.454,3998781.454,0.0,3998781.454,0.0,0.0,0.0,0.0,0.0,0.0,0.0,0.0,0.0,0.0,0.0,0.0,W. Gregory Steube,Steube,Republican
1217,2014,4163189.972,4163189.972,0.0,4163189.972,0.0,0.0,0.0,0.0,0.0,0.0,0.0,0.0,0.0,0.0,0.0,0.0,W. Gregory Steube,Steube,Republican
1217,2015,3886346.96,3886346.96,0.0,3886346.96,0.0,0.0,0.0,0.0,0.0,0.0,0.0,0.0,0.0,0.0,0.0,0.0,W. Gregory Steube,Steube,Republican
1217,2016,4215206.712,4215206.712,0.0,4215206.712,0.0,0.0,0.0,0.0,0.0,0.0,0.0,0.0,0.0,0.0,0.0,0.0,W. Gregory Steube,Steube,Republican
1217,2017,3963945.948,3963945.948,0.0,3963945.948,0.0,0.0,0.0,0.0,0.0,0.0,0.0,0.0,0.0,0.0,0.0,0.0,W. Gregory Steube,Steube,Republican
1217,2018,4033620.532,4033620.532,0.0,4033620.532,0.0,0.0,0.0,0.0,0.0,0.0,0.0,0.0,0.0,0.0,0.0,0.0,W. Gregory Steube,Steube,Republican
1217,2019,3910321.818,3910321.818,0.0,3910321.818,0.0,0.0,0.0,0.0,0.0,0.0,0.0,0.0,0.0,0.0,0.0,0.0,W. Gregory Steube,Steube,Republican
1217,2020,4166089.204,4166089.204,0.0,4166089.204,0.0,0.0,0.0,0.0,0.0,0.0,0.0,0.0,0.0,0.0,0.0,0.0,W. Gregory Steube,Steube,Republican
1217,2021,4263047.942,4263047.942,0.0,4263047.942,0.0,0.0,0.0,0.0,0.0,0.0,0.0,0.0,0.0,0.0,0.0,0.0,W. Gregory Steube,Steube,Republican
1217,2022,4549174.084,4549174.084,0.0,4549174.084,0.0,0.0,0.0,0.0,0.0,0.0,0.0,0.0,0.0,0.0,0.0,0.0,W. Gregory Steube,Steube,Republican
1217,2023,4746729.3040000005,4746729.3040000005,0.0,4746729.3040000005,0.0,0.0,0.0,0.0,0.0,0.0,0.0,0.0,0.0,0.0,0.0,0.0,W. Gregory Steube,Steube,Republican
1218,2010,13806361.269817,13806361.269817,0.0,13806361.269817,0.0,0.0,0.0,0.0,0.0,0.0,0.0,0.0,0.0,0.0,0.0,0.0,C. Scott Franklin,Franklin,Republican
1218,2011,13711069.57435,13711069.57435,0.0,13711069.57435,0.0,0.0,0.0,0.0,0.0,0.0,0.0,0.0,0.0,0.0,0.0,0.0,C. Scott Franklin,Franklin,Republican
1218,2012,14503911.847815,14503911.847815,0.0,14475076.789815,28835.058,0.0,0.0,0.0,0.0,0.0,0.0,0.0,0.0,0.0,0.0,0.0,C. Scott Franklin,Franklin,Republican
1218,2013,13302329.954,13302329.954,0.0,13268220.488,34109.466,0.0,0.0,0.0,0.0,0.0,0.0,0.0,0.0,0.0,0.0,0.0,C. Scott Franklin,Franklin,Republican
1218,2014,11121634.5120648,11121634.5120648,0.0,11080650.4660648,40984.046,0.0,0.0,0.0,0.0,0.0,0.0,0.0,0.0,0.0,0.0,0.0,C. Scott Franklin,Franklin,Republican
1218,2015,13408603.88201098,13408603.88201098,0.0,13386651.77001098,21952.112,0.0,0.0,0.0,0.0,0.0,0.0,0.0,0.0,0.0,0.0,0.0,C. Scott Franklin,Franklin,Republican
1218,2016,14260577.331886664,14260577.331886664,0.0,14237542.567886664,23034.764,0.0,0.0,0.0,0.0,0.0,0.0,0.0,0.0,0.0,0.0,0.0,C. Scott Franklin,Franklin,Republican
1218,2017,16291323.972932147,16291323.972932147,0.0,16270507.908932146,20816.064,0.0,0.0,0.0,0.0,0.0,0.0,0.0,0.0,0.0,0.0,0.0,C. Scott Franklin,Franklin,Republican
1218,2018,16506587.119745672,16506587.119745672,0.0,16484421.571745671,22165.548,0.0,0.0,0.0,0.0,0.0,0.0,0.0,0.0,0.0,0.0,0.0,C. Scott Franklin,Franklin,Republican
1218,2019,16821844.052,16821844.052,0.0,16809158.986,12685.066,0.0,0.0,0.0,0.0,0.0,0.0,0.0,0.0,0.0,0.0,0.0,C. Scott Franklin,Franklin,Republican
1218,2020,17108417.596,17108417.596,0.0,17108417.596,0.0,0.0,0.0,0.0,0.0,0.0,0.0,0.0,0.0,0.0,0.0,0.0,C. Scott Franklin,Franklin,Republican
1218,2021,16810067.09,16810067.09,0.0,16810067.09,0.0,0.0,0.0,0.0,0.0,0.0,0.0,0.0,0.0,0.0,0.0,0.0,C. Scott Franklin,Franklin,Republican
1218,2022,17601482.728,17601482.728,0.0,17601482.728,0.0,0.0,0.0,0.0,0.0,0.0,0.0,0.0,0.0,0.0,0.0,0.0,C. Scott Franklin,Franklin,Republican
1218,2023,16184855.663999999,16184855.663999999,0.0,16184855.663999999,0.0,0.0,0.0,0.0,0.0,0.0,0.0,0.0,0.0,0.0,0.0,0.0,C. Scott Franklin,Franklin,Republican
1219,2010,8592.75,8592.75,0.0,8592.75,0.0,0.0,0.0,0.0,0.0,0.0,0.0,0.0,0.0,0.0,0.0,0.0,Byron Donalds,Donalds,Republican
1219,2011,6900.0,6900.0,0.0,6900.0,0.0,0.0,0.0,0.0,0.0,0.0,0.0,0.0,0.0,0.0,0.0,0.0,Byron Donalds,Donalds,Republican
1219,2012,5596.0,5596.0,0.0,5596.0,0.0,0.0,0.0,0.0,0.0,0.0,0.0,0.0,0.0,0.0,0.0,0.0,Byron Donalds,Donalds,Republican
1219,2013,11348.75,11348.75,0.0,11348.75,0.0,0.0,0.0,0.0,0.0,0.0,0.0,0.0,0.0,0.0,0.0,0.0,Byron Donalds,Donalds,Republican
1219,2014,8553.5,8553.5,0.0,8553.5,0.0,0.0,0.0,0.0,0.0,0.0,0.0,0.0,0.0,0.0,0.0,0.0,Byron Donalds,Donalds,Republican
1219,2015,7352.75,7352.75,0.0,7352.75,0.0,0.0,0.0,0.0,0.0,0.0,0.0,0.0,0.0,0.0,0.0,0.0,Byron Donalds,Donalds,Republican
1219,2016,4610.25,4610.25,0.0,4610.25,0.0,0.0,0.0,0.0,0.0,0.0,0.0,0.0,0.0,0.0,0.0,0.0,Byron Donalds,Donalds,Republican
1219,2017,2847.75,2847.75,0.0,2847.75,0.0,0.0,0.0,0.0,0.0,0.0,0.0,0.0,0.0,0.0,0.0,0.0,Byron Donalds,Donalds,Republican
1219,2018,1613.0,1613.0,0.0,1613.0,0.0,0.0,0.0,0.0,0.0,0.0,0.0,0.0,0.0,0.0,0.0,0.0,Byron Donalds,Donalds,Republican
1219,2019,2793.75,2793.75,0.0,2793.75,0.0,0.0,0.0,0.0,0.0,0.0,0.0,0.0,0.0,0.0,0.0,0.0,Byron Donalds,Donalds,Republican
1219,2020,2200.25,2200.25,0.0,2200.25,0.0,0.0,0.0,0.0,0.0,0.0,0.0,0.0,0.0,0.0,0.0,0.0,Byron Donalds,Donalds,Republican
1219,2021,7238.75,7238.75,0.0,7238.75,0.0,0.0,0.0,0.0,0.0,0.0,0.0,0.0,0.0,0.0,0.0,0.0,Byron Donalds,Donalds,Republican
1219,2022,16629.25,16629.25,0.0,16629.25,0.0,0.0,0.0,0.0,0.0,0.0,0.0,0.0,0.0,0.0,0.0,0.0,Byron Donalds,Donalds,Republican
1219,2023,6325.5,6325.5,0.0,6325.5,0.0,0.0,0.0,0.0,0.0,0.0,0.0,0.0,0.0,0.0,0.0,0.0,Byron Donalds,Donalds,Republican
1220,2010,5323504.546,5297276.146,26228.4,5297276.146,0.0,0.0,0.0,0.0,0.0,0.0,0.0,0.0,0.0,26228.4,0.0,0.0,Sheila Cherfilus-McCormick,Cherfilus-McCormick,Democrat
1220,2011,8054566.412,8029797.312,24769.1,7961084.952,0.0,0.0,0.0,0.0,68712.36,0.0,0.0,0.0,0.0,24769.1,0.0,0.0,Sheila Cherfilus-McCormick,Cherfilus-McCormick,Democrat
1220,2012,9255439.744,9229571.744,25868.0,9194774.384,0.0,0.0,0.0,0.0,34797.36,0.0,0.0,0.0,0.0,25868.0,0.0,0.0,Sheila Cherfilus-McCormick,Cherfilus-McCormick,Democrat
1220,2013,8377888.4212,8352962.282,24926.1392,8255900.402,0.0,0.0,0.0,0.0,97061.88,0.0,0.0,0.0,0.0,24926.1392,0.0,0.0,Sheila Cherfilus-McCormick,Cherfilus-McCormick,Democrat
1220,2014,9427093.2536,9400935.292,26157.9616,9323907.772,0.0,0.0,0.0,0.0,77027.52,0.0,0.0,0.0,0.0,26157.9616,0.0,0.0,Sheila Cherfilus-McCormick,Cherfilus-McCormick,Democrat
1220,2015,10333990.85,10306731.15,27259.7,10289006.43,0.0,0.0,0.0,0.0,17724.72,0.0,0.0,0.0,0.0,27259.7,0.0,0.0,Sheila Cherfilus-McCormick,Cherfilus-McCormick,Democrat
1220,2016,9930910.14,9902733.14,28177.0,9878895.74,0.0,0.0,0.0,0.0,23837.4,0.0,0.0,0.0,0.0,28177.0,0.0,0.0,Sheila Cherfilus-McCormick,Cherfilus-McCormick,Democrat
1220,2017,10014964.624,9986048.124,28916.5,9923537.364,0.0,0.0,0.0,0.0,62510.76,0.0,0.0,0.0,0.0,28916.5,0.0,0.0,Sheila Cherfilus-McCormick,Cherfilus-McCormick,Democrat
1220,2018,9844117.718,9813859.518000001,30258.2,9639284.478,0.0,0.0,0.0,0.0,174575.04,0.0,0.0,0.0,0.0,30258.2,0.0,0.0,Sheila Cherfilus-McCormick,Cherfilus-McCormick,Democrat
1220,2019,10121719.355999999,10090794.256,30925.1,9938517.615999999,0.0,0.0,0.0,0.0,152276.64,0.0,0.0,0.0,0.0,30925.1,0.0,0.0,Sheila Cherfilus-McCormick,Cherfilus-McCormick,Democrat
1220,2020,9511948.606,9482956.906,28991.7,9441916.906,0.0,0.0,0.0,0.0,41040.0,0.0,0.0,0.0,0.0,28991.7,0.0,0.0,Sheila Cherfilus-McCormick,Cherfilus-McCormick,Democrat
1220,2021,9259720.5844,9259720.5844,0.0,9246150.981999999,0.0,0.0,0.0,0.0,13569.6024,0.0,0.0,0.0,0.0,0.0,0.0,0.0,Sheila Cherfilus-McCormick,Cherfilus-McCormick,Democrat
1220,2022,9333989.720400002,9333989.720400002,0.0,9318003.432000002,0.0,0.0,0.0,0.0,15986.2884,0.0,0.0,0.0,0.0,0.0,0.0,0.0,Sheila Cherfilus-McCormick,Cherfilus-McCormick,Democrat
1220,2023,9778454.1696,9778454.1696,0.0,9769529.52,0.0,0.0,0.0,0.0,8924.6496,0.0,0.0,0.0,0.0,0.0,0.0,0.0,Sheila Cherfilus-McCormick,Cherfilus-McCormick,Democrat
1221,2010,11013773.379999999,9673023.58,1340749.8,9673023.58,0.0,0.0,0.0,0.0,0.0,0.0,0.0,0.0,0.0,1340749.8,0.0,0.0,Brian J. Mast,Mast,Republican
1221,2011,9669687.432,8520756.231999999,1148931.2,8489140.481999999,0.0,0.0,0.0,31615.75,0.0,0.0,0.0,0.0,0.0,1148931.2,0.0,0.0,Brian J. Mast,Mast,Republican
1221,2012,9916850.648,8700193.448,1216657.2,8668976.348000001,0.0,0.0,0.0,31217.1,0.0,0.0,0.0,0.0,0.0,1216657.2,0.0,0.0,Brian J. Mast,Mast,Republican
1221,2013,8366561.652,7126406.652,1240155.0,7095877.452,0.0,0.0,0.0,30529.2,0.0,0.0,0.0,0.0,0.0,1240155.0,0.0,0.0,Brian J. Mast,Mast,Republican
1221,2014,7889713.39,6670339.09,1219374.3,6643489.04,0.0,0.0,0.0,26850.05,0.0,0.0,0.0,0.0,0.0,1219374.3,0.0,0.0,Brian J. Mast,Mast,Republican
1221,2015,9459194.646,8131543.146000001,1327651.5,8107556.496,0.0,0.0,0.0,23986.65,0.0,0.0,0.0,0.0,0.0,1327651.5,0.0,0.0,Brian J. Mast,Mast,Republican
1221,2016,8534801.08,7149592.4799999995,1385208.6,7128349.38,0.0,0.0,0.0,21243.1,0.0,0.0,0.0,0.0,0.0,1385208.6,0.0,0.0,Brian J. Mast,Mast,Republican
1221,2017,8111221.17,6663113.47,1448107.7,6643677.57,0.0,0.0,0.0,19435.9,0.0,0.0,0.0,0.0,0.0,1448107.7,0.0,0.0,Brian J. Mast,Mast,Republican
1221,2018,9014641.428,7101614.128,1913027.3,7083350.278,0.0,0.0,0.0,18263.85,0.0,0.0,0.0,0.0,0.0,1913027.3,0.0,0.0,Brian J. Mast,Mast,Republican
1221,2019,8630220.634,6226669.834,2403550.8,6209074.284,0.0,0.0,0.0,17595.55,0.0,0.0,0.0,0.0,0.0,2403550.8,0.0,0.0,Brian J. Mast,Mast,Republican
1221,2020,6088973.466,6088973.466,0.0,6088973.466,0.0,0.0,0.0,0.0,0.0,0.0,0.0,0.0,0.0,0.0,0.0,0.0,Brian J. Mast,Mast,Republican
1221,2021,5582518.1559999995,5582518.1559999995,0.0,5582518.1559999995,0.0,0.0,0.0,0.0,0.0,0.0,0.0,0.0,0.0,0.0,0.0,0.0,Brian J. Mast,Mast,Republican
1221,2022,5032566.532,5032566.532,0.0,5032566.532,0.0,0.0,0.0,0.0,0.0,0.0,0.0,0.0,0.0,0.0,0.0,0.0,Brian J. Mast,Mast,Republican
1221,2023,4520536.258,4520536.258,0.0,4520536.258,0.0,0.0,0.0,0.0,0.0,0.0,0.0,0.0,0.0,0.0,0.0,0.0,Brian J. Mast,Mast,Republican
1222,2010,5182.77,5182.77,0.0,5182.77,0.0,0.0,0.0,0.0,0.0,0.0,0.0,0.0,0.0,0.0,0.0,0.0,Lois Frankel,Frankel,Democrat
1222,2011,57371.15,57371.15,0.0,57371.15,0.0,0.0,0.0,0.0,0.0,0.0,0.0,0.0,0.0,0.0,0.0,0.0,Lois Frankel,Frankel,Democrat
1222,2012,50208.928,50208.928,0.0,50208.928,0.0,0.0,0.0,0.0,0.0,0.0,0.0,0.0,0.0,0.0,0.0,0.0,Lois Frankel,Frankel,Democrat
1222,2013,36373.688,36373.688,0.0,36373.688,0.0,0.0,0.0,0.0,0.0,0.0,0.0,0.0,0.0,0.0,0.0,0.0,Lois Frankel,Frankel,Democrat
1222,2014,36250.27,36250.27,0.0,36250.27,0.0,0.0,0.0,0.0,0.0,0.0,0.0,0.0,0.0,0.0,0.0,0.0,Lois Frankel,Frankel,Democrat
1222,2015,31262.084,31262.084,0.0,31262.084,0.0,0.0,0.0,0.0,0.0,0.0,0.0,0.0,0.0,0.0,0.0,0.0,Lois Frankel,Frankel,Democrat
1222,2016,29576.882,29576.882,0.0,29576.882,0.0,0.0,0.0,0.0,0.0,0.0,0.0,0.0,0.0,0.0,0.0,0.0,Lois Frankel,Frankel,Democrat
1222,2017,31549.58,31549.58,0.0,31549.58,0.0,0.0,0.0,0.0,0.0,0.0,0.0,0.0,0.0,0.0,0.0,0.0,Lois Frankel,Frankel,Democrat
1222,2018,34423.108,34423.108,0.0,34423.108,0.0,0.0,0.0,0.0,0.0,0.0,0.0,0.0,0.0,0.0,0.0,0.0,Lois Frankel,Frankel,Democrat
1222,2019,28409.176,28409.176,0.0,28409.176,0.0,0.0,0.0,0.0,0.0,0.0,0.0,0.0,0.0,0.0,0.0,0.0,Lois Frankel,Frankel,Democrat
1222,2020,28610.228,28610.228,0.0,28610.228,0.0,0.0,0.0,0.0,0.0,0.0,0.0,0.0,0.0,0.0,0.0,0.0,Lois Frankel,Frankel,Democrat
1222,2021,24030.036,24030.036,0.0,24030.036,0.0,0.0,0.0,0.0,0.0,0.0,0.0,0.0,0.0,0.0,0.0,0.0,Lois Frankel,Frankel,Democrat
1222,2022,22455.042,22455.042,0.0,22455.042,0.0,0.0,0.0,0.0,0.0,0.0,0.0,0.0,0.0,0.0,0.0,0.0,Lois Frankel,Frankel,Democrat
1222,2023,19976.347999999998,19976.347999999998,0.0,19976.347999999998,0.0,0.0,0.0,0.0,0.0,0.0,0.0,0.0,0.0,0.0,0.0,0.0,Lois Frankel,Frankel,Democrat
1223,2010,423618.952751,423618.952751,0.0,423618.952751,0.0,0.0,0.0,0.0,0.0,0.0,0.0,0.0,0.0,0.0,0.0,0.0,Jared Moskowitz,Moskowitz,Democrat
1223,2011,444790.72730599996,444790.72730599996,0.0,444790.72730599996,0.0,0.0,0.0,0.0,0.0,0.0,0.0,0.0,0.0,0.0,0.0,0.0,Jared Moskowitz,Moskowitz,Democrat
1223,2012,506010.054942,506010.054942,0.0,506010.054942,0.0,0.0,0.0,0.0,0.0,0.0,0.0,0.0,0.0,0.0,0.0,0.0,Jared Moskowitz,Moskowitz,Democrat
1223,2013,418256.958,418256.958,0.0,418256.958,0.0,0.0,0.0,0.0,0.0,0.0,0.0,0.0,0.0,0.0,0.0,0.0,Jared Moskowitz,Moskowitz,Democrat
1223,2014,300322.724,300322.724,0.0,300322.724,0.0,0.0,0.0,0.0,0.0,0.0,0.0,0.0,0.0,0.0,0.0,0.0,Jared Moskowitz,Moskowitz,Democrat
1223,2015,238425.21600000001,238425.21600000001,0.0,238425.21600000001,0.0,0.0,0.0,0.0,0.0,0.0,0.0,0.0,0.0,0.0,0.0,0.0,Jared Moskowitz,Moskowitz,Democrat
1223,2016,213139.418,213139.418,0.0,213139.418,0.0,0.0,0.0,0.0,0.0,0.0,0.0,0.0,0.0,0.0,0.0,0.0,Jared Moskowitz,Moskowitz,Democrat
1223,2017,226315.72,226315.72,0.0,226315.72,0.0,0.0,0.0,0.0,0.0,0.0,0.0,0.0,0.0,0.0,0.0,0.0,Jared Moskowitz,Moskowitz,Democrat
1223,2018,222840.456,222840.456,0.0,222840.456,0.0,0.0,0.0,0.0,0.0,0.0,0.0,0.0,0.0,0.0,0.0,0.0,Jared Moskowitz,Moskowitz,Democrat
1223,2019,231529.728,231529.728,0.0,231529.728,0.0,0.0,0.0,0.0,0.0,0.0,0.0,0.0,0.0,0.0,0.0,0.0,Jared Moskowitz,Moskowitz,Democrat
1223,2020,236264.01,236264.01,0.0,236264.01,0.0,0.0,0.0,0.0,0.0,0.0,0.0,0.0,0.0,0.0,0.0,0.0,Jared Moskowitz,Moskowitz,Democrat
1223,2021,244679.206,244679.206,0.0,244679.206,0.0,0.0,0.0,0.0,0.0,0.0,0.0,0.0,0.0,0.0,0.0,0.0,Jared Moskowitz,Moskowitz,Democrat
1223,2022,243642.934,243642.934,0.0,243642.934,0.0,0.0,0.0,0.0,0.0,0.0,0.0,0.0,0.0,0.0,0.0,0.0,Jared Moskowitz,Moskowitz,Democrat
1223,2023,227425.158,227425.158,0.0,227425.158,0.0,0.0,0.0,0.0,0.0,0.0,0.0,0.0,0.0,0.0,0.0,0.0,Jared Moskowitz,Moskowitz,Democrat
1224,2010,0.0,0.0,0.0,0.0,0.0,0.0,0.0,0.0,0.0,0.0,0.0,0.0,0.0,0.0,0.0,0.0,Frederica S. Wilson,Wilson,Democrat
1224,2011,0.0,0.0,0.0,0.0,0.0,0.0,0.0,0.0,0.0,0.0,0.0,0.0,0.0,0.0,0.0,0.0,Frederica S. Wilson,Wilson,Democrat
1224,2012,0.0,0.0,0.0,0.0,0.0,0.0,0.0,0.0,0.0,0.0,0.0,0.0,0.0,0.0,0.0,0.0,Frederica S. Wilson,Wilson,Democrat
1224,2013,0.0,0.0,0.0,0.0,0.0,0.0,0.0,0.0,0.0,0.0,0.0,0.0,0.0,0.0,0.0,0.0,Frederica S. Wilson,Wilson,Democrat
1224,2014,0.0,0.0,0.0,0.0,0.0,0.0,0.0,0.0,0.0,0.0,0.0,0.0,0.0,0.0,0.0,0.0,Frederica S. Wilson,Wilson,Democrat
1224,2015,0.0,0.0,0.0,0.0,0.0,0.0,0.0,0.0,0.0,0.0,0.0,0.0,0.0,0.0,0.0,0.0,Frederica S. Wilson,Wilson,Democrat
1224,2016,0.0,0.0,0.0,0.0,0.0,0.0,0.0,0.0,0.0,0.0,0.0,0.0,0.0,0.0,0.0,0.0,Frederica S. Wilson,Wilson,Democrat
1224,2017,0.0,0.0,0.0,0.0,0.0,0.0,0.0,0.0,0.0,0.0,0.0,0.0,0.0,0.0,0.0,0.0,Frederica S. Wilson,Wilson,Democrat
1224,2018,0.0,0.0,0.0,0.0,0.0,0.0,0.0,0.0,0.0,0.0,0.0,0.0,0.0,0.0,0.0,0.0,Frederica S. Wilson,Wilson,Democrat
1224,2019,0.0,0.0,0.0,0.0,0.0,0.0,0.0,0.0,0.0,0.0,0.0,0.0,0.0,0.0,0.0,0.0,Frederica S. Wilson,Wilson,Democrat
1224,2020,0.0,0.0,0.0,0.0,0.0,0.0,0.0,0.0,0.0,0.0,0.0,0.0,0.0,0.0,0.0,0.0,Frederica S. Wilson,Wilson,Democrat
1224,2021,0.0,0.0,0.0,0.0,0.0,0.0,0.0,0.0,0.0,0.0,0.0,0.0,0.0,0.0,0.0,0.0,Frederica S. Wilson,Wilson,Democrat
1224,2022,0.0,0.0,0.0,0.0,0.0,0.0,0.0,0.0,0.0,0.0,0.0,0.0,0.0,0.0,0.0,0.0,Frederica S. Wilson,Wilson,Democrat
1224,2023,0.0,0.0,0.0,0.0,0.0,0.0,0.0,0.0,0.0,0.0,0.0,0.0,0.0,0.0,0.0,0.0,Frederica S. Wilson,Wilson,Democrat
1225,2010,3503656.968,3503656.968,0.0,3503656.968,0.0,0.0,0.0,0.0,0.0,0.0,0.0,0.0,0.0,0.0,0.0,0.0,Debbie Wasserman Schultz,Schultz,Democrat
1225,2011,2989484.8559999997,2989484.8559999997,0.0,2989484.8559999997,0.0,0.0,0.0,0.0,0.0,0.0,0.0,0.0,0.0,0.0,0.0,0.0,Debbie Wasserman Schultz,Schultz,Democrat
1225,2012,3079277.91,3079277.91,0.0,3079277.91,0.0,0.0,0.0,0.0,0.0,0.0,0.0,0.0,0.0,0.0,0.0,0.0,Debbie Wasserman Schultz,Schultz,Democrat
1225,2013,2485235.214,2485235.214,0.0,2485235.214,0.0,0.0,0.0,0.0,0.0,0.0,0.0,0.0,0.0,0.0,0.0,0.0,Debbie Wasserman Schultz,Schultz,Democrat
1225,2014,2365305.276,2365305.276,0.0,2365305.276,0.0,0.0,0.0,0.0,0.0,0.0,0.0,0.0,0.0,0.0,0.0,0.0,Debbie Wasserman Schultz,Schultz,Democrat
1225,2015,2506351.284,2506351.284,0.0,2506351.284,0.0,0.0,0.0,0.0,0.0,0.0,0.0,0.0,0.0,0.0,0.0,0.0,Debbie Wasserman Schultz,Schultz,Democrat
1225,2016,3981658.972,3981658.972,0.0,3981658.972,0.0,0.0,0.0,0.0,0.0,0.0,0.0,0.0,0.0,0.0,0.0,0.0,Debbie Wasserman Schultz,Schultz,Democrat
1225,2017,4171483.3759999997,4171483.3759999997,0.0,4171483.3759999997,0.0,0.0,0.0,0.0,0.0,0.0,0.0,0.0,0.0,0.0,0.0,0.0,Debbie Wasserman Schultz,Schultz,Democrat
1225,2018,4116739.742,4116739.742,0.0,4116739.742,0.0,0.0,0.0,0.0,0.0,0.0,0.0,0.0,0.0,0.0,0.0,0.0,Debbie Wasserman Schultz,Schultz,Democrat
1225,2019,3066278.236,3066278.236,0.0,3066278.236,0.0,0.0,0.0,0.0,0.0,0.0,0.0,0.0,0.0,0.0,0.0,0.0,Debbie Wasserman Schultz,Schultz,Democrat
1225,2020,2825174.0620000004,2825174.0620000004,0.0,2825174.0620000004,0.0,0.0,0.0,0.0,0.0,0.0,0.0,0.0,0.0,0.0,0.0,0.0,Debbie Wasserman Schultz,Schultz,Democrat
1225,2021,2948325.082,2948325.082,0.0,2948325.082,0.0,0.0,0.0,0.0,0.0,0.0,0.0,0.0,0.0,0.0,0.0,0.0,Debbie Wasserman Schultz,Schultz,Democrat
1225,2022,4376081.216,4376081.216,0.0,4376081.216,0.0,0.0,0.0,0.0,0.0,0.0,0.0,0.0,0.0,0.0,0.0,0.0,Debbie Wasserman Schultz,Schultz,Democrat
1225,2023,4665807.888,4665807.888,0.0,4665807.888,0.0,0.0,0.0,0.0,0.0,0.0,0.0,0.0,0.0,0.0,0.0,0.0,Debbie Wasserman Schultz,Schultz,Democrat
1226,2010,1782340.689575,1782340.689575,0.0,1782340.689575,0.0,0.0,0.0,0.0,0.0,0.0,0.0,0.0,0.0,0.0,0.0,0.0,Mario Diaz-Balart,Diaz-Balart,Republican
1226,2011,1539988.604,1539988.604,0.0,1539988.604,0.0,0.0,0.0,0.0,0.0,0.0,0.0,0.0,0.0,0.0,0.0,0.0,Mario Diaz-Balart,Diaz-Balart,Republican
1226,2012,1886881.408,1825060.2280000001,61821.18,1825060.2280000001,0.0,0.0,0.0,0.0,0.0,0.0,0.0,0.0,61821.18,0.0,0.0,0.0,Mario Diaz-Balart,Diaz-Balart,Republican
1226,2013,2166320.61,2028620.21,137700.4,2028620.21,0.0,0.0,0.0,0.0,0.0,0.0,0.0,0.0,137700.4,0.0,0.0,0.0,Mario Diaz-Balart,Diaz-Balart,Republican
1226,2014,2275493.19455,2119294.266,156198.92855,2119294.266,0.0,0.0,0.0,0.0,0.0,0.0,0.0,0.0,156198.92855,0.0,0.0,0.0,Mario Diaz-Balart,Diaz-Balart,Republican
1226,2015,2334084.578,2207113.678,126970.9,2207113.678,0.0,0.0,0.0,0.0,0.0,0.0,0.0,0.0,126970.9,0.0,0.0,0.0,Mario Diaz-Balart,Diaz-Balart,Republican
1226,2016,2100963.376,2034388.676,66574.7,2034388.676,0.0,0.0,0.0,0.0,0.0,0.0,0.0,0.0,66574.7,0.0,0.0,0.0,Mario Diaz-Balart,Diaz-Balart,Republican
1226,2017,2367425.494,2331317.7939999998,36107.7,2331317.7939999998,0.0,0.0,0.0,0.0,0.0,0.0,0.0,0.0,36107.7,0.0,0.0,0.0,Mario Diaz-Balart,Diaz-Balart,Republican
1226,2018,2678971.538,2608947.938,70023.6,2608947.938,0.0,0.0,0.0,0.0,0.0,0.0,0.0,0.0,70023.6,0.0,0.0,0.0,Mario Diaz-Balart,Diaz-Balart,Republican
1226,2019,2791859.7120000003,2747778.7120000003,44081.0,2747778.7120000003,0.0,0.0,0.0,0.0,0.0,0.0,0.0,0.0,44081.0,0.0,0.0,0.0,Mario Diaz-Balart,Diaz-Balart,Republican
1226,2020,2581103.176,2551989.0760000004,29114.1,2551989.0760000004,0.0,0.0,0.0,0.0,0.0,0.0,0.0,0.0,29114.1,0.0,0.0,0.0,Mario Diaz-Balart,Diaz-Balart,Republican
1226,2021,2332007.6659999997,2294517.566,37490.1,2294517.566,0.0,0.0,0.0,0.0,0.0,0.0,0.0,0.0,37490.1,0.0,0.0,0.0,Mario Diaz-Balart,Diaz-Balart,Republican
1226,2022,2211439.6999999997,2170570.8,40868.9,2170570.8,0.0,0.0,0.0,0.0,0.0,0.0,0.0,0.0,40868.9,0.0,0.0,0.0,Mario Diaz-Balart,Diaz-Balart,Republican
1226,2023,1811453.81,1811453.81,0.0,1811453.81,0.0,0.0,0.0,0.0,0.0,0.0,0.0,0.0,0.0,0.0,0.0,0.0,Mario Diaz-Balart,Diaz-Balart,Republican
1227,2010,96618.08305,96618.08305,0.0,96618.08305,0.0,0.0,0.0,0.0,0.0,0.0,0.0,0.0,0.0,0.0,0.0,0.0,Maria Elvira Salazar,Salazar,Republican
1227,2011,82250.0,82250.0,0.0,82250.0,0.0,0.0,0.0,0.0,0.0,0.0,0.0,0.0,0.0,0.0,0.0,0.0,Maria Elvira Salazar,Salazar,Republican
1227,2012,75192.484425,75192.484425,0.0,75192.484425,0.0,0.0,0.0,0.0,0.0,0.0,0.0,0.0,0.0,0.0,0.0,0.0,Maria Elvira Salazar,Salazar,Republican
1227,2013,79853.75,79853.75,0.0,79853.75,0.0,0.0,0.0,0.0,0.0,0.0,0.0,0.0,0.0,0.0,0.0,0.0,Maria Elvira Salazar,Salazar,Republican
1227,2014,98964.5,98964.5,0.0,98964.5,0.0,0.0,0.0,0.0,0.0,0.0,0.0,0.0,0.0,0.0,0.0,0.0,Maria Elvira Salazar,Salazar,Republican
1227,2015,110661.0,110661.0,0.0,110661.0,0.0,0.0,0.0,0.0,0.0,0.0,0.0,0.0,0.0,0.0,0.0,0.0,Maria Elvira Salazar,Salazar,Republican
1227,2016,168099.044,168099.044,0.0,168099.044,0.0,0.0,0.0,0.0,0.0,0.0,0.0,0.0,0.0,0.0,0.0,0.0,Maria Elvira Salazar,Salazar,Republican
1227,2017,146601.74599999998,146601.74599999998,0.0,146601.74599999998,0.0,0.0,0.0,0.0,0.0,0.0,0.0,0.0,0.0,0.0,0.0,0.0,Maria Elvira Salazar,Salazar,Republican
1227,2018,162836.8,162836.8,0.0,162836.8,0.0,0.0,0.0,0.0,0.0,0.0,0.0,0.0,0.0,0.0,0.0,0.0,Maria Elvira Salazar,Salazar,Republican
1227,2019,185521.062,185521.062,0.0,185521.062,0.0,0.0,0.0,0.0,0.0,0.0,0.0,0.0,0.0,0.0,0.0,0.0,Maria Elvira Salazar,Salazar,Republican
1227,2020,187502.25400000002,187502.25400000002,0.0,187502.25400000002,0.0,0.0,0.0,0.0,0.0,0.0,0.0,0.0,0.0,0.0,0.0,0.0,Maria Elvira Salazar,Salazar,Republican
1227,2021,186865.122,186865.122,0.0,186865.122,0.0,0.0,0.0,0.0,0.0,0.0,0.0,0.0,0.0,0.0,0.0,0.0,Maria Elvira Salazar,Salazar,Republican
1227,2022,133683.072,133683.072,0.0,133683.072,0.0,0.0,0.0,0.0,0.0,0.0,0.0,0.0,0.0,0.0,0.0,0.0,Maria Elvira Salazar,Salazar,Republican
1227,2023,131300.984,131300.984,0.0,131300.984,0.0,0.0,0.0,0.0,0.0,0.0,0.0,0.0,0.0,0.0,0.0,0.0,Maria Elvira Salazar,Salazar,Republican
1228,2010,3464004.868,3464004.868,0.0,3464004.868,0.0,0.0,0.0,0.0,0.0,0.0,0.0,0.0,0.0,0.0,0.0,0.0,Carlos A. Gimenez,Gimenez,Republican
1228,2011,2629543.544,2629543.544,0.0,2629543.544,0.0,0.0,0.0,0.0,0.0,0.0,0.0,0.0,0.0,0.0,0.0,0.0,Carlos A. Gimenez,Gimenez,Republican
1228,2012,3021780.076,3021780.076,0.0,3021780.076,0.0,0.0,0.0,0.0,0.0,0.0,0.0,0.0,0.0,0.0,0.0,0.0,Carlos A. Gimenez,Gimenez,Republican
1228,2013,2902401.8140000002,2902401.8140000002,0.0,2902401.8140000002,0.0,0.0,0.0,0.0,0.0,0.0,0.0,0.0,0.0,0.0,0.0,0.0,Carlos A. Gimenez,Gimenez,Republican
1228,2014,2573958.3940000003,2573958.3940000003,0.0,2573958.3940000003,0.0,0.0,0.0,0.0,0.0,0.0,0.0,0.0,0.0,0.0,0.0,0.0,Carlos A. Gimenez,Gimenez,Republican
1228,2015,2925755.122,2925755.122,0.0,2925755.122,0.0,0.0,0.0,0.0,0.0,0.0,0.0,0.0,0.0,0.0,0.0,0.0,Carlos A. Gimenez,Gimenez,Republican
1228,2016,2768247.684,2768247.684,0.0,2768247.684,0.0,0.0,0.0,0.0,0.0,0.0,0.0,0.0,0.0,0.0,0.0,0.0,Carlos A. Gimenez,Gimenez,Republican
1228,2017,2060101.582,2060101.582,0.0,2060101.582,0.0,0.0,0.0,0.0,0.0,0.0,0.0,0.0,0.0,0.0,0.0,0.0,Carlos A. Gimenez,Gimenez,Republican
1228,2018,2305324.502,2305324.502,0.0,2305324.502,0.0,0.0,0.0,0.0,0.0,0.0,0.0,0.0,0.0,0.0,0.0,0.0,Carlos A. Gimenez,Gimenez,Republican
1228,2019,1939132.784,1939132.784,0.0,1939132.784,0.0,0.0,0.0,0.0,0.0,0.0,0.0,0.0,0.0,0.0,0.0,0.0,Carlos A. Gimenez,Gimenez,Republican
1228,2020,2431271.124,2431271.124,0.0,2431271.124,0.0,0.0,0.0,0.0,0.0,0.0,0.0,0.0,0.0,0.0,0.0,0.0,Carlos A. Gimenez,Gimenez,Republican
1228,2021,2070419.224,2070419.224,0.0,2070419.224,0.0,0.0,0.0,0.0,0.0,0.0,0.0,0.0,0.0,0.0,0.0,0.0,Carlos A. Gimenez,Gimenez,Republican
1228,2022,2380318.512,2380318.512,0.0,2380318.512,0.0,0.0,0.0,0.0,0.0,0.0,0.0,0.0,0.0,0.0,0.0,0.0,Carlos A. Gimenez,Gimenez,Republican
1228,2023,2507461.314,2507461.314,0.0,2507461.314,0.0,0.0,0.0,0.0,0.0,0.0,0.0,0.0,0.0,0.0,0.0,0.0,Carlos A. Gimenez,Gimenez,Republican
1301,2010,8585583.834688,8585583.834688,0.0,8585583.834688,0.0,0.0,0.0,0.0,0.0,0.0,0.0,0.0,0.0,0.0,0.0,0.0,Earl L. “Buddy” Carter,Carter,Republican
1301,2011,8456035.400262,8456035.400262,0.0,8456035.400262,0.0,0.0,0.0,0.0,0.0,0.0,0.0,0.0,0.0,0.0,0.0,0.0,Earl L. “Buddy” Carter,Carter,Republican
1301,2012,8867062.030396,7645514.125966,1221547.90443,7645514.125966,0.0,0.0,0.0,0.0,0.0,0.0,1221547.90443,0.0,0.0,0.0,0.0,0.0,Earl L. “Buddy” Carter,Carter,Republican
1301,2013,7200143.314,7200143.314,0.0,7200143.314,0.0,0.0,0.0,0.0,0.0,0.0,0.0,0.0,0.0,0.0,0.0,0.0,Earl L. “Buddy” Carter,Carter,Republican
1301,2014,7703503.47,7703503.47,0.0,7703503.47,0.0,0.0,0.0,0.0,0.0,0.0,0.0,0.0,0.0,0.0,0.0,0.0,Earl L. “Buddy” Carter,Carter,Republican
1301,2015,8108746.874000001,8108746.874000001,0.0,8108746.874000001,0.0,0.0,0.0,0.0,0.0,0.0,0.0,0.0,0.0,0.0,0.0,0.0,Earl L. “Buddy” Carter,Carter,Republican
1301,2016,6798001.029999999,6798001.029999999,0.0,6798001.029999999,0.0,0.0,0.0,0.0,0.0,0.0,0.0,0.0,0.0,0.0,0.0,0.0,Earl L. “Buddy” Carter,Carter,Republican
1301,2017,6866791.524,6866791.524,0.0,6866791.524,0.0,0.0,0.0,0.0,0.0,0.0,0.0,0.0,0.0,0.0,0.0,0.0,Earl L. “Buddy” Carter,Carter,Republican
1301,2018,6634485.294,6634485.294,0.0,6634485.294,0.0,0.0,0.0,0.0,0.0,0.0,0.0,0.0,0.0,0.0,0.0,0.0,Earl L. “Buddy” Carter,Carter,Republican
1301,2019,6567520.816000001,6567520.816000001,0.0,6567520.816000001,0.0,0.0,0.0,0.0,0.0,0.0,0.0,0.0,0.0,0.0,0.0,0.0,Earl L. “Buddy” Carter,Carter,Republican
1301,2020,7028421.658,7028421.658,0.0,7028421.658,0.0,0.0,0.0,0.0,0.0,0.0,0.0,0.0,0.0,0.0,0.0,0.0,Earl L. “Buddy” Carter,Carter,Republican
1301,2021,7069395.566,7069395.566,0.0,7069395.566,0.0,0.0,0.0,0.0,0.0,0.0,0.0,0.0,0.0,0.0,0.0,0.0,Earl L. “Buddy” Carter,Carter,Republican
1301,2022,7083794.522,7083794.522,0.0,7083794.522,0.0,0.0,0.0,0.0,0.0,0.0,0.0,0.0,0.0,0.0,0.0,0.0,Earl L. “Buddy” Carter,Carter,Republican
1301,2023,7234835.5913164,7234835.5913164,0.0,7234835.5913164,0.0,0.0,0.0,0.0,0.0,0.0,0.0,0.0,0.0,0.0,0.0,0.0,Earl L. “Buddy” Carter,Carter,Republican
1302,2010,4270706.768,3467865.8680000002,802840.8999999999,3467865.8680000002,0.0,0.0,0.0,0.0,0.0,0.0,0.0,0.0,0.0,802840.8999999999,0.0,0.0,Sanford D. Bishop Jr.,Bishop,Democrat
1302,2011,4078573.3,3285213.5,793359.7999999999,3285213.5,0.0,0.0,0.0,0.0,0.0,0.0,0.0,0.0,0.0,793359.7999999999,0.0,0.0,Sanford D. Bishop Jr.,Bishop,Democrat
1302,2012,3957909.52,3155827.62,802081.9,3155827.62,0.0,0.0,0.0,0.0,0.0,0.0,0.0,0.0,0.0,802081.9,0.0,0.0,Sanford D. Bishop Jr.,Bishop,Democrat
1302,2013,3852081.002,3164018.102,688062.8999999999,3164018.102,0.0,0.0,0.0,0.0,0.0,0.0,0.0,0.0,0.0,688062.8999999999,0.0,0.0,Sanford D. Bishop Jr.,Bishop,Democrat
1302,2014,4200077.896,3394875.296,805202.6,3394875.296,0.0,0.0,0.0,0.0,0.0,0.0,0.0,0.0,0.0,805202.6,0.0,0.0,Sanford D. Bishop Jr.,Bishop,Democrat
1302,2015,3819210.048,2991410.048,827800.0,2991410.048,0.0,0.0,0.0,0.0,0.0,0.0,0.0,0.0,0.0,827800.0,0.0,0.0,Sanford D. Bishop Jr.,Bishop,Democrat
1302,2016,3944400.214,3029000.114,915400.1000000001,3029000.114,0.0,0.0,0.0,0.0,0.0,0.0,0.0,0.0,0.0,915400.1000000001,0.0,0.0,Sanford D. Bishop Jr.,Bishop,Democrat
1302,2017,3696860.756,2879328.156,817532.6000000001,2879328.156,0.0,0.0,0.0,0.0,0.0,0.0,0.0,0.0,0.0,817532.6000000001,0.0,0.0,Sanford D. Bishop Jr.,Bishop,Democrat
1302,2018,4261441.49,3383353.89,878087.6,3383353.89,0.0,0.0,0.0,0.0,0.0,0.0,0.0,0.0,0.0,878087.6,0.0,0.0,Sanford D. Bishop Jr.,Bishop,Democrat
1302,2019,4536142.93,3696965.83,839177.1,3696965.83,0.0,0.0,0.0,0.0,0.0,0.0,0.0,0.0,0.0,839177.1,0.0,0.0,Sanford D. Bishop Jr.,Bishop,Democrat
1302,2020,3964276.092,3255388.492,708887.6,3255388.492,0.0,0.0,0.0,0.0,0.0,0.0,0.0,0.0,0.0,708887.6,0.0,0.0,Sanford D. Bishop Jr.,Bishop,Democrat
1302,2021,3788972.452,3129998.852,658973.6000000001,3129998.852,0.0,0.0,0.0,0.0,0.0,0.0,0.0,0.0,0.0,658973.6000000001,0.0,0.0,Sanford D. Bishop Jr.,Bishop,Democrat
1302,2022,4096410.006,3322893.106,773516.8999999999,3322893.106,0.0,0.0,0.0,0.0,0.0,0.0,0.0,0.0,0.0,773516.8999999999,0.0,0.0,Sanford D. Bishop Jr.,Bishop,Democrat
1302,2023,3546497.5975924,2955089.6975924,591407.9,2955089.6975924,0.0,0.0,0.0,0.0,0.0,0.0,0.0,0.0,0.0,591407.9,0.0,0.0,Sanford D. Bishop Jr.,Bishop,Democrat
1303,2010,17996799.412,17873135.312,123664.1,17873135.312,0.0,0.0,0.0,0.0,0.0,0.0,0.0,0.0,0.0,123664.1,0.0,0.0,Brian Jack,Jack,Republican
1303,2011,16004604.425999999,15885348.726,119255.7,15885348.726,0.0,0.0,0.0,0.0,0.0,0.0,0.0,0.0,0.0,119255.7,0.0,0.0,Brian Jack,Jack,Republican
1303,2012,12499282.757125001,12391630.157125,107652.6,12391630.157125,0.0,0.0,0.0,0.0,0.0,0.0,0.0,0.0,0.0,107652.6,0.0,0.0,Brian Jack,Jack,Republican
1303,2013,7714759.258,7596725.058,118034.2,7596725.058,0.0,0.0,0.0,0.0,0.0,0.0,0.0,0.0,0.0,118034.2,0.0,0.0,Brian Jack,Jack,Republican
1303,2014,10758511.493999999,10629300.394,129211.1,10629300.394,0.0,0.0,0.0,0.0,0.0,0.0,0.0,0.0,0.0,129211.1,0.0,0.0,Brian Jack,Jack,Republican
1303,2015,11397867.002,11285177.502,112689.5,11285177.502,0.0,0.0,0.0,0.0,0.0,0.0,0.0,0.0,0.0,112689.5,0.0,0.0,Brian Jack,Jack,Republican
1303,2016,11439149.644,11325669.644,113480.0,11325669.644,0.0,0.0,0.0,0.0,0.0,0.0,0.0,0.0,0.0,113480.0,0.0,0.0,Brian Jack,Jack,Republican
1303,2017,10813817.022,10709612.422,104204.6,10709612.422,0.0,0.0,0.0,0.0,0.0,0.0,0.0,0.0,0.0,104204.6,0.0,0.0,Brian Jack,Jack,Republican
1303,2018,9992169.702,9875807.502,116362.2,9875807.502,0.0,0.0,0.0,0.0,0.0,0.0,0.0,0.0,0.0,116362.2,0.0,0.0,Brian Jack,Jack,Republican
1303,2019,10354975.972000001,10239007.072,115968.9,10239007.072,0.0,0.0,0.0,0.0,0.0,0.0,0.0,0.0,0.0,115968.9,0.0,0.0,Brian Jack,Jack,Republican
1303,2020,8413366.07,8305995.07,107371.0,8305995.07,0.0,0.0,0.0,0.0,0.0,0.0,0.0,0.0,0.0,107371.0,0.0,0.0,Brian Jack,Jack,Republican
1303,2021,8328017.368,8210715.068,117302.3,8210715.068,0.0,0.0,0.0,0.0,0.0,0.0,0.0,0.0,0.0,117302.3,0.0,0.0,Brian Jack,Jack,Republican
1303,2022,8908960.086,8790618.786,118341.3,8790618.786,0.0,0.0,0.0,0.0,0.0,0.0,0.0,0.0,0.0,118341.3,0.0,0.0,Brian Jack,Jack,Republican
1303,2023,8365517.648,8256639.348,108878.3,8256639.348,0.0,0.0,0.0,0.0,0.0,0.0,0.0,0.0,0.0,108878.3,0.0,0.0,Brian Jack,Jack,Republican
1304,2010,25523.173125,25523.173125,0.0,25523.173125,0.0,0.0,0.0,0.0,0.0,0.0,0.0,0.0,0.0,0.0,0.0,0.0,Henry C. “Hank” Johnson Jr.,Johnson,Democrat
1304,2011,219189.363087,219189.363087,0.0,17664.723087,0.0,0.0,0.0,0.0,201524.64,0.0,0.0,0.0,0.0,0.0,0.0,0.0,Henry C. “Hank” Johnson Jr.,Johnson,Democrat
1304,2012,22890.183715,22890.183715,0.0,17440.983715,0.0,0.0,0.0,0.0,5449.2,0.0,0.0,0.0,0.0,0.0,0.0,0.0,Henry C. “Hank” Johnson Jr.,Johnson,Democrat
1304,2013,20151.14,20151.14,0.0,15522.74,0.0,0.0,0.0,0.0,4628.4,0.0,0.0,0.0,0.0,0.0,0.0,0.0,Henry C. “Hank” Johnson Jr.,Johnson,Democrat
1304,2014,17803.75,17803.75,0.0,15523.75,0.0,0.0,0.0,0.0,2280.0,0.0,0.0,0.0,0.0,0.0,0.0,0.0,Henry C. “Hank” Johnson Jr.,Johnson,Democrat
1304,2015,18771.942,18771.942,0.0,14004.462,0.0,0.0,0.0,0.0,4767.48,0.0,0.0,0.0,0.0,0.0,0.0,0.0,Henry C. “Hank” Johnson Jr.,Johnson,Democrat
1304,2016,6260.88,6260.88,0.0,0.0,0.0,0.0,0.0,0.0,6260.88,0.0,0.0,0.0,0.0,0.0,0.0,0.0,Henry C. “Hank” Johnson Jr.,Johnson,Democrat
1304,2017,0.0,0.0,0.0,0.0,0.0,0.0,0.0,0.0,0.0,0.0,0.0,0.0,0.0,0.0,0.0,0.0,Henry C. “Hank” Johnson Jr.,Johnson,Democrat
1304,2018,0.0,0.0,0.0,0.0,0.0,0.0,0.0,0.0,0.0,0.0,0.0,0.0,0.0,0.0,0.0,0.0,Henry C. “Hank” Johnson Jr.,Johnson,Democrat
1304,2019,0.0,0.0,0.0,0.0,0.0,0.0,0.0,0.0,0.0,0.0,0.0,0.0,0.0,0.0,0.0,0.0,Henry C. “Hank” Johnson Jr.,Johnson,Democrat
1304,2020,0.0,0.0,0.0,0.0,0.0,0.0,0.0,0.0,0.0,0.0,0.0,0.0,0.0,0.0,0.0,0.0,Henry C. “Hank” Johnson Jr.,Johnson,Democrat
1304,2021,0.0,0.0,0.0,0.0,0.0,0.0,0.0,0.0,0.0,0.0,0.0,0.0,0.0,0.0,0.0,0.0,Henry C. “Hank” Johnson Jr.,Johnson,Democrat
1304,2022,0.0,0.0,0.0,0.0,0.0,0.0,0.0,0.0,0.0,0.0,0.0,0.0,0.0,0.0,0.0,0.0,Henry C. “Hank” Johnson Jr.,Johnson,Democrat
1304,2023,0.0,0.0,0.0,0.0,0.0,0.0,0.0,0.0,0.0,0.0,0.0,0.0,0.0,0.0,0.0,0.0,Henry C. “Hank” Johnson Jr.,Johnson,Democrat
1305,2010,13024775.00015,318887.10015,12705887.9,318887.10015,0.0,0.0,0.0,0.0,0.0,0.0,0.0,0.0,0.0,12705887.9,0.0,0.0,Nikema Williams,Williams,Democrat
1305,2011,11781184.978,574156.378,11207028.6,282600.398,0.0,0.0,0.0,217658.9,73897.08,0.0,0.0,0.0,0.0,11207028.6,0.0,0.0,Nikema Williams,Williams,Democrat
1305,2012,11204450.041800002,564435.1418,10640014.9,286635.50179999997,0.0,0.0,0.0,191483.4,86316.24,0.0,0.0,0.0,0.0,10640014.9,0.0,0.0,Nikema Williams,Williams,Democrat
1305,2013,12501728.5052,543767.654,11957960.8512,298278.21400000004,0.0,0.0,0.0,155513.8,89975.64,0.0,0.0,0.0,0.0,11957960.8512,0.0,0.0,Nikema Williams,Williams,Democrat
1305,2014,12838815.6936,521595.73600000003,12317219.9576,294883.646,0.0,0.0,0.0,155671.85,71040.24,0.0,0.0,0.0,0.0,12317219.9576,0.0,0.0,Nikema Williams,Williams,Democrat
1305,2015,11508183.831999999,508422.832,10999761.0,281401.738,0.0,0.0,0.0,160923.894,66097.2,0.0,0.0,0.0,0.0,10999761.0,0.0,0.0,Nikema Williams,Williams,Democrat
1305,2016,11366716.9968,519385.1968,10847331.8,288771.596,0.0,0.0,0.0,151902.05,78711.5508,0.0,0.0,0.0,0.0,10847331.8,0.0,0.0,Nikema Williams,Williams,Democrat
1305,2017,11331479.5032,521824.5032,10809655.0,253996.264,0.0,0.0,0.0,154795.438,113032.8012,0.0,0.0,0.0,0.0,10809655.0,0.0,0.0,Nikema Williams,Williams,Democrat
1305,2018,12459405.356,466039.056,11993366.3,219049.186,0.0,0.0,0.0,156542.84,90447.03,0.0,0.0,0.0,0.0,11993366.3,0.0,0.0,Nikema Williams,Williams,Democrat
1305,2019,11811201.0196,345579.2196,11465621.8,152370.372,0.0,0.0,0.0,154525.296,38683.5516,0.0,0.0,0.0,0.0,11465621.8,0.0,0.0,Nikema Williams,Williams,Democrat
1305,2020,11677079.86,370946.86,11306133.0,145487.576,0.0,0.0,0.0,165161.15,60298.134,0.0,0.0,0.0,0.0,11306133.0,0.0,0.0,Nikema Williams,Williams,Democrat
1305,2021,12343820.1244,424788.3244,11919031.8,143697.786,0.0,0.0,0.0,200092.9,80997.6384,0.0,0.0,0.0,0.0,11919031.8,0.0,0.0,Nikema Williams,Williams,Democrat
1305,2022,12569502.824000001,379568.52400000003,12189934.3,149106.252,0.0,0.0,0.0,175745.35,54716.922,0.0,0.0,0.0,0.0,12189934.3,0.0,0.0,Nikema Williams,Williams,Democrat
1305,2023,11921016.2464,349693.0464,11571323.2,145144.96,0.0,0.0,0.0,177828.356,26719.7304,0.0,0.0,0.0,0.0,11571323.2,0.0,0.0,Nikema Williams,Williams,Democrat
1306,2010,2563895.250425,2273904.050425,289991.2,2273904.050425,0.0,0.0,0.0,0.0,0.0,0.0,0.0,0.0,0.0,289991.2,0.0,0.0,Lucy McBath,McBath,Democrat
1306,2011,2570173.15,2324027.25,246145.9,2324027.25,0.0,0.0,0.0,0.0,0.0,0.0,0.0,0.0,0.0,246145.9,0.0,0.0,Lucy McBath,McBath,Democrat
1306,2012,5156615.847475001,4896092.547475,260523.3,4896092.547475,0.0,0.0,0.0,0.0,0.0,0.0,0.0,0.0,0.0,260523.3,0.0,0.0,Lucy McBath,McBath,Democrat
1306,2013,7132871.517999999,6844752.017999999,288119.5,6844752.017999999,0.0,0.0,0.0,0.0,0.0,0.0,0.0,0.0,0.0,288119.5,0.0,0.0,Lucy McBath,McBath,Democrat
1306,2014,6802034.5,6492687.9,309346.6,6492687.9,0.0,0.0,0.0,0.0,0.0,0.0,0.0,0.0,0.0,309346.6,0.0,0.0,Lucy McBath,McBath,Democrat
1306,2015,7502169.859999999,7193351.06,308818.8,7193351.06,0.0,0.0,0.0,0.0,0.0,0.0,0.0,0.0,0.0,308818.8,0.0,0.0,Lucy McBath,McBath,Democrat
1306,2016,6896365.93,6584472.83,311893.1,6584472.83,0.0,0.0,0.0,0.0,0.0,0.0,0.0,0.0,0.0,311893.1,0.0,0.0,Lucy McBath,McBath,Democrat
1306,2017,6474819.512,6178231.812,296587.7,6178231.812,0.0,0.0,0.0,0.0,0.0,0.0,0.0,0.0,0.0,296587.7,0.0,0.0,Lucy McBath,McBath,Democrat
1306,2018,6703083.444,6349136.8440000005,353946.6,6349136.8440000005,0.0,0.0,0.0,0.0,0.0,0.0,0.0,0.0,0.0,353946.6,0.0,0.0,Lucy McBath,McBath,Democrat
1306,2019,7523908.046,7184948.046,338960.0,7184948.046,0.0,0.0,0.0,0.0,0.0,0.0,0.0,0.0,0.0,338960.0,0.0,0.0,Lucy McBath,McBath,Democrat
1306,2020,7393278.704,7054343.604,338935.1,7054343.604,0.0,0.0,0.0,0.0,0.0,0.0,0.0,0.0,0.0,338935.1,0.0,0.0,Lucy McBath,McBath,Democrat
1306,2021,7113060.892,6765604.492,347456.4,6765604.492,0.0,0.0,0.0,0.0,0.0,0.0,0.0,0.0,0.0,347456.4,0.0,0.0,Lucy McBath,McBath,Democrat
1306,2022,7197613.75,6855323.75,342290.0,6855323.75,0.0,0.0,0.0,0.0,0.0,0.0,0.0,0.0,0.0,342290.0,0.0,0.0,Lucy McBath,McBath,Democrat
1306,2023,6909929.324,6602944.824,306984.5,6602944.824,0.0,0.0,0.0,0.0,0.0,0.0,0.0,0.0,0.0,306984.5,0.0,0.0,Lucy McBath,McBath,Democrat
1307,2010,601269.071975,601269.071975,0.0,601269.071975,0.0,0.0,0.0,0.0,0.0,0.0,0.0,0.0,0.0,0.0,0.0,0.0,Richard McCormick,McCormick,Republican
1307,2011,623806.626,623806.626,0.0,623806.626,0.0,0.0,0.0,0.0,0.0,0.0,0.0,0.0,0.0,0.0,0.0,0.0,Richard McCormick,McCormick,Republican
1307,2012,678730.336511,678730.336511,0.0,678730.336511,0.0,0.0,0.0,0.0,0.0,0.0,0.0,0.0,0.0,0.0,0.0,0.0,Richard McCormick,McCormick,Republican
1307,2013,651436.004,651436.004,0.0,651436.004,0.0,0.0,0.0,0.0,0.0,0.0,0.0,0.0,0.0,0.0,0.0,0.0,Richard McCormick,McCormick,Republican
1307,2014,741337.02,741337.02,0.0,741337.02,0.0,0.0,0.0,0.0,0.0,0.0,0.0,0.0,0.0,0.0,0.0,0.0,Richard McCormick,McCormick,Republican
1307,2015,835938.782,835938.782,0.0,835938.782,0.0,0.0,0.0,0.0,0.0,0.0,0.0,0.0,0.0,0.0,0.0,0.0,Richard McCormick,McCormick,Republican
1307,2016,695610.788,695610.788,0.0,695610.788,0.0,0.0,0.0,0.0,0.0,0.0,0.0,0.0,0.0,0.0,0.0,0.0,Richard McCormick,McCormick,Republican
1307,2017,662773.34,662773.34,0.0,662773.34,0.0,0.0,0.0,0.0,0.0,0.0,0.0,0.0,0.0,0.0,0.0,0.0,Richard McCormick,McCormick,Republican
1307,2018,875474.544,875474.544,0.0,875474.544,0.0,0.0,0.0,0.0,0.0,0.0,0.0,0.0,0.0,0.0,0.0,0.0,Richard McCormick,McCormick,Republican
1307,2019,896318.788,896318.788,0.0,896318.788,0.0,0.0,0.0,0.0,0.0,0.0,0.0,0.0,0.0,0.0,0.0,0.0,Richard McCormick,McCormick,Republican
1307,2020,1011248.082,1011248.082,0.0,1011248.082,0.0,0.0,0.0,0.0,0.0,0.0,0.0,0.0,0.0,0.0,0.0,0.0,Richard McCormick,McCormick,Republican
1307,2021,963886.3652,963886.3652,0.0,963658.844,0.0,0.0,0.0,0.0,227.5212,0.0,0.0,0.0,0.0,0.0,0.0,0.0,Richard McCormick,McCormick,Republican
1307,2022,326695.74,326695.74,0.0,326695.74,0.0,0.0,0.0,0.0,0.0,0.0,0.0,0.0,0.0,0.0,0.0,0.0,Richard McCormick,McCormick,Republican
1307,2023,397739.978,397739.978,0.0,397739.978,0.0,0.0,0.0,0.0,0.0,0.0,0.0,0.0,0.0,0.0,0.0,0.0,Richard McCormick,McCormick,Republican
1308,2010,24756243.198,24720004.598,36238.6,24720004.598,0.0,0.0,0.0,0.0,0.0,0.0,0.0,0.0,0.0,36238.6,0.0,0.0,Austin Scott,Scott,Republican
1308,2011,23737440.786000002,23667235.886,70204.9,23667235.886,0.0,0.0,0.0,0.0,0.0,0.0,0.0,0.0,0.0,70204.9,0.0,0.0,Austin Scott,Scott,Republican
1308,2012,23877028.504,23805116.804,71911.70000000001,23805116.804,0.0,0.0,0.0,0.0,0.0,0.0,0.0,0.0,0.0,71911.70000000001,0.0,0.0,Austin Scott,Scott,Republican
1308,2013,24105711.486,24029107.086,76604.4,24029107.086,0.0,0.0,0.0,0.0,0.0,0.0,0.0,0.0,0.0,76604.4,0.0,0.0,Austin Scott,Scott,Republican
1308,2014,22293504.422000002,22212250.222,81254.2,22212250.222,0.0,0.0,0.0,0.0,0.0,0.0,0.0,0.0,0.0,81254.2,0.0,0.0,Austin Scott,Scott,Republican
1308,2015,19941991.509999998,19863767.31,78224.20000000001,19863767.31,0.0,0.0,0.0,0.0,0.0,0.0,0.0,0.0,0.0,78224.20000000001,0.0,0.0,Austin Scott,Scott,Republican
1308,2016,19757377.184,19679149.684,78227.5,19679149.684,0.0,0.0,0.0,0.0,0.0,0.0,0.0,0.0,0.0,78227.5,0.0,0.0,Austin Scott,Scott,Republican
1308,2017,17192414.268,17111105.768,81308.5,17111105.768,0.0,0.0,0.0,0.0,0.0,0.0,0.0,0.0,0.0,81308.5,0.0,0.0,Austin Scott,Scott,Republican
1308,2018,18803936.254,18715292.154,88644.1,18715292.154,0.0,0.0,0.0,0.0,0.0,0.0,0.0,0.0,0.0,88644.1,0.0,0.0,Austin Scott,Scott,Republican
1308,2019,15955754.394,15868291.993999999,87462.4,15868291.993999999,0.0,0.0,0.0,0.0,0.0,0.0,0.0,0.0,0.0,87462.4,0.0,0.0,Austin Scott,Scott,Republican
1308,2020,8698033.446,8612597.646,85435.8,8612597.646,0.0,0.0,0.0,0.0,0.0,0.0,0.0,0.0,0.0,85435.8,0.0,0.0,Austin Scott,Scott,Republican
1308,2021,10914903.865999999,10827568.366,87335.5,10827568.366,0.0,0.0,0.0,0.0,0.0,0.0,0.0,0.0,0.0,87335.5,0.0,0.0,Austin Scott,Scott,Republican
1308,2022,9845582.606,9756834.806,88747.8,9756834.806,0.0,0.0,0.0,0.0,0.0,0.0,0.0,0.0,0.0,88747.8,0.0,0.0,Austin Scott,Scott,Republican
1308,2023,9178681.854,9096699.254,81982.6,9096699.254,0.0,0.0,0.0,0.0,0.0,0.0,0.0,0.0,0.0,81982.6,0.0,0.0,Austin Scott,Scott,Republican
1309,2010,1003359.427033,722712.427033,280647.0,722712.427033,0.0,0.0,0.0,0.0,0.0,0.0,0.0,0.0,0.0,280647.0,0.0,0.0,Andrew S. Clyde,Clyde,Republican
1309,2011,883675.398,641987.898,241687.5,641987.898,0.0,0.0,0.0,0.0,0.0,0.0,0.0,0.0,0.0,241687.5,0.0,0.0,Andrew S. Clyde,Clyde,Republican
1309,2012,940186.05556,739075.9555599999,201110.1,739075.9555599999,0.0,0.0,0.0,0.0,0.0,0.0,0.0,0.0,0.0,201110.1,0.0,0.0,Andrew S. Clyde,Clyde,Republican
1309,2013,819053.12,560795.8200000001,258257.3,560795.8200000001,0.0,0.0,0.0,0.0,0.0,0.0,0.0,0.0,0.0,258257.3,0.0,0.0,Andrew S. Clyde,Clyde,Republican
1309,2014,936888.498,653952.498,282936.0,653952.498,0.0,0.0,0.0,0.0,0.0,0.0,0.0,0.0,0.0,282936.0,0.0,0.0,Andrew S. Clyde,Clyde,Republican
1309,2015,1060946.46,784282.46,276664.0,784282.46,0.0,0.0,0.0,0.0,0.0,0.0,0.0,0.0,0.0,276664.0,0.0,0.0,Andrew S. Clyde,Clyde,Republican
1309,2016,980419.108,735123.008,245296.1,735123.008,0.0,0.0,0.0,0.0,0.0,0.0,0.0,0.0,0.0,245296.1,0.0,0.0,Andrew S. Clyde,Clyde,Republican
1309,2017,776463.962,523961.662,252502.3,523961.662,0.0,0.0,0.0,0.0,0.0,0.0,0.0,0.0,0.0,252502.3,0.0,0.0,Andrew S. Clyde,Clyde,Republican
1309,2018,931743.794,616712.794,315031.0,616712.794,0.0,0.0,0.0,0.0,0.0,0.0,0.0,0.0,0.0,315031.0,0.0,0.0,Andrew S. Clyde,Clyde,Republican
1309,2019,984719.206,673617.906,311101.3,673617.906,0.0,0.0,0.0,0.0,0.0,0.0,0.0,0.0,0.0,311101.3,0.0,0.0,Andrew S. Clyde,Clyde,Republican
1309,2020,1040059.934,729850.1340000001,310209.8,729850.1340000001,0.0,0.0,0.0,0.0,0.0,0.0,0.0,0.0,0.0,310209.8,0.0,0.0,Andrew S. Clyde,Clyde,Republican
1309,2021,806094.98,473372.98,332722.0,473372.98,0.0,0.0,0.0,0.0,0.0,0.0,0.0,0.0,0.0,332722.0,0.0,0.0,Andrew S. Clyde,Clyde,Republican
1309,2022,1028436.004,649341.104,379094.9,649341.104,0.0,0.0,0.0,0.0,0.0,0.0,0.0,0.0,0.0,379094.9,0.0,0.0,Andrew S. Clyde,Clyde,Republican
1309,2023,964709.932,595833.132,368876.8,595833.132,0.0,0.0,0.0,0.0,0.0,0.0,0.0,0.0,0.0,368876.8,0.0,0.0,Andrew S. Clyde,Clyde,Republican
1310,2010,6466251.366,6368207.666,98043.7,6368207.666,0.0,0.0,0.0,0.0,0.0,0.0,0.0,0.0,0.0,98043.7,0.0,0.0,Mike Collins,Collins,Republican
1310,2011,6524473.898,6429670.398,94803.5,6429670.398,0.0,0.0,0.0,0.0,0.0,0.0,0.0,0.0,0.0,94803.5,0.0,0.0,Mike Collins,Collins,Republican
1310,2012,3100408.016,3007937.616,92470.4,3007937.616,0.0,0.0,0.0,0.0,0.0,0.0,0.0,0.0,0.0,92470.4,0.0,0.0,Mike Collins,Collins,Republican
1310,2013,3370339.67,3273151.9699999997,97187.7,3273151.9699999997,0.0,0.0,0.0,0.0,0.0,0.0,0.0,0.0,0.0,97187.7,0.0,0.0,Mike Collins,Collins,Republican
1310,2014,3139091.0379999997,3037489.338,101601.7,3037489.338,0.0,0.0,0.0,0.0,0.0,0.0,0.0,0.0,0.0,101601.7,0.0,0.0,Mike Collins,Collins,Republican
1310,2015,1598571.6919999998,1470501.892,128069.8,1470501.892,0.0,0.0,0.0,0.0,0.0,0.0,0.0,0.0,0.0,128069.8,0.0,0.0,Mike Collins,Collins,Republican
1310,2016,818395.746,693173.946,125221.79999999999,693173.946,0.0,0.0,0.0,0.0,0.0,0.0,0.0,0.0,0.0,125221.79999999999,0.0,0.0,Mike Collins,Collins,Republican
1310,2017,733742.132,609480.432,124261.7,609480.432,0.0,0.0,0.0,0.0,0.0,0.0,0.0,0.0,0.0,124261.7,0.0,0.0,Mike Collins,Collins,Republican
1310,2018,894169.79,765481.29,128688.5,765481.29,0.0,0.0,0.0,0.0,0.0,0.0,0.0,0.0,0.0,128688.5,0.0,0.0,Mike Collins,Collins,Republican
1310,2019,1090802.618,982261.618,108541.0,982261.618,0.0,0.0,0.0,0.0,0.0,0.0,0.0,0.0,0.0,108541.0,0.0,0.0,Mike Collins,Collins,Republican
1310,2020,816656.032,752214.732,64441.299999999996,752214.732,0.0,0.0,0.0,0.0,0.0,0.0,0.0,0.0,0.0,64441.299999999996,0.0,0.0,Mike Collins,Collins,Republican
1310,2021,933277.078,861561.378,71715.7,861561.378,0.0,0.0,0.0,0.0,0.0,0.0,0.0,0.0,0.0,71715.7,0.0,0.0,Mike Collins,Collins,Republican
1310,2022,1434359.896,1316577.296,117782.6,1316577.296,0.0,0.0,0.0,0.0,0.0,0.0,0.0,0.0,0.0,117782.6,0.0,0.0,Mike Collins,Collins,Republican
1310,2023,985857.586,861753.186,124104.4,861753.186,0.0,0.0,0.0,0.0,0.0,0.0,0.0,0.0,0.0,124104.4,0.0,0.0,Mike Collins,Collins,Republican
1311,2010,21485481.303999998,21296465.904,189015.4,21296465.904,0.0,0.0,0.0,0.0,0.0,0.0,0.0,0.0,0.0,189015.4,0.0,0.0,Barry Loudermilk,Loudermilk,Republican
1311,2011,15506668.69,15325645.59,181023.1,15325645.59,0.0,0.0,0.0,0.0,0.0,0.0,0.0,0.0,0.0,181023.1,0.0,0.0,Barry Loudermilk,Loudermilk,Republican
1311,2012,10066259.904000001,9892709.504,173550.4,9892709.504,0.0,0.0,0.0,0.0,0.0,0.0,0.0,0.0,0.0,173550.4,0.0,0.0,Barry Loudermilk,Loudermilk,Republican
1311,2013,12576633.812,12391722.212000001,184911.6,12391722.212000001,0.0,0.0,0.0,0.0,0.0,0.0,0.0,0.0,0.0,184911.6,0.0,0.0,Barry Loudermilk,Loudermilk,Republican
1311,2014,16109777.48,15920349.780000001,189427.7,15920349.780000001,0.0,0.0,0.0,0.0,0.0,0.0,0.0,0.0,0.0,189427.7,0.0,0.0,Barry Loudermilk,Loudermilk,Republican
1311,2015,12987372.360000001,12774757.860000001,212614.5,12774757.860000001,0.0,0.0,0.0,0.0,0.0,0.0,0.0,0.0,0.0,212614.5,0.0,0.0,Barry Loudermilk,Loudermilk,Republican
1311,2016,15919573.876,15695388.376,224185.5,15695388.376,0.0,0.0,0.0,0.0,0.0,0.0,0.0,0.0,0.0,224185.5,0.0,0.0,Barry Loudermilk,Loudermilk,Republican
1311,2017,14395656.074,14159273.474,236382.6,14159273.474,0.0,0.0,0.0,0.0,0.0,0.0,0.0,0.0,0.0,236382.6,0.0,0.0,Barry Loudermilk,Loudermilk,Republican
1311,2018,14014597.944,13753470.544,261127.40000000002,13753470.544,0.0,0.0,0.0,0.0,0.0,0.0,0.0,0.0,0.0,261127.40000000002,0.0,0.0,Barry Loudermilk,Loudermilk,Republican
1311,2019,11767421.936,11504441.036000002,262980.9,11504441.036000002,0.0,0.0,0.0,0.0,0.0,0.0,0.0,0.0,0.0,262980.9,0.0,0.0,Barry Loudermilk,Loudermilk,Republican
1311,2020,8556835.084,8318567.484,238267.6,8318567.484,0.0,0.0,0.0,0.0,0.0,0.0,0.0,0.0,0.0,238267.6,0.0,0.0,Barry Loudermilk,Loudermilk,Republican
1311,2021,10113820.146,9850909.946,262910.2,9850909.946,0.0,0.0,0.0,0.0,0.0,0.0,0.0,0.0,0.0,262910.2,0.0,0.0,Barry Loudermilk,Loudermilk,Republican
1311,2022,9171106.99,8895837.389999999,275269.6,8895837.389999999,0.0,0.0,0.0,0.0,0.0,0.0,0.0,0.0,0.0,275269.6,0.0,0.0,Barry Loudermilk,Loudermilk,Republican
1311,2023,10856470.122,10589044.821999999,267425.3,10589044.821999999,0.0,0.0,0.0,0.0,0.0,0.0,0.0,0.0,0.0,267425.3,0.0,0.0,Barry Loudermilk,Loudermilk,Republican
1312,2010,4242559.37,3948593.27,293966.1,3948593.27,0.0,0.0,0.0,0.0,0.0,0.0,0.0,0.0,0.0,293966.1,0.0,0.0,Rick W. Allen,Allen,Republican
1312,2011,4185912.978,3894373.978,291539.0,3894373.978,0.0,0.0,0.0,0.0,0.0,0.0,0.0,0.0,0.0,291539.0,0.0,0.0,Rick W. Allen,Allen,Republican
1312,2012,3879999.4680000003,3528800.8680000002,351198.6,3528800.8680000002,0.0,0.0,0.0,0.0,0.0,0.0,0.0,0.0,0.0,351198.6,0.0,0.0,Rick W. Allen,Allen,Republican
1312,2013,4436923.444,3975595.244,461328.2,3975595.244,0.0,0.0,0.0,0.0,0.0,0.0,0.0,0.0,0.0,461328.2,0.0,0.0,Rick W. Allen,Allen,Republican
1312,2014,4384961.182,3974590.482,410370.7,3974590.482,0.0,0.0,0.0,0.0,0.0,0.0,0.0,0.0,0.0,410370.7,0.0,0.0,Rick W. Allen,Allen,Republican
1312,2015,4108545.412,3843298.212,265247.2,3843298.212,0.0,0.0,0.0,0.0,0.0,0.0,0.0,0.0,0.0,265247.2,0.0,0.0,Rick W. Allen,Allen,Republican
1312,2016,4081160.16,3756032.06,325128.1,3756032.06,0.0,0.0,0.0,0.0,0.0,0.0,0.0,0.0,0.0,325128.1,0.0,0.0,Rick W. Allen,Allen,Republican
1312,2017,3724974.296,3335380.396,389593.9,3335380.396,0.0,0.0,0.0,0.0,0.0,0.0,0.0,0.0,0.0,389593.9,0.0,0.0,Rick W. Allen,Allen,Republican
1312,2018,3746830.91,3365592.61,381238.3,3365592.61,0.0,0.0,0.0,0.0,0.0,0.0,0.0,0.0,0.0,381238.3,0.0,0.0,Rick W. Allen,Allen,Republican
1312,2019,3684675.426,3310271.526,374403.9,3310271.526,0.0,0.0,0.0,0.0,0.0,0.0,0.0,0.0,0.0,374403.9,0.0,0.0,Rick W. Allen,Allen,Republican
1312,2020,3518811.214,3187868.914,330942.30000000005,3187868.914,0.0,0.0,0.0,0.0,0.0,0.0,0.0,0.0,0.0,330942.30000000005,0.0,0.0,Rick W. Allen,Allen,Republican
1312,2021,3897423.156,3530314.056,367109.1,3530314.056,0.0,0.0,0.0,0.0,0.0,0.0,0.0,0.0,0.0,367109.1,0.0,0.0,Rick W. Allen,Allen,Republican
1312,2022,3411334.9220000003,3027684.9220000003,383650.0,3027684.9220000003,0.0,0.0,0.0,0.0,0.0,0.0,0.0,0.0,0.0,383650.0,0.0,0.0,Rick W. Allen,Allen,Republican
1312,2023,3275014.33,3019376.63,255637.7,3019376.63,0.0,0.0,0.0,0.0,0.0,0.0,0.0,0.0,0.0,255637.7,0.0,0.0,Rick W. Allen,Allen,Republican
1313,2010,831073.336,479727.336,351346.0,479727.336,0.0,0.0,0.0,0.0,0.0,0.0,0.0,0.0,0.0,351346.0,0.0,0.0,David Scott,Scott,Democrat
1313,2011,777869.392,487759.392,290110.0,487759.392,0.0,0.0,0.0,0.0,0.0,0.0,0.0,0.0,0.0,290110.0,0.0,0.0,David Scott,Scott,Democrat
1313,2012,713689.542,453098.94200000004,260590.6,453098.94200000004,0.0,0.0,0.0,0.0,0.0,0.0,0.0,0.0,0.0,260590.6,0.0,0.0,David Scott,Scott,Democrat
1313,2013,765658.272,454781.872,310876.4,454781.872,0.0,0.0,0.0,0.0,0.0,0.0,0.0,0.0,0.0,310876.4,0.0,0.0,David Scott,Scott,Democrat
1313,2014,846374.298,509732.89800000004,336641.4,509732.89800000004,0.0,0.0,0.0,0.0,0.0,0.0,0.0,0.0,0.0,336641.4,0.0,0.0,David Scott,Scott,Democrat
1313,2015,834623.202,538602.702,296020.5,538602.702,0.0,0.0,0.0,0.0,0.0,0.0,0.0,0.0,0.0,296020.5,0.0,0.0,David Scott,Scott,Democrat
1313,2016,855291.51,558934.21,296357.3,558934.21,0.0,0.0,0.0,0.0,0.0,0.0,0.0,0.0,0.0,296357.3,0.0,0.0,David Scott,Scott,Democrat
1313,2017,840878.898,555803.4979999999,285075.4,555803.4979999999,0.0,0.0,0.0,0.0,0.0,0.0,0.0,0.0,0.0,285075.4,0.0,0.0,David Scott,Scott,Democrat
1313,2018,915167.274,573670.3740000001,341496.9,573670.3740000001,0.0,0.0,0.0,0.0,0.0,0.0,0.0,0.0,0.0,341496.9,0.0,0.0,David Scott,Scott,Democrat
1313,2019,841194.024,522460.024,318734.0,522460.024,0.0,0.0,0.0,0.0,0.0,0.0,0.0,0.0,0.0,318734.0,0.0,0.0,David Scott,Scott,Democrat
1313,2020,874717.8800000001,554662.88,320055.0,554662.88,0.0,0.0,0.0,0.0,0.0,0.0,0.0,0.0,0.0,320055.0,0.0,0.0,David Scott,Scott,Democrat
1313,2021,888571.284,558240.9839999999,330330.30000000005,558240.9839999999,0.0,0.0,0.0,0.0,0.0,0.0,0.0,0.0,0.0,330330.30000000005,0.0,0.0,David Scott,Scott,Democrat
1313,2022,1001623.884,647900.184,353723.7,647900.184,0.0,0.0,0.0,0.0,0.0,0.0,0.0,0.0,0.0,353723.7,0.0,0.0,David Scott,Scott,Democrat
1313,2023,962850.038,638035.238,324814.8,638035.238,0.0,0.0,0.0,0.0,0.0,0.0,0.0,0.0,0.0,324814.8,0.0,0.0,David Scott,Scott,Democrat
1314,2010,5945094.671999999,5471968.8719999995,473125.8,5471968.8719999995,0.0,0.0,0.0,0.0,0.0,0.0,0.0,0.0,0.0,473125.8,0.0,0.0,Marjorie Taylor Greene,Greene,Republican
1314,2011,6155417.562,5700648.362000001,454769.19999999995,5700648.362000001,0.0,0.0,0.0,0.0,0.0,0.0,0.0,0.0,0.0,454769.19999999995,0.0,0.0,Marjorie Taylor Greene,Greene,Republican
1314,2012,4936219.008,4459381.608,476837.4,4459381.608,0.0,0.0,0.0,0.0,0.0,0.0,0.0,0.0,0.0,476837.4,0.0,0.0,Marjorie Taylor Greene,Greene,Republican
1314,2013,3465903.504,2985097.904,480805.6,2985097.904,0.0,0.0,0.0,0.0,0.0,0.0,0.0,0.0,0.0,480805.6,0.0,0.0,Marjorie Taylor Greene,Greene,Republican
1314,2014,3765442.442,3279700.742,485741.7,3279700.742,0.0,0.0,0.0,0.0,0.0,0.0,0.0,0.0,0.0,485741.69999999995,0.0,0.0,Marjorie Taylor Greene,Greene,Republican
1314,2015,4781866.314,4245728.714,536137.6,4245728.714,0.0,0.0,0.0,0.0,0.0,0.0,0.0,0.0,0.0,536137.6,0.0,0.0,Marjorie Taylor Greene,Greene,Republican
1314,2016,5636185.366,5112521.766,523663.6,5112521.766,0.0,0.0,0.0,0.0,0.0,0.0,0.0,0.0,0.0,523663.6,0.0,0.0,Marjorie Taylor Greene,Greene,Republican
1314,2017,4976652.836,4455770.336,520882.5,4455770.336,0.0,0.0,0.0,0.0,0.0,0.0,0.0,0.0,0.0,520882.5,0.0,0.0,Marjorie Taylor Greene,Greene,Republican
1314,2018,4318871.924000001,3770693.7240000004,548178.2,3770693.7240000004,0.0,0.0,0.0,0.0,0.0,0.0,0.0,0.0,0.0,548178.2,0.0,0.0,Marjorie Taylor Greene,Greene,Republican
1314,2019,4551697.142,4039096.742,512600.39999999997,4039096.742,0.0,0.0,0.0,0.0,0.0,0.0,0.0,0.0,0.0,512600.39999999997,0.0,0.0,Marjorie Taylor Greene,Greene,Republican
1314,2020,4416924.422,4002794.8219999997,414129.60000000003,4002794.8219999997,0.0,0.0,0.0,0.0,0.0,0.0,0.0,0.0,0.0,414129.60000000003,0.0,0.0,Marjorie Taylor Greene,Greene,Republican
1314,2021,4781106.712,4322693.612,458413.10000000003,4322693.612,0.0,0.0,0.0,0.0,0.0,0.0,0.0,0.0,0.0,458413.1,0.0,0.0,Marjorie Taylor Greene,Greene,Republican
1314,2022,4664635.658,4242973.658,421662.0,4242973.658,0.0,0.0,0.0,0.0,0.0,0.0,0.0,0.0,0.0,421662.0,0.0,0.0,Marjorie Taylor Greene,Greene,Republican
1314,2023,4784060.5540000005,4398853.954,385206.6,4398853.954,0.0,0.0,0.0,0.0,0.0,0.0,0.0,0.0,0.0,385206.6,0.0,0.0,Marjorie Taylor Greene,Greene,Republican
1501,2010,1279586.838,1141224.038,138362.8,1141224.038,0.0,0.0,0.0,0.0,0.0,0.0,0.0,0.0,0.0,138362.8,0.0,0.0,Ed Case,Case,Democrat
1501,2011,1167446.266,1026703.7660000001,140742.5,1025846.486,0.0,0.0,0.0,0.0,857.28,0.0,0.0,0.0,0.0,140742.5,0.0,0.0,Ed Case,Case,Democrat
1501,2012,1095181.54,961780.64,133400.9,961119.4400000001,0.0,0.0,0.0,0.0,661.2,0.0,0.0,0.0,0.0,133400.9,0.0,0.0,Ed Case,Case,Democrat
1501,2013,1099516.488,956505.288,143011.2,956505.288,0.0,0.0,0.0,0.0,0.0,0.0,0.0,0.0,0.0,143011.2,0.0,0.0,Ed Case,Case,Democrat
1501,2014,1066750.682,922038.382,144712.3,919236.262,0.0,0.0,0.0,0.0,2802.12,0.0,0.0,0.0,0.0,144712.3,0.0,0.0,Ed Case,Case,Democrat
1501,2015,1202888.222,1052333.322,150554.9,1046314.122,0.0,0.0,0.0,0.0,6019.2,0.0,0.0,0.0,0.0,150554.9,0.0,0.0,Ed Case,Case,Democrat
1501,2016,1004497.774,839207.974,165289.8,836241.694,0.0,0.0,0.0,0.0,2966.28,0.0,0.0,0.0,0.0,165289.8,0.0,0.0,Ed Case,Case,Democrat
1501,2017,1013858.39,856250.19,157608.2,852907.71,0.0,0.0,0.0,0.0,3342.48,0.0,0.0,0.0,0.0,157608.2,0.0,0.0,Ed Case,Case,Democrat
1501,2018,1056901.652,887358.252,169543.4,883808.292,0.0,0.0,0.0,0.0,3549.96,0.0,0.0,0.0,0.0,169543.4,0.0,0.0,Ed Case,Case,Democrat
1501,2019,1074059.428,895650.228,178409.2,888584.508,0.0,0.0,0.0,0.0,7065.72,0.0,0.0,0.0,0.0,178409.2,0.0,0.0,Ed Case,Case,Democrat
1501,2020,795512.622,664216.422,131296.2,660616.302,0.0,0.0,0.0,0.0,3600.12,0.0,0.0,0.0,0.0,131296.2,0.0,0.0,Ed Case,Case,Democrat
1501,2021,937173.1896,786169.5896000001,151003.6,780578.756,0.0,0.0,0.0,0.0,5590.8336,0.0,0.0,0.0,0.0,151003.6,0.0,0.0,Ed Case,Case,Democrat
1501,2022,991930.1616,828980.4616,162949.7,815918.638,0.0,0.0,0.0,0.0,13061.8236,0.0,0.0,0.0,0.0,162949.7,0.0,0.0,Ed Case,Case,Democrat
1501,2023,1298477.7808,1136269.5807999999,162208.2,1129876.21,0.0,0.0,0.0,0.0,6393.3708,0.0,0.0,0.0,0.0,162208.2,0.0,0.0,Ed Case,Case,Democrat
1502,2010,8436866.662362,8436866.662362,0.0,8436866.662362,0.0,0.0,0.0,0.0,0.0,0.0,0.0,0.0,0.0,0.0,0.0,0.0,Jill N. Tokuda,Tokuda,Democrat
1502,2011,8768657.732450001,8768657.732450001,0.0,8768657.732450001,0.0,0.0,0.0,0.0,0.0,0.0,0.0,0.0,0.0,0.0,0.0,0.0,Jill N. Tokuda,Tokuda,Democrat
1502,2012,25339197.373315,8525027.773315,16814169.6,8525027.773315,0.0,0.0,0.0,0.0,0.0,0.0,16814169.6,0.0,0.0,0.0,0.0,0.0,Jill N. Tokuda,Tokuda,Democrat
1502,2013,19785561.6885728,7915793.140000001,11869768.548572801,7915793.140000001,0.0,0.0,0.0,0.0,0.0,0.0,11869768.548572801,0.0,0.0,0.0,0.0,0.0,Jill N. Tokuda,Tokuda,Democrat
1502,2014,25211003.1272622,8123899.436,17087103.6912622,8123899.436,0.0,0.0,0.0,0.0,0.0,0.0,17087103.6912622,0.0,0.0,0.0,0.0,0.0,Jill N. Tokuda,Tokuda,Democrat
1502,2015,26023110.5278538,7853438.276000001,18169672.2518538,7853438.276000001,0.0,0.0,0.0,0.0,0.0,0.0,18169672.2518538,0.0,0.0,0.0,0.0,0.0,Jill N. Tokuda,Tokuda,Democrat
1502,2016,24956421.651422,7833560.024,17122861.627422,7833560.024,0.0,0.0,0.0,0.0,0.0,0.0,17060480.674322,0.0,62380.9531,0.0,0.0,0.0,Jill N. Tokuda,Tokuda,Democrat
1502,2017,24820022.614843,7337123.312,17482899.302843,7337123.312,0.0,0.0,0.0,0.0,0.0,0.0,17205965.128703,0.0,276934.17414,0.0,0.0,0.0,Jill N. Tokuda,Tokuda,Democrat
1502,2018,26198834.7695809,7308194.216,18890640.5535809,7308194.216,0.0,0.0,0.0,0.0,0.0,0.0,18311014.9767659,0.0,579625.576815,0.0,0.0,0.0,Jill N. Tokuda,Tokuda,Democrat
1502,2019,22867812.5891264,7131045.298,15736767.2911264,7131045.298,0.0,0.0,0.0,0.0,0.0,0.0,15736767.2911264,0.0,0.0,0.0,0.0,0.0,Jill N. Tokuda,Tokuda,Democrat
1502,2020,17525414.6467478,6465944.256,11059470.3907478,6465944.256,0.0,0.0,0.0,0.0,0.0,0.0,11059470.3907478,0.0,0.0,0.0,0.0,0.0,Jill N. Tokuda,Tokuda,Democrat
1502,2021,18300745.5796082,6234558.37,12066187.2096082,6234558.37,0.0,0.0,0.0,0.0,0.0,0.0,12066187.2096082,0.0,0.0,0.0,0.0,0.0,Jill N. Tokuda,Tokuda,Democrat
1502,2022,18082505.9792064,6160878.4,11921627.5792064,6160878.4,0.0,0.0,0.0,0.0,0.0,0.0,11921627.5792064,0.0,0.0,0.0,0.0,0.0,Jill N. Tokuda,Tokuda,Democrat
1502,2023,17633085.493707,5576367.202,12056718.291707,5576367.202,0.0,0.0,0.0,0.0,0.0,0.0,12056718.291707,0.0,0.0,0.0,0.0,0.0,Jill N. Tokuda,Tokuda,Democrat
1601,2010,1316899.782,1316899.782,0.0,1316899.782,0.0,0.0,0.0,0.0,0.0,0.0,0.0,0.0,0.0,0.0,0.0,0.0,Russ Fulcher,Fulcher,Republican
1601,2011,1195449.898,1195449.898,0.0,1195449.898,0.0,0.0,0.0,0.0,0.0,0.0,0.0,0.0,0.0,0.0,0.0,0.0,Russ Fulcher,Fulcher,Republican
1601,2012,1500989.674,1500989.674,0.0,1500989.674,0.0,0.0,0.0,0.0,0.0,0.0,0.0,0.0,0.0,0.0,0.0,0.0,Russ Fulcher,Fulcher,Republican
1601,2013,2161787.094,2161787.094,0.0,2161787.094,0.0,0.0,0.0,0.0,0.0,0.0,0.0,0.0,0.0,0.0,0.0,0.0,Russ Fulcher,Fulcher,Republican
1601,2014,1793845.334,1793845.334,0.0,1793845.334,0.0,0.0,0.0,0.0,0.0,0.0,0.0,0.0,0.0,0.0,0.0,0.0,Russ Fulcher,Fulcher,Republican
1601,2015,2307016.3959999997,2307016.3959999997,0.0,2307016.3959999997,0.0,0.0,0.0,0.0,0.0,0.0,0.0,0.0,0.0,0.0,0.0,0.0,Russ Fulcher,Fulcher,Republican
1601,2016,2198165.002,2198165.002,0.0,2198165.002,0.0,0.0,0.0,0.0,0.0,0.0,0.0,0.0,0.0,0.0,0.0,0.0,Russ Fulcher,Fulcher,Republican
1601,2017,2201863.111,2201863.111,0.0,2201863.111,0.0,0.0,0.0,0.0,0.0,0.0,0.0,0.0,0.0,0.0,0.0,0.0,Russ Fulcher,Fulcher,Republican
1601,2018,2169273.7807,2169273.7807,0.0,2169273.7807,0.0,0.0,0.0,0.0,0.0,0.0,0.0,0.0,0.0,0.0,0.0,0.0,Russ Fulcher,Fulcher,Republican
1601,2019,2594556.4170000004,2594556.4170000004,0.0,2594556.4170000004,0.0,0.0,0.0,0.0,0.0,0.0,0.0,0.0,0.0,0.0,0.0,0.0,Russ Fulcher,Fulcher,Republican
1601,2020,2570916.324988,2570916.324988,0.0,2570916.324988,0.0,0.0,0.0,0.0,0.0,0.0,0.0,0.0,0.0,0.0,0.0,0.0,Russ Fulcher,Fulcher,Republican
1601,2021,2721831.36,2721831.36,0.0,2721831.36,0.0,0.0,0.0,0.0,0.0,0.0,0.0,0.0,0.0,0.0,0.0,0.0,Russ Fulcher,Fulcher,Republican
1601,2022,2562764.934,2562764.934,0.0,2562764.934,0.0,0.0,0.0,0.0,0.0,0.0,0.0,0.0,0.0,0.0,0.0,0.0,Russ Fulcher,Fulcher,Republican
1601,2023,2920646.554,2920646.554,0.0,2920646.554,0.0,0.0,0.0,0.0,0.0,0.0,0.0,0.0,0.0,0.0,0.0,0.0,Russ Fulcher,Fulcher,Republican
1602,2010,4712864.266,1880656.166,2832208.1,1880656.166,0.0,0.0,0.0,0.0,0.0,0.0,0.0,0.0,0.0,2832208.1,0.0,0.0,Michael K. Simpson,Simpson,Republican
1602,2011,5374152.3246,2315535.4246,3058616.9,2241913.9446,0.0,0.0,0.0,28897.0,44724.48,0.0,0.0,0.0,0.0,3058616.9,0.0,0.0,Michael K. Simpson,Simpson,Republican
1602,2012,5375970.879600001,2257165.8796,3118805.0,2214942.5896,0.0,0.0,0.0,28935.45,13287.84,0.0,0.0,0.0,0.0,3118805.0,0.0,0.0,Michael K. Simpson,Simpson,Republican
1602,2013,6006285.3072999995,2629141.5073,3377143.8,2609683.9873,0.0,0.0,0.0,0.0,19457.52,0.0,0.0,0.0,0.0,3377143.8,0.0,0.0,Michael K. Simpson,Simpson,Republican
1602,2014,5580526.041819,2430245.541819,3150280.5,2423781.741819,0.0,0.0,0.0,0.0,6463.8,0.0,0.0,0.0,0.0,3150280.5,0.0,0.0,Michael K. Simpson,Simpson,Republican
1602,2015,5975995.411304,2611765.211304,3364230.2,2576281.451304,0.0,0.0,0.0,29779.2,5704.56,0.0,0.0,0.0,0.0,3364230.2,0.0,0.0,Michael K. Simpson,Simpson,Republican
1602,2016,6011005.698743,2410745.298743,3600260.4,2370412.668743,0.0,0.0,0.0,30207.15,10125.48,0.0,0.0,0.0,0.0,3600260.4,0.0,0.0,Michael K. Simpson,Simpson,Republican
1602,2017,6123027.018725,2234957.318725,3888069.7,2200623.768725,0.0,0.0,0.0,34333.55,0.0,0.0,0.0,0.0,0.0,3888069.7,0.0,0.0,Michael K. Simpson,Simpson,Republican
1602,2018,6020483.434813,2217334.834813,3803148.6,2184345.134813,0.0,0.0,0.0,32989.7,0.0,0.0,0.0,0.0,0.0,3803148.6,0.0,0.0,Michael K. Simpson,Simpson,Republican
1602,2019,6719460.003501001,2544336.203501,4175123.8,2512437.053501,0.0,0.0,0.0,31899.15,0.0,0.0,0.0,0.0,0.0,4175123.8,0.0,0.0,Michael K. Simpson,Simpson,Republican
1602,2020,6487224.560501,2472449.360501,4014775.2,2440016.360501,0.0,0.0,0.0,32433.0,0.0,0.0,0.0,0.0,0.0,4014775.2,0.0,0.0,Michael K. Simpson,Simpson,Republican
1602,2021,6624569.876895,2609141.476895,4015428.4,2575924.276895,0.0,0.0,0.0,33217.2,0.0,0.0,0.0,0.0,0.0,4015428.4,0.0,0.0,Michael K. Simpson,Simpson,Republican
1602,2022,7388147.710486,2670443.210486,4717704.5,2636417.060486,0.0,0.0,0.0,34026.15,0.0,0.0,0.0,0.0,0.0,4717704.5,0.0,0.0,Michael K. Simpson,Simpson,Republican
1602,2023,7434315.762486001,2782716.262486,4651599.5,2747655.762486,0.0,0.0,0.0,35060.5,0.0,0.0,0.0,0.0,0.0,4651599.5,0.0,0.0,Michael K. Simpson,Simpson,Republican
1701,2010,3289669.901999,3289669.901999,0.0,3289669.901999,0.0,0.0,0.0,0.0,0.0,0.0,0.0,0.0,0.0,0.0,0.0,0.0,Jonathan L. Jackson,Jackson,Democrat
1701,2011,3083282.67769,3083282.67769,0.0,3083282.67769,0.0,0.0,0.0,0.0,0.0,0.0,0.0,0.0,0.0,0.0,0.0,0.0,Jonathan L. Jackson,Jackson,Democrat
1701,2012,38309645.501095995,3206792.501096,35102853.0,3206792.501096,0.0,0.0,0.0,0.0,0.0,0.0,35102853.0,0.0,0.0,0.0,0.0,0.0,Jonathan L. Jackson,Jackson,Democrat
1701,2013,35203891.800000004,3078694.8,32125197.0,3078694.8,0.0,0.0,0.0,0.0,0.0,0.0,32125197.0,0.0,0.0,0.0,0.0,0.0,Jonathan L. Jackson,Jackson,Democrat
1701,2014,40117477.712,3326929.512,36790548.2,3326929.512,0.0,0.0,0.0,0.0,0.0,0.0,36790548.2,0.0,0.0,0.0,0.0,0.0,Jonathan L. Jackson,Jackson,Democrat
1701,2015,35635399.3089865,3018974.27,32616425.0389865,3018974.27,0.0,0.0,0.0,0.0,0.0,0.0,32616425.0389865,0.0,0.0,0.0,0.0,0.0,Jonathan L. Jackson,Jackson,Democrat
1701,2016,37422583.88653811,3234991.9299999997,34187591.9565381,3234991.9299999997,0.0,0.0,0.0,0.0,0.0,0.0,34187591.9565381,0.0,0.0,0.0,0.0,0.0,Jonathan L. Jackson,Jackson,Democrat
1701,2017,34255365.2451487,3203197.174,31052168.0711487,3203197.174,0.0,0.0,0.0,0.0,0.0,0.0,31052168.0711487,0.0,0.0,0.0,0.0,0.0,Jonathan L. Jackson,Jackson,Democrat
1701,2018,38046480.214165404,3276240.196,34770240.0181654,3276240.196,0.0,0.0,0.0,0.0,0.0,0.0,34770240.0181654,0.0,0.0,0.0,0.0,0.0,Jonathan L. Jackson,Jackson,Democrat
1701,2019,37759711.216000006,3076516.916,34683194.3,3076516.916,0.0,0.0,0.0,0.0,0.0,0.0,34683194.3,0.0,0.0,0.0,0.0,0.0,Jonathan L. Jackson,Jackson,Democrat
1701,2020,42154912.2880733,3245297.5619999995,38909614.7260733,3245297.5619999995,0.0,0.0,0.0,0.0,0.0,0.0,38909614.7260733,0.0,0.0,0.0,0.0,0.0,Jonathan L. Jackson,Jackson,Democrat
1701,2021,37674834.00689971,3074171.8619999997,34600662.1448997,3074171.8619999997,0.0,0.0,0.0,0.0,0.0,0.0,34600662.1448997,0.0,0.0,0.0,0.0,0.0,Jonathan L. Jackson,Jackson,Democrat
1701,2022,42558120.883999996,3493403.384,39064717.5,3493403.384,0.0,0.0,0.0,0.0,0.0,0.0,39064717.5,0.0,0.0,0.0,0.0,0.0,Jonathan L. Jackson,Jackson,Democrat
1701,2023,45818553.8045351,3363661.0799999996,42454892.7245351,3363661.0799999996,0.0,0.0,0.0,0.0,0.0,0.0,42454892.7245351,0.0,0.0,0.0,0.0,0.0,Jonathan L. Jackson,Jackson,Democrat
1702,2010,2052595.424158,2052595.424158,0.0,2052595.424158,0.0,0.0,0.0,0.0,0.0,0.0,0.0,0.0,0.0,0.0,0.0,0.0,Robin L. Kelly,Kelly,Democrat
1702,2011,1528998.2462589273,1528998.2462589273,0.0,1528998.2462589273,0.0,0.0,0.0,0.0,0.0,0.0,0.0,0.0,0.0,0.0,0.0,0.0,Robin L. Kelly,Kelly,Democrat
1702,2012,1413721.9476994977,1413721.9476994977,0.0,1413721.9476994977,0.0,0.0,0.0,0.0,0.0,0.0,0.0,0.0,0.0,0.0,0.0,0.0,Robin L. Kelly,Kelly,Democrat
1702,2013,1291572.89,1291572.89,0.0,1291572.89,0.0,0.0,0.0,0.0,0.0,0.0,0.0,0.0,0.0,0.0,0.0,0.0,Robin L. Kelly,Kelly,Democrat
1702,2014,1274938.684,1274938.684,0.0,1274938.684,0.0,0.0,0.0,0.0,0.0,0.0,0.0,0.0,0.0,0.0,0.0,0.0,Robin L. Kelly,Kelly,Democrat
1702,2015,1382137.208,1382137.208,0.0,1382137.208,0.0,0.0,0.0,0.0,0.0,0.0,0.0,0.0,0.0,0.0,0.0,0.0,Robin L. Kelly,Kelly,Democrat
1702,2016,1613871.314,1613871.314,0.0,1613871.314,0.0,0.0,0.0,0.0,0.0,0.0,0.0,0.0,0.0,0.0,0.0,0.0,Robin L. Kelly,Kelly,Democrat
1702,2017,1313534.537,1313534.537,0.0,1313534.537,0.0,0.0,0.0,0.0,0.0,0.0,0.0,0.0,0.0,0.0,0.0,0.0,Robin L. Kelly,Kelly,Democrat
1702,2018,1439265.402,1439265.402,0.0,1439265.402,0.0,0.0,0.0,0.0,0.0,0.0,0.0,0.0,0.0,0.0,0.0,0.0,Robin L. Kelly,Kelly,Democrat
1702,2019,1349240.478,1349240.478,0.0,1349240.478,0.0,0.0,0.0,0.0,0.0,0.0,0.0,0.0,0.0,0.0,0.0,0.0,Robin L. Kelly,Kelly,Democrat
1702,2020,1505593.611,1505593.611,0.0,1505593.611,0.0,0.0,0.0,0.0,0.0,0.0,0.0,0.0,0.0,0.0,0.0,0.0,Robin L. Kelly,Kelly,Democrat
1702,2021,1448710.629,1448710.629,0.0,1448710.629,0.0,0.0,0.0,0.0,0.0,0.0,0.0,0.0,0.0,0.0,0.0,0.0,Robin L. Kelly,Kelly,Democrat
1702,2022,894769.055,894769.055,0.0,894769.055,0.0,0.0,0.0,0.0,0.0,0.0,0.0,0.0,0.0,0.0,0.0,0.0,Robin L. Kelly,Kelly,Democrat
1702,2023,979737.277,979737.277,0.0,979737.277,0.0,0.0,0.0,0.0,0.0,0.0,0.0,0.0,0.0,0.0,0.0,0.0,Robin L. Kelly,Kelly,Democrat
1703,2010,33868.276,33868.276,0.0,33868.276,0.0,0.0,0.0,0.0,0.0,0.0,0.0,0.0,0.0,0.0,0.0,0.0,Delia C. Ramirez,Ramirez,Democrat
1703,2011,25659.204,25659.204,0.0,25659.204,0.0,0.0,0.0,0.0,0.0,0.0,0.0,0.0,0.0,0.0,0.0,0.0,Delia C. Ramirez,Ramirez,Democrat
1703,2012,72169.032,72169.032,0.0,72169.032,0.0,0.0,0.0,0.0,0.0,0.0,0.0,0.0,0.0,0.0,0.0,0.0,Delia C. Ramirez,Ramirez,Democrat
1703,2013,65332.028,65332.028,0.0,65332.028,0.0,0.0,0.0,0.0,0.0,0.0,0.0,0.0,0.0,0.0,0.0,0.0,Delia C. Ramirez,Ramirez,Democrat
1703,2014,39326.404,39326.404,0.0,39326.404,0.0,0.0,0.0,0.0,0.0,0.0,0.0,0.0,0.0,0.0,0.0,0.0,Delia C. Ramirez,Ramirez,Democrat
1703,2015,77049.612,77049.612,0.0,77049.612,0.0,0.0,0.0,0.0,0.0,0.0,0.0,0.0,0.0,0.0,0.0,0.0,Delia C. Ramirez,Ramirez,Democrat
1703,2016,144491.364,144491.364,0.0,144491.364,0.0,0.0,0.0,0.0,0.0,0.0,0.0,0.0,0.0,0.0,0.0,0.0,Delia C. Ramirez,Ramirez,Democrat
1703,2017,89480.416,89480.416,0.0,89480.416,0.0,0.0,0.0,0.0,0.0,0.0,0.0,0.0,0.0,0.0,0.0,0.0,Delia C. Ramirez,Ramirez,Democrat
1703,2018,145814.828,145814.828,0.0,145814.828,0.0,0.0,0.0,0.0,0.0,0.0,0.0,0.0,0.0,0.0,0.0,0.0,Delia C. Ramirez,Ramirez,Democrat
1703,2019,158185.464,158185.464,0.0,158185.464,0.0,0.0,0.0,0.0,0.0,0.0,0.0,0.0,0.0,0.0,0.0,0.0,Delia C. Ramirez,Ramirez,Democrat
1703,2020,238677.316,238677.316,0.0,238677.316,0.0,0.0,0.0,0.0,0.0,0.0,0.0,0.0,0.0,0.0,0.0,0.0,Delia C. Ramirez,Ramirez,Democrat
1703,2021,310837.948,310837.948,0.0,310837.948,0.0,0.0,0.0,0.0,0.0,0.0,0.0,0.0,0.0,0.0,0.0,0.0,Delia C. Ramirez,Ramirez,Democrat
1703,2022,82092.096,82092.096,0.0,82092.096,0.0,0.0,0.0,0.0,0.0,0.0,0.0,0.0,0.0,0.0,0.0,0.0,Delia C. Ramirez,Ramirez,Democrat
1703,2023,134561.052,134561.052,0.0,134561.052,0.0,0.0,0.0,0.0,0.0,0.0,0.0,0.0,0.0,0.0,0.0,0.0,Delia C. Ramirez,Ramirez,Democrat
1704,2010,4382617.446,4382617.446,0.0,4382617.446,0.0,0.0,0.0,0.0,0.0,0.0,0.0,0.0,0.0,0.0,0.0,0.0,Jesús G. “Chuy” García,García,Democrat
1704,2011,4565364.942,4565364.942,0.0,4565364.942,0.0,0.0,0.0,0.0,0.0,0.0,0.0,0.0,0.0,0.0,0.0,0.0,Jesús G. “Chuy” García,García,Democrat
1704,2012,2646066.598,2646066.598,0.0,2646066.598,0.0,0.0,0.0,0.0,0.0,0.0,0.0,0.0,0.0,0.0,0.0,0.0,Jesús G. “Chuy” García,García,Democrat
1704,2013,173641.22,173641.22,0.0,173641.22,0.0,0.0,0.0,0.0,0.0,0.0,0.0,0.0,0.0,0.0,0.0,0.0,Jesús G. “Chuy” García,García,Democrat
1704,2014,192525.76,192525.76,0.0,192525.76,0.0,0.0,0.0,0.0,0.0,0.0,0.0,0.0,0.0,0.0,0.0,0.0,Jesús G. “Chuy” García,García,Democrat
1704,2015,184847.258,184847.258,0.0,184847.258,0.0,0.0,0.0,0.0,0.0,0.0,0.0,0.0,0.0,0.0,0.0,0.0,Jesús G. “Chuy” García,García,Democrat
1704,2016,163671.892,163671.892,0.0,163671.892,0.0,0.0,0.0,0.0,0.0,0.0,0.0,0.0,0.0,0.0,0.0,0.0,Jesús G. “Chuy” García,García,Democrat
1704,2017,156150.07799999998,156150.07799999998,0.0,156150.07799999998,0.0,0.0,0.0,0.0,0.0,0.0,0.0,0.0,0.0,0.0,0.0,0.0,Jesús G. “Chuy” García,García,Democrat
1704,2018,166488.398,166488.398,0.0,166488.398,0.0,0.0,0.0,0.0,0.0,0.0,0.0,0.0,0.0,0.0,0.0,0.0,Jesús G. “Chuy” García,García,Democrat
1704,2019,145094.176,145094.176,0.0,145094.176,0.0,0.0,0.0,0.0,0.0,0.0,0.0,0.0,0.0,0.0,0.0,0.0,Jesús G. “Chuy” García,García,Democrat
1704,2020,150126.104,150126.104,0.0,150126.104,0.0,0.0,0.0,0.0,0.0,0.0,0.0,0.0,0.0,0.0,0.0,0.0,Jesús G. “Chuy” García,García,Democrat
1704,2021,136317.164,136317.164,0.0,136317.164,0.0,0.0,0.0,0.0,0.0,0.0,0.0,0.0,0.0,0.0,0.0,0.0,Jesús G. “Chuy” García,García,Democrat
1704,2022,125148.02799999999,125148.02799999999,0.0,125148.02799999999,0.0,0.0,0.0,0.0,0.0,0.0,0.0,0.0,0.0,0.0,0.0,0.0,Jesús G. “Chuy” García,García,Democrat
1704,2023,87232.266,87232.266,0.0,87232.266,0.0,0.0,0.0,0.0,0.0,0.0,0.0,0.0,0.0,0.0,0.0,0.0,Jesús G. “Chuy” García,García,Democrat
1705,2010,95184.652,95184.652,0.0,95184.652,0.0,0.0,0.0,0.0,0.0,0.0,0.0,0.0,0.0,0.0,0.0,0.0,Mike Quigley,Quigley,Democrat
1705,2011,115131.61799999999,115131.61799999999,0.0,115131.61799999999,0.0,0.0,0.0,0.0,0.0,0.0,0.0,0.0,0.0,0.0,0.0,0.0,Mike Quigley,Quigley,Democrat
1705,2012,85612.562,85612.562,0.0,85612.562,0.0,0.0,0.0,0.0,0.0,0.0,0.0,0.0,0.0,0.0,0.0,0.0,Mike Quigley,Quigley,Democrat
1705,2013,58520.248,58520.248,0.0,58520.248,0.0,0.0,0.0,0.0,0.0,0.0,0.0,0.0,0.0,0.0,0.0,0.0,Mike Quigley,Quigley,Democrat
1705,2014,55526.718,55526.718,0.0,55526.718,0.0,0.0,0.0,0.0,0.0,0.0,0.0,0.0,0.0,0.0,0.0,0.0,Mike Quigley,Quigley,Democrat
1705,2015,49609.282,49609.282,0.0,49609.282,0.0,0.0,0.0,0.0,0.0,0.0,0.0,0.0,0.0,0.0,0.0,0.0,Mike Quigley,Quigley,Democrat
1705,2016,48832.52,48832.52,0.0,48832.52,0.0,0.0,0.0,0.0,0.0,0.0,0.0,0.0,0.0,0.0,0.0,0.0,Mike Quigley,Quigley,Democrat
1705,2017,45317.566,45317.566,0.0,45317.566,0.0,0.0,0.0,0.0,0.0,0.0,0.0,0.0,0.0,0.0,0.0,0.0,Mike Quigley,Quigley,Democrat
1705,2018,48032.976,48032.976,0.0,48032.976,0.0,0.0,0.0,0.0,0.0,0.0,0.0,0.0,0.0,0.0,0.0,0.0,Mike Quigley,Quigley,Democrat
1705,2019,50921.704,50921.704,0.0,50921.704,0.0,0.0,0.0,0.0,0.0,0.0,0.0,0.0,0.0,0.0,0.0,0.0,Mike Quigley,Quigley,Democrat
1705,2020,56915.034,56915.034,0.0,56915.034,0.0,0.0,0.0,0.0,0.0,0.0,0.0,0.0,0.0,0.0,0.0,0.0,Mike Quigley,Quigley,Democrat
1705,2021,68289.442,68289.442,0.0,68289.442,0.0,0.0,0.0,0.0,0.0,0.0,0.0,0.0,0.0,0.0,0.0,0.0,Mike Quigley,Quigley,Democrat
1705,2022,44153.038,44153.038,0.0,44153.038,0.0,0.0,0.0,0.0,0.0,0.0,0.0,0.0,0.0,0.0,0.0,0.0,Mike Quigley,Quigley,Democrat
1705,2023,43686.736,43686.736,0.0,43686.736,0.0,0.0,0.0,0.0,0.0,0.0,0.0,0.0,0.0,0.0,0.0,0.0,Mike Quigley,Quigley,Democrat
1706,2010,920153.798,920153.798,0.0,920153.798,0.0,0.0,0.0,0.0,0.0,0.0,0.0,0.0,0.0,0.0,0.0,0.0,Sean Casten,Casten,Democrat
1706,2011,861646.49,861646.49,0.0,834829.13,0.0,0.0,0.0,0.0,26817.36,0.0,0.0,0.0,0.0,0.0,0.0,0.0,Sean Casten,Casten,Democrat
1706,2012,879625.116,879625.116,0.0,874164.5160000001,0.0,0.0,0.0,0.0,5460.6,0.0,0.0,0.0,0.0,0.0,0.0,0.0,Sean Casten,Casten,Democrat
1706,2013,813054.1540000001,813054.1540000001,0.0,810096.9940000001,0.0,0.0,0.0,0.0,2957.16,0.0,0.0,0.0,0.0,0.0,0.0,0.0,Sean Casten,Casten,Democrat
1706,2014,902064.586,902064.586,0.0,892901.266,0.0,0.0,0.0,0.0,9163.32,0.0,0.0,0.0,0.0,0.0,0.0,0.0,Sean Casten,Casten,Democrat
1706,2015,874090.216,874090.216,0.0,874090.216,0.0,0.0,0.0,0.0,0.0,0.0,0.0,0.0,0.0,0.0,0.0,0.0,Sean Casten,Casten,Democrat
1706,2016,749470.748,749470.748,0.0,749470.748,0.0,0.0,0.0,0.0,0.0,0.0,0.0,0.0,0.0,0.0,0.0,0.0,Sean Casten,Casten,Democrat
1706,2017,803813.934,803813.934,0.0,803813.934,0.0,0.0,0.0,0.0,0.0,0.0,0.0,0.0,0.0,0.0,0.0,0.0,Sean Casten,Casten,Democrat
1706,2018,848086.652,848086.652,0.0,848086.652,0.0,0.0,0.0,0.0,0.0,0.0,0.0,0.0,0.0,0.0,0.0,0.0,Sean Casten,Casten,Democrat
1706,2019,769728.352,769728.352,0.0,769728.352,0.0,0.0,0.0,0.0,0.0,0.0,0.0,0.0,0.0,0.0,0.0,0.0,Sean Casten,Casten,Democrat
1706,2020,738392.12,738392.12,0.0,738392.12,0.0,0.0,0.0,0.0,0.0,0.0,0.0,0.0,0.0,0.0,0.0,0.0,Sean Casten,Casten,Democrat
1706,2021,598431.434,598431.434,0.0,598431.434,0.0,0.0,0.0,0.0,0.0,0.0,0.0,0.0,0.0,0.0,0.0,0.0,Sean Casten,Casten,Democrat
1706,2022,545548.9079999999,545548.9079999999,0.0,545548.9079999999,0.0,0.0,0.0,0.0,0.0,0.0,0.0,0.0,0.0,0.0,0.0,0.0,Sean Casten,Casten,Democrat
1706,2023,545116.5584,545116.5584,0.0,545116.5584,0.0,0.0,0.0,0.0,0.0,0.0,0.0,0.0,0.0,0.0,0.0,0.0,Sean Casten,Casten,Democrat
1707,2010,11434220.684,258538.584,11175682.100000001,258538.584,0.0,0.0,0.0,0.0,0.0,0.0,0.0,0.0,0.0,11175682.100000001,0.0,0.0,Danny K. Davis,Davis,Democrat
1707,2011,12163510.632000001,612247.932,11551262.7,358431.848,0.0,0.0,0.0,253816.084,0.0,0.0,0.0,0.0,0.0,11551262.7,0.0,0.0,Danny K. Davis,Davis,Democrat
1707,2012,10612516.816000002,554688.316,10057828.5,327417.93799999997,0.0,0.0,0.0,227270.378,0.0,0.0,0.0,0.0,0.0,10057828.5,0.0,0.0,Danny K. Davis,Davis,Democrat
1707,2013,12561630.916000001,532036.816,12029594.1,343037.24,0.0,0.0,0.0,188999.576,0.0,0.0,0.0,0.0,0.0,12029594.1,0.0,0.0,Danny K. Davis,Davis,Democrat
1707,2014,13174396.328,583142.428,12591253.9,373177.0,0.0,0.0,0.0,209965.428,0.0,0.0,0.0,0.0,0.0,12591253.9,0.0,0.0,Danny K. Davis,Davis,Democrat
1707,2015,11291987.146,493337.146,10798650.0,292711.214,0.0,0.0,0.0,200625.932,0.0,0.0,0.0,0.0,0.0,10798650.0,0.0,0.0,Danny K. Davis,Davis,Democrat
1707,2016,10915985.568,521807.068,10394178.5,328571.034,0.0,0.0,0.0,193236.034,0.0,0.0,0.0,0.0,0.0,10394178.5,0.0,0.0,Danny K. Davis,Davis,Democrat
1707,2017,10876642.604,412918.804,10463723.799999999,226116.21999999997,0.0,0.0,0.0,186802.584,0.0,0.0,0.0,0.0,0.0,10463723.799999999,0.0,0.0,Danny K. Davis,Davis,Democrat
1707,2018,11891456.947999999,436583.44800000003,11454873.5,255698.56399999998,0.0,0.0,0.0,180884.884,0.0,0.0,0.0,0.0,0.0,11454873.5,0.0,0.0,Danny K. Davis,Davis,Democrat
1707,2019,11821258.676,424258.97599999997,11396999.700000001,246991.252,0.0,0.0,0.0,177267.724,0.0,0.0,0.0,0.0,0.0,11396999.700000001,0.0,0.0,Danny K. Davis,Davis,Democrat
1707,2020,10577403.514,476702.914,10100700.6,305851.28,0.0,0.0,0.0,170851.634,0.0,0.0,0.0,0.0,0.0,10100700.6,0.0,0.0,Danny K. Davis,Davis,Democrat
1707,2021,10404655.374,390271.574,10014383.8,227440.188,0.0,0.0,0.0,162831.386,0.0,0.0,0.0,0.0,0.0,10014383.8,0.0,0.0,Danny K. Davis,Davis,Democrat
1707,2022,11578207.595999999,503757.996,11074449.6,342669.57399999996,0.0,0.0,0.0,161088.422,0.0,0.0,0.0,0.0,0.0,11074449.6,0.0,0.0,Danny K. Davis,Davis,Democrat
1707,2023,10159780.83,375095.63,9784685.2,219606.2,0.0,0.0,0.0,155489.43,0.0,0.0,0.0,0.0,0.0,9784685.2,0.0,0.0,Danny K. Davis,Davis,Democrat
1708,2010,198484.689675,198484.689675,0.0,198484.689675,0.0,0.0,0.0,0.0,0.0,0.0,0.0,0.0,0.0,0.0,0.0,0.0,Raja Krishnamoorthi,Krishnamoorthi,Democrat
1708,2011,276624.428463,276624.428463,0.0,276624.428463,0.0,0.0,0.0,0.0,0.0,0.0,0.0,0.0,0.0,0.0,0.0,0.0,Raja Krishnamoorthi,Krishnamoorthi,Democrat
1708,2012,182488.89787699998,182488.89787699998,0.0,182488.89787699998,0.0,0.0,0.0,0.0,0.0,0.0,0.0,0.0,0.0,0.0,0.0,0.0,Raja Krishnamoorthi,Krishnamoorthi,Democrat
1708,2013,141388.474,141388.474,0.0,141388.474,0.0,0.0,0.0,0.0,0.0,0.0,0.0,0.0,0.0,0.0,0.0,0.0,Raja Krishnamoorthi,Krishnamoorthi,Democrat
1708,2014,128649.63799999999,128649.63799999999,0.0,128649.63799999999,0.0,0.0,0.0,0.0,0.0,0.0,0.0,0.0,0.0,0.0,0.0,0.0,Raja Krishnamoorthi,Krishnamoorthi,Democrat
1708,2015,132708.4,132708.4,0.0,132708.4,0.0,0.0,0.0,0.0,0.0,0.0,0.0,0.0,0.0,0.0,0.0,0.0,Raja Krishnamoorthi,Krishnamoorthi,Democrat
1708,2016,78822.388,78822.388,0.0,78822.388,0.0,0.0,0.0,0.0,0.0,0.0,0.0,0.0,0.0,0.0,0.0,0.0,Raja Krishnamoorthi,Krishnamoorthi,Democrat
1708,2017,39215.61,39215.61,0.0,39215.61,0.0,0.0,0.0,0.0,0.0,0.0,0.0,0.0,0.0,0.0,0.0,0.0,Raja Krishnamoorthi,Krishnamoorthi,Democrat
1708,2018,60814.009999999995,60814.009999999995,0.0,60814.009999999995,0.0,0.0,0.0,0.0,0.0,0.0,0.0,0.0,0.0,0.0,0.0,0.0,Raja Krishnamoorthi,Krishnamoorthi,Democrat
1708,2019,65274.322,65274.322,0.0,65274.322,0.0,0.0,0.0,0.0,0.0,0.0,0.0,0.0,0.0,0.0,0.0,0.0,Raja Krishnamoorthi,Krishnamoorthi,Democrat
1708,2020,82099.092,82099.092,0.0,82099.092,0.0,0.0,0.0,0.0,0.0,0.0,0.0,0.0,0.0,0.0,0.0,0.0,Raja Krishnamoorthi,Krishnamoorthi,Democrat
1708,2021,119448.53400000001,119448.53400000001,0.0,119448.53400000001,0.0,0.0,0.0,0.0,0.0,0.0,0.0,0.0,0.0,0.0,0.0,0.0,Raja Krishnamoorthi,Krishnamoorthi,Democrat
1708,2022,39603.65,39603.65,0.0,39603.65,0.0,0.0,0.0,0.0,0.0,0.0,0.0,0.0,0.0,0.0,0.0,0.0,Raja Krishnamoorthi,Krishnamoorthi,Democrat
1708,2023,36428.54,36428.54,0.0,36428.54,0.0,0.0,0.0,0.0,0.0,0.0,0.0,0.0,0.0,0.0,0.0,0.0,Raja Krishnamoorthi,Krishnamoorthi,Democrat
1709,2010,105603.747625,105603.747625,0.0,105603.747625,0.0,0.0,0.0,0.0,0.0,0.0,0.0,0.0,0.0,0.0,0.0,0.0,Janice D. Schakowsky,Schakowsky,Democrat
1709,2011,252045.242509,252045.242509,0.0,252045.242509,0.0,0.0,0.0,0.0,0.0,0.0,0.0,0.0,0.0,0.0,0.0,0.0,Janice D. Schakowsky,Schakowsky,Democrat
1709,2012,235336.711326,235336.711326,0.0,235336.711326,0.0,0.0,0.0,0.0,0.0,0.0,0.0,0.0,0.0,0.0,0.0,0.0,Janice D. Schakowsky,Schakowsky,Democrat
1709,2013,191110.69,191110.69,0.0,191110.69,0.0,0.0,0.0,0.0,0.0,0.0,0.0,0.0,0.0,0.0,0.0,0.0,Janice D. Schakowsky,Schakowsky,Democrat
1709,2014,188732.376,188732.376,0.0,188732.376,0.0,0.0,0.0,0.0,0.0,0.0,0.0,0.0,0.0,0.0,0.0,0.0,Janice D. Schakowsky,Schakowsky,Democrat
1709,2015,171173.04200000002,171173.04200000002,0.0,171173.04200000002,0.0,0.0,0.0,0.0,0.0,0.0,0.0,0.0,0.0,0.0,0.0,0.0,Janice D. Schakowsky,Schakowsky,Democrat
1709,2016,160203.078,160203.078,0.0,160203.078,0.0,0.0,0.0,0.0,0.0,0.0,0.0,0.0,0.0,0.0,0.0,0.0,Janice D. Schakowsky,Schakowsky,Democrat
1709,2017,162945.342,162945.342,0.0,162945.342,0.0,0.0,0.0,0.0,0.0,0.0,0.0,0.0,0.0,0.0,0.0,0.0,Janice D. Schakowsky,Schakowsky,Democrat
1709,2018,146973.708,146973.708,0.0,146973.708,0.0,0.0,0.0,0.0,0.0,0.0,0.0,0.0,0.0,0.0,0.0,0.0,Janice D. Schakowsky,Schakowsky,Democrat
1709,2019,122218.05,122218.05,0.0,122218.05,0.0,0.0,0.0,0.0,0.0,0.0,0.0,0.0,0.0,0.0,0.0,0.0,Janice D. Schakowsky,Schakowsky,Democrat
1709,2020,105834.57200000001,105834.57200000001,0.0,105834.57200000001,0.0,0.0,0.0,0.0,0.0,0.0,0.0,0.0,0.0,0.0,0.0,0.0,Janice D. Schakowsky,Schakowsky,Democrat
1709,2021,102793.7928,102793.7928,0.0,102793.7928,0.0,0.0,0.0,0.0,0.0,0.0,0.0,0.0,0.0,0.0,0.0,0.0,Janice D. Schakowsky,Schakowsky,Democrat
1709,2022,94752.9044,94752.9044,0.0,94752.9044,0.0,0.0,0.0,0.0,0.0,0.0,0.0,0.0,0.0,0.0,0.0,0.0,Janice D. Schakowsky,Schakowsky,Democrat
1709,2023,98041.0292,98041.0292,0.0,98041.0292,0.0,0.0,0.0,0.0,0.0,0.0,0.0,0.0,0.0,0.0,0.0,0.0,Janice D. Schakowsky,Schakowsky,Democrat
1710,2010,4698790.650273,4698790.650273,0.0,4698790.650273,0.0,0.0,0.0,0.0,0.0,0.0,0.0,0.0,0.0,0.0,0.0,0.0,Bradley Scott Schneider,Schneider,Democrat
1710,2011,4585650.133,4585650.133,0.0,4585650.133,0.0,0.0,0.0,0.0,0.0,0.0,0.0,0.0,0.0,0.0,0.0,0.0,Bradley Scott Schneider,Schneider,Democrat
1710,2012,4007306.178624,4007306.178624,0.0,4007306.178624,0.0,0.0,0.0,0.0,0.0,0.0,0.0,0.0,0.0,0.0,0.0,0.0,Bradley Scott Schneider,Schneider,Democrat
1710,2013,4177064.5239999997,4177064.5239999997,0.0,4177064.5239999997,0.0,0.0,0.0,0.0,0.0,0.0,0.0,0.0,0.0,0.0,0.0,0.0,Bradley Scott Schneider,Schneider,Democrat
1710,2014,3387305.14,3387305.14,0.0,3387305.14,0.0,0.0,0.0,0.0,0.0,0.0,0.0,0.0,0.0,0.0,0.0,0.0,Bradley Scott Schneider,Schneider,Democrat
1710,2015,2384321.606,2384321.606,0.0,2384321.606,0.0,0.0,0.0,0.0,0.0,0.0,0.0,0.0,0.0,0.0,0.0,0.0,Bradley Scott Schneider,Schneider,Democrat
1710,2016,2454915.072,2454915.072,0.0,2454915.072,0.0,0.0,0.0,0.0,0.0,0.0,0.0,0.0,0.0,0.0,0.0,0.0,Bradley Scott Schneider,Schneider,Democrat
1710,2017,2605654.13,2605654.13,0.0,2605654.13,0.0,0.0,0.0,0.0,0.0,0.0,0.0,0.0,0.0,0.0,0.0,0.0,Bradley Scott Schneider,Schneider,Democrat
1710,2018,2448936.164,2448936.164,0.0,2448936.164,0.0,0.0,0.0,0.0,0.0,0.0,0.0,0.0,0.0,0.0,0.0,0.0,Bradley Scott Schneider,Schneider,Democrat
1710,2019,2129034.222,2129034.222,0.0,2129034.222,0.0,0.0,0.0,0.0,0.0,0.0,0.0,0.0,0.0,0.0,0.0,0.0,Bradley Scott Schneider,Schneider,Democrat
1710,2020,1429238.1979999999,1429238.1979999999,0.0,1429238.1979999999,0.0,0.0,0.0,0.0,0.0,0.0,0.0,0.0,0.0,0.0,0.0,0.0,Bradley Scott Schneider,Schneider,Democrat
1710,2021,3096236.638,3096236.638,0.0,3096236.638,0.0,0.0,0.0,0.0,0.0,0.0,0.0,0.0,0.0,0.0,0.0,0.0,Bradley Scott Schneider,Schneider,Democrat
1710,2022,1915338.608,1915338.608,0.0,1915338.608,0.0,0.0,0.0,0.0,0.0,0.0,0.0,0.0,0.0,0.0,0.0,0.0,Bradley Scott Schneider,Schneider,Democrat
1710,2023,501667.436,501667.436,0.0,501667.436,0.0,0.0,0.0,0.0,0.0,0.0,0.0,0.0,0.0,0.0,0.0,0.0,Bradley Scott Schneider,Schneider,Democrat
1711,2010,25051457.998724997,310937.598725,24740520.4,310937.598725,0.0,0.0,0.0,0.0,0.0,0.0,0.0,0.0,0.0,24740520.4,0.0,0.0,Bill Foster,Foster,Democrat
1711,2011,25962141.515082996,726250.0150830001,25235891.5,546303.365083,0.0,0.0,0.0,179946.65,0.0,0.0,0.0,0.0,0.0,25235891.5,0.0,0.0,Bill Foster,Foster,Democrat
1711,2012,60617099.604,513257.904,60103841.7,337463.504,0.0,0.0,0.0,175794.4,0.0,0.0,0.0,0.0,37008113.0,23095728.7,0.0,0.0,Bill Foster,Foster,Democrat
1711,2013,50630851.85,509933.05,50120918.8,327792.85,0.0,0.0,0.0,182140.2,0.0,0.0,0.0,0.0,23166943.0,26953975.8,0.0,0.0,Bill Foster,Foster,Democrat
1711,2014,51236274.203311294,541671.63,50694602.5733113,365406.38,0.0,0.0,0.0,176265.25,0.0,0.0,0.0,0.0,22234744.1733113,28459858.4,0.0,0.0,Bill Foster,Foster,Democrat
1711,2015,41991064.3369467,466783.936,41524280.4009467,320405.286,0.0,0.0,0.0,146378.65,0.0,0.0,0.0,0.0,16255407.3009467,25268873.1,0.0,0.0,Bill Foster,Foster,Democrat
1711,2016,36773120.013873406,578943.93,36194176.0838734,431257.13,0.0,0.0,0.0,147686.8,0.0,0.0,0.0,0.0,12028565.0838734,24165611.0,0.0,0.0,Bill Foster,Foster,Democrat
1711,2017,58444962.8999522,582219.851,57862743.0489522,445367.701,0.0,0.0,0.0,136852.15,0.0,0.0,0.0,0.0,33529550.0489522,24333193.0,0.0,0.0,Bill Foster,Foster,Democrat
1711,2018,55126190.863,773042.963,54353147.9,636994.613,0.0,0.0,0.0,136048.35,0.0,0.0,0.0,0.0,27340079.0,27013068.9,0.0,0.0,Bill Foster,Foster,Democrat
1711,2019,68451882.1486608,775405.478,67676476.6706608,635006.878,0.0,0.0,0.0,140398.6,0.0,0.0,0.0,0.0,40525601.0706608,27150875.6,0.0,0.0,Bill Foster,Foster,Democrat
1711,2020,62924597.83959851,934822.437,61989775.4025985,799193.637,0.0,0.0,0.0,135628.8,0.0,0.0,0.0,0.0,36772459.6025985,25217315.8,0.0,0.0,Bill Foster,Foster,Democrat
1711,2021,64018069.1496,879944.7496,63138124.4,736898.0496,0.0,0.0,0.0,143046.7,0.0,0.0,0.0,0.0,37879055.6,25259068.8,0.0,0.0,Bill Foster,Foster,Democrat
1711,2022,66180622.413600005,588260.7536,65592361.660000004,439511.0036,0.0,0.0,0.0,148749.75,0.0,0.0,0.0,0.0,38498489.96,27093871.7,0.0,0.0,Bill Foster,Foster,Democrat
1711,2023,61259217.4503051,559401.9528,60699815.497505106,416523.7708,0.0,0.0,0.0,142878.182,0.0,0.0,0.0,0.0,36772649.2975051,23927166.2,0.0,0.0,Bill Foster,Foster,Democrat
1712,2010,34374985.010137,34278014.710137,96970.29999999999,34278014.710137,0.0,0.0,0.0,0.0,0.0,0.0,0.0,0.0,0.0,96970.29999999999,0.0,0.0,Mike Bost,Bost,Republican
1712,2011,37360704.84495,37257819.34495,102885.5,37256335.54495,0.0,0.0,0.0,1483.8,0.0,0.0,0.0,0.0,0.0,102885.5,0.0,0.0,Mike Bost,Bost,Republican
1712,2012,65037382.147545,37989439.347545,27047942.8,37989428.847545,0.0,0.0,0.0,10.5,0.0,0.0,26930055.0,0.0,0.0,117887.79999999999,0.0,0.0,Mike Bost,Bost,Republican
1712,2013,73300657.766,43094234.166,30206423.6,43094234.166,0.0,0.0,0.0,0.0,0.0,0.0,30076514.0,0.0,0.0,129909.6,0.0,0.0,Mike Bost,Bost,Republican
1712,2014,70801977.88,42698069.78,28103908.1,42696546.83,0.0,0.0,0.0,1522.95,0.0,0.0,27961196.0,0.0,0.0,142712.1,0.0,0.0,Mike Bost,Bost,Republican
1712,2015,72174500.198,41362332.098,30812168.1,41360904.898,0.0,0.0,0.0,1427.2,0.0,0.0,30746334.0,0.0,0.0,65834.1,0.0,0.0,Mike Bost,Bost,Republican
1712,2016,65881115.868872,37220904.398,28660211.470872,37218617.448,0.0,0.0,0.0,2286.95,0.0,0.0,28540363.670872,0.0,0.0,119847.8,0.0,0.0,Mike Bost,Bost,Republican
1712,2017,68552391.6734483,34892302.788,33660088.8854483,34890127.588,0.0,0.0,0.0,2175.2,0.0,0.0,33546240.2854483,0.0,0.0,113848.6,0.0,0.0,Mike Bost,Bost,Republican
1712,2018,68777036.3042063,35699761.17,33077275.134206302,35697590.07,0.0,0.0,0.0,2171.1,0.0,0.0,32948407.0342063,0.0,0.0,128868.09999999999,0.0,0.0,Mike Bost,Bost,Republican
1712,2019,68984950.3895027,34334325.862,34650624.5275027,34332170.662,0.0,0.0,0.0,2155.2,0.0,0.0,34520974.5275027,0.0,0.0,129650.0,0.0,0.0,Mike Bost,Bost,Republican
1712,2020,61730342.5248416,29321906.258,32408436.266841598,29319827.758,0.0,0.0,0.0,2078.5,0.0,0.0,32277179.5668416,0.0,0.0,131256.7,0.0,0.0,Mike Bost,Bost,Republican
1712,2021,74924694.9,34156583.3,40768111.6,34154502.05,0.0,0.0,0.0,2081.25,0.0,0.0,40647294.0,0.0,0.0,120817.6,0.0,0.0,Mike Bost,Bost,Republican
1712,2022,66881837.59799999,30589700.098,36292137.5,30587581.748,0.0,0.0,0.0,2118.35,0.0,0.0,36166414.0,0.0,0.0,125723.5,0.0,0.0,Mike Bost,Bost,Republican
1712,2023,62670185.2,27268980.400000002,35401204.8,27266944.750000004,0.0,0.0,0.0,2035.65,0.0,0.0,35283868.0,0.0,0.0,117336.8,0.0,0.0,Mike Bost,Bost,Republican
1713,2010,20974287.305852,20974287.305852,0.0,20974287.305852,0.0,0.0,0.0,0.0,0.0,0.0,0.0,0.0,0.0,0.0,0.0,0.0,Nikki Budzinski,Budzinski,Democrat
1713,2011,20343093.781474,20343093.781474,0.0,20343093.781474,0.0,0.0,0.0,0.0,0.0,0.0,0.0,0.0,0.0,0.0,0.0,0.0,Nikki Budzinski,Budzinski,Democrat
1713,2012,64023701.0066,19698086.0066,44325615.0,19698086.0066,0.0,0.0,0.0,0.0,0.0,0.0,44325615.0,0.0,0.0,0.0,0.0,0.0,Nikki Budzinski,Budzinski,Democrat
1713,2013,67565760.694,21222026.694,46343734.0,21222026.694,0.0,0.0,0.0,0.0,0.0,0.0,46343734.0,0.0,0.0,0.0,0.0,0.0,Nikki Budzinski,Budzinski,Democrat
1713,2014,65106462.203999996,21053933.204,44052529.0,21053933.204,0.0,0.0,0.0,0.0,0.0,0.0,44052529.0,0.0,0.0,0.0,0.0,0.0,Nikki Budzinski,Budzinski,Democrat
1713,2015,61476318.736,17628762.736,43847556.0,17628762.736,0.0,0.0,0.0,0.0,0.0,0.0,43847556.0,0.0,0.0,0.0,0.0,0.0,Nikki Budzinski,Budzinski,Democrat
1713,2016,61306768.416,14187261.416,47119507.0,14187261.416,0.0,0.0,0.0,0.0,0.0,0.0,47119507.0,0.0,0.0,0.0,0.0,0.0,Nikki Budzinski,Budzinski,Democrat
1713,2017,60939576.73,14027528.73,46912048.0,14027528.73,0.0,0.0,0.0,0.0,0.0,0.0,46912048.0,0.0,0.0,0.0,0.0,0.0,Nikki Budzinski,Budzinski,Democrat
1713,2018,63474396.88400001,15158338.884,48316058.0,15158338.884,0.0,0.0,0.0,0.0,0.0,0.0,48316058.0,0.0,0.0,0.0,0.0,0.0,Nikki Budzinski,Budzinski,Democrat
1713,2019,62170901.10800001,16028750.108,46142151.0,16028750.108,0.0,0.0,0.0,0.0,0.0,0.0,46142151.0,0.0,0.0,0.0,0.0,0.0,Nikki Budzinski,Budzinski,Democrat
1713,2020,51669670.874,13448216.874,38221454.0,13448216.874,0.0,0.0,0.0,0.0,0.0,0.0,38221454.0,0.0,0.0,0.0,0.0,0.0,Nikki Budzinski,Budzinski,Democrat
1713,2021,56018736.764,13465713.763999999,42553023.0,13465713.763999999,0.0,0.0,0.0,0.0,0.0,0.0,42553023.0,0.0,0.0,0.0,0.0,0.0,Nikki Budzinski,Budzinski,Democrat
1713,2022,55037601.965411894,13105920.222,41931681.7434119,13105920.222,0.0,0.0,0.0,0.0,0.0,0.0,41931681.7434119,0.0,0.0,0.0,0.0,0.0,Nikki Budzinski,Budzinski,Democrat
1713,2023,59268599.044,12181136.044000002,47087463.0,12181136.044000002,0.0,0.0,0.0,0.0,0.0,0.0,47087463.0,0.0,0.0,0.0,0.0,0.0,Nikki Budzinski,Budzinski,Democrat
1714,2010,20450465.354382,20450465.354382,0.0,20450465.354382,0.0,0.0,0.0,0.0,0.0,0.0,0.0,0.0,0.0,0.0,0.0,0.0,Lauren Underwood,Underwood,Democrat
1714,2011,18804332.84497,18804332.84497,0.0,18804332.84497,0.0,0.0,0.0,0.0,0.0,0.0,0.0,0.0,0.0,0.0,0.0,0.0,Lauren Underwood,Underwood,Democrat
1714,2012,39853768.687446065,18376163.587446064,21477605.1,18376163.587446064,0.0,0.0,0.0,0.0,0.0,0.0,21477605.1,0.0,0.0,0.0,0.0,0.0,Lauren Underwood,Underwood,Democrat
1714,2013,41313080.0855244,18235070.022,23078010.0635244,18235070.022,0.0,0.0,0.0,0.0,0.0,0.0,23078010.0635244,0.0,0.0,0.0,0.0,0.0,Lauren Underwood,Underwood,Democrat
1714,2014,42946570.12045,17599924.834,25346645.28645,17599924.834,0.0,0.0,0.0,0.0,0.0,0.0,25346645.28645,0.0,0.0,0.0,0.0,0.0,Lauren Underwood,Underwood,Democrat
1714,2015,42271103.2087562,18355719.191999998,23915384.0167562,18355719.191999998,0.0,0.0,0.0,0.0,0.0,0.0,23915384.0167562,0.0,0.0,0.0,0.0,0.0,Lauren Underwood,Underwood,Democrat
1714,2016,37192295.3689705,13119955.22,24072340.1489705,13119955.22,0.0,0.0,0.0,0.0,0.0,0.0,24072340.1489705,0.0,0.0,0.0,0.0,0.0,Lauren Underwood,Underwood,Democrat
1714,2017,30878832.307892304,9450761.018,21428071.2898923,9450761.018,0.0,0.0,0.0,0.0,0.0,0.0,21428071.2898923,0.0,0.0,0.0,0.0,0.0,Lauren Underwood,Underwood,Democrat
1714,2018,36081381.37843951,10469228.14,25612153.2384395,10469228.14,0.0,0.0,0.0,0.0,0.0,0.0,25612153.2384395,0.0,0.0,0.0,0.0,0.0,Lauren Underwood,Underwood,Democrat
1714,2019,33522438.5074204,9972951.391999999,23549487.1154204,9972951.391999999,0.0,0.0,0.0,0.0,0.0,0.0,23549487.1154204,0.0,0.0,0.0,0.0,0.0,Lauren Underwood,Underwood,Democrat
1714,2020,30482721.303559,8346416.244,22136305.059559,8346416.244,0.0,0.0,0.0,0.0,0.0,0.0,22136305.059559,0.0,0.0,0.0,0.0,0.0,Lauren Underwood,Underwood,Democrat
1714,2021,33764929.7969115,8474013.816,25290915.9809115,8474013.816,0.0,0.0,0.0,0.0,0.0,0.0,25290915.9809115,0.0,0.0,0.0,0.0,0.0,Lauren Underwood,Underwood,Democrat
1714,2022,29632833.7367418,8957312.504,20675521.2327418,8957312.504,0.0,0.0,0.0,0.0,0.0,0.0,20675521.2327418,0.0,0.0,0.0,0.0,0.0,Lauren Underwood,Underwood,Democrat
1714,2023,36574542.2330488,10122859.2,26451683.0330488,10122859.2,0.0,0.0,0.0,0.0,0.0,0.0,26451683.0330488,0.0,0.0,0.0,0.0,0.0,Lauren Underwood,Underwood,Democrat
1715,2010,18123223.509502,18123223.509502,0.0,18123223.509502,0.0,0.0,0.0,0.0,0.0,0.0,0.0,0.0,0.0,0.0,0.0,0.0,Mary E. Miller,Miller,Republican
1715,2011,17442715.742163,17442715.742163,0.0,17442715.742163,0.0,0.0,0.0,0.0,0.0,0.0,0.0,0.0,0.0,0.0,0.0,0.0,Mary E. Miller,Miller,Republican
1715,2012,15882468.533388998,15882468.533388998,0.0,15882468.533388998,0.0,0.0,0.0,0.0,0.0,0.0,0.0,0.0,0.0,0.0,0.0,0.0,Mary E. Miller,Miller,Republican
1715,2013,15303615.434,15303615.434,0.0,15303615.434,0.0,0.0,0.0,0.0,0.0,0.0,0.0,0.0,0.0,0.0,0.0,0.0,Mary E. Miller,Miller,Republican
1715,2014,16344246.53,16344246.53,0.0,16344246.53,0.0,0.0,0.0,0.0,0.0,0.0,0.0,0.0,0.0,0.0,0.0,0.0,Mary E. Miller,Miller,Republican
1715,2015,13902847.8,13902847.8,0.0,13902847.8,0.0,0.0,0.0,0.0,0.0,0.0,0.0,0.0,0.0,0.0,0.0,0.0,Mary E. Miller,Miller,Republican
1715,2016,14056706.954,14056706.954,0.0,14056706.954,0.0,0.0,0.0,0.0,0.0,0.0,0.0,0.0,0.0,0.0,0.0,0.0,Mary E. Miller,Miller,Republican
1715,2017,14977271.583999999,14977271.583999999,0.0,14977271.583999999,0.0,0.0,0.0,0.0,0.0,0.0,0.0,0.0,0.0,0.0,0.0,0.0,Mary E. Miller,Miller,Republican
1715,2018,14740637.979999999,14740637.979999999,0.0,14740637.979999999,0.0,0.0,0.0,0.0,0.0,0.0,0.0,0.0,0.0,0.0,0.0,0.0,Mary E. Miller,Miller,Republican
1715,2019,11490072.714,11490072.714,0.0,11490072.714,0.0,0.0,0.0,0.0,0.0,0.0,0.0,0.0,0.0,0.0,0.0,0.0,Mary E. Miller,Miller,Republican
1715,2020,5902514.862,5902514.862,0.0,5902514.862,0.0,0.0,0.0,0.0,0.0,0.0,0.0,0.0,0.0,0.0,0.0,0.0,Mary E. Miller,Miller,Republican
1715,2021,8247520.374,8247520.374,0.0,8247520.374,0.0,0.0,0.0,0.0,0.0,0.0,0.0,0.0,0.0,0.0,0.0,0.0,Mary E. Miller,Miller,Republican
1715,2022,8063184.44,8063184.44,0.0,8063184.44,0.0,0.0,0.0,0.0,0.0,0.0,0.0,0.0,0.0,0.0,0.0,0.0,Mary E. Miller,Miller,Republican
1715,2023,6725328.245999999,6725328.245999999,0.0,6725328.245999999,0.0,0.0,0.0,0.0,0.0,0.0,0.0,0.0,0.0,0.0,0.0,0.0,Mary E. Miller,Miller,Republican
1716,2010,9706176.0916,3660643.3915999997,6045532.7,3660643.3915999997,0.0,0.0,0.0,0.0,0.0,0.0,0.0,0.0,0.0,126870.0,5918662.7,0.0,Darin LaHood,LaHood,Republican
1716,2011,9954448.90835,3601512.50835,6352936.399999999,3601512.50835,0.0,0.0,0.0,0.0,0.0,0.0,0.0,0.0,0.0,124765.3,6228171.1,0.0,Darin LaHood,LaHood,Republican
1716,2012,10330401.232097998,4344007.032098,5986394.199999999,4344007.032098,0.0,0.0,0.0,0.0,0.0,0.0,0.0,0.0,0.0,106266.6,5880127.6,0.0,Darin LaHood,LaHood,Republican
1716,2013,8871971.752,3725278.152,5146693.6,3725278.152,0.0,0.0,0.0,0.0,0.0,0.0,0.0,0.0,0.0,125537.8,5021155.8,0.0,Darin LaHood,LaHood,Republican
1716,2014,9165524.49,3625489.39,5540035.1,3625489.39,0.0,0.0,0.0,0.0,0.0,0.0,0.0,0.0,0.0,134024.8,5406010.3,0.0,Darin LaHood,LaHood,Republican
1716,2015,9322167.202,4086534.202,5235633.0,4086534.202,0.0,0.0,0.0,0.0,0.0,0.0,0.0,0.0,0.0,114813.5,5120819.5,0.0,Darin LaHood,LaHood,Republican
1716,2016,10272235.054,4344303.454,5927931.6,4344303.454,0.0,0.0,0.0,0.0,0.0,0.0,0.0,0.0,0.0,118029.6,5809902.0,0.0,Darin LaHood,LaHood,Republican
1716,2017,12214878.758,4860890.958,7353987.8,4860890.958,0.0,0.0,0.0,0.0,0.0,0.0,0.0,0.0,0.0,119093.20000000001,7234894.6,0.0,Darin LaHood,LaHood,Republican
1716,2018,12076523.36,5312166.0600000005,6764357.3,5312166.0600000005,0.0,0.0,0.0,0.0,0.0,0.0,0.0,0.0,0.0,126255.0,6638102.3,0.0,Darin LaHood,LaHood,Republican
1716,2019,11714701.91,5187019.01,6527682.9,5187019.01,0.0,0.0,0.0,0.0,0.0,0.0,0.0,0.0,0.0,127115.4,6400567.5,0.0,Darin LaHood,LaHood,Republican
1716,2020,12377347.546,5545533.046,6831814.5,5545533.046,0.0,0.0,0.0,0.0,0.0,0.0,0.0,0.0,0.0,111728.1,6720086.4,0.0,Darin LaHood,LaHood,Republican
1716,2021,11640509.69,4901660.69,6738849.0,4901660.69,0.0,0.0,0.0,0.0,0.0,0.0,0.0,0.0,0.0,109451.7,6629397.3,0.0,Darin LaHood,LaHood,Republican
1716,2022,11450395.435999999,4648720.336,6801675.1,4648720.336,0.0,0.0,0.0,0.0,0.0,0.0,0.0,0.0,0.0,121038.0,6680637.1,0.0,Darin LaHood,LaHood,Republican
1716,2023,12806260.316,6213976.216,6592284.100000001,6213976.216,0.0,0.0,0.0,0.0,0.0,0.0,0.0,0.0,0.0,100953.6,6491330.5,0.0,Darin LaHood,LaHood,Republican
1717,2010,29304961.822049998,20393817.222049996,8911144.6,20393817.222049996,0.0,0.0,0.0,0.0,0.0,0.0,0.0,0.0,0.0,8911144.6,0.0,0.0,Eric Sorensen,Sorensen,Democrat
1717,2011,31900038.03224115,23092953.93224115,8807084.1,23008287.69224115,0.0,0.0,0.0,73414.44,11251.8,0.0,0.0,0.0,0.0,8807084.1,0.0,0.0,Eric Sorensen,Sorensen,Democrat
1717,2012,28751328.528115,20447884.228115,8303444.3,20281105.938115,0.0,0.0,0.0,75480.25,91298.04,0.0,0.0,0.0,0.0,8303444.3,0.0,0.0,Eric Sorensen,Sorensen,Democrat
1717,2013,31202105.1836,21605740.4836,9596364.7,21501833.643600002,0.0,0.0,0.0,75662.2,28244.64,0.0,0.0,0.0,0.0,9596364.7,0.0,0.0,Eric Sorensen,Sorensen,Democrat
1717,2014,29926401.9332,20004196.033200003,9922205.9,19908152.593200002,0.0,0.0,0.0,75801.6,20241.84,0.0,0.0,0.0,0.0,9922205.9,0.0,0.0,Eric Sorensen,Sorensen,Democrat
1717,2015,24093907.6177,15476792.9177,8617114.7,15361253.3237,0.0,0.0,0.0,105051.594,10488.0,0.0,0.0,0.0,0.0,8617114.7,0.0,0.0,Eric Sorensen,Sorensen,Democrat
1717,2016,23265990.0849,14172211.8849,9093778.2,14075221.0989,0.0,0.0,0.0,73739.346,23251.44,0.0,0.0,0.0,0.0,9093778.2,0.0,0.0,Eric Sorensen,Sorensen,Democrat
1717,2017,23105316.6244,14163441.2244,8941875.4,14078591.7644,0.0,0.0,0.0,74961.1,9888.36,0.0,0.0,0.0,0.0,8941875.4,0.0,0.0,Eric Sorensen,Sorensen,Democrat
1717,2018,24416916.1552,14532967.8552,9883948.3,14403238.4692,0.0,0.0,0.0,99558.146,30171.24,0.0,0.0,0.0,0.0,9883948.3,0.0,0.0,Eric Sorensen,Sorensen,Democrat
1717,2019,22234500.8176,12305054.8176,9929446.0,12221445.5716,0.0,0.0,0.0,74762.846,8846.4,0.0,0.0,0.0,0.0,9929446.0,0.0,0.0,Eric Sorensen,Sorensen,Democrat
1717,2020,17850649.911399998,8354889.5114,9495760.4,8272304.6754,0.0,0.0,0.0,74939.996,7644.84,0.0,0.0,0.0,0.0,9495760.4,0.0,0.0,Eric Sorensen,Sorensen,Democrat
1717,2021,19348759.132200003,10027237.7322,9321521.4,9940612.589399999,0.0,0.0,0.0,76659.696,9965.4468,0.0,0.0,0.0,0.0,9321521.4,0.0,0.0,Eric Sorensen,Sorensen,Democrat
1717,2022,21570379.1912,11821669.9912,9748709.2,11731624.5048,0.0,0.0,0.0,82377.892,7667.5944,0.0,0.0,0.0,0.0,9748709.2,0.0,0.0,Eric Sorensen,Sorensen,Democrat
1717,2023,13683179.316800002,4935150.8168,8748028.5,4835063.384,0.0,0.0,0.0,92478.594,7608.8388,0.0,0.0,0.0,0.0,8748028.5,0.0,0.0,Eric Sorensen,Sorensen,Democrat
1801,2010,56304501.155063,41374727.355063,14929773.8,41374727.355063,0.0,0.0,0.0,0.0,0.0,0.0,0.0,0.0,0.0,14929773.8,0.0,0.0,Frank J. Mrvan,Mrvan,Democrat
1801,2011,65906086.419615,49535976.719615,16370109.7,49356384.413615,0.0,0.0,0.0,131347.506,48244.8,0.0,0.0,0.0,0.0,16370109.7,0.0,0.0,Frank J. Mrvan,Mrvan,Democrat
1801,2012,116743447.536025,45361695.636025004,71381751.9,45223079.880025,0.0,0.0,0.0,121424.556,17191.2,0.0,54565161.0,0.0,0.0,16816590.9,0.0,0.0,Frank J. Mrvan,Mrvan,Democrat
1801,2013,104911890.96599999,45326398.266,59585492.7,45204320.68,0.0,0.0,0.0,117401.306,4676.28,0.0,41243032.1,0.0,0.0,18342460.6,0.0,0.0,Frank J. Mrvan,Mrvan,Democrat
1801,2014,113578933.99200001,45561923.292,68017010.7,45397084.856,0.0,0.0,0.0,115120.756,49717.68,0.0,48341952.7,0.0,0.0,19675058.0,0.0,0.0,Frank J. Mrvan,Mrvan,Democrat
1801,2015,109496290.26010899,41042507.472,68453782.788109,40904731.72,0.0,0.0,0.0,111325.472,26450.28,0.0,50258633.488109,0.0,0.0,18195149.3,0.0,0.0,Frank J. Mrvan,Mrvan,Democrat
1801,2016,109745645.26187,43223212.264,66522432.99787,43003267.878,0.0,0.0,35525.9,128670.206,55748.28,0.0,48341409.89787,0.0,0.0,18181023.1,0.0,0.0,Frank J. Mrvan,Mrvan,Democrat
1801,2017,116276120.832075,42456291.8510345,73819828.98104051,42328833.932,0.0,0.0,491.5114345,125793.872,1172.5356000000002,0.0,55259606.8810405,0.0,0.0,18560222.1,0.0,0.0,Frank J. Mrvan,Mrvan,Democrat
1801,2018,115804783.25605139,40772561.9738586,75032221.2821928,40625923.94,0.0,0.0,426.5446586,125465.222,20746.2672,0.0,55106714.4821928,0.0,0.0,19925506.8,0.0,0.0,Frank J. Mrvan,Mrvan,Democrat
1801,2019,116652268.6567332,38545089.9306687,78107178.7260645,38378950.49,0.0,0.0,1155.5282687,126306.722,38677.1904,0.0,58054767.8260645,0.0,0.0,20052410.9,0.0,0.0,Frank J. Mrvan,Mrvan,Democrat
1801,2020,112026548.6839782,35697807.31,76328741.3739782,35557949.708,0.0,0.0,0.0,133713.572,6144.03,0.0,57236187.6739782,0.0,0.0,19092553.7,0.0,0.0,Frank J. Mrvan,Mrvan,Democrat
1801,2021,115893041.9359297,37722876.872,78170165.0639297,37563305.112,0.0,0.0,0.0,146426.192,13145.568000000001,0.0,58664234.8639297,0.0,0.0,19505930.2,0.0,0.0,Frank J. Mrvan,Mrvan,Democrat
1801,2022,116933257.2125514,35024949.0796,81908308.13295141,34864409.61,0.0,0.0,0.0,144381.292,16158.177599999999,0.0,62426213.1329514,0.0,0.0,19482095.0,0.0,0.0,Frank J. Mrvan,Mrvan,Democrat
1801,2023,121985156.6469783,36488367.3596,85496789.28737831,36293697.776,0.0,0.0,0.0,151348.512,43321.0716,0.0,65956896.7873783,0.0,0.0,19539892.5,0.0,0.0,Frank J. Mrvan,Mrvan,Democrat
1802,2010,1669357.710867,1669357.710867,0.0,1669357.710867,0.0,0.0,0.0,0.0,0.0,0.0,0.0,0.0,0.0,0.0,0.0,0.0,Rudy Yakym III,Yakym ,Republican
1802,2011,1330602.716804,1330602.716804,0.0,1330602.716804,0.0,0.0,0.0,0.0,0.0,0.0,0.0,0.0,0.0,0.0,0.0,0.0,Rudy Yakym III,Yakym ,Republican
1802,2012,1361952.766018,1361952.766018,0.0,1361952.766018,0.0,0.0,0.0,0.0,0.0,0.0,0.0,0.0,0.0,0.0,0.0,0.0,Rudy Yakym III,Yakym ,Republican
1802,2013,1198842.526,1198842.526,0.0,1198842.526,0.0,0.0,0.0,0.0,0.0,0.0,0.0,0.0,0.0,0.0,0.0,0.0,Rudy Yakym III,Yakym ,Republican
1802,2014,1049338.746,1049338.746,0.0,1049338.746,0.0,0.0,0.0,0.0,0.0,0.0,0.0,0.0,0.0,0.0,0.0,0.0,Rudy Yakym III,Yakym ,Republican
1802,2015,1084544.53,1084544.53,0.0,1084544.53,0.0,0.0,0.0,0.0,0.0,0.0,0.0,0.0,0.0,0.0,0.0,0.0,Rudy Yakym III,Yakym ,Republican
1802,2016,1077256.79,1077256.79,0.0,1077256.79,0.0,0.0,0.0,0.0,0.0,0.0,0.0,0.0,0.0,0.0,0.0,0.0,Rudy Yakym III,Yakym ,Republican
1802,2017,1096525.928,1096525.928,0.0,1096525.928,0.0,0.0,0.0,0.0,0.0,0.0,0.0,0.0,0.0,0.0,0.0,0.0,Rudy Yakym III,Yakym ,Republican
1802,2018,2563172.878,2563172.878,0.0,2563172.878,0.0,0.0,0.0,0.0,0.0,0.0,0.0,0.0,0.0,0.0,0.0,0.0,Rudy Yakym III,Yakym ,Republican
1802,2019,3089781.7939999998,3089781.7939999998,0.0,3089781.7939999998,0.0,0.0,0.0,0.0,0.0,0.0,0.0,0.0,0.0,0.0,0.0,0.0,Rudy Yakym III,Yakym ,Republican
1802,2020,2733505.792,2733505.792,0.0,2733505.792,0.0,0.0,0.0,0.0,0.0,0.0,0.0,0.0,0.0,0.0,0.0,0.0,Rudy Yakym III,Yakym ,Republican
1802,2021,2672930.272,2672930.272,0.0,2672930.272,0.0,0.0,0.0,0.0,0.0,0.0,0.0,0.0,0.0,0.0,0.0,0.0,Rudy Yakym III,Yakym ,Republican
1802,2022,2883103.5700000003,2883103.5700000003,0.0,2883103.5700000003,0.0,0.0,0.0,0.0,0.0,0.0,0.0,0.0,0.0,0.0,0.0,0.0,Rudy Yakym III,Yakym ,Republican
1802,2023,2782000.164,2782000.164,0.0,2782000.164,0.0,0.0,0.0,0.0,0.0,0.0,0.0,0.0,0.0,0.0,0.0,0.0,Rudy Yakym III,Yakym ,Republican
1803,2010,2886255.049212,2368534.149212,517720.89999999997,2368534.149212,0.0,0.0,0.0,0.0,0.0,0.0,0.0,0.0,0.0,517720.89999999997,0.0,0.0,Marlin A. Stutzman,Stutzman,Republican
1803,2011,2954390.131999,2435504.031999,518886.1,2435504.031999,0.0,0.0,0.0,0.0,0.0,0.0,0.0,0.0,0.0,518886.1,0.0,0.0,Marlin A. Stutzman,Stutzman,Republican
1803,2012,2945611.720454,2449412.0204539998,496199.7,2449412.0204539998,0.0,0.0,0.0,0.0,0.0,0.0,0.0,0.0,0.0,496199.7,0.0,0.0,Marlin A. Stutzman,Stutzman,Republican
1803,2013,2958483.27,2399950.97,558532.3,2399950.97,0.0,0.0,0.0,0.0,0.0,0.0,0.0,0.0,0.0,558532.3,0.0,0.0,Marlin A. Stutzman,Stutzman,Republican
1803,2014,2985968.0500000003,2404197.85,581770.2000000001,2404197.85,0.0,0.0,0.0,0.0,0.0,0.0,0.0,0.0,0.0,581770.2000000001,0.0,0.0,Marlin A. Stutzman,Stutzman,Republican
1803,2015,2764473.128,2236610.228,527862.8999999999,2236610.228,0.0,0.0,0.0,0.0,0.0,0.0,0.0,0.0,0.0,527862.9,0.0,0.0,Marlin A. Stutzman,Stutzman,Republican
1803,2016,2960159.868,2434311.968,525847.9,2434311.968,0.0,0.0,0.0,0.0,0.0,0.0,0.0,0.0,0.0,525847.9,0.0,0.0,Marlin A. Stutzman,Stutzman,Republican
1803,2017,3057671.148,2481444.848,576226.2999999999,2481444.848,0.0,0.0,0.0,0.0,0.0,0.0,0.0,0.0,0.0,576226.2999999999,0.0,0.0,Marlin A. Stutzman,Stutzman,Republican
1803,2018,3097779.9020000002,2501526.602,596253.2999999999,2501526.602,0.0,0.0,0.0,0.0,0.0,0.0,0.0,0.0,0.0,596253.2999999999,0.0,0.0,Marlin A. Stutzman,Stutzman,Republican
1803,2019,2971581.848,2373664.748,597917.1,2373664.748,0.0,0.0,0.0,0.0,0.0,0.0,0.0,0.0,0.0,597917.1,0.0,0.0,Marlin A. Stutzman,Stutzman,Republican
1803,2020,2920732.308,2370301.008,550431.3,2370301.008,0.0,0.0,0.0,0.0,0.0,0.0,0.0,0.0,0.0,550431.3,0.0,0.0,Marlin A. Stutzman,Stutzman,Republican
1803,2021,3204396.8140000002,2617377.114,587019.7,2617377.114,0.0,0.0,0.0,0.0,0.0,0.0,0.0,0.0,0.0,587019.7,0.0,0.0,Marlin A. Stutzman,Stutzman,Republican
1803,2022,3177216.2139999997,2583242.214,593974.0,2583242.214,0.0,0.0,0.0,0.0,0.0,0.0,0.0,0.0,0.0,593974.0,0.0,0.0,Marlin A. Stutzman,Stutzman,Republican
1803,2023,3006343.678,2460286.478,546057.2,2460286.478,0.0,0.0,0.0,0.0,0.0,0.0,0.0,0.0,0.0,546057.2,0.0,0.0,Marlin A. Stutzman,Stutzman,Republican
1804,2010,16598693.496068,16571986.796068,26706.7,16571986.796068,0.0,0.0,0.0,0.0,0.0,0.0,0.0,0.0,0.0,26706.7,0.0,0.0,James R. Baird,Baird,Republican
1804,2011,14386891.521053001,14359479.721053,27411.8,14359479.721053,0.0,0.0,0.0,0.0,0.0,0.0,0.0,0.0,0.0,27411.8,0.0,0.0,James R. Baird,Baird,Republican
1804,2012,11369791.770026,11339734.670026,30057.1,11339734.670026,0.0,0.0,0.0,0.0,0.0,0.0,0.0,0.0,0.0,30057.1,0.0,0.0,James R. Baird,Baird,Republican
1804,2013,13135823.661999999,13103204.661999999,32619.0,13103204.661999999,0.0,0.0,0.0,0.0,0.0,0.0,0.0,0.0,0.0,32619.0,0.0,0.0,James R. Baird,Baird,Republican
1804,2014,13919226.120000001,13884520.82,34705.3,13884144.82,0.0,0.0,0.0,376.0,0.0,0.0,0.0,0.0,0.0,34705.3,0.0,0.0,James R. Baird,Baird,Republican
1804,2015,11105105.46,11074462.26,30643.2,11074424.76,0.0,0.0,0.0,37.5,0.0,0.0,0.0,0.0,0.0,30643.2,0.0,0.0,James R. Baird,Baird,Republican
1804,2016,9787720.262,9753394.362,34325.9,9753021.112,0.0,0.0,0.0,373.25,0.0,0.0,0.0,0.0,0.0,34325.9,0.0,0.0,James R. Baird,Baird,Republican
1804,2017,10180734.124,10151963.824000001,28770.3,10151559.074000001,0.0,0.0,0.0,404.75,0.0,0.0,0.0,0.0,0.0,28770.3,0.0,0.0,James R. Baird,Baird,Republican
1804,2018,13179896.21,13148923.11,30973.1,13148518.36,0.0,0.0,0.0,404.75,0.0,0.0,0.0,0.0,0.0,30973.1,0.0,0.0,James R. Baird,Baird,Republican
1804,2019,12772778.947999999,12741995.748,30783.2,12741586.248,0.0,0.0,0.0,409.5,0.0,0.0,0.0,0.0,0.0,30783.2,0.0,0.0,James R. Baird,Baird,Republican
1804,2020,9321978.188,9297267.088,24711.1,9296857.338,0.0,0.0,0.0,409.75,0.0,0.0,0.0,0.0,0.0,24711.1,0.0,0.0,James R. Baird,Baird,Republican
1804,2021,9172378.528,9148199.328,24179.2,9147789.578,0.0,0.0,0.0,409.75,0.0,0.0,0.0,0.0,0.0,24179.2,0.0,0.0,James R. Baird,Baird,Republican
1804,2022,8578513.7,8551908.7,26605.0,8551488.2,0.0,0.0,0.0,420.5,0.0,0.0,0.0,0.0,0.0,26605.0,0.0,0.0,James R. Baird,Baird,Republican
1804,2023,8082306.58880224,8059333.78880224,22972.8,8058913.03880224,0.0,0.0,0.0,420.75,0.0,0.0,0.0,0.0,0.0,22972.8,0.0,0.0,James R. Baird,Baird,Republican
1805,2010,621901.12,621901.12,0.0,621901.12,0.0,0.0,0.0,0.0,0.0,0.0,0.0,0.0,0.0,0.0,0.0,0.0,Victoria Spartz,Spartz,Republican
1805,2011,842217.1992,842217.1992,0.0,842217.1992,0.0,0.0,0.0,0.0,0.0,0.0,0.0,0.0,0.0,0.0,0.0,0.0,Victoria Spartz,Spartz,Republican
1805,2012,978593.385,978593.385,0.0,978593.385,0.0,0.0,0.0,0.0,0.0,0.0,0.0,0.0,0.0,0.0,0.0,0.0,Victoria Spartz,Spartz,Republican
1805,2013,911060.148,911060.148,0.0,911060.148,0.0,0.0,0.0,0.0,0.0,0.0,0.0,0.0,0.0,0.0,0.0,0.0,Victoria Spartz,Spartz,Republican
1805,2014,828499.526197,828499.526197,0.0,828499.526197,0.0,0.0,0.0,0.0,0.0,0.0,0.0,0.0,0.0,0.0,0.0,0.0,Victoria Spartz,Spartz,Republican
1805,2015,1134057.831197,1134057.831197,0.0,1134057.831197,0.0,0.0,0.0,0.0,0.0,0.0,0.0,0.0,0.0,0.0,0.0,0.0,Victoria Spartz,Spartz,Republican
1805,2016,1196256.299773,1196256.299773,0.0,1196256.299773,0.0,0.0,0.0,0.0,0.0,0.0,0.0,0.0,0.0,0.0,0.0,0.0,Victoria Spartz,Spartz,Republican
1805,2017,982059.556788,982059.556788,0.0,982059.556788,0.0,0.0,0.0,0.0,0.0,0.0,0.0,0.0,0.0,0.0,0.0,0.0,Victoria Spartz,Spartz,Republican
1805,2018,1351240.944,1351240.944,0.0,1351240.944,0.0,0.0,0.0,0.0,0.0,0.0,0.0,0.0,0.0,0.0,0.0,0.0,Victoria Spartz,Spartz,Republican
1805,2019,1406234.7140000002,1406234.7140000002,0.0,1406234.7140000002,0.0,0.0,0.0,0.0,0.0,0.0,0.0,0.0,0.0,0.0,0.0,0.0,Victoria Spartz,Spartz,Republican
1805,2020,1473110.308,1473110.308,0.0,1473110.308,0.0,0.0,0.0,0.0,0.0,0.0,0.0,0.0,0.0,0.0,0.0,0.0,Victoria Spartz,Spartz,Republican
1805,2021,1404123.654,1404123.654,0.0,1404123.654,0.0,0.0,0.0,0.0,0.0,0.0,0.0,0.0,0.0,0.0,0.0,0.0,Victoria Spartz,Spartz,Republican
1805,2022,1442398.59,1442398.59,0.0,1442398.59,0.0,0.0,0.0,0.0,0.0,0.0,0.0,0.0,0.0,0.0,0.0,0.0,Victoria Spartz,Spartz,Republican
1805,2023,1319236.008,1319236.008,0.0,1319236.008,0.0,0.0,0.0,0.0,0.0,0.0,0.0,0.0,0.0,0.0,0.0,0.0,Victoria Spartz,Spartz,Republican
1806,2010,4462836.688,4378091.288,84745.4,4378091.288,0.0,0.0,0.0,0.0,0.0,0.0,0.0,0.0,0.0,84745.4,0.0,0.0,Jefferson Shreve,Shreve,Republican
1806,2011,5134164.606,5056456.606,77708.0,5056456.606,0.0,0.0,0.0,0.0,0.0,0.0,0.0,0.0,0.0,77708.0,0.0,0.0,Jefferson Shreve,Shreve,Republican
1806,2012,5004349.404,4925699.104,78650.3,4925699.104,0.0,0.0,0.0,0.0,0.0,0.0,0.0,0.0,0.0,78650.3,0.0,0.0,Jefferson Shreve,Shreve,Republican
1806,2013,5354563.036,5273287.936,81275.1,5273287.936,0.0,0.0,0.0,0.0,0.0,0.0,0.0,0.0,0.0,81275.1,0.0,0.0,Jefferson Shreve,Shreve,Republican
1806,2014,5123636.264,5035654.464,87981.8,5035654.464,0.0,0.0,0.0,0.0,0.0,0.0,0.0,0.0,0.0,87981.8,0.0,0.0,Jefferson Shreve,Shreve,Republican
1806,2015,4522850.882,4431894.782000001,90956.1,4431894.782000001,0.0,0.0,0.0,0.0,0.0,0.0,0.0,0.0,0.0,90956.1,0.0,0.0,Jefferson Shreve,Shreve,Republican
1806,2016,2343116.412,2255673.712,87442.7,2255673.712,0.0,0.0,0.0,0.0,0.0,0.0,0.0,0.0,0.0,87442.7,0.0,0.0,Jefferson Shreve,Shreve,Republican
1806,2017,1705969.638,1623378.738,82590.9,1623378.738,0.0,0.0,0.0,0.0,0.0,0.0,0.0,0.0,0.0,82590.9,0.0,0.0,Jefferson Shreve,Shreve,Republican
1806,2018,1812526.334,1714529.634,97996.7,1714529.634,0.0,0.0,0.0,0.0,0.0,0.0,0.0,0.0,0.0,97996.7,0.0,0.0,Jefferson Shreve,Shreve,Republican
1806,2019,1675287.62,1577034.12,98253.5,1577034.12,0.0,0.0,0.0,0.0,0.0,0.0,0.0,0.0,0.0,98253.5,0.0,0.0,Jefferson Shreve,Shreve,Republican
1806,2020,1955857.736,1955857.736,0.0,1955857.736,0.0,0.0,0.0,0.0,0.0,0.0,0.0,0.0,0.0,0.0,0.0,0.0,Jefferson Shreve,Shreve,Republican
1806,2021,1929975.226,1929975.226,0.0,1929975.226,0.0,0.0,0.0,0.0,0.0,0.0,0.0,0.0,0.0,0.0,0.0,0.0,Jefferson Shreve,Shreve,Republican
1806,2022,1782892.3139999998,1782892.3139999998,0.0,1782892.3139999998,0.0,0.0,0.0,0.0,0.0,0.0,0.0,0.0,0.0,0.0,0.0,0.0,Jefferson Shreve,Shreve,Republican
1806,2023,2581469.37,2581469.37,0.0,2581469.37,0.0,0.0,0.0,0.0,0.0,0.0,0.0,0.0,0.0,0.0,0.0,0.0,Jefferson Shreve,Shreve,Republican
1807,2010,3619243.204,1104592.104,2514651.1,1104592.104,0.0,0.0,0.0,0.0,0.0,0.0,0.0,0.0,0.0,2514651.1,0.0,0.0,André Carson,Carson,Democrat
1807,2011,3530614.288,1099327.988,2431286.3,1077552.038,0.0,0.0,0.0,21775.95,0.0,0.0,0.0,0.0,0.0,2431286.3,0.0,0.0,André Carson,Carson,Democrat
1807,2012,3374954.414,1168563.614,2206390.8000000003,1149978.714,0.0,0.0,0.0,18584.9,0.0,0.0,0.0,0.0,0.0,2206390.8000000003,0.0,0.0,André Carson,Carson,Democrat
1807,2013,3938268.27,1267056.77,2671211.5,1248914.97,0.0,0.0,0.0,18141.8,0.0,0.0,0.0,0.0,0.0,2671211.5,0.0,0.0,André Carson,Carson,Democrat
1807,2014,3998631.3140000002,1057171.114,2941460.2,1039555.914,0.0,0.0,0.0,17615.2,0.0,0.0,0.0,0.0,0.0,2941460.2,0.0,0.0,André Carson,Carson,Democrat
1807,2015,3894885.704,987139.404,2907746.3000000003,969605.804,0.0,0.0,0.0,17533.6,0.0,0.0,0.0,0.0,0.0,2907746.3000000003,0.0,0.0,André Carson,Carson,Democrat
1807,2016,4623914.436,1199533.936,3424380.5,1182025.336,0.0,0.0,0.0,17508.6,0.0,0.0,0.0,0.0,0.0,3424380.5,0.0,0.0,André Carson,Carson,Democrat
1807,2017,4213304.368,1028227.168,3185077.2,1028227.168,0.0,0.0,0.0,0.0,0.0,0.0,0.0,0.0,0.0,3185077.2,0.0,0.0,André Carson,Carson,Democrat
1807,2018,4705426.342,1102055.042,3603371.3,1092732.122,0.0,0.0,0.0,0.0,9322.92,0.0,0.0,0.0,0.0,3603371.3,0.0,0.0,André Carson,Carson,Democrat
1807,2019,4584630.2299999995,1033038.73,3551591.5,1027017.25,0.0,0.0,0.0,0.0,6021.48,0.0,0.0,0.0,0.0,3551591.5,0.0,0.0,André Carson,Carson,Democrat
1807,2020,4725681.512,1037143.7119999999,3688537.8,1035438.272,0.0,0.0,0.0,0.0,1705.44,0.0,0.0,0.0,0.0,3688537.8,0.0,0.0,André Carson,Carson,Democrat
1807,2021,4958092.028,1052066.828,3906025.2,1052066.828,0.0,0.0,0.0,0.0,0.0,0.0,0.0,0.0,0.0,3906025.2,0.0,0.0,André Carson,Carson,Democrat
1807,2022,4925127.28,925207.08,3999920.2,925207.08,0.0,0.0,0.0,0.0,0.0,0.0,0.0,0.0,0.0,3999920.2,0.0,0.0,André Carson,Carson,Democrat
1807,2023,5328322.624,1008206.624,4320116.0,1008206.624,0.0,0.0,0.0,0.0,0.0,0.0,0.0,0.0,0.0,4320116.0,0.0,0.0,André Carson,Carson,Democrat
1808,2010,89808579.8588,78284138.15879999,11524441.700000001,78284138.15879999,0.0,0.0,0.0,0.0,0.0,0.0,0.0,0.0,0.0,11524441.700000001,0.0,0.0,Mark B. Messmer,Messmer,Republican
1808,2011,86495430.74135,75493424.14135,11002006.6,75215391.94135,0.0,0.0,0.0,278032.2,0.0,0.0,0.0,0.0,0.0,11002006.6,0.0,0.0,Mark B. Messmer,Messmer,Republican
1808,2012,89293944.570052,74307471.38245,14986473.187602,73946863.58245,0.0,0.0,0.0,360607.8,0.0,0.0,4142534.487602,0.0,0.0,10843938.7,0.0,0.0,Mark B. Messmer,Messmer,Republican
1808,2013,91449645.8748,74926864.282,16522781.5928,74659050.632,0.0,0.0,0.0,267813.65,0.0,0.0,4150031.0,0.0,0.0,12372750.5928,0.0,0.0,Mark B. Messmer,Messmer,Republican
1808,2014,94637981.9464,77508202.384,17129779.562400002,77233018.234,0.0,0.0,0.0,275184.15,0.0,0.0,3985361.0,0.0,0.0,13144418.562400002,0.0,0.0,Mark B. Messmer,Messmer,Republican
1808,2015,84571651.964,68335580.664,16236071.299999999,68078327.314,0.0,0.0,0.0,257253.34999999998,0.0,0.0,3829095.0,0.0,0.0,12406976.299999999,0.0,0.0,Mark B. Messmer,Messmer,Republican
1808,2016,83490744.135,67028453.235,16462290.899999999,66804916.635,0.0,0.0,0.0,223536.6,0.0,0.0,4266306.0,0.0,0.0,12195984.899999999,0.0,0.0,Mark B. Messmer,Messmer,Republican
1808,2017,80707199.619,64799687.419,15907512.2,64585073.619,0.0,0.0,0.0,214613.8,0.0,0.0,4147206.0,0.0,0.0,11760306.2,0.0,0.0,Mark B. Messmer,Messmer,Republican
1808,2018,87626510.792,68614504.292,19012006.5,68422122.692,0.0,0.0,0.0,192381.59999999998,0.0,0.0,4239372.0,0.0,0.0,14772634.5,0.0,0.0,Mark B. Messmer,Messmer,Republican
1808,2019,76146540.04699999,56995921.346999995,19150618.7,56846522.547,0.0,0.0,0.0,149398.8,0.0,0.0,3990345.0,0.0,0.0,15160273.7,0.0,0.0,Mark B. Messmer,Messmer,Republican
1808,2020,65672981.1769904,47622531.96,18050449.2169904,47479228.66,0.0,0.0,0.0,143303.3,0.0,0.0,4227293.8169904,0.0,0.0,13823155.4,0.0,0.0,Mark B. Messmer,Messmer,Republican
1808,2021,70484764.197,53322874.097,17161890.1,53184045.397,0.0,0.0,0.0,138828.7,0.0,0.0,4185321.0,0.0,0.0,12976569.1,0.0,0.0,Mark B. Messmer,Messmer,Republican
1808,2022,72800291.656,52677460.756000005,20122830.9,52542966.606,0.0,0.0,0.0,134494.15,0.0,0.0,5109534.0,0.0,0.0,15013296.9,0.0,0.0,Mark B. Messmer,Messmer,Republican
1808,2023,62119220.946,43143679.746,18975541.2,43015733.746,0.0,0.0,0.0,127946.0,0.0,0.0,4630910.0,0.0,0.0,14344631.2,0.0,0.0,Mark B. Messmer,Messmer,Republican
1809,2010,16420655.34,16309226.34,111429.0,16309226.34,0.0,0.0,0.0,0.0,0.0,0.0,0.0,0.0,0.0,111429.0,0.0,0.0,Erin Houchin,Houchin,Republican
1809,2011,15341787.168,15231794.867999999,109992.3,15231573.168,0.0,0.0,0.0,221.7,0.0,0.0,0.0,0.0,0.0,109992.3,0.0,0.0,Erin Houchin,Houchin,Republican
1809,2012,13458684.19,13243078.69,215605.5,13242712.94,0.0,0.0,0.0,365.75,0.0,0.0,0.0,0.0,40775.0,174830.5,0.0,0.0,Erin Houchin,Houchin,Republican
1809,2013,11795156.28,11563234.68,231921.59999999998,11562927.43,0.0,0.0,0.0,307.25,0.0,0.0,0.0,0.0,33763.0,198158.59999999998,0.0,0.0,Erin Houchin,Houchin,Republican
1809,2014,13121616.372,12869074.072,252542.30000000002,12868706.072,0.0,0.0,0.0,368.0,0.0,0.0,0.0,0.0,52814.0,199728.30000000002,0.0,0.0,Erin Houchin,Houchin,Republican
1809,2015,11819910.73,11585721.93,234188.8,11585353.93,0.0,0.0,0.0,368.0,0.0,0.0,0.0,0.0,59511.7,174677.09999999998,0.0,0.0,Erin Houchin,Houchin,Republican
1809,2016,10528112.456,10296131.956,231980.5,10295763.956,0.0,0.0,0.0,368.0,0.0,0.0,0.0,0.0,66663.0,165317.5,0.0,0.0,Erin Houchin,Houchin,Republican
1809,2017,11598826.714,11387633.714,211193.0,11387216.964,0.0,0.0,0.0,416.75,0.0,0.0,0.0,0.0,42062.0,169131.0,0.0,0.0,Erin Houchin,Houchin,Republican
1809,2018,11869971.524,11627328.824,242642.69999999998,11626888.224,0.0,0.0,0.0,440.6,0.0,0.0,0.0,0.0,55551.0,187091.69999999998,0.0,0.0,Erin Houchin,Houchin,Republican
1809,2019,11254338.886,11017853.185999999,236485.7,11017477.935999999,0.0,0.0,0.0,375.25,0.0,0.0,0.0,0.0,46468.0,190017.7,0.0,0.0,Erin Houchin,Houchin,Republican
1809,2020,10207309.436,9988548.536,218760.9,9988173.786,0.0,0.0,0.0,374.75,0.0,0.0,0.0,0.0,37684.0,181076.9,0.0,0.0,Erin Houchin,Houchin,Republican
1809,2021,10595698.816000002,10374143.416000001,221555.4,10373759.166000001,0.0,0.0,0.0,384.25,0.0,0.0,0.0,0.0,38151.0,183404.4,0.0,0.0,Erin Houchin,Houchin,Republican
1809,2022,11396606.248,11170896.948,225709.3,11170512.948,0.0,0.0,0.0,384.0,0.0,0.0,0.0,0.0,36035.0,189674.3,0.0,0.0,Erin Houchin,Houchin,Republican
1809,2023,10595592.668,10384695.268,210897.4,10384307.268,0.0,0.0,0.0,388.0,0.0,0.0,0.0,0.0,36536.6,174360.8,0.0,0.0,Erin Houchin,Houchin,Republican
1901,2010,16694956.33,16694956.33,0.0,16694956.33,0.0,0.0,0.0,0.0,0.0,0.0,0.0,0.0,0.0,0.0,0.0,0.0,Mariannette Miller-Meeks,Miller-Meeks,Republican
1901,2011,16989527.776,16989527.776,0.0,16989527.776,0.0,0.0,0.0,0.0,0.0,0.0,0.0,0.0,0.0,0.0,0.0,0.0,Mariannette Miller-Meeks,Miller-Meeks,Republican
1901,2012,16429190.386,16429190.386,0.0,16429190.386,0.0,0.0,0.0,0.0,0.0,0.0,0.0,0.0,0.0,0.0,0.0,0.0,Mariannette Miller-Meeks,Miller-Meeks,Republican
1901,2013,17359331.714,17359331.714,0.0,17359331.714,0.0,0.0,0.0,0.0,0.0,0.0,0.0,0.0,0.0,0.0,0.0,0.0,Mariannette Miller-Meeks,Miller-Meeks,Republican
1901,2014,17189014.691999998,17189014.691999998,0.0,17189014.691999998,0.0,0.0,0.0,0.0,0.0,0.0,0.0,0.0,0.0,0.0,0.0,0.0,Mariannette Miller-Meeks,Miller-Meeks,Republican
1901,2015,14354984.586000001,14354984.586000001,0.0,14354984.586000001,0.0,0.0,0.0,0.0,0.0,0.0,0.0,0.0,0.0,0.0,0.0,0.0,Mariannette Miller-Meeks,Miller-Meeks,Republican
1901,2016,13131773.052,13131773.052,0.0,13131773.052,0.0,0.0,0.0,0.0,0.0,0.0,0.0,0.0,0.0,0.0,0.0,0.0,Mariannette Miller-Meeks,Miller-Meeks,Republican
1901,2017,13891113.909,13891113.909,0.0,13891104.789,0.0,0.0,0.0,0.0,9.12,0.0,0.0,0.0,0.0,0.0,0.0,0.0,Mariannette Miller-Meeks,Miller-Meeks,Republican
1901,2018,16319320.548,16319320.548,0.0,16320344.268000001,0.0,0.0,0.0,0.0,-1023.72,0.0,0.0,0.0,0.0,0.0,0.0,0.0,Mariannette Miller-Meeks,Miller-Meeks,Republican
1901,2019,14296973.52,14296973.52,0.0,14296973.52,0.0,0.0,0.0,0.0,0.0,0.0,0.0,0.0,0.0,0.0,0.0,0.0,Mariannette Miller-Meeks,Miller-Meeks,Republican
1901,2020,12842809.891999999,12842809.891999999,0.0,12842789.372,0.0,0.0,0.0,0.0,20.52,0.0,0.0,0.0,0.0,0.0,0.0,0.0,Mariannette Miller-Meeks,Miller-Meeks,Republican
1901,2021,14872792.62,14872792.62,0.0,14872792.62,0.0,0.0,0.0,0.0,0.0,0.0,0.0,0.0,0.0,0.0,0.0,0.0,Mariannette Miller-Meeks,Miller-Meeks,Republican
1901,2022,12682806.736,12682806.736,0.0,12682806.736,0.0,0.0,0.0,0.0,0.0,0.0,0.0,0.0,0.0,0.0,0.0,0.0,Mariannette Miller-Meeks,Miller-Meeks,Republican
1901,2023,12295348.5112,12295348.5112,0.0,12295338.16,0.0,0.0,0.0,0.0,10.3512,0.0,0.0,0.0,0.0,0.0,0.0,0.0,Mariannette Miller-Meeks,Miller-Meeks,Republican
1902,2010,12576662.55,9208624.350000001,3368038.2,9208624.350000001,0.0,0.0,0.0,0.0,0.0,0.0,0.0,0.0,0.0,3368038.2,0.0,0.0,Ashley Hinson,Hinson,Republican
1902,2011,12240131.552,8989229.852,3250901.6999999997,8964155.102,0.0,0.0,0.0,25074.75,0.0,0.0,0.0,0.0,0.0,3250901.6999999997,0.0,0.0,Ashley Hinson,Hinson,Republican
1902,2012,12556075.412,9141103.312,3414972.1,9115964.162,0.0,0.0,0.0,25139.15,0.0,0.0,0.0,0.0,0.0,3414972.1,0.0,0.0,Ashley Hinson,Hinson,Republican
1902,2013,12286639.702000001,8484911.302000001,3801728.4,8461544.402,0.0,0.0,0.0,23366.9,0.0,0.0,0.0,0.0,0.0,3801728.4,0.0,0.0,Ashley Hinson,Hinson,Republican
1902,2014,12942634.392,9089995.492,3852638.9000000004,9066726.242,0.0,0.0,0.0,23269.25,0.0,0.0,0.0,0.0,0.0,3852638.9000000004,0.0,0.0,Ashley Hinson,Hinson,Republican
1902,2015,12509835.858,8643728.458,3866107.4,8620425.708,0.0,0.0,0.0,23302.75,0.0,0.0,0.0,0.0,0.0,3866107.4,0.0,0.0,Ashley Hinson,Hinson,Republican
1902,2016,12671450.954,8723165.054,3948285.9,8700973.104,0.0,0.0,0.0,22191.95,0.0,0.0,0.0,0.0,0.0,3948285.9,0.0,0.0,Ashley Hinson,Hinson,Republican
1902,2017,13992376.372,9311403.672,4680972.699999999,9289130.772,0.0,0.0,0.0,22272.9,0.0,0.0,0.0,0.0,0.0,4680972.699999999,0.0,0.0,Ashley Hinson,Hinson,Republican
1902,2018,14693950.37,9080700.07,5613250.3,9058166.62,0.0,0.0,0.0,22533.45,0.0,0.0,0.0,0.0,0.0,5613250.3,0.0,0.0,Ashley Hinson,Hinson,Republican
1902,2019,14080404.032,8319033.932,5761370.1,8296359.032,0.0,0.0,0.0,22674.9,0.0,0.0,0.0,0.0,0.0,5761370.1,0.0,0.0,Ashley Hinson,Hinson,Republican
1902,2020,12788610.304,7536742.504,5251867.8,7514878.704,0.0,0.0,0.0,21863.800000000003,0.0,0.0,0.0,0.0,0.0,5251867.8,0.0,0.0,Ashley Hinson,Hinson,Republican
1902,2021,13052816.768000001,8218772.1680000005,4834044.6,8196311.568,0.0,0.0,0.0,22460.600000000002,0.0,0.0,0.0,0.0,0.0,4834044.6,0.0,0.0,Ashley Hinson,Hinson,Republican
1902,2022,13966473.002,8596878.102,5369594.899999999,8574439.352,0.0,0.0,0.0,22438.75,0.0,0.0,0.0,0.0,0.0,5369594.899999999,0.0,0.0,Ashley Hinson,Hinson,Republican
1902,2023,13482825.282,7741921.282,5740904.0,7719394.182,0.0,0.0,0.0,22527.100000000002,0.0,0.0,0.0,0.0,0.0,5740904.0,0.0,0.0,Ashley Hinson,Hinson,Republican
1903,2010,16007897.292822,5960737.992822,10047159.3,5960737.992822,0.0,0.0,0.0,0.0,0.0,0.0,0.0,0.0,0.0,10047159.3,0.0,0.0,Zachary Nunn,Nunn,Republican
1903,2011,15663327.318103999,5754429.118104001,9908898.2,5632094.488104001,0.0,0.0,0.0,104422.95,17911.68,0.0,0.0,0.0,0.0,9908898.2,0.0,0.0,Zachary Nunn,Nunn,Republican
1903,2012,14210036.632521,5030976.632521,9179060.0,4920612.842521,0.0,0.0,0.0,102958.35,7405.44,0.0,0.0,0.0,0.0,9179060.0,0.0,0.0,Zachary Nunn,Nunn,Republican
1903,2013,16021743.328,5243764.828,10777978.5,5121110.658,0.0,0.0,0.0,99457.45,23196.72,0.0,0.0,0.0,0.0,10777978.5,0.0,0.0,Zachary Nunn,Nunn,Republican
1903,2014,15595791.362,4524167.262,11071624.1,4396409.492,0.0,0.0,0.0,96843.25,30914.52,0.0,0.0,0.0,0.0,11071624.1,0.0,0.0,Zachary Nunn,Nunn,Republican
1903,2015,15416982.117999999,5579155.217999999,9837826.9,5464711.187999999,0.0,0.0,0.0,93237.75,21206.28,0.0,0.0,0.0,0.0,9837826.9,0.0,0.0,Zachary Nunn,Nunn,Republican
1903,2016,15592240.56,5636156.86,9956083.7,5526983.22,0.0,0.0,0.0,93902.2,15271.44,0.0,0.0,0.0,0.0,9956083.7,0.0,0.0,Zachary Nunn,Nunn,Republican
1903,2017,16424172.514,6005128.313999999,10419044.2,5895422.693999999,0.0,0.0,0.0,93782.09999999999,15923.52,0.0,0.0,0.0,0.0,10419044.2,0.0,0.0,Zachary Nunn,Nunn,Republican
1903,2018,17545842.484,5791055.384,11754787.1,5688117.874,0.0,0.0,0.0,93710.35,9227.16,0.0,0.0,0.0,0.0,11754787.1,0.0,0.0,Zachary Nunn,Nunn,Republican
1903,2019,18172418.142,5780543.742,12391874.4,5668151.552,0.0,0.0,0.0,93826.15,18566.04,0.0,0.0,0.0,0.0,12391874.4,0.0,0.0,Zachary Nunn,Nunn,Republican
1903,2020,15961848.712000001,4447149.112,11514699.6,4342831.102,0.0,0.0,0.0,93757.04999999999,10560.96,0.0,0.0,0.0,0.0,11514699.6,0.0,0.0,Zachary Nunn,Nunn,Republican
1903,2021,18039136.994,6510188.194,11528948.8,6406972.6,0.0,0.0,0.0,93735.696,9479.898,0.0,0.0,0.0,0.0,11528948.8,0.0,0.0,Zachary Nunn,Nunn,Republican
1903,2022,17617136.8332,5762777.1332,11854359.700000001,5663329.298,0.0,0.0,0.0,94177.296,5270.5392,0.0,0.0,0.0,0.0,11854359.700000001,0.0,0.0,Zachary Nunn,Nunn,Republican
1903,2023,16974430.6,5740631.9,11233798.7,5641470.272,0.0,0.0,0.0,93886.848,5274.78,0.0,0.0,0.0,0.0,11233798.7,0.0,0.0,Zachary Nunn,Nunn,Republican
1904,2010,30253166.692761,30163437.792760998,89728.9,30163437.792760998,0.0,0.0,0.0,0.0,0.0,0.0,0.0,0.0,0.0,89728.9,0.0,0.0,Randy Feenstra,Feenstra,Republican
1904,2011,28236298.718118,28148438.018117998,87860.7,28148438.018117998,0.0,0.0,0.0,0.0,0.0,0.0,0.0,0.0,0.0,87860.7,0.0,0.0,Randy Feenstra,Feenstra,Republican
1904,2012,26132405.614570998,26052642.714571,79762.9,26052642.714571,0.0,0.0,0.0,0.0,0.0,0.0,0.0,0.0,0.0,79762.9,0.0,0.0,Randy Feenstra,Feenstra,Republican
1904,2013,23563665.506,23471416.806,92248.7,23471416.806,0.0,0.0,0.0,0.0,0.0,0.0,0.0,0.0,0.0,92248.7,0.0,0.0,Randy Feenstra,Feenstra,Republican
1904,2014,24293276.532,24202464.832,90811.7,24202464.832,0.0,0.0,0.0,0.0,0.0,0.0,0.0,0.0,0.0,90811.7,0.0,0.0,Randy Feenstra,Feenstra,Republican
1904,2015,21882755.214,21795065.614,87689.6,21795065.614,0.0,0.0,0.0,0.0,0.0,0.0,0.0,0.0,0.0,87689.6,0.0,0.0,Randy Feenstra,Feenstra,Republican
1904,2016,18842418.256,18756830.656,85587.6,18756830.656,0.0,0.0,0.0,0.0,0.0,0.0,0.0,0.0,0.0,85587.6,0.0,0.0,Randy Feenstra,Feenstra,Republican
1904,2017,21303378.45,21204993.75,98384.7,21204993.75,0.0,0.0,0.0,0.0,0.0,0.0,0.0,0.0,0.0,98384.7,0.0,0.0,Randy Feenstra,Feenstra,Republican
1904,2018,24550032.934,24458873.834000003,91159.1,24458873.834000003,0.0,0.0,0.0,0.0,0.0,0.0,0.0,0.0,0.0,91159.1,0.0,0.0,Randy Feenstra,Feenstra,Republican
1904,2019,20552608.274,20474222.474,78385.8,20474222.474,0.0,0.0,0.0,0.0,0.0,0.0,0.0,0.0,0.0,78385.8,0.0,0.0,Randy Feenstra,Feenstra,Republican
1904,2020,15402231.576,15326379.876,75851.7,15326379.876,0.0,0.0,0.0,0.0,0.0,0.0,0.0,0.0,0.0,75851.7,0.0,0.0,Randy Feenstra,Feenstra,Republican
1904,2021,18312395.754,18225475.354,86920.4,18225475.354,0.0,0.0,0.0,0.0,0.0,0.0,0.0,0.0,0.0,86920.4,0.0,0.0,Randy Feenstra,Feenstra,Republican
1904,2022,17734397.068,17637213.868,97183.2,17637213.868,0.0,0.0,0.0,0.0,0.0,0.0,0.0,0.0,0.0,97183.2,0.0,0.0,Randy Feenstra,Feenstra,Republican
1904,2023,18052360.0778576,17935821.1778576,116538.9,17935821.1778576,0.0,0.0,0.0,0.0,0.0,0.0,0.0,0.0,0.0,116538.9,0.0,0.0,Randy Feenstra,Feenstra,Republican
2001,2010,52164316.52,25434934.92,26729381.6,25434934.92,0.0,0.0,0.0,0.0,0.0,0.0,0.0,0.0,0.0,2077090.5,24652291.1,0.0,Tracey Mann,Mann,Republican
2001,2011,54393810.846,26685692.246,27708118.6,26419718.73,240941.416,0.0,0.0,25032.1,0.0,0.0,0.0,0.0,0.0,2151466.0,25556652.6,0.0,Tracey Mann,Mann,Republican
2001,2012,66875850.506000005,23398027.006,43477823.5,23131922.242000002,230792.25400000002,0.0,0.0,24854.15,10458.36,0.0,14153644.1,0.0,0.0,2038993.9,27285185.5,0.0,Tracey Mann,Mann,Republican
2001,2013,65176255.892,25878323.492,39297932.4,25626525.054,221579.358,0.0,0.0,24847.4,5371.68,0.0,13804087.0,0.0,0.0,2179934.3,23313911.1,0.0,Tracey Mann,Mann,Republican
2001,2014,60978155.818,23441444.318,37536711.5,23287815.038000003,129297.34,0.0,0.0,21395.3,2936.64,0.0,13986737.2,0.0,0.0,2470510.2,21079464.1,0.0,Tracey Mann,Mann,Republican
2001,2015,58360888.618,21726982.718000002,36633905.9,21645328.61,59759.327999999994,0.0,0.0,20592.9,1301.88,0.0,11839102.3,0.0,0.0,2094146.7999999998,22700656.799999997,0.0,Tracey Mann,Mann,Republican
2001,2016,60012976.828,20520865.128000002,39492111.7,19973206.488,43065.032,483399.858,0.0,21193.75,0.0,0.0,14723382.1,0.0,0.0,2147162.0,22621567.6,0.0,Tracey Mann,Mann,Republican
2001,2017,64049330.316,20502396.016,43546934.3,19943860.89,22324.334,516354.642,0.0,19856.15,0.0,0.0,16988670.2,0.0,0.0,1995672.2999999998,24562591.799999997,0.0,Tracey Mann,Mann,Republican
2001,2018,66380233.846,20354413.546,46025820.3,19827562.06,0.0,507209.88599999994,0.0,19641.6,0.0,0.0,17438789.1,0.0,0.0,2124382.6,26462648.6,0.0,Tracey Mann,Mann,Republican
2001,2019,60733303.552,16799316.852,43933986.7,16366823.722,0.0,413782.88,0.0,18710.25,0.0,0.0,15589573.9,0.0,0.0,2245940.1,26098472.7,0.0,Tracey Mann,Mann,Republican
2001,2020,57605805.194,15958868.394,41646936.8,15587562.398,0.0,371305.996,0.0,0.0,0.0,0.0,16809558.2,0.0,0.0,2391019.5,22446359.1,0.0,Tracey Mann,Mann,Republican
2001,2021,63345067.852,17324657.851999998,46020410.0,16991149.78,0.0,333508.07200000004,0.0,0.0,0.0,0.0,18062654.3,0.0,0.0,2547848.5,25409907.2,0.0,Tracey Mann,Mann,Republican
2001,2022,68081097.138,18271663.538,49809433.599999994,17975550.938,0.0,296112.6,0.0,0.0,0.0,0.0,17996334.0,0.0,0.0,2794829.2,29018270.4,0.0,Tracey Mann,Mann,Republican
2001,2023,68001277.006,14603571.806,53397705.2,14332827.854,0.0,270743.952,0.0,0.0,0.0,0.0,18377996.0,0.0,0.0,2385416.4000000004,32634292.799999997,0.0,Tracey Mann,Mann,Republican
2002,2010,19449896.386277,19409585.086277,40311.3,19409585.086277,0.0,0.0,0.0,0.0,0.0,0.0,0.0,0.0,0.0,40311.3,0.0,0.0,Derek Schmidt,Schmidt,Republican
2002,2011,18306624.832875,18269302.532874998,37322.3,18205347.512875,0.0,0.0,0.0,1439.7,62515.32,0.0,0.0,0.0,0.0,37322.3,0.0,0.0,Derek Schmidt,Schmidt,Republican
2002,2012,35944843.223659,17878164.123659,18066679.1,17775982.473659,0.0,0.0,0.0,1428.45,100753.2,0.0,18039753.0,0.0,0.0,26926.1,0.0,0.0,Derek Schmidt,Schmidt,Republican
2002,2013,33718399.896,16632205.796,17086194.099999998,16579903.786,0.0,0.0,0.0,1601.65,50700.36,0.0,17055245.4,0.0,0.0,30948.7,0.0,0.0,Derek Schmidt,Schmidt,Republican
2002,2014,37002109.896,18307361.096,18694748.8,18273693.466000002,0.0,0.0,0.0,1494.55,32173.08,0.0,18662576.0,0.0,0.0,32172.8,0.0,0.0,Derek Schmidt,Schmidt,Republican
2002,2015,33371896.684,16003316.684,17368580.0,15974430.004,0.0,0.0,0.0,1524.4,27362.28,0.0,17333027.0,0.0,0.0,35553.0,0.0,0.0,Derek Schmidt,Schmidt,Republican
2002,2016,35681698.6588,16352984.92,19328713.738799997,16206967.414,0.0,119327.526,0.0,1334.1,25355.88,0.0,19273606.8388,0.0,0.0,55106.9,0.0,0.0,Derek Schmidt,Schmidt,Republican
2002,2017,31263281.720299996,12321200.671999998,18942081.0483,12286284.622,0.0,0.0,0.0,1308.85,33607.2,0.0,18901839.5483,0.0,0.0,40241.5,0.0,0.0,Derek Schmidt,Schmidt,Republican
2002,2018,32970284.3549,13961705.024,19008579.3309,13954586.114,0.0,0.0,0.0,1357.35,5761.56,0.0,18916603.1309,0.0,0.0,91976.2,0.0,0.0,Derek Schmidt,Schmidt,Republican
2002,2019,34113011.329500005,14355898.959999999,19757112.3695,14295896.55,0.0,0.0,0.0,1287.85,58714.56,0.0,19613929.4695,0.0,0.0,143182.9,0.0,0.0,Derek Schmidt,Schmidt,Republican
2002,2020,29331983.3845,13916949.502,15415033.8825,13903343.962,0.0,0.0,0.0,3612.3,9993.24,0.0,15224707.7825,0.0,0.0,190326.1,0.0,0.0,Derek Schmidt,Schmidt,Republican
2002,2021,32284237.1463,14365649.6908,17918587.4555,14357333.967999998,0.0,0.0,0.0,2068.5,6247.2228,0.0,17761690.7555,0.0,0.0,156896.7,0.0,0.0,Derek Schmidt,Schmidt,Republican
2002,2022,34605076.1867,14795944.001600001,19809132.1851,14741926.82,0.0,0.0,0.0,1235.25,52781.9316,0.0,19606686.8851,0.0,0.0,202445.3,0.0,0.0,Derek Schmidt,Schmidt,Republican
2002,2023,33464001.487949505,14564940.7092,18899060.778749503,14498281.561999999,0.0,0.0,0.0,1219.75,65439.3972,0.0,18817781.6787495,0.0,0.0,81279.1,0.0,0.0,Derek Schmidt,Schmidt,Republican
2003,2010,7232390.640000001,1249467.9400000002,5982922.7,1249467.9400000002,0.0,0.0,0.0,0.0,0.0,0.0,0.0,0.0,0.0,5982922.7,0.0,0.0,Sharice Davids,Davids,Democrat
2003,2011,6986324.0139999995,1050072.2140000002,5936251.8,911633.6640000001,0.0,0.0,0.0,138438.55,0.0,0.0,0.0,0.0,0.0,5936251.8,0.0,0.0,Sharice Davids,Davids,Democrat
2003,2012,6350780.248000001,1253545.848,5097234.4,1123427.7480000001,0.0,0.0,0.0,130118.1,0.0,0.0,0.0,0.0,0.0,5097234.4,0.0,0.0,Sharice Davids,Davids,Democrat
2003,2013,7403462.218,1227240.578,6176221.64,1076685.778,0.0,0.0,0.0,150554.8,0.0,0.0,0.0,0.0,0.0,6176221.64,0.0,0.0,Sharice Davids,Davids,Democrat
2003,2014,7749068.208399999,1337517.422,6411550.7864,1211144.822,0.0,0.0,0.0,126372.6,0.0,0.0,0.0,0.0,0.0,6411550.7864,0.0,0.0,Sharice Davids,Davids,Democrat
2003,2015,6125276.54,583321.64,5541954.9,462861.64,0.0,0.0,0.0,120460.0,0.0,0.0,0.0,0.0,0.0,5541954.9,0.0,0.0,Sharice Davids,Davids,Democrat
2003,2016,5961149.334000001,497217.434,5463931.9,385542.784,0.0,0.0,0.0,111674.65,0.0,0.0,0.0,0.0,0.0,5463931.9,0.0,0.0,Sharice Davids,Davids,Democrat
2003,2017,5970213.515999999,459608.416,5510605.1,357391.566,0.0,0.0,0.0,102216.85,0.0,0.0,0.0,0.0,0.0,5510605.1,0.0,0.0,Sharice Davids,Davids,Democrat
2003,2018,6829626.348,514158.948,6315467.4,404406.098,0.0,0.0,0.0,109752.85,0.0,0.0,0.0,0.0,0.0,6315467.4,0.0,0.0,Sharice Davids,Davids,Democrat
2003,2019,6913256.34,548645.94,6364610.4,446281.24,0.0,0.0,0.0,102364.7,0.0,0.0,0.0,0.0,0.0,6364610.4,0.0,0.0,Sharice Davids,Davids,Democrat
2003,2020,6465390.642,532867.342,5932523.3,436194.942,0.0,0.0,0.0,96672.4,0.0,0.0,0.0,0.0,0.0,5932523.3,0.0,0.0,Sharice Davids,Davids,Democrat
2003,2021,6325427.107999999,459769.50800000003,5865657.6,365029.65800000005,0.0,0.0,0.0,94739.85,0.0,0.0,0.0,0.0,0.0,5865657.6,0.0,0.0,Sharice Davids,Davids,Democrat
2003,2022,7031782.92,528657.22,6503125.7,450467.87,0.0,0.0,0.0,78189.35,0.0,0.0,0.0,0.0,0.0,6503125.7,0.0,0.0,Sharice Davids,Davids,Democrat
2003,2023,6578648.432,541077.532,6037570.9,482920.032,0.0,0.0,0.0,58157.5,0.0,0.0,0.0,0.0,0.0,6037570.9,0.0,0.0,Sharice Davids,Davids,Democrat
2004,2010,2891733.2720000003,2852143.1720000003,39590.1,2852143.1720000003,0.0,0.0,0.0,0.0,0.0,0.0,0.0,0.0,0.0,39590.1,0.0,0.0,Ron Estes,Estes,Republican
2004,2011,3141960.378,3101072.178,40888.2,3101072.178,0.0,0.0,0.0,0.0,0.0,0.0,0.0,0.0,0.0,40888.2,0.0,0.0,Ron Estes,Estes,Republican
2004,2012,30476179.826,2983661.126,27492518.7,2983661.126,0.0,0.0,0.0,0.0,0.0,0.0,19650809.0,0.0,7809846.899999999,31862.8,0.0,0.0,Ron Estes,Estes,Republican
2004,2013,29675182.694,3012373.294,26662809.400000002,3005380.044,6993.25,0.0,0.0,0.0,0.0,0.0,18975072.0,0.0,7647024.0,40713.4,0.0,0.0,Ron Estes,Estes,Republican
2004,2014,27407267.64,2873601.5399999996,24533666.099999998,2861557.69,12043.849999999999,0.0,0.0,0.0,0.0,0.0,17351730.0,0.0,7141375.3,40560.8,0.0,0.0,Ron Estes,Estes,Republican
2004,2015,28590447.966000002,2878872.866,25711575.1,2865876.366,12996.5,0.0,0.0,0.0,0.0,0.0,19825459.0,0.0,5854410.7,31705.4,0.0,0.0,Ron Estes,Estes,Republican
2004,2016,31146471.1,2814423.6999999997,28332047.4,2814423.6999999997,0.0,0.0,0.0,0.0,0.0,0.0,21125445.0,0.0,7177714.8,28887.6,0.0,0.0,Ron Estes,Estes,Republican
2004,2017,28165324.154000003,2784449.154,25380875.0,2784449.154,0.0,0.0,0.0,0.0,0.0,0.0,20155002.0,0.0,5198985.100000001,26887.9,0.0,0.0,Ron Estes,Estes,Republican
2004,2018,25253157.772000004,2984252.0719999997,22268905.7,2984252.0719999997,0.0,0.0,0.0,0.0,0.0,0.0,18214209.0,0.0,4019019.0,35677.7,0.0,0.0,Ron Estes,Estes,Republican
2004,2019,27848519.678,2854883.278,24993636.4,2854883.278,0.0,0.0,0.0,0.0,0.0,0.0,20601054.0,0.0,4353804.0,38778.4,0.0,0.0,Ron Estes,Estes,Republican
2004,2020,27464483.794,2685474.494,24779009.3,2685474.494,0.0,0.0,0.0,0.0,0.0,0.0,19405437.0,0.0,5339882.1,33690.2,0.0,0.0,Ron Estes,Estes,Republican
2004,2021,35493979.066,2816740.166,32677238.9,2816740.166,0.0,0.0,0.0,0.0,0.0,0.0,23172263.0,0.0,9475833.7,29142.2,0.0,0.0,Ron Estes,Estes,Republican
2004,2022,30387391.588,2972807.1980000003,27414584.39,2972807.1980000003,0.0,0.0,0.0,0.0,0.0,0.0,21391294.0,0.0,5991498.6899999995,31791.7,0.0,0.0,Ron Estes,Estes,Republican
2004,2023,25539566.106,3024358.336,22515207.77,3024358.336,0.0,0.0,0.0,0.0,0.0,0.0,18302385.0,0.0,4185914.4699999997,26908.3,0.0,0.0,Ron Estes,Estes,Republican
2101,2010,17728190.51285,17453700.81285,274489.7,17453700.81285,0.0,0.0,0.0,0.0,0.0,0.0,0.0,0.0,0.0,274489.7,0.0,0.0,James Comer,Comer,Republican
2101,2011,21337253.5735,21066510.3735,270743.19999999995,21065489.1735,0.0,0.0,0.0,1021.2,0.0,0.0,0.0,0.0,0.0,270743.19999999995,0.0,0.0,James Comer,Comer,Republican
2101,2012,19752492.360092,19502973.060092,249519.30000000002,19501919.260092,0.0,0.0,0.0,1053.8,0.0,0.0,0.0,0.0,0.0,249519.30000000002,0.0,0.0,James Comer,Comer,Republican
2101,2013,19822790.12,19537255.72,285534.4,19536165.67,0.0,0.0,0.0,1090.05,0.0,0.0,0.0,0.0,0.0,285534.4,0.0,0.0,James Comer,Comer,Republican
2101,2014,19421989.947,19119233.647,302756.3,19118088.247,0.0,0.0,0.0,1145.4,0.0,0.0,0.0,0.0,0.0,302756.3,0.0,0.0,James Comer,Comer,Republican
2101,2015,16557246.479,16279544.179000001,277702.3,16277040.979,0.0,0.0,0.0,2503.2,0.0,0.0,0.0,0.0,0.0,277702.3,0.0,0.0,James Comer,Comer,Republican
2101,2016,17162246.783,16891172.683,271074.10000000003,16888553.733,0.0,0.0,0.0,2618.95,0.0,0.0,0.0,0.0,0.0,271074.10000000003,0.0,0.0,James Comer,Comer,Republican
2101,2017,15654792.5815,15392577.4815,262215.1,15389899.431499999,0.0,0.0,0.0,2678.05,0.0,0.0,0.0,0.0,0.0,262215.1,0.0,0.0,James Comer,Comer,Republican
2101,2018,15951957.792,15658453.391999999,293504.39999999997,15656210.442,0.0,0.0,0.0,2242.95,0.0,0.0,0.0,0.0,0.0,293504.39999999997,0.0,0.0,James Comer,Comer,Republican
2101,2019,13936543.803,13664698.603,271845.2,13661954.453,0.0,0.0,0.0,2744.15,0.0,0.0,0.0,0.0,0.0,271845.2,0.0,0.0,James Comer,Comer,Republican
2101,2020,9606521.497,9349082.997,257438.5,9346293.097,0.0,0.0,0.0,2789.9,0.0,0.0,0.0,0.0,0.0,257438.5,0.0,0.0,James Comer,Comer,Republican
2101,2021,13310313.9215,13041365.1215,268948.8,13038552.9715,0.0,0.0,0.0,2812.15,0.0,0.0,0.0,0.0,0.0,268948.8,0.0,0.0,James Comer,Comer,Republican
2101,2022,11862514.4245,11587764.124499999,274750.3,11585115.2745,0.0,0.0,0.0,2648.8500000000004,0.0,0.0,0.0,0.0,0.0,274750.3,0.0,0.0,James Comer,Comer,Republican
2101,2023,9731539.873,9465786.773,265753.1,9462954.523,0.0,0.0,0.0,2832.25,0.0,0.0,0.0,0.0,0.0,265753.1,0.0,0.0,James Comer,Comer,Republican
2102,2010,25452780.226,25452780.226,0.0,25452780.226,0.0,0.0,0.0,0.0,0.0,0.0,0.0,0.0,0.0,0.0,0.0,0.0,Brett Guthrie,Guthrie,Republican
2102,2011,25921815.183000002,25921815.183000002,0.0,25921815.183000002,0.0,0.0,0.0,0.0,0.0,0.0,0.0,0.0,0.0,0.0,0.0,0.0,Brett Guthrie,Guthrie,Republican
2102,2012,27141872.972,27141872.972,0.0,27141872.972,0.0,0.0,0.0,0.0,0.0,0.0,0.0,0.0,0.0,0.0,0.0,0.0,Brett Guthrie,Guthrie,Republican
2102,2013,24552090.327,24552090.327,0.0,24552090.327,0.0,0.0,0.0,0.0,0.0,0.0,0.0,0.0,0.0,0.0,0.0,0.0,Brett Guthrie,Guthrie,Republican
2102,2014,23924219.25,23924219.25,0.0,23924219.25,0.0,0.0,0.0,0.0,0.0,0.0,0.0,0.0,0.0,0.0,0.0,0.0,Brett Guthrie,Guthrie,Republican
2102,2015,21075920.95,21075920.95,0.0,21075920.95,0.0,0.0,0.0,0.0,0.0,0.0,0.0,0.0,0.0,0.0,0.0,0.0,Brett Guthrie,Guthrie,Republican
2102,2016,17766736.138,17766736.138,0.0,17734530.508,0.0,0.0,32205.63,0.0,0.0,0.0,0.0,0.0,0.0,0.0,0.0,0.0,Brett Guthrie,Guthrie,Republican
2102,2017,11217933.0702787,11217933.0702787,0.0,11193200.157,0.0,0.0,24732.9132787,0.0,0.0,0.0,0.0,0.0,0.0,0.0,0.0,0.0,Brett Guthrie,Guthrie,Republican
2102,2018,13652460.144366,13652460.144366,0.0,13606359.534,0.0,0.0,46100.610366,0.0,0.0,0.0,0.0,0.0,0.0,0.0,0.0,0.0,Brett Guthrie,Guthrie,Republican
2102,2019,12337635.950462801,12337635.950462801,0.0,12259518.287,0.0,0.0,78117.6634628,0.0,0.0,0.0,0.0,0.0,0.0,0.0,0.0,0.0,Brett Guthrie,Guthrie,Republican
2102,2020,8472900.4202906,8472900.4202906,0.0,8421246.92,0.0,0.0,51653.5002906,0.0,0.0,0.0,0.0,0.0,0.0,0.0,0.0,0.0,Brett Guthrie,Guthrie,Republican
2102,2021,8201832.0921326,8201832.0921326,0.0,8168491.738,0.0,0.0,33340.3541326,0.0,0.0,0.0,0.0,0.0,0.0,0.0,0.0,0.0,Brett Guthrie,Guthrie,Republican
2102,2022,7239205.6855916,7239205.6855916,0.0,7222376.693,0.0,0.0,16828.9925916,0.0,0.0,0.0,0.0,0.0,0.0,0.0,0.0,0.0,Brett Guthrie,Guthrie,Republican
2102,2023,7439135.6448265,7439135.6448265,0.0,7424905.995,0.0,0.0,14229.6498265,0.0,0.0,0.0,0.0,0.0,0.0,0.0,0.0,0.0,Brett Guthrie,Guthrie,Republican
2103,2010,21584148.175878,18998748.175878,2585400.0,18998748.175878,0.0,0.0,0.0,0.0,0.0,0.0,0.0,0.0,0.0,2585400.0,0.0,0.0,Morgan McGarvey,McGarvey,Democrat
2103,2011,21804374.939990606,19425431.439990606,2378943.5,19367241.129990604,0.0,0.0,0.0,36229.35,21960.96,0.0,0.0,0.0,0.0,2378943.5,0.0,0.0,Morgan McGarvey,McGarvey,Democrat
2103,2012,18157693.48968311,15916193.48968311,2241500.0,15838436.21968311,0.0,0.0,0.0,36229.35,41527.92,0.0,0.0,0.0,0.0,2241500.0,0.0,0.0,Morgan McGarvey,McGarvey,Democrat
2103,2013,18987685.06038,16352819.16038,2634865.9,16321736.82038,0.0,0.0,0.0,30437.1,645.24,0.0,0.0,0.0,0.0,2634865.9,0.0,0.0,Morgan McGarvey,McGarvey,Democrat
2103,2014,20686901.08076,17866536.48076,2820364.6,17740779.18076,0.0,0.0,0.0,30419.1,95338.2,0.0,0.0,0.0,0.0,2820364.6,0.0,0.0,Morgan McGarvey,McGarvey,Democrat
2103,2015,18200173.200000003,15659663.4,2540509.8,15571387.18,0.0,0.0,0.0,35621.9,52654.32,0.0,0.0,0.0,0.0,2540509.8,0.0,0.0,Morgan McGarvey,McGarvey,Democrat
2103,2016,16545435.493999999,14098354.994,2447080.5,14012963.054,0.0,0.0,0.0,28977.9,56414.04,0.0,0.0,0.0,0.0,2447080.5,0.0,0.0,Morgan McGarvey,McGarvey,Democrat
2103,2017,18878848.588,16600983.287999999,2277865.3,16507597.258,0.0,0.0,0.0,22874.75,70511.28,0.0,0.0,0.0,0.0,2277865.3,0.0,0.0,Morgan McGarvey,McGarvey,Democrat
2103,2018,18006243.458,15384809.758,2621433.7,15339153.358,0.0,0.0,0.0,23449.2,22207.2,0.0,0.0,0.0,0.0,2621433.7,0.0,0.0,Morgan McGarvey,McGarvey,Democrat
2103,2019,18010826.336,15462983.836,2547842.5,15431178.185999999,0.0,0.0,0.0,22491.85,9313.8,0.0,0.0,0.0,0.0,2547842.5,0.0,0.0,Morgan McGarvey,McGarvey,Democrat
2103,2020,14292673.266,11963918.666000001,2328754.6,11904037.716,0.0,0.0,0.0,22203.95,37677.0,0.0,0.0,0.0,0.0,2328754.6,0.0,0.0,Morgan McGarvey,McGarvey,Democrat
2103,2021,15956885.3916,13518462.0916,2438423.3,13490492.554,0.0,0.0,0.0,22118.1,5851.4376,0.0,0.0,0.0,0.0,2438423.3,0.0,0.0,Morgan McGarvey,McGarvey,Democrat
2103,2022,15530501.993600002,12929020.2936,2601481.7,12902580.83,0.0,0.0,0.0,22057.6,4381.8636,0.0,0.0,0.0,0.0,2601481.7,0.0,0.0,Morgan McGarvey,McGarvey,Democrat
2103,2023,13749390.7932,11465245.0932,2284145.7,11438868.51,0.0,0.0,0.0,22018.5,4358.0832,0.0,0.0,0.0,0.0,2284145.7,0.0,0.0,Morgan McGarvey,McGarvey,Democrat
2104,2010,35949392.29,33446297.490000002,2503094.8,33446297.490000002,0.0,0.0,0.0,0.0,0.0,0.0,0.0,0.0,0.0,512901.8,1990193.0,0.0,Thomas Massie,Massie,Republican
2104,2011,38615519.122,36169088.422,2446430.7,36169088.422,0.0,0.0,0.0,0.0,0.0,0.0,0.0,0.0,0.0,514568.2,1931862.5,0.0,Thomas Massie,Massie,Republican
2104,2012,36029491.472,33696763.972,2332727.5,33696763.972,0.0,0.0,0.0,0.0,0.0,0.0,0.0,0.0,0.0,545877.0,1786850.5,0.0,Thomas Massie,Massie,Republican
2104,2013,37956779.886,35509687.086,2447092.8,35509687.086,0.0,0.0,0.0,0.0,0.0,0.0,0.0,0.0,0.0,556434.1,1890658.7,0.0,Thomas Massie,Massie,Republican
2104,2014,37298617.592,34875878.792,2422738.8,34875878.792,0.0,0.0,0.0,0.0,0.0,0.0,0.0,0.0,0.0,575400.0,1847338.8,0.0,Thomas Massie,Massie,Republican
2104,2015,35969106.796,34046074.796,1923032.0,34046074.796,0.0,0.0,0.0,0.0,0.0,0.0,0.0,0.0,0.0,520161.9,1402870.1,0.0,Thomas Massie,Massie,Republican
2104,2016,36366394.828,34324777.528000005,2041617.3,34324777.528000005,0.0,0.0,0.0,0.0,0.0,0.0,0.0,0.0,0.0,562788.7,1478828.6,0.0,Thomas Massie,Massie,Republican
2104,2017,35282447.12,33349929.419999998,1932517.7,33349929.419999998,0.0,0.0,0.0,0.0,0.0,0.0,0.0,0.0,0.0,577372.0,1355145.7,0.0,Thomas Massie,Massie,Republican
2104,2018,34730391.194,32787158.194,1943233.0,32787158.194,0.0,0.0,0.0,0.0,0.0,0.0,0.0,0.0,0.0,571444.2,1371788.8,0.0,Thomas Massie,Massie,Republican
2104,2019,31414699.046,29649557.346,1765141.7,29649557.346,0.0,0.0,0.0,0.0,0.0,0.0,0.0,0.0,0.0,572138.8,1193002.9,0.0,Thomas Massie,Massie,Republican
2104,2020,31260854.616,29576772.416,1684082.2,29576772.416,0.0,0.0,0.0,0.0,0.0,0.0,0.0,0.0,0.0,566298.5,1117783.7,0.0,Thomas Massie,Massie,Republican
2104,2021,33383559.672000002,31645506.072,1738053.5999999999,31645506.072,0.0,0.0,0.0,0.0,0.0,0.0,0.0,0.0,0.0,635215.7,1102837.9,0.0,Thomas Massie,Massie,Republican
2104,2022,34935940.81,33236539.11,1699401.7000000002,33236539.11,0.0,0.0,0.0,0.0,0.0,0.0,0.0,0.0,0.0,604751.1,1094650.6,0.0,Thomas Massie,Massie,Republican
2104,2023,31193519.556,29429968.756,1763550.8,29429968.756,0.0,0.0,0.0,0.0,0.0,0.0,0.0,0.0,0.0,618341.5,1145209.3,0.0,Thomas Massie,Massie,Republican
2105,2010,13368596.806,13284068.605999999,84528.20000000001,13284068.605999999,0.0,0.0,0.0,0.0,0.0,0.0,0.0,0.0,0.0,84528.20000000001,0.0,0.0,Harold Rogers,Rogers,Republican
2105,2011,14341655.37,14258253.97,83401.4,14258253.97,0.0,0.0,0.0,0.0,0.0,0.0,0.0,0.0,0.0,83401.4,0.0,0.0,Harold Rogers,Rogers,Republican
2105,2012,46145419.28599999,10255210.486,35890208.8,10255210.486,0.0,0.0,0.0,0.0,0.0,0.0,35807246.0,0.0,0.0,82962.79999999999,0.0,0.0,Harold Rogers,Rogers,Republican
2105,2013,42739744.81199999,9509478.602,33230266.21,9509478.602,0.0,0.0,0.0,0.0,0.0,0.0,33133728.91,0.0,0.0,96537.29999999999,0.0,0.0,Harold Rogers,Rogers,Republican
2105,2014,43837055.642,10357773.382,33479282.26,10357773.382,0.0,0.0,0.0,0.0,0.0,0.0,33386775.16,0.0,0.0,92507.1,0.0,0.0,Harold Rogers,Rogers,Republican
2105,2015,42445440.966,8677298.476,33768142.489999995,8677298.476,0.0,0.0,0.0,0.0,0.0,0.0,33682144.99,0.0,0.0,85997.5,0.0,0.0,Harold Rogers,Rogers,Republican
2105,2016,42123082.506,4778494.716,37344587.79,4778494.716,0.0,0.0,0.0,0.0,0.0,0.0,37256905.39,0.0,0.0,87682.4,0.0,0.0,Harold Rogers,Rogers,Republican
2105,2017,41814947.0559667,4407681.397,37407265.6589667,4407681.397,0.0,0.0,0.0,0.0,0.0,0.0,37327160.6589667,0.0,0.0,80105.0,0.0,0.0,Harold Rogers,Rogers,Republican
2105,2018,45096976.811400004,4931073.555,40165903.2564,4931073.555,0.0,0.0,0.0,0.0,0.0,0.0,40087557.9564,0.0,0.0,78345.3,0.0,0.0,Harold Rogers,Rogers,Republican
2105,2019,44530398.048521,4673335.534,39857062.514521,4673335.534,0.0,0.0,0.0,0.0,0.0,0.0,39784334.514521,0.0,0.0,72728.0,0.0,0.0,Harold Rogers,Rogers,Republican
2105,2020,38162415.169999994,4319080.8270000005,33843334.343,4319080.8270000005,0.0,0.0,0.0,0.0,0.0,0.0,33780099.743,0.0,0.0,63234.6,0.0,0.0,Harold Rogers,Rogers,Republican
2105,2021,42474994.464999996,4563579.765,37911414.7,4563579.765,0.0,0.0,0.0,0.0,0.0,0.0,37838754.0,0.0,0.0,72660.7,0.0,0.0,Harold Rogers,Rogers,Republican
2105,2022,47561669.017255,4663612.814,42898056.203255,4663612.814,0.0,0.0,0.0,0.0,0.0,0.0,42824730.303255,0.0,0.0,73325.9,0.0,0.0,Harold Rogers,Rogers,Republican
2105,2023,48100850.05025001,5027001.925,43073848.12525,5027001.925,0.0,0.0,0.0,0.0,0.0,0.0,43001365.32525,0.0,0.0,72482.8,0.0,0.0,Harold Rogers,Rogers,Republican
2106,2010,7930260.886,5509814.986,2420445.9000000004,5509814.986,0.0,0.0,0.0,0.0,0.0,0.0,0.0,0.0,0.0,2420445.9,0.0,0.0,Andy Barr,Barr,Republican
2106,2011,7306699.01,5008138.01,2298561.0,4942162.65,0.0,0.0,0.0,45257.0,20718.36,0.0,0.0,0.0,0.0,2298561.0,0.0,0.0,Andy Barr,Barr,Republican
2106,2012,6727975.706,4556326.506,2171649.2,4489283.4860000005,0.0,0.0,0.0,43755.1,23287.92,0.0,0.0,0.0,0.0,2171649.2,0.0,0.0,Andy Barr,Barr,Republican
2106,2013,7000518.3304,4516160.223999999,2484358.1064,4448859.524,0.0,0.0,0.0,42653.9,24646.8,0.0,0.0,0.0,0.0,2484358.1064,0.0,0.0,Andy Barr,Barr,Republican
2106,2014,7000124.2388,4460906.358,2539217.8808000004,4391628.887999999,0.0,0.0,0.0,41475.15,27802.32,0.0,0.0,0.0,0.0,2539217.8808,0.0,0.0,Andy Barr,Barr,Republican
2106,2015,6461535.748,4030271.048,2431264.7,3975227.4579999996,0.0,0.0,0.0,40376.35,14667.24,0.0,0.0,0.0,0.0,2431264.7,0.0,0.0,Andy Barr,Barr,Republican
2106,2016,5790056.756,3597027.5560000003,2193029.2,3543672.666,0.0,0.0,0.0,39371.65,13983.24,0.0,0.0,0.0,0.0,2193029.2,0.0,0.0,Andy Barr,Barr,Republican
2106,2017,5465462.468,3300826.168,2164636.3,2964125.988,132014.04,147019.29,0.0,38435.05,19231.8,0.0,0.0,0.0,0.0,2164636.3,0.0,0.0,Andy Barr,Barr,Republican
2106,2018,6454965.382,4138967.682,2315997.7,3859181.6780000003,51723.194,183583.04,0.0,36992.25,7487.52,0.0,0.0,0.0,0.0,2315997.7,0.0,0.0,Andy Barr,Barr,Republican
2106,2019,5085559.858,2847856.258,2237703.6,2567866.924,55534.546,179693.238,0.0,35082.95,9678.6,0.0,0.0,0.0,0.0,2237703.6,0.0,0.0,Andy Barr,Barr,Republican
2106,2020,4878853.507999999,2818801.508,2060052.0,2781139.008,0.0,0.0,0.0,33569.9,4092.6,0.0,0.0,0.0,0.0,2060052.0,0.0,0.0,Andy Barr,Barr,Republican
2106,2021,5078559.8256,2864211.3256,2214348.5,2825733.752,0.0,0.0,0.0,32589.2,5888.3736,0.0,0.0,0.0,0.0,2214348.5,0.0,0.0,Andy Barr,Barr,Republican
2106,2022,5548426.3608,2992327.4608,2556098.9000000004,2957654.452,0.0,0.0,0.0,30443.7,4229.3088,0.0,0.0,0.0,0.0,2556098.9000000004,0.0,0.0,Andy Barr,Barr,Republican
2106,2023,4642551.08,2294099.18,2348451.9,2258536.768,0.0,0.0,0.0,29342.8,6219.612,0.0,0.0,0.0,0.0,2348451.9,0.0,0.0,Andy Barr,Barr,Republican
2201,2010,19603738.02,12880430.02,6723308.0,12880430.02,0.0,0.0,0.0,0.0,0.0,0.0,0.0,0.0,0.0,0.0,6723308.0,0.0,Steve Scalise,Scalise,Republican
2201,2011,20609390.393,14161589.992999999,6447800.4,14161589.992999999,0.0,0.0,0.0,0.0,0.0,0.0,0.0,0.0,0.0,0.0,6447800.4,0.0,Steve Scalise,Scalise,Republican
2201,2012,93767026.64400001,13055939.144,80711087.5,13055939.144,0.0,0.0,0.0,0.0,0.0,0.0,75123493.2,0.0,0.0,0.0,5587594.3,0.0,Steve Scalise,Scalise,Republican
2201,2013,92546310.214,12711408.194,79834902.02,12711408.194,0.0,0.0,0.0,0.0,0.0,0.0,74989681.22,0.0,0.0,0.0,4845220.8,0.0,Steve Scalise,Scalise,Republican
2201,2014,91820596.662,13569104.912,78251491.75,13569104.912,0.0,0.0,0.0,0.0,0.0,0.0,74016109.45,0.0,0.0,0.0,4235382.3,0.0,Steve Scalise,Scalise,Republican
2201,2015,98068504.2883161,13600745.186,84467759.1023161,13600745.186,0.0,0.0,0.0,0.0,0.0,0.0,79138969.1023161,0.0,0.0,0.0,5328790.0,0.0,Steve Scalise,Scalise,Republican
2201,2016,104362074.5699643,14510573.568,89851501.0019643,14510573.568,0.0,0.0,0.0,0.0,0.0,0.0,84505885.5019643,0.0,0.0,0.0,5345615.5,0.0,Steve Scalise,Scalise,Republican
2201,2017,107235211.7848,14406104.308,92829107.4768,14306425.702,99678.606,0.0,0.0,0.0,0.0,0.0,87265063.8768,0.0,0.0,0.0,5564043.6,0.0,Steve Scalise,Scalise,Republican
2201,2018,98511648.98787335,13558501.269773334,84953147.71810001,13476763.265773335,81738.004,0.0,0.0,0.0,0.0,0.0,79325479.3181,0.0,0.0,0.0,5627668.4,0.0,Steve Scalise,Scalise,Republican
2201,2019,103531219.00664447,15408371.864641972,88122847.1420025,15317335.342641972,91036.522,0.0,0.0,0.0,0.0,0.0,81938597.7420025,0.0,0.0,0.0,6184249.4,0.0,Steve Scalise,Scalise,Republican
2201,2020,80122140.84349306,14061758.31047305,66060382.533020005,14017691.452473052,44066.858,0.0,0.0,0.0,0.0,0.0,60044247.533020005,0.0,0.0,0.0,6016135.0,0.0,Steve Scalise,Scalise,Republican
2201,2021,71750394.10239929,13169660.091155984,58580734.0112433,13129065.765155982,40594.326,0.0,0.0,0.0,0.0,0.0,53928803.6112433,0.0,0.0,0.0,4651930.4,0.0,Steve Scalise,Scalise,Republican
2201,2022,62945154.51156608,13051888.417244775,49893266.0943213,13007365.435244776,44522.982,0.0,0.0,0.0,0.0,0.0,44195306.694321305,0.0,0.0,0.0,5697959.4,0.0,Steve Scalise,Scalise,Republican
2201,2023,63196579.38574007,12900190.52397797,50296388.8617621,12864419.11397797,35771.41,0.0,0.0,0.0,0.0,0.0,44442053.0617621,0.0,0.0,0.0,5854335.8,0.0,Steve Scalise,Scalise,Republican
2202,2010,61057548.19645,43490447.99645,17567100.2,43490447.99645,0.0,0.0,0.0,0.0,0.0,0.0,0.0,0.0,0.0,1704094.4,15863005.799999999,0.0,Troy A. Carter,Carter,Democrat
2202,2011,61961205.8978,45052331.5978,16908874.3,44928302.1258,65825.622,0.0,0.0,58203.85,0.0,0.0,0.0,0.0,0.0,1969372.1,14939502.200000001,0.0,Troy A. Carter,Carter,Democrat
2202,2012,200656672.1586912,45739861.205275,154916810.9534162,45686908.655275,0.0,0.0,0.0,52952.55,0.0,0.0,138215844.3534162,0.0,0.0,2055762.2,14645204.4,0.0,Troy A. Carter,Carter,Democrat
2202,2013,204289515.5410687,46940774.292,157348741.2490687,46445493.33,25255.502,0.0,0.0,48072.7,421952.76,0.0,144010804.3490687,0.0,0.0,1610356.1,11727580.8,0.0,Troy A. Carter,Carter,Democrat
2202,2014,213220146.9663262,46660348.65,166559798.3163262,46313022.786,39130.714,0.0,0.0,44592.95,263602.2,0.0,153202906.8163262,0.0,0.0,1901947.6,11454943.9,0.0,Troy A. Carter,Carter,Democrat
2202,2015,223911008.2220867,50429740.606,173481267.61608672,50269328.706,15605.87,0.0,0.0,40368.35,104437.68,0.0,154548890.1160867,0.0,0.0,1589160.4,17343217.1,0.0,Troy A. Carter,Carter,Democrat
2202,2016,224688761.1940343,51286814.848,173401946.3460343,51004679.12,41524.238,0.0,0.0,35381.85,205229.64,0.0,156175055.9460343,0.0,0.0,566000.3,16660890.1,0.0,Troy A. Carter,Carter,Democrat
2202,2017,234548127.5283266,52180598.234,182367529.2943266,51893791.91,34050.854,0.0,0.0,31540.75,221214.72,0.0,165097306.4943266,0.0,0.0,539953.8,16730269.0,0.0,Troy A. Carter,Carter,Democrat
2202,2018,236132771.6845436,53295141.607,182837630.07754362,53101401.725,37371.982,0.0,0.0,26818.3,129549.6,0.0,163568357.4775436,0.0,0.0,634325.1,18634947.5,0.0,Troy A. Carter,Carter,Democrat
2202,2019,235591740.93000928,54099170.497,181492570.4330093,53755732.207,140887.86000000002,0.0,0.0,23123.55,179426.88,0.0,158616861.0330093,0.0,0.0,621352.5,22254356.9,0.0,Troy A. Carter,Carter,Democrat
2202,2020,210402256.8572706,51768902.177,158633354.68027058,51670123.261,73732.086,0.0,0.0,19846.15,5200.68,0.0,138304723.3802706,0.0,0.0,573156.4,19755474.9,0.0,Troy A. Carter,Carter,Democrat
2202,2021,192412244.9070411,48928316.1012,143483928.80584112,48694348.8868,115640.18,0.0,0.0,15727.65,102599.3844,0.0,124507915.70584111,0.0,0.0,666348.0,18309665.1,0.0,Troy A. Carter,Carter,Democrat
2202,2022,198549708.067089,49633635.129200004,148916072.93788898,49506861.7876,61322.39,0.0,0.0,12420.5,53030.4516,0.0,127883072.037889,0.0,0.0,715625.8,20317375.1,0.0,Troy A. Carter,Carter,Democrat
2202,2023,206341101.8422639,50881432.5834,155459669.2588639,50699822.8406,79905.596,0.0,0.0,11736.35,89967.7968,0.0,133763651.05886391,0.0,0.0,608634.4,21087383.8,0.0,Troy A. Carter,Carter,Democrat
2203,2010,22725426.151,22121112.051,604314.1,22121112.051,0.0,0.0,0.0,0.0,0.0,0.0,0.0,0.0,0.0,47563.6,556750.5,0.0,Clay Higgins,Higgins,Republican
2203,2011,24591314.169,23661265.969,930048.2000000001,23622669.447,38596.522,0.0,0.0,0.0,0.0,0.0,0.0,0.0,0.0,87958.4,842089.8,0.0,Clay Higgins,Higgins,Republican
2203,2012,117842308.2472435,23251156.558,94591151.6892435,23212708.436,38448.122,0.0,0.0,0.0,0.0,0.0,92377613.6892435,0.0,0.0,115659.59999999999,2097878.4000000004,0.0,Clay Higgins,Higgins,Republican
2203,2013,115010307.43531089,22335068.574,92675238.8613109,22273826.896,61241.678,0.0,0.0,0.0,0.0,0.0,91617864.7685109,0.0,0.0,111245.6928,946128.4,0.0,Clay Higgins,Higgins,Republican
2203,2014,114285407.336444,21422924.342,92862482.994444,21342248.768,80675.574,0.0,0.0,0.0,0.0,0.0,88264954.689644,0.0,0.0,122537.4048,4474990.9,0.0,Clay Higgins,Higgins,Republican
2203,2015,114737886.2336814,21284728.37,93453157.8636814,21157805.434,126922.936,0.0,0.0,0.0,0.0,0.0,88829341.9636814,0.0,0.0,130389.0,4493426.9,0.0,Clay Higgins,Higgins,Republican
2203,2016,111943699.2118881,22308417.712,89635281.49988809,22258815.276,49602.436,0.0,0.0,0.0,0.0,0.0,85600148.6998881,0.0,0.0,129104.1,3906028.7,0.0,Clay Higgins,Higgins,Republican
2203,2017,113855594.964899,24757396.322,89098198.64289899,24748228.622,9167.7,0.0,0.0,0.0,0.0,0.0,84990996.742899,0.0,0.0,120397.5,3986804.4,0.0,Clay Higgins,Higgins,Republican
2203,2018,124684894.88339537,26238067.229568064,98446827.65382731,26232785.681568068,5281.548,0.0,0.0,0.0,0.0,0.0,93712365.6889897,0.0,0.0,134331.9,4600130.0648376,0.0,Clay Higgins,Higgins,Republican
2203,2019,124307764.94425265,29451938.020047463,94855826.9242052,29451938.020047463,0.0,0.0,0.0,0.0,0.0,0.0,89596488.11428401,0.0,0.0,145226.5,5114112.3099212,0.0,Clay Higgins,Higgins,Republican
2203,2020,95843429.87385435,27303670.50784514,68539759.3660092,27303670.50784514,0.0,0.0,0.0,0.0,0.0,0.0,62979363.00182,0.0,0.0,109531.79999999999,5450864.5641892,0.0,Clay Higgins,Higgins,Republican
2203,2021,116823701.17785916,31580108.40100136,85243592.7768578,31580108.40100136,0.0,0.0,0.0,0.0,0.0,0.0,79626633.8076252,0.0,0.0,124120.0,5492838.969232599,0.0,Clay Higgins,Higgins,Republican
2203,2022,135020095.93490738,36183281.19721399,98836814.7376934,36183281.19721399,0.0,0.0,0.0,0.0,0.0,0.0,93089954.3067088,0.0,0.0,92963.4,5653897.0309846,0.0,Clay Higgins,Higgins,Republican
2203,2023,136204466.73791155,34259732.483569555,101944734.254342,34259732.483569555,0.0,0.0,0.0,0.0,0.0,0.0,96195927.3557326,0.0,0.0,95743.79999999999,5653063.0986094,0.0,Clay Higgins,Higgins,Republican
2204,2010,11472221.684,7309708.884,4162512.8,7309708.884,0.0,0.0,0.0,0.0,0.0,0.0,0.0,0.0,0.0,0.0,4162512.8,0.0,Mike Johnson,Johnson,Republican
2204,2011,13062675.337000001,9599591.137,3463084.2,9457018.411,142572.726,0.0,0.0,0.0,0.0,0.0,0.0,0.0,0.0,0.0,3463084.2,0.0,Mike Johnson,Johnson,Republican
2204,2012,26235115.424418,10693902.462,15541212.962418,10559703.092,134199.37,0.0,0.0,0.0,0.0,0.0,11972290.462418,0.0,0.0,0.0,3568922.5,0.0,Mike Johnson,Johnson,Republican
2204,2013,25009415.042,9750135.552,15259279.49,9702082.852,48052.700000000004,0.0,0.0,0.0,0.0,0.0,13174462.49,0.0,0.0,0.0,2084817.0,0.0,Mike Johnson,Johnson,Republican
2204,2014,28174890.392,12115350.252,16059540.14,12034632.252,80718.0,0.0,0.0,0.0,0.0,0.0,13460251.34,0.0,0.0,0.0,2599288.8,0.0,Mike Johnson,Johnson,Republican
2204,2015,29430441.7153801,11912155.9692,17518285.7461801,11871337.2112,40818.758,0.0,0.0,0.0,0.0,0.0,15225614.746180099,0.0,0.0,0.0,2292671.0,0.0,Mike Johnson,Johnson,Republican
2204,2016,25739750.189717,10718528.826,15021221.363717,10683154.81,35374.016,0.0,0.0,0.0,0.0,0.0,14677591.663717,0.0,0.0,0.0,343629.7,0.0,Mike Johnson,Johnson,Republican
2204,2017,28990245.632933,10656974.888,18333270.744933,10633465.238,23509.65,0.0,0.0,0.0,0.0,0.0,17377353.444932997,0.0,0.0,0.0,955917.3,0.0,Mike Johnson,Johnson,Republican
2204,2018,34905460.66504397,12728481.788119169,22176978.876924798,12473633.422119169,92695.462,162152.904,0.0,0.0,0.0,0.0,20372319.471784,0.0,0.0,0.0,1804659.4051408002,0.0,Mike Johnson,Johnson,Republican
2204,2019,35728741.56315705,12695780.530127447,23032961.0330296,12345183.266127447,66471.962,284125.302,0.0,0.0,0.0,0.0,21872587.5117896,0.0,0.0,0.0,1160373.52124,0.0,Mike Johnson,Johnson,Republican
2204,2020,26097260.8174337,12331231.9157157,13766028.901718,11560711.1777157,99405.54000000001,671115.198,0.0,0.0,0.0,0.0,12766258.858794,0.0,0.0,0.0,999770.0429240001,0.0,Mike Johnson,Johnson,Republican
2204,2021,25638043.663137402,12353664.342,13284379.3211374,10985625.818,278103.546,1089934.9780000001,0.0,0.0,0.0,0.0,13178933.0211374,0.0,0.0,0.0,105446.3,0.0,Mike Johnson,Johnson,Republican
2204,2022,37016888.777337834,14709372.919051941,22307515.8582859,13182771.271051941,271774.636,1254827.012,0.0,0.0,0.0,0.0,20628608.0188731,0.0,0.0,0.0,1678907.8394128,0.0,Mike Johnson,Johnson,Republican
2204,2023,31916193.641939454,14859887.478065455,17056306.163874,13306414.632065454,230943.47600000002,1322529.37,0.0,0.0,0.0,0.0,15128234.198874,0.0,0.0,0.0,1928071.9649999999,0.0,Mike Johnson,Johnson,Republican
2205,2010,1672996.834705,1672996.834705,0.0,1672996.834705,0.0,0.0,0.0,0.0,0.0,0.0,0.0,0.0,0.0,0.0,0.0,0.0,Julia Letlow,Letlow,Republican
2205,2011,1920675.116,1920675.116,0.0,1902786.03,17889.086,0.0,0.0,0.0,0.0,0.0,0.0,0.0,0.0,0.0,0.0,0.0,Julia Letlow,Letlow,Republican
2205,2012,2047511.807975,2047511.807975,0.0,2045446.807975,2065.0,0.0,0.0,0.0,0.0,0.0,0.0,0.0,0.0,0.0,0.0,0.0,Julia Letlow,Letlow,Republican
2205,2013,1996371.566,1996371.566,0.0,1992431.366,3940.2,0.0,0.0,0.0,0.0,0.0,0.0,0.0,0.0,0.0,0.0,0.0,Julia Letlow,Letlow,Republican
2205,2014,1894336.142,1894336.142,0.0,1887827.758,6508.384,0.0,0.0,0.0,0.0,0.0,0.0,0.0,0.0,0.0,0.0,0.0,Julia Letlow,Letlow,Republican
2205,2015,1892199.3599999999,1892199.3599999999,0.0,1892199.3599999999,0.0,0.0,0.0,0.0,0.0,0.0,0.0,0.0,0.0,0.0,0.0,0.0,Julia Letlow,Letlow,Republican
2205,2016,2036713.444,2036713.444,0.0,2036713.444,0.0,0.0,0.0,0.0,0.0,0.0,0.0,0.0,0.0,0.0,0.0,0.0,Julia Letlow,Letlow,Republican
2205,2017,2073192.092,2073192.092,0.0,2073192.092,0.0,0.0,0.0,0.0,0.0,0.0,0.0,0.0,0.0,0.0,0.0,0.0,Julia Letlow,Letlow,Republican
2205,2018,2430329.606,2430329.606,0.0,2430329.606,0.0,0.0,0.0,0.0,0.0,0.0,0.0,0.0,0.0,0.0,0.0,0.0,Julia Letlow,Letlow,Republican
2205,2019,2579445.492,2579445.492,0.0,2579445.492,0.0,0.0,0.0,0.0,0.0,0.0,0.0,0.0,0.0,0.0,0.0,0.0,Julia Letlow,Letlow,Republican
2205,2020,2442004.25,2442004.25,0.0,2442004.25,0.0,0.0,0.0,0.0,0.0,0.0,0.0,0.0,0.0,0.0,0.0,0.0,Julia Letlow,Letlow,Republican
2205,2021,2701336.708,2701336.708,0.0,2701336.708,0.0,0.0,0.0,0.0,0.0,0.0,0.0,0.0,0.0,0.0,0.0,0.0,Julia Letlow,Letlow,Republican
2205,2022,2932463.604,2932463.604,0.0,2932463.604,0.0,0.0,0.0,0.0,0.0,0.0,0.0,0.0,0.0,0.0,0.0,0.0,Julia Letlow,Letlow,Republican
2205,2023,2976471.58,2976471.58,0.0,2976471.58,0.0,0.0,0.0,0.0,0.0,0.0,0.0,0.0,0.0,0.0,0.0,0.0,Julia Letlow,Letlow,Republican
2206,2010,46962325.9449,41784410.4449,5177915.5,41784410.4449,0.0,0.0,0.0,0.0,0.0,0.0,0.0,0.0,0.0,526802.2999999999,4651113.2,0.0,Cleo Fields,Fields,Democrat
2206,2011,49829708.0725,45868572.472500004,3961135.6,45553090.020500004,161694.662,0.0,0.0,11999.15,141788.63999999998,0.0,0.0,0.0,0.0,470489.89999999997,3490645.7,0.0,Cleo Fields,Fields,Democrat
2206,2012,68955684.5866157,41550172.642749995,27405511.943865698,41287043.44875,144384.604,0.0,0.0,15043.35,103701.24,0.0,23918656.0438657,0.0,0.0,413899.8,3072956.1,0.0,Cleo Fields,Fields,Democrat
2206,2013,137841214.0775109,39392415.698,98448798.3795109,39316067.098,57695.54,0.0,0.0,12446.9,6206.16,0.0,95252730.67951089,0.0,0.0,473714.10000000003,2722353.6,0.0,Cleo Fields,Fields,Democrat
2206,2014,141106030.07859552,37315203.41599999,103790826.6625955,37249595.346,49133.02,0.0,0.0,12359.65,4115.4,0.0,100131087.0625955,0.0,0.0,542929.9,3116809.7,0.0,Cleo Fields,Fields,Democrat
2206,2015,142018167.9801746,34478697.589,107539470.3911746,34397515.361,68373.538,0.0,0.0,12323.05,485.64,0.0,103730399.7911746,0.0,0.0,481602.1,3327468.5,0.0,Cleo Fields,Fields,Democrat
2206,2016,140330424.0690935,33435821.574,106894602.4950935,33239598.954,150707.728,33949.242,0.0,11565.65,0.0,0.0,103603994.3950935,0.0,0.0,432802.8,2857805.3,0.0,Cleo Fields,Fields,Democrat
2206,2017,138057969.6261616,31623773.939000003,106434195.6871616,31420497.797000002,150379.142,43036.85,0.0,9860.15,0.0,0.0,102686990.88716161,0.0,0.0,403735.19999999995,3343469.6,0.0,Cleo Fields,Fields,Democrat
2206,2018,136976967.5077855,31638118.047,105338849.4607855,31414316.700999998,187609.684,26311.512,0.0,9880.15,0.0,0.0,101527317.8607855,0.0,0.0,481929.6,3329602.0,0.0,Cleo Fields,Fields,Democrat
2206,2019,136366122.9774486,27755333.757999998,108610789.21944861,27475128.866,248876.364,21400.028,0.0,9928.5,0.0,0.0,104492692.8194486,0.0,0.0,480168.4,3637928.0,0.0,Cleo Fields,Fields,Democrat
2206,2020,120713755.38110688,23831336.509999998,96882418.8711069,23559461.825999998,242880.39800000002,18980.436,0.0,10013.85,0.0,0.0,93930441.2711069,0.0,0.0,437931.7,2514045.9,0.0,Cleo Fields,Fields,Democrat
2206,2021,133143506.7321432,28416255.308000002,104727251.4241432,28080144.578,305510.64999999997,20466.98,0.0,10133.1,0.0,0.0,101631601.3241432,0.0,0.0,489052.9,2606597.2,0.0,Cleo Fields,Fields,Democrat
2206,2022,142864694.47697738,27268585.248,115596109.2289774,27172071.621999998,86118.126,0.0,0.0,10395.5,0.0,0.0,112972394.7289774,0.0,0.0,441802.4,2181912.1,0.0,Cleo Fields,Fields,Democrat
2206,2023,134224170.14168525,24517000.090275843,109707170.0514094,24435322.328275844,71301.262,0.0,0.0,10376.5,0.0,0.0,106898429.5514094,0.0,0.0,434899.8,2373840.7,0.0,Cleo Fields,Fields,Democrat
2301,2010,2957115.932,1900501.632,1056614.3,1900501.632,0.0,0.0,0.0,0.0,0.0,0.0,0.0,0.0,0.0,1056614.3,0.0,0.0,Chellie Pingree,Pingree,Democrat
2301,2011,2958747.1638,1904013.8638,1054733.3,1903589.6638,0.0,0.0,0.0,424.2,0.0,0.0,0.0,0.0,0.0,1054733.3,0.0,0.0,Chellie Pingree,Pingree,Democrat
2301,2012,2820347.1502,1818314.5502,1002032.6,1817898.8502,0.0,0.0,0.0,415.7,0.0,0.0,0.0,0.0,0.0,1002032.6,0.0,0.0,Chellie Pingree,Pingree,Democrat
2301,2013,2884665.0108,1888879.1108,995785.9,1888378.9608,0.0,0.0,0.0,500.15,0.0,0.0,0.0,0.0,0.0,995785.9,0.0,0.0,Chellie Pingree,Pingree,Democrat
2301,2014,2597086.092373,1784062.192373,813023.9,1782913.892373,0.0,0.0,0.0,1148.3,0.0,0.0,0.0,0.0,0.0,813023.9,0.0,0.0,Chellie Pingree,Pingree,Democrat
2301,2015,2716939.057391,1883031.2573910002,833907.8,1882110.157391,0.0,0.0,0.0,921.1,0.0,0.0,0.0,0.0,0.0,833907.8,0.0,0.0,Chellie Pingree,Pingree,Democrat
2301,2016,2609922.7678630003,1669083.267863,940839.5,1668182.267863,0.0,0.0,0.0,901.0,0.0,0.0,0.0,0.0,0.0,940839.5,0.0,0.0,Chellie Pingree,Pingree,Democrat
2301,2017,2032888.709799,1384860.109799,648028.6,1383949.609799,0.0,0.0,0.0,910.5,0.0,0.0,0.0,0.0,0.0,648028.6,0.0,0.0,Chellie Pingree,Pingree,Democrat
2301,2018,1459265.5394320001,1459265.5394320001,0.0,1459265.5394320001,0.0,0.0,0.0,0.0,0.0,0.0,0.0,0.0,0.0,0.0,0.0,0.0,Chellie Pingree,Pingree,Democrat
2301,2019,1090526.19399,1090526.19399,0.0,1090526.19399,0.0,0.0,0.0,0.0,0.0,0.0,0.0,0.0,0.0,0.0,0.0,0.0,Chellie Pingree,Pingree,Democrat
2301,2020,1071261.837462,1071261.837462,0.0,1071261.837462,0.0,0.0,0.0,0.0,0.0,0.0,0.0,0.0,0.0,0.0,0.0,0.0,Chellie Pingree,Pingree,Democrat
2301,2021,1370490.6746079999,1370490.6746079999,0.0,1370490.6746079999,0.0,0.0,0.0,0.0,0.0,0.0,0.0,0.0,0.0,0.0,0.0,0.0,Chellie Pingree,Pingree,Democrat
2301,2022,1724742.344626,1724742.344626,0.0,1724742.344626,0.0,0.0,0.0,0.0,0.0,0.0,0.0,0.0,0.0,0.0,0.0,0.0,Chellie Pingree,Pingree,Democrat
2301,2023,1503466.762632,1503466.762632,0.0,1503466.762632,0.0,0.0,0.0,0.0,0.0,0.0,0.0,0.0,0.0,0.0,0.0,0.0,Chellie Pingree,Pingree,Democrat
2302,2010,3984374.163751,3984374.163751,0.0,3984374.163751,0.0,0.0,0.0,0.0,0.0,0.0,0.0,0.0,0.0,0.0,0.0,0.0,Jared F. Golden,Golden,Democrat
2302,2011,3973276.051777,3973276.051777,0.0,3970746.631777,0.0,0.0,0.0,593.7,1935.72,0.0,0.0,0.0,0.0,0.0,0.0,0.0,Jared F. Golden,Golden,Democrat
2302,2012,3372764.136488,3372764.136488,0.0,3370698.846488,0.0,0.0,0.0,679.05,1386.24,0.0,0.0,0.0,0.0,0.0,0.0,0.0,Jared F. Golden,Golden,Democrat
2302,2013,3667892.874,2682038.574,985854.3,2681350.014,0.0,0.0,0.0,0.0,688.56,0.0,0.0,0.0,0.0,985854.3,0.0,0.0,Jared F. Golden,Golden,Democrat
2302,2014,3456912.196,2943267.096,513645.1,2942532.9359999998,0.0,0.0,0.0,0.0,734.16,0.0,0.0,0.0,0.0,513645.1,0.0,0.0,Jared F. Golden,Golden,Democrat
2302,2015,2462807.185,2195974.785,266832.4,2195974.785,0.0,0.0,0.0,0.0,0.0,0.0,0.0,0.0,0.0,266832.4,0.0,0.0,Jared F. Golden,Golden,Democrat
2302,2016,2199005.536,2016064.036,182941.5,2016064.036,0.0,0.0,0.0,0.0,0.0,0.0,0.0,0.0,0.0,182941.5,0.0,0.0,Jared F. Golden,Golden,Democrat
2302,2017,1864075.9370000002,1687023.5370000002,177052.4,1687023.5370000002,0.0,0.0,0.0,0.0,0.0,0.0,0.0,0.0,0.0,177052.4,0.0,0.0,Jared F. Golden,Golden,Democrat
2302,2018,1922314.499,1731934.399,190380.1,1731934.399,0.0,0.0,0.0,0.0,0.0,0.0,0.0,0.0,0.0,190380.1,0.0,0.0,Jared F. Golden,Golden,Democrat
2302,2019,2058270.612,1832989.912,225280.7,1832989.912,0.0,0.0,0.0,0.0,0.0,0.0,0.0,0.0,0.0,225280.7,0.0,0.0,Jared F. Golden,Golden,Democrat
2302,2020,2091606.551,1823430.951,268175.6,1823430.951,0.0,0.0,0.0,0.0,0.0,0.0,0.0,0.0,0.0,268175.6,0.0,0.0,Jared F. Golden,Golden,Democrat
2302,2021,2218682.7060000002,1947642.206,271040.5,1947642.206,0.0,0.0,0.0,0.0,0.0,0.0,0.0,0.0,0.0,271040.5,0.0,0.0,Jared F. Golden,Golden,Democrat
2302,2022,2335110.916,2087058.416,248052.5,2087058.416,0.0,0.0,0.0,0.0,0.0,0.0,0.0,0.0,0.0,248052.5,0.0,0.0,Jared F. Golden,Golden,Democrat
2302,2023,2130814.651,1917592.9510000001,213221.7,1917592.9510000001,0.0,0.0,0.0,0.0,0.0,0.0,0.0,0.0,0.0,213221.7,0.0,0.0,Jared F. Golden,Golden,Democrat
2401,2010,1222608.138,993105.4380000001,229502.7,993105.4380000001,0.0,0.0,0.0,0.0,0.0,0.0,0.0,0.0,0.0,229502.7,0.0,0.0,Andy Harris,Harris,Republican
2401,2011,1102260.088,877415.888,224844.2,872625.088,0.0,0.0,0.0,4790.8,0.0,0.0,0.0,0.0,0.0,224844.2,0.0,0.0,Andy Harris,Harris,Republican
2401,2012,1154384.092,934217.592,220166.5,929759.292,0.0,0.0,0.0,4458.3,0.0,0.0,0.0,0.0,0.0,220166.5,0.0,0.0,Andy Harris,Harris,Republican
2401,2013,1123614.426,886171.726,237442.69999999998,882164.576,0.0,0.0,0.0,4007.1499999999996,0.0,0.0,0.0,0.0,0.0,237442.69999999998,0.0,0.0,Andy Harris,Harris,Republican
2401,2014,1242109.416,990910.616,251198.8,987530.916,0.0,0.0,0.0,3379.7,0.0,0.0,0.0,0.0,0.0,251198.8,0.0,0.0,Andy Harris,Harris,Republican
2401,2015,1641519.664,1392946.164,248573.5,1389851.714,0.0,0.0,0.0,3094.45,0.0,0.0,0.0,0.0,0.0,248573.5,0.0,0.0,Andy Harris,Harris,Republican
2401,2016,1732633.21,1485907.91,246725.3,1483073.6099999999,0.0,0.0,0.0,2834.2999999999997,0.0,0.0,0.0,0.0,0.0,246725.3,0.0,0.0,Andy Harris,Harris,Republican
2401,2017,1356921.648,1100990.848,255930.80000000002,1098266.898,0.0,0.0,0.0,2723.95,0.0,0.0,0.0,0.0,0.0,255930.80000000002,0.0,0.0,Andy Harris,Harris,Republican
2401,2018,2844908.838,2532703.5379999997,312205.30000000005,2529067.988,0.0,0.0,0.0,3635.55,0.0,0.0,0.0,0.0,0.0,312205.30000000005,0.0,0.0,Andy Harris,Harris,Republican
2401,2019,2525206.2819999997,2199385.8819999998,325820.4,2195521.932,0.0,0.0,0.0,3863.95,0.0,0.0,0.0,0.0,0.0,325820.4,0.0,0.0,Andy Harris,Harris,Republican
2401,2020,2281021.142,2040052.842,240968.3,2036949.892,0.0,0.0,0.0,3102.95,0.0,0.0,0.0,0.0,0.0,240968.3,0.0,0.0,Andy Harris,Harris,Republican
2401,2021,2585473.858,2244168.158,341305.69999999995,2240544.858,0.0,0.0,0.0,3623.3,0.0,0.0,0.0,0.0,0.0,341305.69999999995,0.0,0.0,Andy Harris,Harris,Republican
2401,2022,2544963.5,2514430.5,30533.0,2514430.5,0.0,0.0,0.0,0.0,0.0,0.0,0.0,0.0,0.0,30533.0,0.0,0.0,Andy Harris,Harris,Republican
2401,2023,2923396.8499999996,2587903.95,335492.9,2587903.95,0.0,0.0,0.0,0.0,0.0,0.0,0.0,0.0,0.0,335492.9,0.0,0.0,Andy Harris,Harris,Republican
2402,2010,2248529.7399999998,2248529.7399999998,0.0,2248529.7399999998,0.0,0.0,0.0,0.0,0.0,0.0,0.0,0.0,0.0,0.0,0.0,0.0,"Johnny Olszewski, Jr.",Olszewski,Democrat
2402,2011,2264164.844,2264164.844,0.0,2264164.844,0.0,0.0,0.0,0.0,0.0,0.0,0.0,0.0,0.0,0.0,0.0,0.0,"Johnny Olszewski, Jr.",Olszewski,Democrat
2402,2012,2533739.294,2533739.294,0.0,2533739.294,0.0,0.0,0.0,0.0,0.0,0.0,0.0,0.0,0.0,0.0,0.0,0.0,"Johnny Olszewski, Jr.",Olszewski,Democrat
2402,2013,2471893.238,2471893.238,0.0,2471893.238,0.0,0.0,0.0,0.0,0.0,0.0,0.0,0.0,0.0,0.0,0.0,0.0,"Johnny Olszewski, Jr.",Olszewski,Democrat
2402,2014,2322465.0760000004,2322465.0760000004,0.0,2322465.0760000004,0.0,0.0,0.0,0.0,0.0,0.0,0.0,0.0,0.0,0.0,0.0,0.0,"Johnny Olszewski, Jr.",Olszewski,Democrat
2402,2015,2366594.742,2366594.742,0.0,2366594.742,0.0,0.0,0.0,0.0,0.0,0.0,0.0,0.0,0.0,0.0,0.0,0.0,"Johnny Olszewski, Jr.",Olszewski,Democrat
2402,2016,2246126.9779999997,2246126.9779999997,0.0,2246126.9779999997,0.0,0.0,0.0,0.0,0.0,0.0,0.0,0.0,0.0,0.0,0.0,0.0,"Johnny Olszewski, Jr.",Olszewski,Democrat
2402,2017,2188265.47,2188265.47,0.0,2188265.47,0.0,0.0,0.0,0.0,0.0,0.0,0.0,0.0,0.0,0.0,0.0,0.0,"Johnny Olszewski, Jr.",Olszewski,Democrat
2402,2018,2060916.1320000002,2060916.1320000002,0.0,2060916.1320000002,0.0,0.0,0.0,0.0,0.0,0.0,0.0,0.0,0.0,0.0,0.0,0.0,"Johnny Olszewski, Jr.",Olszewski,Democrat
2402,2019,1874934.6300000001,1874934.6300000001,0.0,1874934.6300000001,0.0,0.0,0.0,0.0,0.0,0.0,0.0,0.0,0.0,0.0,0.0,0.0,"Johnny Olszewski, Jr.",Olszewski,Democrat
2402,2020,2033293.778,2033293.778,0.0,2033293.778,0.0,0.0,0.0,0.0,0.0,0.0,0.0,0.0,0.0,0.0,0.0,0.0,"Johnny Olszewski, Jr.",Olszewski,Democrat
2402,2021,1876897.544,1876897.544,0.0,1876897.544,0.0,0.0,0.0,0.0,0.0,0.0,0.0,0.0,0.0,0.0,0.0,0.0,"Johnny Olszewski, Jr.",Olszewski,Democrat
2402,2022,1919704.122,1919704.122,0.0,1919704.122,0.0,0.0,0.0,0.0,0.0,0.0,0.0,0.0,0.0,0.0,0.0,0.0,"Johnny Olszewski, Jr.",Olszewski,Democrat
2402,2023,1857877.616,1857877.616,0.0,1857877.616,0.0,0.0,0.0,0.0,0.0,0.0,0.0,0.0,0.0,0.0,0.0,0.0,"Johnny Olszewski, Jr.",Olszewski,Democrat
2403,2010,7689694.476,7689694.476,0.0,7689694.476,0.0,0.0,0.0,0.0,0.0,0.0,0.0,0.0,0.0,0.0,0.0,0.0,Sarah Elfreth,Elfreth,Democrat
2403,2011,7893445.304,7893445.304,0.0,7893445.304,0.0,0.0,0.0,0.0,0.0,0.0,0.0,0.0,0.0,0.0,0.0,0.0,Sarah Elfreth,Elfreth,Democrat
2403,2012,6247343.176,6247343.176,0.0,6247343.176,0.0,0.0,0.0,0.0,0.0,0.0,0.0,0.0,0.0,0.0,0.0,0.0,Sarah Elfreth,Elfreth,Democrat
2403,2013,6524419.202,6524419.202,0.0,6524419.202,0.0,0.0,0.0,0.0,0.0,0.0,0.0,0.0,0.0,0.0,0.0,0.0,Sarah Elfreth,Elfreth,Democrat
2403,2014,6506618.752,6506618.752,0.0,6506618.752,0.0,0.0,0.0,0.0,0.0,0.0,0.0,0.0,0.0,0.0,0.0,0.0,Sarah Elfreth,Elfreth,Democrat
2403,2015,6758403.971999999,6758403.971999999,0.0,6758403.971999999,0.0,0.0,0.0,0.0,0.0,0.0,0.0,0.0,0.0,0.0,0.0,0.0,Sarah Elfreth,Elfreth,Democrat
2403,2016,6314972.562,6314972.562,0.0,6314972.562,0.0,0.0,0.0,0.0,0.0,0.0,0.0,0.0,0.0,0.0,0.0,0.0,Sarah Elfreth,Elfreth,Democrat
2403,2017,4434656.766,4434656.766,0.0,4434656.766,0.0,0.0,0.0,0.0,0.0,0.0,0.0,0.0,0.0,0.0,0.0,0.0,Sarah Elfreth,Elfreth,Democrat
2403,2018,5596027.159999999,5596027.159999999,0.0,5596027.159999999,0.0,0.0,0.0,0.0,0.0,0.0,0.0,0.0,0.0,0.0,0.0,0.0,Sarah Elfreth,Elfreth,Democrat
2403,2019,2892242.662,2892242.662,0.0,2892242.662,0.0,0.0,0.0,0.0,0.0,0.0,0.0,0.0,0.0,0.0,0.0,0.0,Sarah Elfreth,Elfreth,Democrat
2403,2020,1388993.808,1388993.808,0.0,1388993.808,0.0,0.0,0.0,0.0,0.0,0.0,0.0,0.0,0.0,0.0,0.0,0.0,Sarah Elfreth,Elfreth,Democrat
2403,2021,2909922.376,2909922.376,0.0,2909922.376,0.0,0.0,0.0,0.0,0.0,0.0,0.0,0.0,0.0,0.0,0.0,0.0,Sarah Elfreth,Elfreth,Democrat
2403,2022,2522282.1479999996,2522282.1479999996,0.0,2522282.1479999996,0.0,0.0,0.0,0.0,0.0,0.0,0.0,0.0,0.0,0.0,0.0,0.0,Sarah Elfreth,Elfreth,Democrat
2403,2023,1450935.5599999998,1450935.5599999998,0.0,1450935.5599999998,0.0,0.0,0.0,0.0,0.0,0.0,0.0,0.0,0.0,0.0,0.0,0.0,Sarah Elfreth,Elfreth,Democrat
2404,2010,138833.16999999998,138833.16999999998,0.0,138833.16999999998,0.0,0.0,0.0,0.0,0.0,0.0,0.0,0.0,0.0,0.0,0.0,0.0,Glenn Ivey,Ivey,Democrat
2404,2011,134485.338,134485.338,0.0,134485.338,0.0,0.0,0.0,0.0,0.0,0.0,0.0,0.0,0.0,0.0,0.0,0.0,Glenn Ivey,Ivey,Democrat
2404,2012,136314.586,136314.586,0.0,136314.586,0.0,0.0,0.0,0.0,0.0,0.0,0.0,0.0,0.0,0.0,0.0,0.0,Glenn Ivey,Ivey,Democrat
2404,2013,141192.6,141192.6,0.0,141192.6,0.0,0.0,0.0,0.0,0.0,0.0,0.0,0.0,0.0,0.0,0.0,0.0,Glenn Ivey,Ivey,Democrat
2404,2014,144515.73,144515.73,0.0,144515.73,0.0,0.0,0.0,0.0,0.0,0.0,0.0,0.0,0.0,0.0,0.0,0.0,Glenn Ivey,Ivey,Democrat
2404,2015,127333.674,127333.674,0.0,127333.674,0.0,0.0,0.0,0.0,0.0,0.0,0.0,0.0,0.0,0.0,0.0,0.0,Glenn Ivey,Ivey,Democrat
2404,2016,146113.088,146113.088,0.0,146113.088,0.0,0.0,0.0,0.0,0.0,0.0,0.0,0.0,0.0,0.0,0.0,0.0,Glenn Ivey,Ivey,Democrat
2404,2017,101680.954,101680.954,0.0,101680.954,0.0,0.0,0.0,0.0,0.0,0.0,0.0,0.0,0.0,0.0,0.0,0.0,Glenn Ivey,Ivey,Democrat
2404,2018,103963.952,103963.952,0.0,103963.952,0.0,0.0,0.0,0.0,0.0,0.0,0.0,0.0,0.0,0.0,0.0,0.0,Glenn Ivey,Ivey,Democrat
2404,2019,99201.018,99201.018,0.0,99201.018,0.0,0.0,0.0,0.0,0.0,0.0,0.0,0.0,0.0,0.0,0.0,0.0,Glenn Ivey,Ivey,Democrat
2404,2020,104577.388,104577.388,0.0,104577.388,0.0,0.0,0.0,0.0,0.0,0.0,0.0,0.0,0.0,0.0,0.0,0.0,Glenn Ivey,Ivey,Democrat
2404,2021,119178.898,119178.898,0.0,119178.898,0.0,0.0,0.0,0.0,0.0,0.0,0.0,0.0,0.0,0.0,0.0,0.0,Glenn Ivey,Ivey,Democrat
2404,2022,136574.78,136574.78,0.0,136574.78,0.0,0.0,0.0,0.0,0.0,0.0,0.0,0.0,0.0,0.0,0.0,0.0,Glenn Ivey,Ivey,Democrat
2404,2023,97315.41,97315.41,0.0,97315.41,0.0,0.0,0.0,0.0,0.0,0.0,0.0,0.0,0.0,0.0,0.0,0.0,Glenn Ivey,Ivey,Democrat
2405,2010,13027994.67,13027994.67,0.0,13027994.67,0.0,0.0,0.0,0.0,0.0,0.0,0.0,0.0,0.0,0.0,0.0,0.0,Steny H. Hoyer,Hoyer,Democrat
2405,2011,11208090.9,11208090.9,0.0,11208090.9,0.0,0.0,0.0,0.0,0.0,0.0,0.0,0.0,0.0,0.0,0.0,0.0,Steny H. Hoyer,Hoyer,Democrat
2405,2012,9472556.794,9472556.794,0.0,9472556.794,0.0,0.0,0.0,0.0,0.0,0.0,0.0,0.0,0.0,0.0,0.0,0.0,Steny H. Hoyer,Hoyer,Democrat
2405,2013,7511352.774,7511352.774,0.0,7511352.774,0.0,0.0,0.0,0.0,0.0,0.0,0.0,0.0,0.0,0.0,0.0,0.0,Steny H. Hoyer,Hoyer,Democrat
2405,2014,9744801.608,9744801.608,0.0,9744801.608,0.0,0.0,0.0,0.0,0.0,0.0,0.0,0.0,0.0,0.0,0.0,0.0,Steny H. Hoyer,Hoyer,Democrat
2405,2015,6841351.6899999995,6841351.6899999995,0.0,6841351.6899999995,0.0,0.0,0.0,0.0,0.0,0.0,0.0,0.0,0.0,0.0,0.0,0.0,Steny H. Hoyer,Hoyer,Democrat
2405,2016,7737377.046,7737377.046,0.0,7737377.046,0.0,0.0,0.0,0.0,0.0,0.0,0.0,0.0,0.0,0.0,0.0,0.0,Steny H. Hoyer,Hoyer,Democrat
2405,2017,5509900.63,5509900.63,0.0,5509900.63,0.0,0.0,0.0,0.0,0.0,0.0,0.0,0.0,0.0,0.0,0.0,0.0,Steny H. Hoyer,Hoyer,Democrat
2405,2018,7703844.396,7703844.396,0.0,7703844.396,0.0,0.0,0.0,0.0,0.0,0.0,0.0,0.0,0.0,0.0,0.0,0.0,Steny H. Hoyer,Hoyer,Democrat
2405,2019,7547572.996,7547572.996,0.0,7547572.996,0.0,0.0,0.0,0.0,0.0,0.0,0.0,0.0,0.0,0.0,0.0,0.0,Steny H. Hoyer,Hoyer,Democrat
2405,2020,6665322.4399999995,6665322.4399999995,0.0,6665322.4399999995,0.0,0.0,0.0,0.0,0.0,0.0,0.0,0.0,0.0,0.0,0.0,0.0,Steny H. Hoyer,Hoyer,Democrat
2405,2021,7479431.77,7479431.77,0.0,7479431.77,0.0,0.0,0.0,0.0,0.0,0.0,0.0,0.0,0.0,0.0,0.0,0.0,Steny H. Hoyer,Hoyer,Democrat
2405,2022,6302121.032,6302121.032,0.0,6302121.032,0.0,0.0,0.0,0.0,0.0,0.0,0.0,0.0,0.0,0.0,0.0,0.0,Steny H. Hoyer,Hoyer,Democrat
2405,2023,5400334.392,5400334.392,0.0,5400334.392,0.0,0.0,0.0,0.0,0.0,0.0,0.0,0.0,0.0,0.0,0.0,0.0,Steny H. Hoyer,Hoyer,Democrat
2406,2010,6271144.719314,6271144.719314,0.0,6271144.719314,0.0,0.0,0.0,0.0,0.0,0.0,0.0,0.0,0.0,0.0,0.0,0.0,April McClain Delaney,Delaney,Democrat
2406,2011,4928030.851,4928030.851,0.0,4928030.851,0.0,0.0,0.0,0.0,0.0,0.0,0.0,0.0,0.0,0.0,0.0,0.0,April McClain Delaney,Delaney,Democrat
2406,2012,4499255.54,4499255.54,0.0,4499255.54,0.0,0.0,0.0,0.0,0.0,0.0,0.0,0.0,0.0,0.0,0.0,0.0,April McClain Delaney,Delaney,Democrat
2406,2013,4275750.484,4275750.484,0.0,4275750.484,0.0,0.0,0.0,0.0,0.0,0.0,0.0,0.0,0.0,0.0,0.0,0.0,April McClain Delaney,Delaney,Democrat
2406,2014,4466469.042,4466469.042,0.0,4466469.042,0.0,0.0,0.0,0.0,0.0,0.0,0.0,0.0,0.0,0.0,0.0,0.0,April McClain Delaney,Delaney,Democrat
2406,2015,3891821.906,3891821.906,0.0,3891821.906,0.0,0.0,0.0,0.0,0.0,0.0,0.0,0.0,0.0,0.0,0.0,0.0,April McClain Delaney,Delaney,Democrat
2406,2016,3298806.77,3298806.77,0.0,3298806.77,0.0,0.0,0.0,0.0,0.0,0.0,0.0,0.0,0.0,0.0,0.0,0.0,April McClain Delaney,Delaney,Democrat
2406,2017,3105276.954,3105276.954,0.0,3105276.954,0.0,0.0,0.0,0.0,0.0,0.0,0.0,0.0,0.0,0.0,0.0,0.0,April McClain Delaney,Delaney,Democrat
2406,2018,3145682.8800000004,3145682.8800000004,0.0,3145682.8800000004,0.0,0.0,0.0,0.0,0.0,0.0,0.0,0.0,0.0,0.0,0.0,0.0,April McClain Delaney,Delaney,Democrat
2406,2019,2632672.8,2632672.8,0.0,2632672.8,0.0,0.0,0.0,0.0,0.0,0.0,0.0,0.0,0.0,0.0,0.0,0.0,April McClain Delaney,Delaney,Democrat
2406,2020,2367514.034,2367514.034,0.0,2367514.034,0.0,0.0,0.0,0.0,0.0,0.0,0.0,0.0,0.0,0.0,0.0,0.0,April McClain Delaney,Delaney,Democrat
2406,2021,2640623.932,2640623.932,0.0,2640623.932,0.0,0.0,0.0,0.0,0.0,0.0,0.0,0.0,0.0,0.0,0.0,0.0,April McClain Delaney,Delaney,Democrat
2406,2022,2576147.572,2576147.572,0.0,2576147.572,0.0,0.0,0.0,0.0,0.0,0.0,0.0,0.0,0.0,0.0,0.0,0.0,April McClain Delaney,Delaney,Democrat
2406,2023,1962421.6539999999,1962421.6539999999,0.0,1962421.6539999999,0.0,0.0,0.0,0.0,0.0,0.0,0.0,0.0,0.0,0.0,0.0,0.0,April McClain Delaney,Delaney,Democrat
2407,2010,8258098.588,3042178.588,5215920.0,3042178.588,0.0,0.0,0.0,0.0,0.0,0.0,0.0,0.0,0.0,5215920.0,0.0,0.0,Kweisi Mfume,Mfume,Democrat
2407,2011,8545666.298,3476983.098,5068683.2,3219596.098,0.0,0.0,0.0,255597.2,1789.8,0.0,0.0,0.0,0.0,5068683.2,0.0,0.0,Kweisi Mfume,Mfume,Democrat
2407,2012,5647211.148,1049222.748,4597988.4,796460.018,0.0,0.0,0.0,249454.45,3308.28,0.0,0.0,0.0,0.0,4597988.4,0.0,0.0,Kweisi Mfume,Mfume,Democrat
2407,2013,5980437.6899999995,1087228.59,4893209.1,838108.65,0.0,0.0,0.0,245613.3,3506.64,0.0,0.0,0.0,0.0,4893209.1,0.0,0.0,Kweisi Mfume,Mfume,Democrat
2407,2014,6306717.076,1168967.376,5137749.7,922863.186,0.0,0.0,0.0,240933.15,5171.04,0.0,0.0,0.0,0.0,5137749.7,0.0,0.0,Kweisi Mfume,Mfume,Democrat
2407,2015,6259663.436,1132606.036,5127057.4,894599.826,0.0,0.0,0.0,235128.85,2877.36,0.0,0.0,0.0,0.0,5127057.4,0.0,0.0,Kweisi Mfume,Mfume,Democrat
2407,2016,6288620.594,1188270.294,5100350.3,958581.346,0.0,0.0,0.0,229688.948,0.0,0.0,0.0,0.0,0.0,5100350.3,0.0,0.0,Kweisi Mfume,Mfume,Democrat
2407,2017,5804201.474,1087764.6739999999,4716436.8,868510.076,0.0,0.0,0.0,219254.598,0.0,0.0,0.0,0.0,0.0,4716436.8,0.0,0.0,Kweisi Mfume,Mfume,Democrat
2407,2018,6409018.772,1131193.9719999998,5277824.8,921145.2239999999,0.0,0.0,0.0,210048.748,0.0,0.0,0.0,0.0,0.0,5277824.8,0.0,0.0,Kweisi Mfume,Mfume,Democrat
2407,2019,6195777.3100000005,1126359.31,5069418.0,925240.662,0.0,0.0,0.0,201118.648,0.0,0.0,0.0,0.0,0.0,5069418.0,0.0,0.0,Kweisi Mfume,Mfume,Democrat
2407,2020,5554207.538,992485.538,4561722.0,801136.39,0.0,0.0,0.0,191349.148,0.0,0.0,0.0,0.0,0.0,4561722.0,0.0,0.0,Kweisi Mfume,Mfume,Democrat
2407,2021,5739067.476,995824.676,4743242.8,812831.728,0.0,0.0,0.0,182992.948,0.0,0.0,0.0,0.0,0.0,4743242.8,0.0,0.0,Kweisi Mfume,Mfume,Democrat
2407,2022,6001818.3100000005,924346.91,5077471.4,746756.164,0.0,0.0,0.0,177590.746,0.0,0.0,0.0,0.0,0.0,5077471.4,0.0,0.0,Kweisi Mfume,Mfume,Democrat
2407,2023,5376831.0,933463.7,4443367.3,760355.602,0.0,0.0,0.0,173108.098,0.0,0.0,0.0,0.0,0.0,4443367.3,0.0,0.0,Kweisi Mfume,Mfume,Democrat
2408,2010,330965.088,330965.088,0.0,330965.088,0.0,0.0,0.0,0.0,0.0,0.0,0.0,0.0,0.0,0.0,0.0,0.0,Jamie Raskin,Raskin,Democrat
2408,2011,328435.374,328435.374,0.0,328435.374,0.0,0.0,0.0,0.0,0.0,0.0,0.0,0.0,0.0,0.0,0.0,0.0,Jamie Raskin,Raskin,Democrat
2408,2012,256956.028,256956.028,0.0,256956.028,0.0,0.0,0.0,0.0,0.0,0.0,0.0,0.0,0.0,0.0,0.0,0.0,Jamie Raskin,Raskin,Democrat
2408,2013,330181.77,330181.77,0.0,330181.77,0.0,0.0,0.0,0.0,0.0,0.0,0.0,0.0,0.0,0.0,0.0,0.0,Jamie Raskin,Raskin,Democrat
2408,2014,306264.86,306264.86,0.0,306264.86,0.0,0.0,0.0,0.0,0.0,0.0,0.0,0.0,0.0,0.0,0.0,0.0,Jamie Raskin,Raskin,Democrat
2408,2015,275836.96,275836.96,0.0,275836.96,0.0,0.0,0.0,0.0,0.0,0.0,0.0,0.0,0.0,0.0,0.0,0.0,Jamie Raskin,Raskin,Democrat
2408,2016,275102.824,275102.824,0.0,275102.824,0.0,0.0,0.0,0.0,0.0,0.0,0.0,0.0,0.0,0.0,0.0,0.0,Jamie Raskin,Raskin,Democrat
2408,2017,311384.954,311384.954,0.0,311384.954,0.0,0.0,0.0,0.0,0.0,0.0,0.0,0.0,0.0,0.0,0.0,0.0,Jamie Raskin,Raskin,Democrat
2408,2018,326633.142,326633.142,0.0,326633.142,0.0,0.0,0.0,0.0,0.0,0.0,0.0,0.0,0.0,0.0,0.0,0.0,Jamie Raskin,Raskin,Democrat
2408,2019,333725.56,333725.56,0.0,333725.56,0.0,0.0,0.0,0.0,0.0,0.0,0.0,0.0,0.0,0.0,0.0,0.0,Jamie Raskin,Raskin,Democrat
2408,2020,322348.702,322348.702,0.0,322348.702,0.0,0.0,0.0,0.0,0.0,0.0,0.0,0.0,0.0,0.0,0.0,0.0,Jamie Raskin,Raskin,Democrat
2408,2021,305900.9,305900.9,0.0,305900.9,0.0,0.0,0.0,0.0,0.0,0.0,0.0,0.0,0.0,0.0,0.0,0.0,Jamie Raskin,Raskin,Democrat
2408,2022,300776.804,300776.804,0.0,300776.804,0.0,0.0,0.0,0.0,0.0,0.0,0.0,0.0,0.0,0.0,0.0,0.0,Jamie Raskin,Raskin,Democrat
2408,2023,297595.81,297595.81,0.0,297595.81,0.0,0.0,0.0,0.0,0.0,0.0,0.0,0.0,0.0,0.0,0.0,0.0,Jamie Raskin,Raskin,Democrat
2501,2010,3459336.506292,2745287.506292,714049.0,2745287.506292,0.0,0.0,0.0,0.0,0.0,0.0,0.0,0.0,0.0,714049.0,0.0,0.0,Richard E. Neal,Neal,Democrat
2501,2011,3325097.795,2593871.695,731226.1000000001,2593871.695,0.0,0.0,0.0,0.0,0.0,0.0,0.0,0.0,0.0,731226.1000000001,0.0,0.0,Richard E. Neal,Neal,Democrat
2501,2012,3180429.818669,2417553.518669,762876.3,2417553.518669,0.0,0.0,0.0,0.0,0.0,0.0,0.0,0.0,0.0,762876.3,0.0,0.0,Richard E. Neal,Neal,Democrat
2501,2013,3059045.8740000003,2243765.69,815280.1839999999,2243765.69,0.0,0.0,0.0,0.0,0.0,0.0,0.0,0.0,0.0,815280.1839999999,0.0,0.0,Richard E. Neal,Neal,Democrat
2501,2014,3133939.4968,2303450.8279999997,830488.6688,2303450.8279999997,0.0,0.0,0.0,0.0,0.0,0.0,0.0,0.0,0.0,830488.6688,0.0,0.0,Richard E. Neal,Neal,Democrat
2501,2015,3328107.002,2447584.702,880522.3,2447584.702,0.0,0.0,0.0,0.0,0.0,0.0,0.0,0.0,0.0,880522.3,0.0,0.0,Richard E. Neal,Neal,Democrat
2501,2016,2834192.014,2001593.214,832598.7999999999,2001593.214,0.0,0.0,0.0,0.0,0.0,0.0,0.0,0.0,0.0,832598.7999999999,0.0,0.0,Richard E. Neal,Neal,Democrat
2501,2017,2398067.914,1579594.314,818473.6,1579594.314,0.0,0.0,0.0,0.0,0.0,0.0,0.0,0.0,0.0,818473.6,0.0,0.0,Richard E. Neal,Neal,Democrat
2501,2018,2353305.276,1515199.576,838105.7,1515199.576,0.0,0.0,0.0,0.0,0.0,0.0,0.0,0.0,0.0,838105.7,0.0,0.0,Richard E. Neal,Neal,Democrat
2501,2019,1934521.622,1118997.122,815524.5,1118997.122,0.0,0.0,0.0,0.0,0.0,0.0,0.0,0.0,0.0,815524.5,0.0,0.0,Richard E. Neal,Neal,Democrat
2501,2020,1949777.286,1214099.286,735678.0,1214099.286,0.0,0.0,0.0,0.0,0.0,0.0,0.0,0.0,0.0,735678.0,0.0,0.0,Richard E. Neal,Neal,Democrat
2501,2021,1882123.274,1124883.974,757239.3,1124883.974,0.0,0.0,0.0,0.0,0.0,0.0,0.0,0.0,0.0,757239.3,0.0,0.0,Richard E. Neal,Neal,Democrat
2501,2022,1935040.77,1163139.17,771901.6000000001,1163139.17,0.0,0.0,0.0,0.0,0.0,0.0,0.0,0.0,0.0,771901.6000000001,0.0,0.0,Richard E. Neal,Neal,Democrat
2501,2023,1532226.05,816221.75,716004.2999999999,816221.75,0.0,0.0,0.0,0.0,0.0,0.0,0.0,0.0,0.0,716004.2999999999,0.0,0.0,Richard E. Neal,Neal,Democrat
2502,2010,3566093.530958,552484.330958,3013609.2,552484.330958,0.0,0.0,0.0,0.0,0.0,0.0,0.0,0.0,0.0,3013609.2,0.0,0.0,James P. McGovern,McGovern,Democrat
2502,2011,3812817.5769999996,741672.677,3071144.9,572809.561,0.0,0.0,0.0,168863.116,0.0,0.0,0.0,0.0,0.0,3071144.9,0.0,0.0,James P. McGovern,McGovern,Democrat
2502,2012,3613141.8575150003,703611.6575150001,2909530.2,541874.313515,0.0,0.0,0.0,161737.344,0.0,0.0,0.0,0.0,0.0,2909530.2,0.0,0.0,James P. McGovern,McGovern,Democrat
2502,2013,3781092.164,718869.764,3062222.4,562891.372,0.0,0.0,0.0,155978.392,0.0,0.0,0.0,0.0,0.0,3062222.4,0.0,0.0,James P. McGovern,McGovern,Democrat
2502,2014,3979991.6300000004,738398.13,3241593.5,598833.056,0.0,0.0,0.0,139565.074,0.0,0.0,0.0,0.0,0.0,3241593.5,0.0,0.0,James P. McGovern,McGovern,Democrat
2502,2015,4024528.072,718714.572,3305813.5,583289.642,0.0,0.0,0.0,135424.93,0.0,0.0,0.0,0.0,0.0,3305813.5,0.0,0.0,James P. McGovern,McGovern,Democrat
2502,2016,3777591.1560000004,711670.8559999999,3065920.3,585187.678,0.0,0.0,0.0,126483.178,0.0,0.0,0.0,0.0,0.0,3065920.3,0.0,0.0,James P. McGovern,McGovern,Democrat
2502,2017,3857698.726,696080.626,3161618.1,579018.99,0.0,0.0,0.0,117061.636,0.0,0.0,0.0,0.0,0.0,3161618.1,0.0,0.0,James P. McGovern,McGovern,Democrat
2502,2018,3917296.092,684174.492,3233121.6,575977.254,0.0,0.0,0.0,108197.238,0.0,0.0,0.0,0.0,0.0,3233121.6,0.0,0.0,James P. McGovern,McGovern,Democrat
2502,2019,3849261.196,694902.996,3154358.2,592619.896,0.0,0.0,0.0,102283.1,0.0,0.0,0.0,0.0,0.0,3154358.2,0.0,0.0,James P. McGovern,McGovern,Democrat
2502,2020,3692620.466,783168.466,2909452.0,681866.816,0.0,0.0,0.0,101301.65,0.0,0.0,0.0,0.0,0.0,2909452.0,0.0,0.0,James P. McGovern,McGovern,Democrat
2502,2021,3635885.018,728445.818,2907439.2,630806.318,0.0,0.0,0.0,97639.5,0.0,0.0,0.0,0.0,0.0,2907439.2,0.0,0.0,James P. McGovern,McGovern,Democrat
2502,2022,3700514.3120000004,756405.612,2944108.7,661959.662,0.0,0.0,0.0,94445.95,0.0,0.0,0.0,0.0,0.0,2944108.7,0.0,0.0,James P. McGovern,McGovern,Democrat
2502,2023,3545866.894,704704.294,2841162.6,615401.544,0.0,0.0,0.0,89302.75,0.0,0.0,0.0,0.0,0.0,2841162.6,0.0,0.0,James P. McGovern,McGovern,Democrat
2503,2010,419483.183431,419483.183431,0.0,419483.183431,0.0,0.0,0.0,0.0,0.0,0.0,0.0,0.0,0.0,0.0,0.0,0.0,Lori Trahan,Trahan,Democrat
2503,2011,448469.543973,448469.543973,0.0,448469.543973,0.0,0.0,0.0,0.0,0.0,0.0,0.0,0.0,0.0,0.0,0.0,0.0,Lori Trahan,Trahan,Democrat
2503,2012,471618.8927038,471618.8927038,0.0,471618.8927038,0.0,0.0,0.0,0.0,0.0,0.0,0.0,0.0,0.0,0.0,0.0,0.0,Lori Trahan,Trahan,Democrat
2503,2013,409496.9358,409496.9358,0.0,409496.9358,0.0,0.0,0.0,0.0,0.0,0.0,0.0,0.0,0.0,0.0,0.0,0.0,Lori Trahan,Trahan,Democrat
2503,2014,453454.45905,453454.45905,0.0,453454.45905,0.0,0.0,0.0,0.0,0.0,0.0,0.0,0.0,0.0,0.0,0.0,0.0,Lori Trahan,Trahan,Democrat
2503,2015,433197.37694,433197.37694,0.0,433197.37694,0.0,0.0,0.0,0.0,0.0,0.0,0.0,0.0,0.0,0.0,0.0,0.0,Lori Trahan,Trahan,Democrat
2503,2016,429329.31,429329.31,0.0,429329.31,0.0,0.0,0.0,0.0,0.0,0.0,0.0,0.0,0.0,0.0,0.0,0.0,Lori Trahan,Trahan,Democrat
2503,2017,409461.27999999997,409461.27999999997,0.0,409461.27999999997,0.0,0.0,0.0,0.0,0.0,0.0,0.0,0.0,0.0,0.0,0.0,0.0,Lori Trahan,Trahan,Democrat
2503,2018,399499.53400000004,399499.53400000004,0.0,399499.53400000004,0.0,0.0,0.0,0.0,0.0,0.0,0.0,0.0,0.0,0.0,0.0,0.0,Lori Trahan,Trahan,Democrat
2503,2019,392361.136,392361.136,0.0,392361.136,0.0,0.0,0.0,0.0,0.0,0.0,0.0,0.0,0.0,0.0,0.0,0.0,Lori Trahan,Trahan,Democrat
2503,2020,406149.648,406149.648,0.0,406149.648,0.0,0.0,0.0,0.0,0.0,0.0,0.0,0.0,0.0,0.0,0.0,0.0,Lori Trahan,Trahan,Democrat
2503,2021,380703.77400000003,380703.77400000003,0.0,380703.77400000003,0.0,0.0,0.0,0.0,0.0,0.0,0.0,0.0,0.0,0.0,0.0,0.0,Lori Trahan,Trahan,Democrat
2503,2022,361377.02,361377.02,0.0,361377.02,0.0,0.0,0.0,0.0,0.0,0.0,0.0,0.0,0.0,0.0,0.0,0.0,Lori Trahan,Trahan,Democrat
2503,2023,336965.902,336965.902,0.0,336965.902,0.0,0.0,0.0,0.0,0.0,0.0,0.0,0.0,0.0,0.0,0.0,0.0,Lori Trahan,Trahan,Democrat
2504,2010,8586896.361867,8268538.861867,318357.5,8268538.861867,0.0,0.0,0.0,0.0,0.0,0.0,0.0,0.0,0.0,318357.5,0.0,0.0,Jake Auchincloss,Auchincloss,Democrat
2504,2011,5712986.574,5383502.374000001,329484.2,5345337.124000001,0.0,0.0,0.0,38165.25,0.0,0.0,0.0,0.0,0.0,329484.2,0.0,0.0,Jake Auchincloss,Auchincloss,Democrat
2504,2012,4487638.9678960005,4187313.767896,300325.2,4150131.9178959997,0.0,0.0,0.0,37181.85,0.0,0.0,0.0,0.0,0.0,300325.2,0.0,0.0,Jake Auchincloss,Auchincloss,Democrat
2504,2013,5952214.111,5606946.811,345267.3,5574908.611,0.0,0.0,0.0,32038.2,0.0,0.0,0.0,0.0,0.0,345267.3,0.0,0.0,Jake Auchincloss,Auchincloss,Democrat
2504,2014,5553298.559,5178902.959,374395.6,5147621.859,0.0,0.0,0.0,31281.1,0.0,0.0,0.0,0.0,0.0,374395.6,0.0,0.0,Jake Auchincloss,Auchincloss,Democrat
2504,2015,5802910.933,5439148.733,363762.2,5408298.073,0.0,0.0,0.0,30850.66,0.0,0.0,0.0,0.0,0.0,363762.2,0.0,0.0,Jake Auchincloss,Auchincloss,Democrat
2504,2016,4493492.768,4128391.5680000004,365101.2,4097530.248,0.0,0.0,0.0,30861.32,0.0,0.0,0.0,0.0,0.0,365101.2,0.0,0.0,Jake Auchincloss,Auchincloss,Democrat
2504,2017,3925554.787,3570485.687,355069.1,3542484.657,0.0,0.0,0.0,28001.03,0.0,0.0,0.0,0.0,0.0,355069.1,0.0,0.0,Jake Auchincloss,Auchincloss,Democrat
2504,2018,2600667.428,2207062.2279999997,393605.2,2181185.428,0.0,0.0,0.0,25876.8,0.0,0.0,0.0,0.0,0.0,393605.2,0.0,0.0,Jake Auchincloss,Auchincloss,Democrat
2504,2019,2061568.9139999999,1679517.4139999999,382051.5,1654914.704,0.0,0.0,0.0,24602.71,0.0,0.0,0.0,0.0,0.0,382051.5,0.0,0.0,Jake Auchincloss,Auchincloss,Democrat
2504,2020,1781367.578,1440985.078,340382.5,1419055.658,0.0,0.0,0.0,21929.42,0.0,0.0,0.0,0.0,0.0,340382.5,0.0,0.0,Jake Auchincloss,Auchincloss,Democrat
2504,2021,2571281.184,2219573.584,351707.6,2199655.134,0.0,0.0,0.0,19918.45,0.0,0.0,0.0,0.0,0.0,351707.6,0.0,0.0,Jake Auchincloss,Auchincloss,Democrat
2504,2022,2677251.162,2313246.562,364004.6,2295484.082,0.0,0.0,0.0,17762.48,0.0,0.0,0.0,0.0,0.0,364004.6,0.0,0.0,Jake Auchincloss,Auchincloss,Democrat
2504,2023,3000884.0020000003,2647254.302,353629.7,2630194.982,0.0,0.0,0.0,17059.32,0.0,0.0,0.0,0.0,0.0,353629.7,0.0,0.0,Jake Auchincloss,Auchincloss,Democrat
2505,2010,7256030.326000001,65816.826,7190213.5,65816.826,0.0,0.0,0.0,0.0,0.0,0.0,0.0,0.0,0.0,7190213.5,0.0,0.0,Katherine M. Clark,Clark,Democrat
2505,2011,7901398.805000001,640254.605,7261144.2,109046.10500000001,0.0,0.0,0.0,494318.10000000003,36890.4,0.0,0.0,0.0,0.0,7261144.2,0.0,0.0,Katherine M. Clark,Clark,Democrat
2505,2012,7521823.3209999995,614768.321,6907055.0,107014.821,0.0,0.0,0.0,479014.1,28739.4,0.0,0.0,0.0,0.0,6907055.0,0.0,0.0,Katherine M. Clark,Clark,Democrat
2505,2013,8425057.101,605033.201,7820023.9,107309.301,0.0,0.0,0.0,468984.5,28739.4,0.0,0.0,0.0,0.0,7820023.9,0.0,0.0,Katherine M. Clark,Clark,Democrat
2505,2014,8568406.728,589594.0279999999,7978812.699999999,95806.878,0.0,0.0,0.0,455118.35,38668.8,0.0,0.0,0.0,0.0,7978812.699999999,0.0,0.0,Katherine M. Clark,Clark,Democrat
2505,2015,8533931.348,556024.848,7977906.5,81554.968,0.0,0.0,0.0,444747.8,29722.08,0.0,0.0,0.0,0.0,7977906.5,0.0,0.0,Katherine M. Clark,Clark,Democrat
2505,2016,8139859.943999999,556152.644,7583707.3,67317.534,0.0,0.0,0.0,432286.55,56548.56,0.0,0.0,0.0,0.0,7583707.3,0.0,0.0,Katherine M. Clark,Clark,Democrat
2505,2017,8361142.793985,495186.093985,7865956.7,70294.973985,0.0,0.0,0.0,413960.8,10930.32,0.0,0.0,0.0,0.0,7865956.7,0.0,0.0,Katherine M. Clark,Clark,Democrat
2505,2018,8643675.585378999,484614.48537899996,8159061.1,62960.221378999995,0.0,0.0,0.0,406668.85,14985.414,0.0,0.0,0.0,0.0,8159061.1,0.0,0.0,Katherine M. Clark,Clark,Democrat
2505,2019,8599665.860782,460662.560782,8139003.3,54865.32718199999,0.0,0.0,0.0,393799.6,11997.6336,0.0,0.0,0.0,0.0,8139003.3,0.0,0.0,Katherine M. Clark,Clark,Democrat
2505,2020,7827307.186590999,444170.986591,7383136.199999999,47229.192591,0.0,0.0,0.0,384647.35,12294.444,0.0,0.0,0.0,0.0,7383136.199999999,0.0,0.0,Katherine M. Clark,Clark,Democrat
2505,2021,7903690.25357,435065.15356999997,7468625.1,58297.651970000006,0.0,0.0,0.0,367635.6,9131.9016,0.0,0.0,0.0,0.0,7468625.1,0.0,0.0,Katherine M. Clark,Clark,Democrat
2505,2022,7988259.21517,410680.31516999996,7577578.9,47917.391970000004,0.0,0.0,0.0,356733.6,6029.3232,0.0,0.0,0.0,0.0,7577578.9,0.0,0.0,Katherine M. Clark,Clark,Democrat
2505,2023,7926798.819970001,367491.61997,7559307.2,24116.71997,0.0,0.0,0.0,343374.9,0.0,0.0,0.0,0.0,0.0,7559307.2,0.0,0.0,Katherine M. Clark,Clark,Democrat
2506,2010,1862105.738,1862105.738,0.0,1862105.738,0.0,0.0,0.0,0.0,0.0,0.0,0.0,0.0,0.0,0.0,0.0,0.0,Seth Moulton,Moulton,Democrat
2506,2011,1272248.2649,1272248.2649,0.0,1272248.2649,0.0,0.0,0.0,0.0,0.0,0.0,0.0,0.0,0.0,0.0,0.0,0.0,Seth Moulton,Moulton,Democrat
2506,2012,885274.863,885274.863,0.0,885274.863,0.0,0.0,0.0,0.0,0.0,0.0,0.0,0.0,0.0,0.0,0.0,0.0,Seth Moulton,Moulton,Democrat
2506,2013,964716.799,964716.799,0.0,964716.799,0.0,0.0,0.0,0.0,0.0,0.0,0.0,0.0,0.0,0.0,0.0,0.0,Seth Moulton,Moulton,Democrat
2506,2014,874694.68807,874694.68807,0.0,874694.68807,0.0,0.0,0.0,0.0,0.0,0.0,0.0,0.0,0.0,0.0,0.0,0.0,Seth Moulton,Moulton,Democrat
2506,2015,619902.756576,619902.756576,0.0,619902.756576,0.0,0.0,0.0,0.0,0.0,0.0,0.0,0.0,0.0,0.0,0.0,0.0,Seth Moulton,Moulton,Democrat
2506,2016,594192.707394,594192.707394,0.0,594192.707394,0.0,0.0,0.0,0.0,0.0,0.0,0.0,0.0,0.0,0.0,0.0,0.0,Seth Moulton,Moulton,Democrat
2506,2017,565414.038591,565414.038591,0.0,565414.038591,0.0,0.0,0.0,0.0,0.0,0.0,0.0,0.0,0.0,0.0,0.0,0.0,Seth Moulton,Moulton,Democrat
2506,2018,1027286.537394,1027286.537394,0.0,1027286.537394,0.0,0.0,0.0,0.0,0.0,0.0,0.0,0.0,0.0,0.0,0.0,0.0,Seth Moulton,Moulton,Democrat
2506,2019,741485.609394,741485.609394,0.0,741485.609394,0.0,0.0,0.0,0.0,0.0,0.0,0.0,0.0,0.0,0.0,0.0,0.0,Seth Moulton,Moulton,Democrat
2506,2020,827453.757394,827453.757394,0.0,827453.757394,0.0,0.0,0.0,0.0,0.0,0.0,0.0,0.0,0.0,0.0,0.0,0.0,Seth Moulton,Moulton,Democrat
2506,2021,769808.730394,769808.730394,0.0,769808.730394,0.0,0.0,0.0,0.0,0.0,0.0,0.0,0.0,0.0,0.0,0.0,0.0,Seth Moulton,Moulton,Democrat
2506,2022,726122.0075910001,726122.0075910001,0.0,726122.0075910001,0.0,0.0,0.0,0.0,0.0,0.0,0.0,0.0,0.0,0.0,0.0,0.0,Seth Moulton,Moulton,Democrat
2506,2023,805925.625394,805925.625394,0.0,805925.625394,0.0,0.0,0.0,0.0,0.0,0.0,0.0,0.0,0.0,0.0,0.0,0.0,Seth Moulton,Moulton,Democrat
2507,2010,5399151.643999999,5399151.643999999,0.0,5399151.643999999,0.0,0.0,0.0,0.0,0.0,0.0,0.0,0.0,0.0,0.0,0.0,0.0,Ayanna Pressley,Pressley,Democrat
2507,2011,5159184.524,5159184.524,0.0,5143865.204,0.0,0.0,0.0,0.0,15319.32,0.0,0.0,0.0,0.0,0.0,0.0,0.0,Ayanna Pressley,Pressley,Democrat
2507,2012,4858906.427,4858906.427,0.0,4844845.667,0.0,0.0,0.0,0.0,14060.76,0.0,0.0,0.0,0.0,0.0,0.0,0.0,Ayanna Pressley,Pressley,Democrat
2507,2013,4096631.736,4096631.736,0.0,4087142.3759999997,0.0,0.0,0.0,0.0,9489.36,0.0,0.0,0.0,0.0,0.0,0.0,0.0,Ayanna Pressley,Pressley,Democrat
2507,2014,2349059.12,2349059.12,0.0,2340527.36,0.0,0.0,0.0,0.0,8531.76,0.0,0.0,0.0,0.0,0.0,0.0,0.0,Ayanna Pressley,Pressley,Democrat
2507,2015,2818111.432,2818111.432,0.0,2802755.6319999998,0.0,0.0,0.0,0.0,15355.8,0.0,0.0,0.0,0.0,0.0,0.0,0.0,Ayanna Pressley,Pressley,Democrat
2507,2016,4075821.222,4075821.222,0.0,4075821.222,0.0,0.0,0.0,0.0,0.0,0.0,0.0,0.0,0.0,0.0,0.0,0.0,Ayanna Pressley,Pressley,Democrat
2507,2017,4370411.342,4370411.342,0.0,4370411.342,0.0,0.0,0.0,0.0,0.0,0.0,0.0,0.0,0.0,0.0,0.0,0.0,Ayanna Pressley,Pressley,Democrat
2507,2018,3318888.1500000004,3318888.1500000004,0.0,3318888.1500000004,0.0,0.0,0.0,0.0,0.0,0.0,0.0,0.0,0.0,0.0,0.0,0.0,Ayanna Pressley,Pressley,Democrat
2507,2019,2356026.292,2356026.292,0.0,2356026.292,0.0,0.0,0.0,0.0,0.0,0.0,0.0,0.0,0.0,0.0,0.0,0.0,Ayanna Pressley,Pressley,Democrat
2507,2020,2134014.338,2134014.338,0.0,2134014.338,0.0,0.0,0.0,0.0,0.0,0.0,0.0,0.0,0.0,0.0,0.0,0.0,Ayanna Pressley,Pressley,Democrat
2507,2021,1846120.894,1846120.894,0.0,1846120.894,0.0,0.0,0.0,0.0,0.0,0.0,0.0,0.0,0.0,0.0,0.0,0.0,Ayanna Pressley,Pressley,Democrat
2507,2022,2095737.236,2095737.236,0.0,2095737.236,0.0,0.0,0.0,0.0,0.0,0.0,0.0,0.0,0.0,0.0,0.0,0.0,Ayanna Pressley,Pressley,Democrat
2507,2023,2028301.934,2028301.934,0.0,2028301.934,0.0,0.0,0.0,0.0,0.0,0.0,0.0,0.0,0.0,0.0,0.0,0.0,Ayanna Pressley,Pressley,Democrat
2508,2010,5097859.812,1717940.812,3379919.0,1717940.812,0.0,0.0,0.0,0.0,0.0,0.0,0.0,0.0,0.0,3379919.0,0.0,0.0,Stephen F. Lynch,Lynch,Democrat
2508,2011,5310145.216,2080736.2159999998,3229409.0,1947405.518,0.0,0.0,0.0,133330.698,0.0,0.0,0.0,0.0,0.0,3229409.0,0.0,0.0,Stephen F. Lynch,Lynch,Democrat
2508,2012,5026094.902,1818462.1020000002,3207632.8,1688147.7040000001,0.0,0.0,0.0,130314.398,0.0,0.0,0.0,0.0,0.0,3207632.8,0.0,0.0,Stephen F. Lynch,Lynch,Democrat
2508,2013,5027159.848,1726275.7480000001,3300884.1,1599330.5,0.0,0.0,0.0,126945.248,0.0,0.0,0.0,0.0,0.0,3300884.1,0.0,0.0,Stephen F. Lynch,Lynch,Democrat
2508,2014,5601262.352399999,1789543.3900000001,3811718.9624,1660205.69,0.0,0.0,0.0,129337.7,0.0,0.0,0.0,0.0,0.0,3811718.9624,0.0,0.0,Stephen F. Lynch,Lynch,Democrat
2508,2015,5499663.454,1704967.4540000001,3794696.0,1577662.854,0.0,0.0,0.0,127304.6,0.0,0.0,0.0,0.0,0.0,3794696.0,0.0,0.0,Stephen F. Lynch,Lynch,Democrat
2508,2016,5052543.382,1706424.3820000002,3346119.0,1590134.3360000001,0.0,0.0,0.0,116290.046,0.0,0.0,0.0,0.0,0.0,3346119.0,0.0,0.0,Stephen F. Lynch,Lynch,Democrat
2508,2017,5641542.198,1911281.3979999998,3730260.8,1800470.748,0.0,0.0,0.0,110810.65,0.0,0.0,0.0,0.0,0.0,3730260.8,0.0,0.0,Stephen F. Lynch,Lynch,Democrat
2508,2018,5182975.652,1496543.552,3686432.1,1391249.2519999999,0.0,0.0,0.0,105294.3,0.0,0.0,0.0,0.0,0.0,3686432.1,0.0,0.0,Stephen F. Lynch,Lynch,Democrat
2508,2019,5806455.388,1927309.588,3879145.8,1827320.688,0.0,0.0,0.0,99988.9,0.0,0.0,0.0,0.0,0.0,3879145.8,0.0,0.0,Stephen F. Lynch,Lynch,Democrat
2508,2020,5035868.640000001,1497150.3399999999,3538718.3,1401069.39,0.0,0.0,0.0,96080.95,0.0,0.0,0.0,0.0,0.0,3538718.3,0.0,0.0,Stephen F. Lynch,Lynch,Democrat
2508,2021,5121706.936,1571311.836,3550395.1,1480664.736,0.0,0.0,0.0,90647.1,0.0,0.0,0.0,0.0,0.0,3550395.1,0.0,0.0,Stephen F. Lynch,Lynch,Democrat
2508,2022,5210708.142,1564908.442,3645799.7,1480447.492,0.0,0.0,0.0,84460.95,0.0,0.0,0.0,0.0,0.0,3645799.7,0.0,0.0,Stephen F. Lynch,Lynch,Democrat
2508,2023,4590010.31,1027760.2100000001,3562250.1,949038.4100000001,0.0,0.0,0.0,78721.8,0.0,0.0,0.0,0.0,0.0,3562250.1,0.0,0.0,Stephen F. Lynch,Lynch,Democrat
2509,2010,678930.918799,637950.918799,40980.0,637950.918799,0.0,0.0,0.0,0.0,0.0,0.0,0.0,0.0,0.0,40980.0,0.0,0.0,William R. Keating,Keating,Democrat
2509,2011,645494.852,604248.952,41245.9,602352.652,0.0,0.0,0.0,1896.3,0.0,0.0,0.0,0.0,0.0,41245.9,0.0,0.0,William R. Keating,Keating,Democrat
2509,2012,626309.771582,584257.171582,42052.6,582474.671582,0.0,0.0,0.0,1782.5,0.0,0.0,0.0,0.0,0.0,42052.6,0.0,0.0,William R. Keating,Keating,Democrat
2509,2013,672035.353,622611.953,49423.4,620795.753,0.0,0.0,0.0,1816.2,0.0,0.0,0.0,0.0,0.0,49423.4,0.0,0.0,William R. Keating,Keating,Democrat
2509,2014,912991.435,861888.635,51102.8,860128.535,0.0,0.0,0.0,1760.1,0.0,0.0,0.0,0.0,0.0,51102.8,0.0,0.0,William R. Keating,Keating,Democrat
2509,2015,814017.44,763067.74,50949.7,761399.34,0.0,0.0,0.0,1668.4,0.0,0.0,0.0,0.0,0.0,50949.7,0.0,0.0,William R. Keating,Keating,Democrat
2509,2016,583923.441,532315.341,51608.1,530740.141,0.0,0.0,0.0,1575.2,0.0,0.0,0.0,0.0,0.0,51608.1,0.0,0.0,William R. Keating,Keating,Democrat
2509,2017,575284.426,521069.62600000005,54214.8,519499.82600000006,0.0,0.0,0.0,1569.8,0.0,0.0,0.0,0.0,0.0,54214.8,0.0,0.0,William R. Keating,Keating,Democrat
2509,2018,637989.282,582704.882,55284.4,581205.932,0.0,0.0,0.0,1498.95,0.0,0.0,0.0,0.0,0.0,55284.4,0.0,0.0,William R. Keating,Keating,Democrat
2509,2019,568614.066,512611.866,56002.2,511133.016,0.0,0.0,0.0,1478.85,0.0,0.0,0.0,0.0,0.0,56002.2,0.0,0.0,William R. Keating,Keating,Democrat
2509,2020,697493.628,644578.328,52915.3,643080.478,0.0,0.0,0.0,1497.85,0.0,0.0,0.0,0.0,0.0,52915.3,0.0,0.0,William R. Keating,Keating,Democrat
2509,2021,708973.368,655148.6680000001,53824.7,653837.6680000001,0.0,0.0,0.0,1311.0,0.0,0.0,0.0,0.0,0.0,53824.7,0.0,0.0,William R. Keating,Keating,Democrat
2509,2022,993337.346,945239.546,48097.8,944023.246,0.0,0.0,0.0,1216.3,0.0,0.0,0.0,0.0,0.0,48097.8,0.0,0.0,William R. Keating,Keating,Democrat
2509,2023,590081.904,546513.704,43568.2,545382.754,0.0,0.0,0.0,1130.95,0.0,0.0,0.0,0.0,0.0,43568.2,0.0,0.0,William R. Keating,Keating,Democrat
2601,2010,10897950.950086,10385751.450086,512199.5,10385751.450086,0.0,0.0,0.0,0.0,0.0,0.0,0.0,0.0,0.0,0.0,512199.5,0.0,Jack Bergman,Bergman,Republican
2601,2011,12643564.275375,12160311.975375,483252.3,11514394.397375,645917.578,0.0,0.0,0.0,0.0,0.0,0.0,0.0,0.0,0.0,483252.3,0.0,Jack Bergman,Bergman,Republican
2601,2012,11757330.4552,11287568.8552,469761.6,10638022.281200001,649546.574,0.0,0.0,0.0,0.0,0.0,0.0,0.0,0.0,0.0,469761.6,0.0,Jack Bergman,Bergman,Republican
2601,2013,11341766.613,10928316.013,413450.6,10338130.315,590185.6980000001,0.0,0.0,0.0,0.0,0.0,0.0,0.0,0.0,0.0,413450.6,0.0,Jack Bergman,Bergman,Republican
2601,2014,11028482.036,10734716.936,293765.1,10092333.32,642383.6159999999,0.0,0.0,0.0,0.0,0.0,0.0,0.0,0.0,0.0,293765.1,0.0,Jack Bergman,Bergman,Republican
2601,2015,10985129.30249,10697903.90249,287225.4,10102068.85249,595835.05,0.0,0.0,0.0,0.0,0.0,0.0,0.0,0.0,0.0,287225.4,0.0,Jack Bergman,Bergman,Republican
2601,2016,11255051.484,11052835.784,202215.7,10211202.734,566812.506,274820.544,0.0,0.0,0.0,0.0,0.0,0.0,0.0,0.0,202215.7,0.0,Jack Bergman,Bergman,Republican
2601,2017,10478623.22,10295552.02,183071.2,9402023.448,595681.29,297847.282,0.0,0.0,0.0,0.0,0.0,0.0,0.0,0.0,183071.2,0.0,Jack Bergman,Bergman,Republican
2601,2018,10113351.816,9925226.316,188125.5,9078858.004,555087.632,291280.68,0.0,0.0,0.0,0.0,0.0,0.0,0.0,0.0,188125.5,0.0,Jack Bergman,Bergman,Republican
2601,2019,8930243.146,8767768.146,162475.0,7863157.83,519235.19,385375.12600000005,0.0,0.0,0.0,0.0,0.0,0.0,0.0,0.0,162475.0,0.0,Jack Bergman,Bergman,Republican
2601,2020,8554585.764,8444590.764,109995.0,7659932.986,432235.64800000004,352422.13,0.0,0.0,0.0,0.0,0.0,0.0,0.0,0.0,109995.0,0.0,Jack Bergman,Bergman,Republican
2601,2021,9082014.364,8964383.764,117630.6,8158535.0,458682.59,347166.174,0.0,0.0,0.0,0.0,0.0,0.0,0.0,0.0,117630.6,0.0,Jack Bergman,Bergman,Republican
2601,2022,8758169.6,8637766.700000001,120402.9,7880830.376,421100.4259999999,335835.89800000004,0.0,0.0,0.0,0.0,0.0,0.0,0.0,0.0,120402.9,0.0,Jack Bergman,Bergman,Republican
2601,2023,8617391.502,8481818.302000001,135573.2,7687121.444,455432.23199999996,339264.62600000005,0.0,0.0,0.0,0.0,0.0,0.0,0.0,0.0,135573.2,0.0,Jack Bergman,Bergman,Republican
2602,2010,2721188.091927,2721188.091927,0.0,2721188.091927,0.0,0.0,0.0,0.0,0.0,0.0,0.0,0.0,0.0,0.0,0.0,0.0,John R. Moolenaar,Moolenaar,Republican
2602,2011,2477523.14745,2477523.14745,0.0,2366239.13545,111284.012,0.0,0.0,0.0,0.0,0.0,0.0,0.0,0.0,0.0,0.0,0.0,John R. Moolenaar,Moolenaar,Republican
2602,2012,2639938.239182,2639938.239182,0.0,2533518.659182,106419.57999999999,0.0,0.0,0.0,0.0,0.0,0.0,0.0,0.0,0.0,0.0,0.0,John R. Moolenaar,Moolenaar,Republican
2602,2013,2356787.782,2356787.782,0.0,2252042.792,104744.99,0.0,0.0,0.0,0.0,0.0,0.0,0.0,0.0,0.0,0.0,0.0,John R. Moolenaar,Moolenaar,Republican
2602,2014,2542299.182,2542299.182,0.0,2416616.82,125682.362,0.0,0.0,0.0,0.0,0.0,0.0,0.0,0.0,0.0,0.0,0.0,John R. Moolenaar,Moolenaar,Republican
2602,2015,2669650.216,2669650.216,0.0,2565674.432,103975.78400000001,0.0,0.0,0.0,0.0,0.0,0.0,0.0,0.0,0.0,0.0,0.0,John R. Moolenaar,Moolenaar,Republican
2602,2016,3032411.122,3032411.122,0.0,2935704.17,96706.95199999999,0.0,0.0,0.0,0.0,0.0,0.0,0.0,0.0,0.0,0.0,0.0,John R. Moolenaar,Moolenaar,Republican
2602,2017,2549251.702,2549251.702,0.0,2452187.088,97064.614,0.0,0.0,0.0,0.0,0.0,0.0,0.0,0.0,0.0,0.0,0.0,John R. Moolenaar,Moolenaar,Republican
2602,2018,2962150.742,2962150.742,0.0,2878647.708,83503.034,0.0,0.0,0.0,0.0,0.0,0.0,0.0,0.0,0.0,0.0,0.0,John R. Moolenaar,Moolenaar,Republican
2602,2019,2753465.3680000002,2753465.3680000002,0.0,2666988.72,86476.648,0.0,0.0,0.0,0.0,0.0,0.0,0.0,0.0,0.0,0.0,0.0,John R. Moolenaar,Moolenaar,Republican
2602,2020,2993538.574,2993538.574,0.0,2915474.054,78064.51999999999,0.0,0.0,0.0,0.0,0.0,0.0,0.0,0.0,0.0,0.0,0.0,John R. Moolenaar,Moolenaar,Republican
2602,2021,2638108.16,2638108.16,0.0,2569479.894,68628.266,0.0,0.0,0.0,0.0,0.0,0.0,0.0,0.0,0.0,0.0,0.0,John R. Moolenaar,Moolenaar,Republican
2602,2022,2442224.4020000002,2442224.4020000002,0.0,2374595.24,67629.162,0.0,0.0,0.0,0.0,0.0,0.0,0.0,0.0,0.0,0.0,0.0,John R. Moolenaar,Moolenaar,Republican
2602,2023,2826378.184,2826378.184,0.0,2778825.456,867.0,46685.728,0.0,0.0,0.0,0.0,0.0,0.0,0.0,0.0,0.0,0.0,John R. Moolenaar,Moolenaar,Republican
2603,2010,3009616.82,3009616.82,0.0,3009616.82,0.0,0.0,0.0,0.0,0.0,0.0,0.0,0.0,0.0,0.0,0.0,0.0,Hillary J. Scholten,Scholten,Democrat
2603,2011,2573132.416,2573132.416,0.0,2451563.1300000004,121569.286,0.0,0.0,0.0,0.0,0.0,0.0,0.0,0.0,0.0,0.0,0.0,Hillary J. Scholten,Scholten,Democrat
2603,2012,2320393.094,2320393.094,0.0,2206153.198,114239.896,0.0,0.0,0.0,0.0,0.0,0.0,0.0,0.0,0.0,0.0,0.0,Hillary J. Scholten,Scholten,Democrat
2603,2013,2500806.804,2500806.804,0.0,2387735.054,113071.75,0.0,0.0,0.0,0.0,0.0,0.0,0.0,0.0,0.0,0.0,0.0,Hillary J. Scholten,Scholten,Democrat
2603,2014,2690601.196,2690601.196,0.0,2584099.378,106501.818,0.0,0.0,0.0,0.0,0.0,0.0,0.0,0.0,0.0,0.0,0.0,Hillary J. Scholten,Scholten,Democrat
2603,2015,2621912.7520000003,2621912.7520000003,0.0,2456059.2060000002,165853.546,0.0,0.0,0.0,0.0,0.0,0.0,0.0,0.0,0.0,0.0,0.0,Hillary J. Scholten,Scholten,Democrat
2603,2016,1437590.286,1437590.286,0.0,1321123.504,116466.782,0.0,0.0,0.0,0.0,0.0,0.0,0.0,0.0,0.0,0.0,0.0,Hillary J. Scholten,Scholten,Democrat
2603,2017,908504.038,908504.038,0.0,796118.608,112385.43,0.0,0.0,0.0,0.0,0.0,0.0,0.0,0.0,0.0,0.0,0.0,Hillary J. Scholten,Scholten,Democrat
2603,2018,785129.936,785129.936,0.0,691849.486,93280.45,0.0,0.0,0.0,0.0,0.0,0.0,0.0,0.0,0.0,0.0,0.0,Hillary J. Scholten,Scholten,Democrat
2603,2019,772728.166,772728.166,0.0,674784.888,97943.278,0.0,0.0,0.0,0.0,0.0,0.0,0.0,0.0,0.0,0.0,0.0,Hillary J. Scholten,Scholten,Democrat
2603,2020,600863.482,600863.482,0.0,500646.85599999997,100216.626,0.0,0.0,0.0,0.0,0.0,0.0,0.0,0.0,0.0,0.0,0.0,Hillary J. Scholten,Scholten,Democrat
2603,2021,491970.60199999996,491970.60199999996,0.0,392189.374,99781.228,0.0,0.0,0.0,0.0,0.0,0.0,0.0,0.0,0.0,0.0,0.0,Hillary J. Scholten,Scholten,Democrat
2603,2022,520701.576,520701.576,0.0,420646.7,100054.876,0.0,0.0,0.0,0.0,0.0,0.0,0.0,0.0,0.0,0.0,0.0,Hillary J. Scholten,Scholten,Democrat
2603,2023,440229.528,440229.528,0.0,408969.082,31260.446,0.0,0.0,0.0,0.0,0.0,0.0,0.0,0.0,0.0,0.0,0.0,Hillary J. Scholten,Scholten,Democrat
2604,2010,12244028.568661,12244028.568661,0.0,12244028.568661,0.0,0.0,0.0,0.0,0.0,0.0,0.0,0.0,0.0,0.0,0.0,0.0,Bill Huizenga,Huizenga,Republican
2604,2011,11074352.449925,11074352.449925,0.0,11074352.449925,0.0,0.0,0.0,0.0,0.0,0.0,0.0,0.0,0.0,0.0,0.0,0.0,Bill Huizenga,Huizenga,Republican
2604,2012,11566125.334118,11566125.334118,0.0,11566125.334118,0.0,0.0,0.0,0.0,0.0,0.0,0.0,0.0,0.0,0.0,0.0,0.0,Bill Huizenga,Huizenga,Republican
2604,2013,10890347.79,10890347.79,0.0,10890347.79,0.0,0.0,0.0,0.0,0.0,0.0,0.0,0.0,0.0,0.0,0.0,0.0,Bill Huizenga,Huizenga,Republican
2604,2014,10907802.724,10907802.724,0.0,10907802.724,0.0,0.0,0.0,0.0,0.0,0.0,0.0,0.0,0.0,0.0,0.0,0.0,Bill Huizenga,Huizenga,Republican
2604,2015,12579267.472,12579267.472,0.0,12579267.472,0.0,0.0,0.0,0.0,0.0,0.0,0.0,0.0,0.0,0.0,0.0,0.0,Bill Huizenga,Huizenga,Republican
2604,2016,11159352.22,11159352.22,0.0,11159352.22,0.0,0.0,0.0,0.0,0.0,0.0,0.0,0.0,0.0,0.0,0.0,0.0,Bill Huizenga,Huizenga,Republican
2604,2017,12454684.46,12454684.46,0.0,12454684.46,0.0,0.0,0.0,0.0,0.0,0.0,0.0,0.0,0.0,0.0,0.0,0.0,Bill Huizenga,Huizenga,Republican
2604,2018,12797387.54,12797387.54,0.0,12797387.54,0.0,0.0,0.0,0.0,0.0,0.0,0.0,0.0,0.0,0.0,0.0,0.0,Bill Huizenga,Huizenga,Republican
2604,2019,13996752.056,13996752.056,0.0,13996752.056,0.0,0.0,0.0,0.0,0.0,0.0,0.0,0.0,0.0,0.0,0.0,0.0,Bill Huizenga,Huizenga,Republican
2604,2020,12573539.264,12573539.264,0.0,12573539.264,0.0,0.0,0.0,0.0,0.0,0.0,0.0,0.0,0.0,0.0,0.0,0.0,Bill Huizenga,Huizenga,Republican
2604,2021,13744544.192,13744544.192,0.0,13744544.192,0.0,0.0,0.0,0.0,0.0,0.0,0.0,0.0,0.0,0.0,0.0,0.0,Bill Huizenga,Huizenga,Republican
2604,2022,13847634.302000001,13847634.302000001,0.0,13847634.302000001,0.0,0.0,0.0,0.0,0.0,0.0,0.0,0.0,0.0,0.0,0.0,0.0,Bill Huizenga,Huizenga,Republican
2604,2023,13148129.542,13148129.542,0.0,13148129.542,0.0,0.0,0.0,0.0,0.0,0.0,0.0,0.0,0.0,0.0,0.0,0.0,Bill Huizenga,Huizenga,Republican
2605,2010,40995592.715941004,21895649.315941002,19099943.4,21895649.315941002,0.0,0.0,0.0,0.0,0.0,0.0,0.0,0.0,0.0,19099943.4,0.0,0.0,Tim Walberg,Walberg,Republican
2605,2011,40420272.952,19979568.552,20440704.4,19710605.952,0.0,0.0,0.0,268962.6,0.0,0.0,0.0,0.0,0.0,20440704.4,0.0,0.0,Tim Walberg,Walberg,Republican
2605,2012,39093845.910435,19318081.510435,19775764.4,19047513.310435,0.0,0.0,0.0,270568.2,0.0,0.0,0.0,0.0,0.0,19775764.4,0.0,0.0,Tim Walberg,Walberg,Republican
2605,2013,40437535.348,19265049.924,21172485.424,18999413.274,0.0,0.0,0.0,265636.65,0.0,0.0,0.0,0.0,0.0,21172485.424,0.0,0.0,Tim Walberg,Walberg,Republican
2605,2014,41382514.08,19039019.98,22343494.1,18776106.93,0.0,0.0,0.0,262913.05,0.0,0.0,0.0,0.0,0.0,22343494.1,0.0,0.0,Tim Walberg,Walberg,Republican
2605,2015,40896622.326000005,19571736.326,21324886.000000004,19320951.826,0.0,0.0,0.0,250784.5,0.0,0.0,0.0,0.0,0.0,21324886.000000004,0.0,0.0,Tim Walberg,Walberg,Republican
2605,2016,38159606.984,16745633.584,21413973.4,16502572.664,0.0,0.0,0.0,241376.0,1684.92,0.0,0.0,0.0,0.0,21413973.4,0.0,0.0,Tim Walberg,Walberg,Republican
2605,2017,38600141.9128,17619015.4128,20981126.499999996,17384125.884,0.0,0.0,0.0,234714.744,174.7848,0.0,0.0,0.0,0.0,20981126.499999996,0.0,0.0,Tim Walberg,Walberg,Republican
2605,2018,41900582.8512,18633008.751199998,23267574.1,18395307.507999998,0.0,0.0,0.0,235601.842,2099.4012,0.0,0.0,0.0,0.0,23267574.1,0.0,0.0,Tim Walberg,Walberg,Republican
2605,2019,40881032.924,17318513.024,23562519.9,17086045.496,0.0,0.0,0.0,229934.79,2532.738,0.0,0.0,0.0,0.0,23562519.9,0.0,0.0,Tim Walberg,Walberg,Republican
2605,2020,36671601.1212,15004414.421200002,21667186.700000003,14773117.038,0.0,0.0,0.0,230479.342,818.0412,0.0,0.0,0.0,0.0,21667186.700000003,0.0,0.0,Tim Walberg,Walberg,Republican
2605,2021,37602226.22760001,16545809.8276,21056416.400000002,16327096.9,0.0,0.0,0.0,216664.188,2048.7396,0.0,0.0,0.0,0.0,21056416.400000002,0.0,0.0,Tim Walberg,Walberg,Republican
2605,2022,41991527.2671415,18515948.5671415,23475578.7,18164275.526,0.0,0.0,139434.4035415,210273.688,1964.9496,0.0,0.0,0.0,0.0,23475578.7,0.0,0.0,Tim Walberg,Walberg,Republican
2605,2023,38600690.912,16183298.712,22417392.200000003,15962581.998,0.0,0.0,12216.35,200756.344,7744.02,0.0,0.0,0.0,0.0,22417392.200000003,0.0,0.0,Tim Walberg,Walberg,Republican
2606,2010,5183975.547675,5183975.547675,0.0,5183975.547675,0.0,0.0,0.0,0.0,0.0,0.0,0.0,0.0,0.0,0.0,0.0,0.0,Debbie Dingell,Dingell,Democrat
2606,2011,5348845.568416013,5348845.568416013,0.0,5314428.968416013,0.0,0.0,0.0,0.0,34416.6,0.0,0.0,0.0,0.0,0.0,0.0,0.0,Debbie Dingell,Dingell,Democrat
2606,2012,5264770.065820528,5264770.065820528,0.0,5220355.665820528,0.0,0.0,0.0,0.0,44414.399999999994,0.0,0.0,0.0,0.0,0.0,0.0,0.0,Debbie Dingell,Dingell,Democrat
2606,2013,5065729.826,5065729.826,0.0,4994014.706,0.0,0.0,0.0,0.0,71715.12,0.0,0.0,0.0,0.0,0.0,0.0,0.0,Debbie Dingell,Dingell,Democrat
2606,2014,4020590.7,4020590.7,0.0,3979749.06,0.0,0.0,0.0,0.0,40841.64,0.0,0.0,0.0,0.0,0.0,0.0,0.0,Debbie Dingell,Dingell,Democrat
2606,2015,3833546.1199999996,3833546.1199999996,0.0,3819273.32,0.0,0.0,0.0,0.0,14272.800000000001,0.0,0.0,0.0,0.0,0.0,0.0,0.0,Debbie Dingell,Dingell,Democrat
2606,2016,3498708.456,3498708.456,0.0,3487034.856,0.0,0.0,0.0,0.0,11673.6,0.0,0.0,0.0,0.0,0.0,0.0,0.0,Debbie Dingell,Dingell,Democrat
2606,2017,3367478.7079999996,3367478.7079999996,0.0,3332081.7079999996,0.0,0.0,0.0,0.0,35397.0,0.0,0.0,0.0,0.0,0.0,0.0,0.0,Debbie Dingell,Dingell,Democrat
2606,2018,2850318.16,2850318.16,0.0,2832757.6,0.0,0.0,0.0,0.0,17560.56,0.0,0.0,0.0,0.0,0.0,0.0,0.0,Debbie Dingell,Dingell,Democrat
2606,2019,2997654.848,2997654.848,0.0,2969070.488,0.0,0.0,0.0,0.0,28584.36,0.0,0.0,0.0,0.0,0.0,0.0,0.0,Debbie Dingell,Dingell,Democrat
2606,2020,1759637.3368,1759637.3368,0.0,1735809.49,0.0,0.0,0.0,0.0,23827.8468,0.0,0.0,0.0,0.0,0.0,0.0,0.0,Debbie Dingell,Dingell,Democrat
2606,2021,2695500.974,2695500.974,0.0,2669614.88,0.0,0.0,0.0,0.0,25886.094,0.0,0.0,0.0,0.0,0.0,0.0,0.0,Debbie Dingell,Dingell,Democrat
2606,2022,2196815.794,2196815.794,0.0,2182895.596,0.0,0.0,0.0,0.0,13920.197999999999,0.0,0.0,0.0,0.0,0.0,0.0,0.0,Debbie Dingell,Dingell,Democrat
2606,2023,1452535.2184,1452535.2184,0.0,1439686.552,0.0,0.0,0.0,0.0,12848.6664,0.0,0.0,0.0,0.0,0.0,0.0,0.0,Debbie Dingell,Dingell,Democrat
2607,2010,3747565.2860000003,3747565.2860000003,0.0,3747565.2860000003,0.0,0.0,0.0,0.0,0.0,0.0,0.0,0.0,0.0,0.0,0.0,0.0,Tom Barrett,Barrett,Republican
2607,2011,3928036.6031,3928036.6031,0.0,3810314.6071,117721.996,0.0,0.0,0.0,0.0,0.0,0.0,0.0,0.0,0.0,0.0,0.0,Tom Barrett,Barrett,Republican
2607,2012,3210820.4705999997,3210820.4705999997,0.0,3052685.0326,158135.438,0.0,0.0,0.0,0.0,0.0,0.0,0.0,0.0,0.0,0.0,0.0,Tom Barrett,Barrett,Republican
2607,2013,3226684.54,3226684.54,0.0,3093278.634,133405.906,0.0,0.0,0.0,0.0,0.0,0.0,0.0,0.0,0.0,0.0,0.0,Tom Barrett,Barrett,Republican
2607,2014,3124182.7,3124182.7,0.0,3065255.2800000003,58927.42,0.0,0.0,0.0,0.0,0.0,0.0,0.0,0.0,0.0,0.0,0.0,Tom Barrett,Barrett,Republican
2607,2015,2912650.4725,2912650.4725,0.0,2863489.9585,49160.514,0.0,0.0,0.0,0.0,0.0,0.0,0.0,0.0,0.0,0.0,0.0,Tom Barrett,Barrett,Republican
2607,2016,2850710.754,2850710.754,0.0,2793223.604,57487.15,0.0,0.0,0.0,0.0,0.0,0.0,0.0,0.0,0.0,0.0,0.0,Tom Barrett,Barrett,Republican
2607,2017,2869278.1112,2869278.1112,0.0,2764126.2692,105151.842,0.0,0.0,0.0,0.0,0.0,0.0,0.0,0.0,0.0,0.0,0.0,Tom Barrett,Barrett,Republican
2607,2018,2449193.9802,2449193.9802,0.0,2393674.2422,55519.738,0.0,0.0,0.0,0.0,0.0,0.0,0.0,0.0,0.0,0.0,0.0,Tom Barrett,Barrett,Republican
2607,2019,2029649.496,2029649.496,0.0,1982307.7319999998,47341.764,0.0,0.0,0.0,0.0,0.0,0.0,0.0,0.0,0.0,0.0,0.0,Tom Barrett,Barrett,Republican
2607,2020,1783854.23,1783854.23,0.0,1748580.98,35273.25,0.0,0.0,0.0,0.0,0.0,0.0,0.0,0.0,0.0,0.0,0.0,Tom Barrett,Barrett,Republican
2607,2021,1936373.354,1936373.354,0.0,1883961.1779999998,52412.176,0.0,0.0,0.0,0.0,0.0,0.0,0.0,0.0,0.0,0.0,0.0,Tom Barrett,Barrett,Republican
2607,2022,2361418.608,2361418.608,0.0,2326014.208,35404.4,0.0,0.0,0.0,0.0,0.0,0.0,0.0,0.0,0.0,0.0,0.0,Tom Barrett,Barrett,Republican
2607,2023,1382862.848,1382862.848,0.0,1351970.74,30892.108,0.0,0.0,0.0,0.0,0.0,0.0,0.0,0.0,0.0,0.0,0.0,Tom Barrett,Barrett,Republican
2608,2010,8197570.314346,8197570.314346,0.0,8197570.314346,0.0,0.0,0.0,0.0,0.0,0.0,0.0,0.0,0.0,0.0,0.0,0.0,Kristen McDonald Rivet,Rivet,Democrat
2608,2011,8032297.75265,8032297.75265,0.0,8032297.75265,0.0,0.0,0.0,0.0,0.0,0.0,0.0,0.0,0.0,0.0,0.0,0.0,Kristen McDonald Rivet,Rivet,Democrat
2608,2012,8443504.390802,8443504.390802,0.0,8443504.390802,0.0,0.0,0.0,0.0,0.0,0.0,0.0,0.0,0.0,0.0,0.0,0.0,Kristen McDonald Rivet,Rivet,Democrat
2608,2013,7653796.564,7653796.564,0.0,7653796.564,0.0,0.0,0.0,0.0,0.0,0.0,0.0,0.0,0.0,0.0,0.0,0.0,Kristen McDonald Rivet,Rivet,Democrat
2608,2014,6863101.4059999995,6863101.4059999995,0.0,6863101.4059999995,0.0,0.0,0.0,0.0,0.0,0.0,0.0,0.0,0.0,0.0,0.0,0.0,Kristen McDonald Rivet,Rivet,Democrat
2608,2015,8136224.16,8136224.16,0.0,8136224.16,0.0,0.0,0.0,0.0,0.0,0.0,0.0,0.0,0.0,0.0,0.0,0.0,Kristen McDonald Rivet,Rivet,Democrat
2608,2016,7899812.294,7899812.294,0.0,7899812.294,0.0,0.0,0.0,0.0,0.0,0.0,0.0,0.0,0.0,0.0,0.0,0.0,Kristen McDonald Rivet,Rivet,Democrat
2608,2017,7455980.286,7455980.286,0.0,7455980.286,0.0,0.0,0.0,0.0,0.0,0.0,0.0,0.0,0.0,0.0,0.0,0.0,Kristen McDonald Rivet,Rivet,Democrat
2608,2018,7965741.618,7965741.618,0.0,7965741.618,0.0,0.0,0.0,0.0,0.0,0.0,0.0,0.0,0.0,0.0,0.0,0.0,Kristen McDonald Rivet,Rivet,Democrat
2608,2019,7620285.4860000005,7620285.4860000005,0.0,7620285.4860000005,0.0,0.0,0.0,0.0,0.0,0.0,0.0,0.0,0.0,0.0,0.0,0.0,Kristen McDonald Rivet,Rivet,Democrat
2608,2020,7799891.138,7799891.138,0.0,7799891.138,0.0,0.0,0.0,0.0,0.0,0.0,0.0,0.0,0.0,0.0,0.0,0.0,Kristen McDonald Rivet,Rivet,Democrat
2608,2021,8106000.615999999,8106000.615999999,0.0,8106000.615999999,0.0,0.0,0.0,0.0,0.0,0.0,0.0,0.0,0.0,0.0,0.0,0.0,Kristen McDonald Rivet,Rivet,Democrat
2608,2022,7872819.92,7872819.92,0.0,7872819.92,0.0,0.0,0.0,0.0,0.0,0.0,0.0,0.0,0.0,0.0,0.0,0.0,Kristen McDonald Rivet,Rivet,Democrat
2608,2023,6166583.576,6166583.576,0.0,6166583.576,0.0,0.0,0.0,0.0,0.0,0.0,0.0,0.0,0.0,0.0,0.0,0.0,Kristen McDonald Rivet,Rivet,Democrat
2609,2010,20337233.473438002,17478738.273438,2858495.2,17478738.273438,0.0,0.0,0.0,0.0,0.0,0.0,0.0,0.0,0.0,2858495.2,0.0,0.0,Lisa C. McClain,McClain,Republican
2609,2011,19480566.923,16477321.822999999,3003245.1,16428212.923,0.0,0.0,0.0,49108.9,0.0,0.0,0.0,0.0,0.0,3003245.1,0.0,0.0,Lisa C. McClain,McClain,Republican
2609,2012,18639059.813091,15885434.413091,2753625.4,15840990.013091,0.0,0.0,0.0,44444.4,0.0,0.0,0.0,0.0,0.0,2753625.4,0.0,0.0,Lisa C. McClain,McClain,Republican
2609,2013,19870865.942,16646165.512,3224700.43,16615350.412,0.0,0.0,0.0,30815.1,0.0,0.0,0.0,0.0,0.0,3224700.43,0.0,0.0,Lisa C. McClain,McClain,Republican
2609,2014,18929879.678,15493642.178,3436237.5,15463900.228,0.0,0.0,0.0,29741.95,0.0,0.0,0.0,0.0,0.0,3436237.5,0.0,0.0,Lisa C. McClain,McClain,Republican
2609,2015,18304458.394,15089603.894,3214854.5,15054965.894,0.0,0.0,0.0,34638.0,0.0,0.0,0.0,0.0,0.0,3214854.5,0.0,0.0,Lisa C. McClain,McClain,Republican
2609,2016,15819904.501999998,12728149.901999999,3091754.6,12694930.552,0.0,0.0,0.0,33219.35,0.0,0.0,0.0,0.0,0.0,3091754.6,0.0,0.0,Lisa C. McClain,McClain,Republican
2609,2017,16047552.42,12829272.32,3218280.1,12795070.922,0.0,0.0,0.0,34201.398,0.0,0.0,0.0,0.0,0.0,3218280.1,0.0,0.0,Lisa C. McClain,McClain,Republican
2609,2018,18247310.05,14761587.149999999,3485722.9,14723989.11,0.0,0.0,0.0,37598.04,0.0,0.0,0.0,0.0,0.0,3485722.9,0.0,0.0,Lisa C. McClain,McClain,Republican
2609,2019,15770007.88,12199485.18,3570522.7,12163662.788,0.0,0.0,0.0,35822.392,0.0,0.0,0.0,0.0,0.0,3570522.7,0.0,0.0,Lisa C. McClain,McClain,Republican
2609,2020,12232158.976,8980098.376,3252060.6,8945126.034,0.0,0.0,0.0,34972.342,0.0,0.0,0.0,0.0,0.0,3252060.6,0.0,0.0,Lisa C. McClain,McClain,Republican
2609,2021,16046453.47,12902681.27,3143772.2,12866982.378,0.0,0.0,0.0,35698.892,0.0,0.0,0.0,0.0,0.0,3143772.2,0.0,0.0,Lisa C. McClain,McClain,Republican
2609,2022,15636009.946,12199990.046,3436019.9,12166554.552000001,0.0,0.0,0.0,33435.494,0.0,0.0,0.0,0.0,0.0,3436019.9,0.0,0.0,Lisa C. McClain,McClain,Republican
2609,2023,14240213.530000001,11152000.33,3088213.2,11118826.186,0.0,0.0,0.0,33174.144,0.0,0.0,0.0,0.0,0.0,3088213.2,0.0,0.0,Lisa C. McClain,McClain,Republican
2610,2010,268066.7592,268066.7592,0.0,268066.7592,0.0,0.0,0.0,0.0,0.0,0.0,0.0,0.0,0.0,0.0,0.0,0.0,John James,James,Republican
2610,2011,286230.00258804543,286230.00258804543,0.0,286230.00258804543,0.0,0.0,0.0,0.0,0.0,0.0,0.0,0.0,0.0,0.0,0.0,0.0,John James,James,Republican
2610,2012,268559.2912954929,268559.2912954929,0.0,268559.2912954929,0.0,0.0,0.0,0.0,0.0,0.0,0.0,0.0,0.0,0.0,0.0,0.0,John James,James,Republican
2610,2013,310093.93200000003,310093.93200000003,0.0,310093.93200000003,0.0,0.0,0.0,0.0,0.0,0.0,0.0,0.0,0.0,0.0,0.0,0.0,John James,James,Republican
2610,2014,317615.404,317615.404,0.0,317615.404,0.0,0.0,0.0,0.0,0.0,0.0,0.0,0.0,0.0,0.0,0.0,0.0,John James,James,Republican
2610,2015,274741.364,274741.364,0.0,274741.364,0.0,0.0,0.0,0.0,0.0,0.0,0.0,0.0,0.0,0.0,0.0,0.0,John James,James,Republican
2610,2016,241058.044,241058.044,0.0,241058.044,0.0,0.0,0.0,0.0,0.0,0.0,0.0,0.0,0.0,0.0,0.0,0.0,John James,James,Republican
2610,2017,240333.596,240333.596,0.0,240333.596,0.0,0.0,0.0,0.0,0.0,0.0,0.0,0.0,0.0,0.0,0.0,0.0,John James,James,Republican
2610,2018,293410.744,293410.744,0.0,293410.744,0.0,0.0,0.0,0.0,0.0,0.0,0.0,0.0,0.0,0.0,0.0,0.0,John James,James,Republican
2610,2019,279679.296,279679.296,0.0,279679.296,0.0,0.0,0.0,0.0,0.0,0.0,0.0,0.0,0.0,0.0,0.0,0.0,John James,James,Republican
2610,2020,235418.71600000001,235418.71600000001,0.0,235418.71600000001,0.0,0.0,0.0,0.0,0.0,0.0,0.0,0.0,0.0,0.0,0.0,0.0,John James,James,Republican
2610,2021,268913.436,268913.436,0.0,268913.436,0.0,0.0,0.0,0.0,0.0,0.0,0.0,0.0,0.0,0.0,0.0,0.0,John James,James,Republican
2610,2022,255624.688,255624.688,0.0,255624.688,0.0,0.0,0.0,0.0,0.0,0.0,0.0,0.0,0.0,0.0,0.0,0.0,John James,James,Republican
2610,2023,226427.348,226427.348,0.0,226427.348,0.0,0.0,0.0,0.0,0.0,0.0,0.0,0.0,0.0,0.0,0.0,0.0,John James,James,Republican
2611,2010,210651.278,210651.278,0.0,210651.278,0.0,0.0,0.0,0.0,0.0,0.0,0.0,0.0,0.0,0.0,0.0,0.0,Haley M. Stevens,Stevens,Democrat
2611,2011,233300.792,233300.792,0.0,233300.792,0.0,0.0,0.0,0.0,0.0,0.0,0.0,0.0,0.0,0.0,0.0,0.0,Haley M. Stevens,Stevens,Democrat
2611,2012,158274.91999999998,158274.91999999998,0.0,158274.91999999998,0.0,0.0,0.0,0.0,0.0,0.0,0.0,0.0,0.0,0.0,0.0,0.0,Haley M. Stevens,Stevens,Democrat
2611,2013,161542.19999999998,161542.19999999998,0.0,161542.19999999998,0.0,0.0,0.0,0.0,0.0,0.0,0.0,0.0,0.0,0.0,0.0,0.0,Haley M. Stevens,Stevens,Democrat
2611,2014,159931.37,159931.37,0.0,159931.37,0.0,0.0,0.0,0.0,0.0,0.0,0.0,0.0,0.0,0.0,0.0,0.0,Haley M. Stevens,Stevens,Democrat
2611,2015,173357.15000000002,173357.15000000002,0.0,173357.15000000002,0.0,0.0,0.0,0.0,0.0,0.0,0.0,0.0,0.0,0.0,0.0,0.0,Haley M. Stevens,Stevens,Democrat
2611,2016,153800.21,153800.21,0.0,153800.21,0.0,0.0,0.0,0.0,0.0,0.0,0.0,0.0,0.0,0.0,0.0,0.0,Haley M. Stevens,Stevens,Democrat
2611,2017,144598.432,144598.432,0.0,144598.432,0.0,0.0,0.0,0.0,0.0,0.0,0.0,0.0,0.0,0.0,0.0,0.0,Haley M. Stevens,Stevens,Democrat
2611,2018,158088.77000000002,158088.77000000002,0.0,158088.77000000002,0.0,0.0,0.0,0.0,0.0,0.0,0.0,0.0,0.0,0.0,0.0,0.0,Haley M. Stevens,Stevens,Democrat
2611,2019,165706.45,165706.45,0.0,165706.45,0.0,0.0,0.0,0.0,0.0,0.0,0.0,0.0,0.0,0.0,0.0,0.0,Haley M. Stevens,Stevens,Democrat
2611,2020,159371.78,159371.78,0.0,159371.78,0.0,0.0,0.0,0.0,0.0,0.0,0.0,0.0,0.0,0.0,0.0,0.0,Haley M. Stevens,Stevens,Democrat
2611,2021,154737.13,154737.13,0.0,154737.13,0.0,0.0,0.0,0.0,0.0,0.0,0.0,0.0,0.0,0.0,0.0,0.0,Haley M. Stevens,Stevens,Democrat
2611,2022,153000.926,153000.926,0.0,153000.926,0.0,0.0,0.0,0.0,0.0,0.0,0.0,0.0,0.0,0.0,0.0,0.0,Haley M. Stevens,Stevens,Democrat
2611,2023,125177.58600000001,125177.58600000001,0.0,125177.58600000001,0.0,0.0,0.0,0.0,0.0,0.0,0.0,0.0,0.0,0.0,0.0,0.0,Haley M. Stevens,Stevens,Democrat
2612,2010,4229175.0634575,4229175.0634575,0.0,4229175.0634575,0.0,0.0,0.0,0.0,0.0,0.0,0.0,0.0,0.0,0.0,0.0,0.0,Rashida Tlaib,Tlaib,Democrat
2612,2011,3955144.489560772,3955144.489560772,0.0,3955144.489560772,0.0,0.0,0.0,0.0,0.0,0.0,0.0,0.0,0.0,0.0,0.0,0.0,Rashida Tlaib,Tlaib,Democrat
2612,2012,4471958.749314809,4471958.749314809,0.0,4471958.749314809,0.0,0.0,0.0,0.0,0.0,0.0,0.0,0.0,0.0,0.0,0.0,0.0,Rashida Tlaib,Tlaib,Democrat
2612,2013,4488275.728,4488275.728,0.0,4488275.728,0.0,0.0,0.0,0.0,0.0,0.0,0.0,0.0,0.0,0.0,0.0,0.0,Rashida Tlaib,Tlaib,Democrat
2612,2014,4479118.958,4479118.958,0.0,4479118.958,0.0,0.0,0.0,0.0,0.0,0.0,0.0,0.0,0.0,0.0,0.0,0.0,Rashida Tlaib,Tlaib,Democrat
2612,2015,4438254.622,4438254.622,0.0,4438254.622,0.0,0.0,0.0,0.0,0.0,0.0,0.0,0.0,0.0,0.0,0.0,0.0,Rashida Tlaib,Tlaib,Democrat
2612,2016,5223900.866,5223900.866,0.0,5223900.866,0.0,0.0,0.0,0.0,0.0,0.0,0.0,0.0,0.0,0.0,0.0,0.0,Rashida Tlaib,Tlaib,Democrat
2612,2017,4728725.102,4728725.102,0.0,4728725.102,0.0,0.0,0.0,0.0,0.0,0.0,0.0,0.0,0.0,0.0,0.0,0.0,Rashida Tlaib,Tlaib,Democrat
2612,2018,5072490.217999999,5072490.217999999,0.0,5072490.217999999,0.0,0.0,0.0,0.0,0.0,0.0,0.0,0.0,0.0,0.0,0.0,0.0,Rashida Tlaib,Tlaib,Democrat
2612,2019,4917319.4120000005,4917319.4120000005,0.0,4917319.4120000005,0.0,0.0,0.0,0.0,0.0,0.0,0.0,0.0,0.0,0.0,0.0,0.0,Rashida Tlaib,Tlaib,Democrat
2612,2020,4203457.32,4203457.32,0.0,4203457.32,0.0,0.0,0.0,0.0,0.0,0.0,0.0,0.0,0.0,0.0,0.0,0.0,Rashida Tlaib,Tlaib,Democrat
2612,2021,4376345.399999999,4376345.399999999,0.0,4376345.399999999,0.0,0.0,0.0,0.0,0.0,0.0,0.0,0.0,0.0,0.0,0.0,0.0,Rashida Tlaib,Tlaib,Democrat
2612,2022,4310415.968,4310415.968,0.0,4310415.968,0.0,0.0,0.0,0.0,0.0,0.0,0.0,0.0,0.0,0.0,0.0,0.0,Rashida Tlaib,Tlaib,Democrat
2612,2023,4560958.1559999995,4560958.1559999995,0.0,4560958.1559999995,0.0,0.0,0.0,0.0,0.0,0.0,0.0,0.0,0.0,0.0,0.0,0.0,Rashida Tlaib,Tlaib,Democrat
2613,2010,24259088.698235,9819917.598235,14439171.1,9819917.598235,0.0,0.0,0.0,0.0,0.0,0.0,0.0,0.0,0.0,14439171.1,0.0,0.0,Shri Thanedar,Thanedar,Democrat
2613,2011,24234773.236988,9311194.636988003,14923578.6,9239837.836988002,0.0,0.0,0.0,71356.8,0.0,0.0,0.0,0.0,0.0,14923578.6,0.0,0.0,Shri Thanedar,Thanedar,Democrat
2613,2012,37680337.14430124,9169031.844301242,28511305.3,9097675.044301242,0.0,0.0,0.0,71356.8,0.0,0.0,14022138.0,0.0,0.0,14489167.3,0.0,0.0,Shri Thanedar,Thanedar,Democrat
2613,2013,45120517.388399996,10307575.9884,34812941.4,9635833.5384,0.0,0.0,0.0,671742.45,0.0,0.0,19069298.0,0.0,0.0,15743643.4,0.0,0.0,Shri Thanedar,Thanedar,Democrat
2613,2014,46635871.57,9488191.57,37147680.0,8812336.12,0.0,0.0,0.0,675855.45,0.0,0.0,20373665.0,0.0,0.0,16774015.0,0.0,0.0,Shri Thanedar,Thanedar,Democrat
2613,2015,44333134.980000004,8475949.78,35857185.2,7898440.782,0.0,0.0,0.0,577508.998,0.0,0.0,19915542.0,0.0,0.0,15941643.2,0.0,0.0,Shri Thanedar,Thanedar,Democrat
2613,2016,44817140.335700005,8335248.13,36481892.205699995,7770104.532,0.0,0.0,0.0,565143.598,0.0,0.0,20305219.2057,0.0,0.0,16176673.0,0.0,0.0,Shri Thanedar,Thanedar,Democrat
2613,2017,43696516.136,8087085.136,35609431.0,7504462.437999999,0.0,0.0,0.0,582622.698,0.0,0.0,20016074.7,0.0,0.0,15593356.3,0.0,0.0,Shri Thanedar,Thanedar,Democrat
2613,2018,43803968.361999996,7847429.562,35956538.8,7368629.864,0.0,0.0,0.0,478799.698,0.0,0.0,18358810.8,0.0,0.0,17597728.0,0.0,0.0,Shri Thanedar,Thanedar,Democrat
2613,2019,45706583.1740728,6709740.308,38996842.866072804,6250770.26,0.0,0.0,0.0,458970.048,0.0,0.0,20935050.0660728,0.0,0.0,18061792.8,0.0,0.0,Shri Thanedar,Thanedar,Democrat
2613,2020,39437125.7274976,3442135.464,35994990.263497606,3018165.0160000003,0.0,0.0,0.0,423970.448,0.0,0.0,19052787.1634976,0.0,0.0,16942203.1,0.0,0.0,Shri Thanedar,Thanedar,Democrat
2613,2021,43352522.6383019,3154980.702,40197541.9363019,2764061.804,0.0,0.0,0.0,390918.898,0.0,0.0,21933558.5363019,0.0,0.0,18263983.4,0.0,0.0,Shri Thanedar,Thanedar,Democrat
2613,2022,42083581.696,3032704.996,39050876.7,2674807.648,0.0,0.0,0.0,357897.348,0.0,0.0,21642927.0,0.0,0.0,17407949.7,0.0,0.0,Shri Thanedar,Thanedar,Democrat
2613,2023,41512808.3607276,2897683.038,38615125.3227276,2570015.84,0.0,0.0,0.0,327667.198,0.0,0.0,21914294.3227276,0.0,0.0,16700831.0,0.0,0.0,Shri Thanedar,Thanedar,Democrat
2701,2010,2891743.042,2602816.242,288926.8,2602816.242,0.0,0.0,0.0,0.0,0.0,0.0,0.0,0.0,0.0,288926.8,0.0,0.0,Brad Finstad,Finstad,Republican
2701,2011,2884671.304,2580080.904,304590.4,2580080.904,0.0,0.0,0.0,0.0,0.0,0.0,0.0,0.0,0.0,304590.4,0.0,0.0,Brad Finstad,Finstad,Republican
2701,2012,2996486.862,2726172.862,270314.0,2726172.862,0.0,0.0,0.0,0.0,0.0,0.0,0.0,0.0,0.0,270314.0,0.0,0.0,Brad Finstad,Finstad,Republican
2701,2013,3041594.4688,2717845.356,323749.1128,2717845.356,0.0,0.0,0.0,0.0,0.0,0.0,0.0,0.0,0.0,323749.1128,0.0,0.0,Brad Finstad,Finstad,Republican
2701,2014,2693462.0472,2363478.608,329983.4392,2363478.608,0.0,0.0,0.0,0.0,0.0,0.0,0.0,0.0,0.0,329983.4392,0.0,0.0,Brad Finstad,Finstad,Republican
2701,2015,2837148.276,2549195.976,287952.3,2549195.976,0.0,0.0,0.0,0.0,0.0,0.0,0.0,0.0,0.0,287952.3,0.0,0.0,Brad Finstad,Finstad,Republican
2701,2016,3348509.212,2985936.212,362573.0,2985936.212,0.0,0.0,0.0,0.0,0.0,0.0,0.0,0.0,0.0,362573.0,0.0,0.0,Brad Finstad,Finstad,Republican
2701,2017,3095689.07,2699562.77,396126.3,2699562.77,0.0,0.0,0.0,0.0,0.0,0.0,0.0,0.0,0.0,396126.3,0.0,0.0,Brad Finstad,Finstad,Republican
2701,2018,3327575.056,2879264.156,448310.9,2879264.156,0.0,0.0,0.0,0.0,0.0,0.0,0.0,0.0,0.0,448310.9,0.0,0.0,Brad Finstad,Finstad,Republican
2701,2019,3888176.268,3424619.468,463556.8,3424619.468,0.0,0.0,0.0,0.0,0.0,0.0,0.0,0.0,0.0,463556.8,0.0,0.0,Brad Finstad,Finstad,Republican
2701,2020,4060979.36,3628180.36,432799.0,3628180.36,0.0,0.0,0.0,0.0,0.0,0.0,0.0,0.0,0.0,432799.0,0.0,0.0,Brad Finstad,Finstad,Republican
2701,2021,4473929.387999999,4042264.988,431664.4,4042264.988,0.0,0.0,0.0,0.0,0.0,0.0,0.0,0.0,0.0,431664.4,0.0,0.0,Brad Finstad,Finstad,Republican
2701,2022,3956640.006,3482474.7060000002,474165.30000000005,3482474.7060000002,0.0,0.0,0.0,0.0,0.0,0.0,0.0,0.0,0.0,474165.30000000005,0.0,0.0,Brad Finstad,Finstad,Republican
2701,2023,4725669.364,4260159.964,465509.4,4260159.964,0.0,0.0,0.0,0.0,0.0,0.0,0.0,0.0,0.0,465509.4,0.0,0.0,Brad Finstad,Finstad,Republican
2702,2010,10409989.533735,6575086.333735,3834903.2,6575086.333735,0.0,0.0,0.0,0.0,0.0,0.0,0.0,0.0,0.0,3834903.2,0.0,0.0,Angie Craig,Craig,Democrat
2702,2011,10690540.475704,6705647.975704,3984892.5,6705647.975704,0.0,0.0,0.0,0.0,0.0,0.0,0.0,0.0,0.0,3984892.5,0.0,0.0,Angie Craig,Craig,Democrat
2702,2012,66621591.482413,6859607.048813,59761984.4336,6859607.048813,0.0,0.0,0.0,0.0,0.0,0.0,55654324.9336,0.0,0.0,4107659.5,0.0,0.0,Angie Craig,Craig,Democrat
2702,2013,65709749.565400004,6573019.065400001,59136730.5,6573019.065400001,0.0,0.0,0.0,0.0,0.0,0.0,54488492.6,0.0,0.0,4648237.9,0.0,0.0,Angie Craig,Craig,Democrat
2702,2014,67169808.1334803,7150358.43496,60019449.6985203,7150358.43496,0.0,0.0,0.0,0.0,0.0,0.0,55067519.0985203,0.0,0.0,4951930.6,0.0,0.0,Angie Craig,Craig,Democrat
2702,2015,68244923.8334677,6410888.6506900005,61834035.182777695,6410888.6506900005,0.0,0.0,0.0,0.0,0.0,0.0,57373171.1061825,0.0,30153.6765952,4430710.4,0.0,0.0,Angie Craig,Craig,Democrat
2702,2016,68160513.4455,6164530.8114,61995982.634100005,6164530.8114,0.0,0.0,0.0,0.0,0.0,0.0,57440294.9341,0.0,203030.0,4352657.7,0.0,0.0,Angie Craig,Craig,Democrat
2702,2017,72984589.79618731,6100158.0521,66884431.7440873,6100158.0521,0.0,0.0,0.0,0.0,0.0,0.0,62099979.7440873,0.0,114140.0,4670312.0,0.0,0.0,Angie Craig,Craig,Democrat
2702,2018,75539365.5711939,6372892.074132,69166473.49706191,6372892.074132,0.0,0.0,0.0,0.0,0.0,0.0,64151489.8970619,0.0,0.0,5014983.6,0.0,0.0,Angie Craig,Craig,Democrat
2702,2019,76889540.119283,6774608.019283,70114932.1,6774608.019283,0.0,0.0,0.0,0.0,0.0,0.0,65151263.300000004,0.0,0.0,4963668.8,0.0,0.0,Angie Craig,Craig,Democrat
2702,2020,72640229.028885,6864131.228885001,65776097.800000004,6837835.028885,0.0,0.0,0.0,26296.2,0.0,0.0,60980055.2,0.0,2700.0,4793342.6,0.0,0.0,Angie Craig,Craig,Democrat
2702,2021,78274266.4858065,7224639.669227,71049626.8165795,7197973.819227,0.0,0.0,0.0,26665.85,0.0,0.0,66027315.4165795,0.0,0.0,5022311.4,0.0,0.0,Angie Craig,Craig,Democrat
2702,2022,78595512.9134328,6446685.434,72148827.47943279,6420879.834,0.0,0.0,0.0,25805.6,0.0,0.0,67144626.0794328,0.0,0.0,5004201.4,0.0,0.0,Angie Craig,Craig,Democrat
2702,2023,79197968.633649,6898824.112,72299144.521649,6873520.062,0.0,0.0,0.0,25304.05,0.0,0.0,67287663.521649,0.0,0.0,5011481.0,0.0,0.0,Angie Craig,Craig,Democrat
2703,2010,21408.388,21408.388,0.0,21408.388,0.0,0.0,0.0,0.0,0.0,0.0,0.0,0.0,0.0,0.0,0.0,0.0,Kelly Morrison,Morrison,Democrat
2703,2011,452067.0697024,452067.0697024,0.0,447650.7097024,0.0,0.0,0.0,0.0,4416.36,0.0,0.0,0.0,0.0,0.0,0.0,0.0,Kelly Morrison,Morrison,Democrat
2703,2012,323547.4527033,323547.4527033,0.0,312557.8527033,0.0,0.0,0.0,0.0,10989.6,0.0,0.0,0.0,0.0,0.0,0.0,0.0,Kelly Morrison,Morrison,Democrat
2703,2013,345335.0905072,345335.0905072,0.0,334901.8105072,0.0,0.0,0.0,0.0,10433.28,0.0,0.0,0.0,0.0,0.0,0.0,0.0,Kelly Morrison,Morrison,Democrat
2703,2014,3142906.4517338,396627.4517338,2746279.0,386317.2917338,0.0,0.0,0.0,0.0,10310.16,0.0,0.0,0.0,2746279.0,0.0,0.0,0.0,Kelly Morrison,Morrison,Democrat
2703,2015,338015.1179749,338015.1179749,0.0,338015.1179749,0.0,0.0,0.0,0.0,0.0,0.0,0.0,0.0,0.0,0.0,0.0,0.0,Kelly Morrison,Morrison,Democrat
2703,2016,4076566.882862,219829.482862,3856737.4,219829.482862,0.0,0.0,0.0,0.0,0.0,0.0,0.0,0.0,3856737.4,0.0,0.0,0.0,Kelly Morrison,Morrison,Democrat
2703,2017,1072937.256729,223342.156729,849595.1,223342.156729,0.0,0.0,0.0,0.0,0.0,0.0,0.0,0.0,849595.1,0.0,0.0,0.0,Kelly Morrison,Morrison,Democrat
2703,2018,246661.8210503,246661.8210503,0.0,246661.8210503,0.0,0.0,0.0,0.0,0.0,0.0,0.0,0.0,0.0,0.0,0.0,0.0,Kelly Morrison,Morrison,Democrat
2703,2019,227247.46309109998,227247.46309109998,0.0,227247.46309109998,0.0,0.0,0.0,0.0,0.0,0.0,0.0,0.0,0.0,0.0,0.0,0.0,Kelly Morrison,Morrison,Democrat
2703,2020,191973.02577849998,191973.02577849998,0.0,191973.02577849998,0.0,0.0,0.0,0.0,0.0,0.0,0.0,0.0,0.0,0.0,0.0,0.0,Kelly Morrison,Morrison,Democrat
2703,2021,222533.0605359,222533.0605359,0.0,222533.0605359,0.0,0.0,0.0,0.0,0.0,0.0,0.0,0.0,0.0,0.0,0.0,0.0,Kelly Morrison,Morrison,Democrat
2703,2022,242123.5392503,242123.5392503,0.0,242123.5392503,0.0,0.0,0.0,0.0,0.0,0.0,0.0,0.0,0.0,0.0,0.0,0.0,Kelly Morrison,Morrison,Democrat
2703,2023,216392.00806259998,216392.00806259998,0.0,216392.00806259998,0.0,0.0,0.0,0.0,0.0,0.0,0.0,0.0,0.0,0.0,0.0,0.0,Kelly Morrison,Morrison,Democrat
2704,2010,4197377.4522319995,4197377.4522319995,0.0,4197377.4522319995,0.0,0.0,0.0,0.0,0.0,0.0,0.0,0.0,0.0,0.0,0.0,0.0,Betty McCollum,McCollum,Democrat
2704,2011,4047953.259981013,4047953.259981013,0.0,4047953.259981013,0.0,0.0,0.0,0.0,0.0,0.0,0.0,0.0,0.0,0.0,0.0,0.0,Betty McCollum,McCollum,Democrat
2704,2012,4332255.979799268,4332255.979799268,0.0,4332255.979799268,0.0,0.0,0.0,0.0,0.0,0.0,0.0,0.0,0.0,0.0,0.0,0.0,Betty McCollum,McCollum,Democrat
2704,2013,3580908.4480000003,3580908.4480000003,0.0,3580908.4480000003,0.0,0.0,0.0,0.0,0.0,0.0,0.0,0.0,0.0,0.0,0.0,0.0,Betty McCollum,McCollum,Democrat
2704,2014,3877916.068,3733705.468,144210.6,3733705.468,0.0,0.0,0.0,0.0,0.0,0.0,0.0,0.0,144210.6,0.0,0.0,0.0,Betty McCollum,McCollum,Democrat
2704,2015,4261574.696,4117812.596,143762.1,4117812.596,0.0,0.0,0.0,0.0,0.0,0.0,0.0,0.0,143762.1,0.0,0.0,0.0,Betty McCollum,McCollum,Democrat
2704,2016,4140513.1440000003,3930300.744,210212.4,3930300.744,0.0,0.0,0.0,0.0,0.0,0.0,0.0,0.0,210212.4,0.0,0.0,0.0,Betty McCollum,McCollum,Democrat
2704,2017,4195458.516,4078221.916,117236.6,4078221.916,0.0,0.0,0.0,0.0,0.0,0.0,0.0,0.0,117236.6,0.0,0.0,0.0,Betty McCollum,McCollum,Democrat
2704,2018,4348865.768,3998724.1679999996,350141.6,3998724.1679999996,0.0,0.0,0.0,0.0,0.0,0.0,0.0,0.0,350141.6,0.0,0.0,0.0,Betty McCollum,McCollum,Democrat
2704,2019,3966966.318,3592934.118,374032.19999999995,3592934.118,0.0,0.0,0.0,0.0,0.0,0.0,0.0,0.0,374032.19999999995,0.0,0.0,0.0,Betty McCollum,McCollum,Democrat
2704,2020,2986709.89,2260319.59,726390.3,2260319.59,0.0,0.0,0.0,0.0,0.0,0.0,0.0,0.0,726390.3,0.0,0.0,0.0,Betty McCollum,McCollum,Democrat
2704,2021,3360554.912,2967120.412,393434.5,2967120.412,0.0,0.0,0.0,0.0,0.0,0.0,0.0,0.0,393434.5,0.0,0.0,0.0,Betty McCollum,McCollum,Democrat
2704,2022,2418225.112,2298318.7120000003,119906.4,2298318.7120000003,0.0,0.0,0.0,0.0,0.0,0.0,0.0,0.0,119906.4,0.0,0.0,0.0,Betty McCollum,McCollum,Democrat
2704,2023,2317978.894,2196581.394,121397.5,2196581.394,0.0,0.0,0.0,0.0,0.0,0.0,0.0,0.0,121397.5,0.0,0.0,0.0,Betty McCollum,McCollum,Democrat
2705,2010,14519274.063000001,826870.5630000001,13692403.500000002,826870.5630000001,0.0,0.0,0.0,0.0,0.0,0.0,0.0,0.0,0.0,13692403.500000002,0.0,0.0,Ilhan Omar,Omar,Democrat
2705,2011,14778025.307,899694.507,13878330.799999999,695342.189,0.0,0.0,0.0,153271.198,51081.119999999995,0.0,0.0,0.0,0.0,13878330.799999999,0.0,0.0,Ilhan Omar,Omar,Democrat
2705,2012,15121847.622000001,1340516.222,13781331.400000002,1104973.4440000001,0.0,0.0,0.0,147532.498,88010.28,0.0,0.0,0.0,0.0,13781331.400000002,0.0,0.0,Ilhan Omar,Omar,Democrat
2705,2013,17142523.331,1154120.831,15988402.5,973791.1329999999,0.0,0.0,0.0,137579.698,42750.0,0.0,0.0,0.0,0.0,15988402.5,0.0,0.0,Ilhan Omar,Omar,Democrat
2705,2014,16471032.804,1072420.604,15398612.2,873137.696,0.0,0.0,0.0,133785.348,65497.560000000005,0.0,0.0,0.0,0.0,15398612.2,0.0,0.0,Ilhan Omar,Omar,Democrat
2705,2015,16338031.677000001,1640925.977,14697105.7,1427322.867,0.0,0.0,0.0,151628.15,61974.96000000001,0.0,0.0,0.0,0.0,14697105.7,0.0,0.0,Ilhan Omar,Omar,Democrat
2705,2016,16382142.404,1530057.104,14852085.299999999,1366505.494,0.0,0.0,0.0,134374.45,29177.159999999996,0.0,0.0,0.0,0.0,14852085.299999999,0.0,0.0,Ilhan Omar,Omar,Democrat
2705,2017,16481336.175,1283745.575,15197590.6,1047497.195,0.0,0.0,0.0,131069.70000000001,105178.68,0.0,0.0,0.0,0.0,15197590.6,0.0,0.0,Ilhan Omar,Omar,Democrat
2705,2018,18617682.804,1755815.6039999998,16861867.200000003,1528503.334,0.0,0.0,0.0,128864.15,98448.12,0.0,0.0,0.0,0.0,16861867.200000003,0.0,0.0,Ilhan Omar,Omar,Democrat
2705,2019,20120050.174000002,1872011.7740000002,18248038.4,1649366.0920000002,0.0,0.0,0.0,128395.04199999999,94250.64,0.0,0.0,0.0,0.0,18248038.4,0.0,0.0,Ilhan Omar,Omar,Democrat
2705,2020,17452776.111199997,1580932.9112,15871843.2,1341782.79,0.0,0.0,0.0,126176.144,112973.97720000001,0.0,0.0,0.0,0.0,15871843.2,0.0,0.0,Ilhan Omar,Omar,Democrat
2705,2021,17755978.0624,1257818.7624000001,16498159.299999999,1064401.1400000001,0.0,0.0,0.0,125722.644,67694.9784,0.0,0.0,0.0,0.0,16498159.299999999,0.0,0.0,Ilhan Omar,Omar,Democrat
2705,2022,18563615.6068,1337261.6068,17226354.0,1092001.182,0.0,0.0,0.0,125362.04200000002,119898.38279999999,0.0,0.0,0.0,0.0,17226354.0,0.0,0.0,Ilhan Omar,Omar,Democrat
2705,2023,18594877.6668,1737447.7668,16857429.9,1465416.426,0.0,0.0,0.0,121716.846,150314.4948,0.0,0.0,0.0,0.0,16857429.9,0.0,0.0,Ilhan Omar,Omar,Democrat
2706,2010,14082643.700543001,14082643.700543001,0.0,14082643.700543001,0.0,0.0,0.0,0.0,0.0,0.0,0.0,0.0,0.0,0.0,0.0,0.0,Tom Emmer,Emmer,Republican
2706,2011,13758043.677996002,13758043.677996002,0.0,13758043.677996002,0.0,0.0,0.0,0.0,0.0,0.0,0.0,0.0,0.0,0.0,0.0,0.0,Tom Emmer,Emmer,Republican
2706,2012,8957369.674207,8957369.674207,0.0,8957369.674207,0.0,0.0,0.0,0.0,0.0,0.0,0.0,0.0,0.0,0.0,0.0,0.0,Tom Emmer,Emmer,Republican
2706,2013,9376975.672000002,9376975.672000002,0.0,9376975.672000002,0.0,0.0,0.0,0.0,0.0,0.0,0.0,0.0,0.0,0.0,0.0,0.0,Tom Emmer,Emmer,Republican
2706,2014,13882713.069999998,13882713.069999998,0.0,13882713.069999998,0.0,0.0,0.0,0.0,0.0,0.0,0.0,0.0,0.0,0.0,0.0,0.0,Tom Emmer,Emmer,Republican
2706,2015,12725632.83,12725632.83,0.0,12725632.83,0.0,0.0,0.0,0.0,0.0,0.0,0.0,0.0,0.0,0.0,0.0,0.0,Tom Emmer,Emmer,Republican
2706,2016,12571842.295999998,12571842.295999998,0.0,12571842.295999998,0.0,0.0,0.0,0.0,0.0,0.0,0.0,0.0,0.0,0.0,0.0,0.0,Tom Emmer,Emmer,Republican
2706,2017,12965408.413999999,12965408.413999999,0.0,12965408.413999999,0.0,0.0,0.0,0.0,0.0,0.0,0.0,0.0,0.0,0.0,0.0,0.0,Tom Emmer,Emmer,Republican
2706,2018,13340696.308,13340696.308,0.0,13340696.308,0.0,0.0,0.0,0.0,0.0,0.0,0.0,0.0,0.0,0.0,0.0,0.0,Tom Emmer,Emmer,Republican
2706,2019,11475712.108000001,11475712.108000001,0.0,11475712.108000001,0.0,0.0,0.0,0.0,0.0,0.0,0.0,0.0,0.0,0.0,0.0,0.0,Tom Emmer,Emmer,Republican
2706,2020,9517727.124,9517727.124,0.0,9517727.124,0.0,0.0,0.0,0.0,0.0,0.0,0.0,0.0,0.0,0.0,0.0,0.0,Tom Emmer,Emmer,Republican
2706,2021,10109391.444,10109391.444,0.0,10109391.444,0.0,0.0,0.0,0.0,0.0,0.0,0.0,0.0,0.0,0.0,0.0,0.0,Tom Emmer,Emmer,Republican
2706,2022,10769546.394000001,10769546.394000001,0.0,10769546.394000001,0.0,0.0,0.0,0.0,0.0,0.0,0.0,0.0,0.0,0.0,0.0,0.0,Tom Emmer,Emmer,Republican
2706,2023,7505697.493999999,7505697.493999999,0.0,7505697.493999999,0.0,0.0,0.0,0.0,0.0,0.0,0.0,0.0,0.0,0.0,0.0,0.0,Tom Emmer,Emmer,Republican
2707,2010,4074607.504063,3980065.204063,94542.3,3980065.204063,0.0,0.0,0.0,0.0,0.0,0.0,0.0,0.0,0.0,94542.3,0.0,0.0,Michelle Fischbach,Fischbach,Republican
2707,2011,4188462.586578,4089974.286578,98488.3,4089974.286578,0.0,0.0,0.0,0.0,0.0,0.0,0.0,0.0,0.0,98488.3,0.0,0.0,Michelle Fischbach,Fischbach,Republican
2707,2012,3974737.2810210004,3881539.6810210003,93197.6,3881539.6810210003,0.0,0.0,0.0,0.0,0.0,0.0,0.0,0.0,0.0,93197.6,0.0,0.0,Michelle Fischbach,Fischbach,Republican
2707,2013,4317434.798,4208703.898,108730.9,4208703.898,0.0,0.0,0.0,0.0,0.0,0.0,0.0,0.0,0.0,108730.9,0.0,0.0,Michelle Fischbach,Fischbach,Republican
2707,2014,3978604.508,3868102.108,110502.4,3868102.108,0.0,0.0,0.0,0.0,0.0,0.0,0.0,0.0,0.0,110502.4,0.0,0.0,Michelle Fischbach,Fischbach,Republican
2707,2015,3283184.262,3191415.4620000003,91768.8,3191415.4620000003,0.0,0.0,0.0,0.0,0.0,0.0,0.0,0.0,0.0,91768.8,0.0,0.0,Michelle Fischbach,Fischbach,Republican
2707,2016,3243528.3940000003,3146736.8940000003,96791.5,3146736.8940000003,0.0,0.0,0.0,0.0,0.0,0.0,0.0,0.0,0.0,96791.5,0.0,0.0,Michelle Fischbach,Fischbach,Republican
2707,2017,3563024.316,3452288.016,110736.3,3452288.016,0.0,0.0,0.0,0.0,0.0,0.0,0.0,0.0,0.0,110736.3,0.0,0.0,Michelle Fischbach,Fischbach,Republican
2707,2018,3957288.958,3829443.158,127845.8,3829443.158,0.0,0.0,0.0,0.0,0.0,0.0,0.0,0.0,0.0,127845.8,0.0,0.0,Michelle Fischbach,Fischbach,Republican
2707,2019,3593684.598,3465196.798,128487.8,3464159.398,0.0,0.0,0.0,0.0,1037.4,0.0,0.0,0.0,0.0,128487.8,0.0,0.0,Michelle Fischbach,Fischbach,Republican
2707,2020,3047896.4420000003,2927363.042,120533.4,2926289.162,0.0,0.0,0.0,0.0,1073.88,0.0,0.0,0.0,0.0,120533.4,0.0,0.0,Michelle Fischbach,Fischbach,Republican
2707,2021,3341422.0316,3210621.4316,130800.6,3210341.174,0.0,0.0,0.0,0.0,280.2576,0.0,0.0,0.0,0.0,130800.6,0.0,0.0,Michelle Fischbach,Fischbach,Republican
2707,2022,3165448.2744,3054865.9744,110582.3,3054555.712,0.0,0.0,0.0,0.0,310.2624,0.0,0.0,0.0,0.0,110582.3,0.0,0.0,Michelle Fischbach,Fischbach,Republican
2707,2023,3109420.45,3001732.85,107687.6,3001286.084,0.0,0.0,0.0,0.0,446.766,0.0,0.0,0.0,0.0,107687.6,0.0,0.0,Michelle Fischbach,Fischbach,Republican
2708,2010,14946567.151999999,14647593.151999999,298974.0,14647593.151999999,0.0,0.0,0.0,0.0,0.0,0.0,0.0,0.0,0.0,298974.0,0.0,0.0,Pete Stauber,Stauber,Republican
2708,2011,15205276.842,14898067.742,307209.1,14896631.342,0.0,0.0,0.0,0.0,1436.4,0.0,0.0,0.0,0.0,307209.1,0.0,0.0,Pete Stauber,Stauber,Republican
2708,2012,14708413.648,14363493.947999999,344919.7,14355757.908,0.0,0.0,0.0,0.0,7736.04,0.0,0.0,0.0,0.0,344919.7,0.0,0.0,Pete Stauber,Stauber,Republican
2708,2013,15783517.569999998,15417021.469999999,366496.1,15414793.91,0.0,0.0,0.0,0.0,2227.56,0.0,0.0,0.0,0.0,366496.1,0.0,0.0,Pete Stauber,Stauber,Republican
2708,2014,15175618.104,14780384.204,395233.9,14778193.124,0.0,0.0,0.0,0.0,2191.08,0.0,0.0,0.0,0.0,395233.9,0.0,0.0,Pete Stauber,Stauber,Republican
2708,2015,12766710.136,12406955.836000001,359754.3,12406955.836000001,0.0,0.0,0.0,0.0,0.0,0.0,0.0,0.0,0.0,359754.3,0.0,0.0,Pete Stauber,Stauber,Republican
2708,2016,12345706.838,12003281.938,342424.9,12003281.938,0.0,0.0,0.0,0.0,0.0,0.0,0.0,0.0,0.0,342424.9,0.0,0.0,Pete Stauber,Stauber,Republican
2708,2017,12351753.474,11966619.574,385133.9,11966619.574,0.0,0.0,0.0,0.0,0.0,0.0,0.0,0.0,0.0,385133.9,0.0,0.0,Pete Stauber,Stauber,Republican
2708,2018,12575995.906000001,12177145.706,398850.2,12177145.706,0.0,0.0,0.0,0.0,0.0,0.0,0.0,0.0,0.0,398850.2,0.0,0.0,Pete Stauber,Stauber,Republican
2708,2019,9443956.088,8994443.488,449512.60000000003,8994443.488,0.0,0.0,0.0,0.0,0.0,0.0,0.0,0.0,0.0,449512.60000000003,0.0,0.0,Pete Stauber,Stauber,Republican
2708,2020,8340275.128,7905222.828,435052.3,7905222.828,0.0,0.0,0.0,0.0,0.0,0.0,0.0,0.0,0.0,435052.3,0.0,0.0,Pete Stauber,Stauber,Republican
2708,2021,9575607.632000001,9154654.532,420953.1,9154654.532,0.0,0.0,0.0,0.0,0.0,0.0,0.0,0.0,0.0,420953.1,0.0,0.0,Pete Stauber,Stauber,Republican
2708,2022,9464156.886,8975692.986000001,488463.9,8975692.986000001,0.0,0.0,0.0,0.0,0.0,0.0,0.0,0.0,0.0,488463.9,0.0,0.0,Pete Stauber,Stauber,Republican
2708,2023,9453491.345999999,8944657.246,508834.10000000003,8944657.246,0.0,0.0,0.0,0.0,0.0,0.0,0.0,0.0,0.0,508834.10000000003,0.0,0.0,Pete Stauber,Stauber,Republican
2801,2010,11105580.18,10820931.68,284648.5,10820931.68,0.0,0.0,0.0,0.0,0.0,0.0,0.0,0.0,0.0,284648.5,0.0,0.0,Trent Kelly,Kelly,Republican
2801,2011,9709357.442,9453167.842,256189.6,9451717.042,0.0,0.0,0.0,1450.8,0.0,0.0,0.0,0.0,0.0,256189.6,0.0,0.0,Trent Kelly,Kelly,Republican
2801,2012,12399840.812,12168777.312,231063.5,12167307.512,0.0,0.0,0.0,1469.8,0.0,0.0,0.0,0.0,0.0,231063.5,0.0,0.0,Trent Kelly,Kelly,Republican
2801,2013,10426389.824000001,10150519.324,275870.5,10149264.524,0.0,0.0,0.0,1254.8,0.0,0.0,0.0,0.0,0.0,275870.5,0.0,0.0,Trent Kelly,Kelly,Republican
2801,2014,10224139.264,9936695.464,287443.8,9934058.464,0.0,0.0,0.0,2637.0,0.0,0.0,0.0,0.0,0.0,287443.8,0.0,0.0,Trent Kelly,Kelly,Republican
2801,2015,12828318.805,12688385.705,139933.1,12688385.705,0.0,0.0,0.0,0.0,0.0,0.0,0.0,0.0,0.0,139933.1,0.0,0.0,Trent Kelly,Kelly,Republican
2801,2016,14158300.695,13940427.795,217872.9,13940427.795,0.0,0.0,0.0,0.0,0.0,0.0,0.0,0.0,0.0,217872.9,0.0,0.0,Trent Kelly,Kelly,Republican
2801,2017,12756147.236,12547326.336000001,208820.90000000002,12547326.336000001,0.0,0.0,0.0,0.0,0.0,0.0,0.0,0.0,0.0,208820.90000000002,0.0,0.0,Trent Kelly,Kelly,Republican
2801,2018,14203139.891,13957944.691,245195.2,13957944.691,0.0,0.0,0.0,0.0,0.0,0.0,0.0,0.0,0.0,245195.2,0.0,0.0,Trent Kelly,Kelly,Republican
2801,2019,12291880.925999999,12145989.826,145891.1,12145989.826,0.0,0.0,0.0,0.0,0.0,0.0,0.0,0.0,0.0,145891.1,0.0,0.0,Trent Kelly,Kelly,Republican
2801,2020,13530384.624,13286623.324000001,243761.3,13286623.324000001,0.0,0.0,0.0,0.0,0.0,0.0,0.0,0.0,0.0,243761.3,0.0,0.0,Trent Kelly,Kelly,Republican
2801,2021,13199542.067,13126128.467,73413.59999999999,13126128.467,0.0,0.0,0.0,0.0,0.0,0.0,0.0,0.0,0.0,73413.59999999999,0.0,0.0,Trent Kelly,Kelly,Republican
2801,2022,14130880.698,13931074.898,199805.8,13931074.898,0.0,0.0,0.0,0.0,0.0,0.0,0.0,0.0,0.0,199805.8,0.0,0.0,Trent Kelly,Kelly,Republican
2801,2023,13630238.06,13459981.16,170256.90000000002,13459981.16,0.0,0.0,0.0,0.0,0.0,0.0,0.0,0.0,0.0,170256.90000000002,0.0,0.0,Trent Kelly,Kelly,Republican
2802,2010,12304076.497081999,8006343.697082,4297732.8,8006343.697082,0.0,0.0,0.0,0.0,0.0,0.0,0.0,0.0,0.0,55996.0,0.0,4241736.8,Bennie G. Thompson,Thompson,Democrat
2802,2011,13823598.814075,8073417.614075,5750181.2,8019530.220075,51509.354,0.0,0.0,0.0,2378.04,0.0,0.0,0.0,0.0,56577.8,0.0,5693603.4,Bennie G. Thompson,Thompson,Democrat
2802,2012,18182707.79119,7598701.25779,10584006.5334,7507584.94579,73277.592,0.0,0.0,0.0,17838.72,0.0,3230303.7334,0.0,0.0,55763.7,0.0,7297939.1,Bennie G. Thompson,Thompson,Democrat
2802,2013,17768324.9316,7886805.506,9881519.4256,7781345.71,105459.796,0.0,0.0,0.0,0.0,0.0,3151332.7256,0.0,0.0,68685.7,0.0,6661501.0,Bennie G. Thompson,Thompson,Democrat
2802,2014,17080393.0123,6949628.634,10130764.3783,6841475.854,108152.78,0.0,0.0,0.0,0.0,0.0,3357620.7783,0.0,0.0,80895.8,0.0,6692247.8,Bennie G. Thompson,Thompson,Democrat
2802,2015,16181496.1432,7790142.068,8391354.0752,7694606.728,95535.34,0.0,0.0,0.0,0.0,0.0,2816198.7752,0.0,0.0,68130.3,0.0,5507025.0,Bennie G. Thompson,Thompson,Democrat
2802,2016,18804697.0177,8914817.799999999,9889879.217699999,8747311.53,167506.27,0.0,0.0,0.0,0.0,0.0,5956408.5177,0.0,0.0,69479.9,0.0,3863990.8,Bennie G. Thompson,Thompson,Democrat
2802,2017,16390122.7080992,8442489.63,7947633.0780992,8179913.716,262575.914,0.0,0.0,0.0,0.0,0.0,3542588.9780992,0.0,0.0,69476.3,0.0,4335567.8,Bennie G. Thompson,Thompson,Democrat
2802,2018,16148511.7656019,8869307.925999999,7279203.8396019,8543408.901999999,325899.024,0.0,0.0,0.0,0.0,0.0,3713189.5396019,0.0,0.0,68806.3,0.0,3497208.0,Bennie G. Thompson,Thompson,Democrat
2802,2019,16743603.0523097,9214351.844,7529251.2083097,8935827.184,278524.66,0.0,0.0,0.0,0.0,0.0,3600545.7083097,0.0,0.0,63683.9,0.0,3865021.6,Bennie G. Thompson,Thompson,Democrat
2802,2020,15059062.8532575,9439406.962,5619655.8912575,9155013.146,284393.816,0.0,0.0,0.0,0.0,0.0,3069439.8912575,0.0,0.0,54050.1,0.0,2496165.9000000004,Bennie G. Thompson,Thompson,Democrat
2802,2021,15219076.5504848,8351844.986,6867231.5644848,7904076.502,447768.484,0.0,0.0,0.0,0.0,0.0,4244029.2644848,0.0,0.0,59769.6,0.0,2563432.7,Bennie G. Thompson,Thompson,Democrat
2802,2022,15694858.6540719,9305353.042,6389505.6120719,8943968.354,361384.68799999997,0.0,0.0,0.0,0.0,0.0,4386752.5120719,0.0,0.0,50180.8,0.0,1952572.3,Bennie G. Thompson,Thompson,Democrat
2802,2023,15953062.0773909,9421450.668,6531611.4093909,8797510.264,623940.404,0.0,0.0,0.0,0.0,0.0,3819285.8093909,0.0,0.0,38215.4,0.0,2674110.2,Bennie G. Thompson,Thompson,Democrat
2803,2010,14367580.445161,1511462.345161,12856118.1,1511462.345161,0.0,0.0,0.0,0.0,0.0,0.0,0.0,0.0,0.0,0.0,0.0,12856118.1,Michael Guest,Guest,Republican
2803,2011,14379200.856,1888686.956,12490513.9,1803383.408,85303.54800000001,0.0,0.0,0.0,0.0,0.0,0.0,0.0,0.0,0.0,0.0,12490513.9,Michael Guest,Guest,Republican
2803,2012,16175046.8573,2109747.6573,14065299.2,2019245.4113,90502.246,0.0,0.0,0.0,0.0,0.0,911811.9,0.0,0.0,0.0,0.0,13153487.3,Michael Guest,Guest,Republican
2803,2013,16452367.418,1852739.118,14599628.3,1738808.244,113930.87400000001,0.0,0.0,0.0,0.0,0.0,974746.0,0.0,0.0,0.0,0.0,13624882.3,Michael Guest,Guest,Republican
2803,2014,16313015.729,2435868.929,13877146.799999999,2338782.291,97086.63799999999,0.0,0.0,0.0,0.0,0.0,1217461.0,0.0,0.0,0.0,0.0,12659685.799999999,Michael Guest,Guest,Republican
2803,2015,16170309.092,3930595.592,12239713.5,3849176.766,81418.826,0.0,0.0,0.0,0.0,0.0,1371979.0,0.0,0.0,0.0,0.0,10867734.5,Michael Guest,Guest,Republican
2803,2016,11717790.949000001,3895745.849,7822045.1,3794525.127,59522.352,41698.37,0.0,0.0,0.0,0.0,1402066.0,0.0,0.0,0.0,0.0,6419979.1,Michael Guest,Guest,Republican
2803,2017,11810607.216,4290090.316,7520516.9,4076796.194,152396.274,60897.848,0.0,0.0,0.0,0.0,1298863.0,0.0,0.0,0.0,0.0,6221653.9,Michael Guest,Guest,Republican
2803,2018,12539094.81,4105662.5100000002,8433432.3,3932446.404,129350.09,43866.016,0.0,0.0,0.0,0.0,1451186.0,0.0,0.0,0.0,0.0,6982246.3,Michael Guest,Guest,Republican
2803,2019,12246501.192,4096270.492,8150230.7,3934629.55,106277.174,55363.768,0.0,0.0,0.0,0.0,1418390.0,0.0,0.0,0.0,0.0,6731840.7,Michael Guest,Guest,Republican
2803,2020,10656351.296,4099854.296,6556497.0,3939812.5239999997,99146.574,60895.198,0.0,0.0,0.0,0.0,1222323.0,0.0,0.0,0.0,0.0,5334174.0,Michael Guest,Guest,Republican
2803,2021,11419207.489,3941579.989,7477627.5,3783282.879,96562.47600000001,61734.634,0.0,0.0,0.0,0.0,1167275.0,0.0,0.0,0.0,0.0,6310352.5,Michael Guest,Guest,Republican
2803,2022,12430308.526,4060386.526,8369922.0,3876660.098,107023.604,76702.824,0.0,0.0,0.0,0.0,1278073.0,0.0,0.0,0.0,0.0,7091849.0,Michael Guest,Guest,Republican
2803,2023,11155612.37190544,3898981.87190544,7256630.5,3730963.9959054403,101114.36799999999,66903.508,0.0,0.0,0.0,0.0,1334526.0,0.0,0.0,0.0,0.0,5922104.5,Michael Guest,Guest,Republican
2804,2010,19460073.033519,19281209.333519,178863.7,19281209.333519,0.0,0.0,0.0,0.0,0.0,0.0,0.0,0.0,0.0,178863.7,0.0,0.0,Mike Ezell,Ezell,Republican
2804,2011,16729476.025700001,16571258.1257,158217.9,16567235.525700001,0.0,0.0,0.0,4022.6,0.0,0.0,0.0,0.0,0.0,158217.9,0.0,0.0,Mike Ezell,Ezell,Republican
2804,2012,67162668.852,14974377.552,52188291.3,14970573.452,0.0,0.0,0.0,3804.1,0.0,0.0,52043546.0,0.0,0.0,144745.3,0.0,0.0,Mike Ezell,Ezell,Republican
2804,2013,64198827.556,16244849.756,47953977.8,16240974.006,0.0,0.0,0.0,3875.75,0.0,0.0,47795687.0,0.0,0.0,158290.8,0.0,0.0,Mike Ezell,Ezell,Republican
2804,2014,70000174.004,18799273.804,51200900.2,18716327.524,79059.03,0.0,0.0,3887.25,0.0,0.0,51033801.0,0.0,0.0,167099.2,0.0,0.0,Mike Ezell,Ezell,Republican
2804,2015,64781146.1788225,15857466.08,48923680.098822504,15793825.959999999,58644.97,0.0,0.0,4995.15,0.0,0.0,48773228.9988225,0.0,0.0,150451.1,0.0,0.0,Mike Ezell,Ezell,Republican
2804,2016,67943747.5465741,14623240.386,53320507.1605741,14569539.086000001,48784.25,0.0,0.0,4917.05,0.0,0.0,53184464.5605741,0.0,0.0,136042.6,0.0,0.0,Mike Ezell,Ezell,Republican
2804,2017,69452409.41,14777136.59,54675272.82,14724298.540000001,48748.75,0.0,0.0,4089.3,0.0,0.0,54539051.22,0.0,0.0,136221.6,0.0,0.0,Mike Ezell,Ezell,Republican
2804,2018,66352928.8411224,15198240.388,51154688.4531224,15146353.788,48780.65,0.0,0.0,3105.95,0.0,0.0,51000985.9531224,0.0,0.0,153702.5,0.0,0.0,Mike Ezell,Ezell,Republican
2804,2019,67273038.6703756,14942482.629999999,52330556.0403756,14939393.68,0.0,0.0,0.0,3088.95,0.0,0.0,52178590.6403756,0.0,0.0,151965.4,0.0,0.0,Mike Ezell,Ezell,Republican
2804,2020,55141336.0037253,14854404.401999999,40286931.601725295,14851338.702,0.0,0.0,0.0,3065.7,0.0,0.0,40145054.2017253,0.0,0.0,141877.4,0.0,0.0,Mike Ezell,Ezell,Republican
2804,2021,59993477.451091506,15113272.404,44880205.0470915,15110209.554,0.0,0.0,0.0,3062.85,0.0,0.0,44730601.0470915,0.0,0.0,149604.0,0.0,0.0,Mike Ezell,Ezell,Republican
2804,2022,64044281.8066513,15108304.636,48935977.1706513,15105005.686,0.0,0.0,0.0,3298.95,0.0,0.0,48779024.4706513,0.0,0.0,156952.7,0.0,0.0,Mike Ezell,Ezell,Republican
2804,2023,64958895.760000005,15651409.24,49307486.52,15648388.139999999,0.0,0.0,0.0,3021.1,0.0,0.0,49164284.02,0.0,0.0,143202.5,0.0,0.0,Mike Ezell,Ezell,Republican
2901,2010,6614178.307999999,772263.208,5841915.1,772263.208,0.0,0.0,0.0,0.0,0.0,0.0,0.0,0.0,0.0,5841915.1,0.0,0.0,Wesley Bell,Bell,Democrat
2901,2011,6358137.313999999,784313.414,5573823.899999999,601558.4639999999,0.0,0.0,0.0,151051.55,31703.4,0.0,0.0,0.0,0.0,5573823.899999999,0.0,0.0,Wesley Bell,Bell,Democrat
2901,2012,5660993.018,739182.118,4921810.9,580645.458,0.0,0.0,0.0,144213.7,14322.96,0.0,0.0,0.0,0.0,4921810.9,0.0,0.0,Wesley Bell,Bell,Democrat
2901,2013,6929206.164000001,734814.8640000001,6194391.300000001,581253.724,0.0,0.0,0.0,140535.5,13025.64,0.0,0.0,0.0,0.0,6194391.300000001,0.0,0.0,Wesley Bell,Bell,Democrat
2901,2014,7252023.946,771409.346,6480614.600000001,598716.206,0.0,0.0,0.0,136764.9,35928.24,0.0,0.0,0.0,0.0,6480614.600000001,0.0,0.0,Wesley Bell,Bell,Democrat
2901,2015,6315427.409999999,627075.61,5688351.8,488536.79,0.0,0.0,0.0,133046.30000000002,5492.52,0.0,0.0,0.0,0.0,5688351.8,0.0,0.0,Wesley Bell,Bell,Democrat
2901,2016,6194681.430000001,612200.63,5582480.800000001,478588.77,0.0,0.0,0.0,128431.7,5180.16,0.0,0.0,0.0,0.0,5582480.800000001,0.0,0.0,Wesley Bell,Bell,Democrat
2901,2017,6084825.018,626924.118,5457900.899999999,484816.048,0.0,0.0,0.0,121806.95,20301.12,0.0,0.0,0.0,0.0,5457900.899999999,0.0,0.0,Wesley Bell,Bell,Democrat
2901,2018,7151868.772,646750.072,6505118.699999999,517487.422,0.0,0.0,0.0,114556.65,14706.0,0.0,0.0,0.0,0.0,6505118.699999999,0.0,0.0,Wesley Bell,Bell,Democrat
2901,2019,7072751.766,630542.966,6442208.8,511741.97599999997,0.0,0.0,0.0,108055.34999999999,10745.64,0.0,0.0,0.0,0.0,6442208.8,0.0,0.0,Wesley Bell,Bell,Democrat
2901,2020,6514661.772399999,597207.6724,5917454.1,492050.304,0.0,0.0,0.0,99893.35,5264.0184,0.0,0.0,0.0,0.0,5917454.1,0.0,0.0,Wesley Bell,Bell,Democrat
2901,2021,6598700.6176,724646.7176,5874053.9,624678.218,0.0,0.0,0.0,94227.29999999999,5741.1996,0.0,0.0,0.0,0.0,5874053.9,0.0,0.0,Wesley Bell,Bell,Democrat
2901,2022,6902031.836,605244.936,6296786.9,504206.896,0.0,0.0,0.0,87895.55,13142.49,0.0,0.0,0.0,0.0,6296786.9,0.0,0.0,Wesley Bell,Bell,Democrat
2901,2023,5951945.9928,622927.6928,5329018.3,534822.094,0.0,0.0,0.0,82561.3,5544.2988,0.0,0.0,0.0,0.0,5329018.3,0.0,0.0,Wesley Bell,Bell,Democrat
2902,2010,23001770.426000003,23001770.426000003,0.0,23001770.426000003,0.0,0.0,0.0,0.0,0.0,0.0,0.0,0.0,0.0,0.0,0.0,0.0,Ann Wagner,Wagner,Republican
2902,2011,24073029.966000002,24073029.966000002,0.0,24073029.966000002,0.0,0.0,0.0,0.0,0.0,0.0,0.0,0.0,0.0,0.0,0.0,0.0,Ann Wagner,Wagner,Republican
2902,2012,18465888.096,18465888.096,0.0,18465888.096,0.0,0.0,0.0,0.0,0.0,0.0,0.0,0.0,0.0,0.0,0.0,0.0,Ann Wagner,Wagner,Republican
2902,2013,18015765.516,18015765.516,0.0,18015765.516,0.0,0.0,0.0,0.0,0.0,0.0,0.0,0.0,0.0,0.0,0.0,0.0,Ann Wagner,Wagner,Republican
2902,2014,18926187.198,18926187.198,0.0,18926187.198,0.0,0.0,0.0,0.0,0.0,0.0,0.0,0.0,0.0,0.0,0.0,0.0,Ann Wagner,Wagner,Republican
2902,2015,17087534.768,17087534.768,0.0,17087534.768,0.0,0.0,0.0,0.0,0.0,0.0,0.0,0.0,0.0,0.0,0.0,0.0,Ann Wagner,Wagner,Republican
2902,2016,15733815.874,15733815.874,0.0,15733815.874,0.0,0.0,0.0,0.0,0.0,0.0,0.0,0.0,0.0,0.0,0.0,0.0,Ann Wagner,Wagner,Republican
2902,2017,16439220.65,16439220.65,0.0,16439220.65,0.0,0.0,0.0,0.0,0.0,0.0,0.0,0.0,0.0,0.0,0.0,0.0,Ann Wagner,Wagner,Republican
2902,2018,16298249.13,16298249.13,0.0,16298249.13,0.0,0.0,0.0,0.0,0.0,0.0,0.0,0.0,0.0,0.0,0.0,0.0,Ann Wagner,Wagner,Republican
2902,2019,14757228.496,14757228.496,0.0,14757228.496,0.0,0.0,0.0,0.0,0.0,0.0,0.0,0.0,0.0,0.0,0.0,0.0,Ann Wagner,Wagner,Republican
2902,2020,15849584.57,15849584.57,0.0,15849584.57,0.0,0.0,0.0,0.0,0.0,0.0,0.0,0.0,0.0,0.0,0.0,0.0,Ann Wagner,Wagner,Republican
2902,2021,16360421.532000002,16360421.532000002,0.0,16360421.532000002,0.0,0.0,0.0,0.0,0.0,0.0,0.0,0.0,0.0,0.0,0.0,0.0,Ann Wagner,Wagner,Republican
2902,2022,16074751.982,16074751.982,0.0,16074751.982,0.0,0.0,0.0,0.0,0.0,0.0,0.0,0.0,0.0,0.0,0.0,0.0,Ann Wagner,Wagner,Republican
2902,2023,15392286.198,15392286.198,0.0,15392286.198,0.0,0.0,0.0,0.0,0.0,0.0,0.0,0.0,0.0,0.0,0.0,0.0,Ann Wagner,Wagner,Republican
2903,2010,6529635.784,6482997.183999999,46638.6,6482997.183999999,0.0,0.0,0.0,0.0,0.0,0.0,0.0,0.0,0.0,46638.6,0.0,0.0,"Robert F. Onder, Jr.",Onder,Republican
2903,2011,6097753.274,6053492.174,44261.1,6053492.174,0.0,0.0,0.0,0.0,0.0,0.0,0.0,0.0,0.0,44261.1,0.0,0.0,"Robert F. Onder, Jr.",Onder,Republican
2903,2012,5385364.494,5342814.393999999,42550.1,5342814.393999999,0.0,0.0,0.0,0.0,0.0,0.0,0.0,0.0,0.0,42550.1,0.0,0.0,"Robert F. Onder, Jr.",Onder,Republican
2903,2013,5581041.638,5537330.038,43711.6,5537330.038,0.0,0.0,0.0,0.0,0.0,0.0,0.0,0.0,0.0,43711.6,0.0,0.0,"Robert F. Onder, Jr.",Onder,Republican
2903,2014,5224171.192,5179643.892,44527.3,5179643.892,0.0,0.0,0.0,0.0,0.0,0.0,0.0,0.0,0.0,44527.3,0.0,0.0,"Robert F. Onder, Jr.",Onder,Republican
2903,2015,4756998.75,4722998.45,34000.3,4722998.45,0.0,0.0,0.0,0.0,0.0,0.0,0.0,0.0,0.0,34000.3,0.0,0.0,"Robert F. Onder, Jr.",Onder,Republican
2903,2016,4962476.529999999,4933719.43,28757.1,4933719.43,0.0,0.0,0.0,0.0,0.0,0.0,0.0,0.0,0.0,28757.1,0.0,0.0,"Robert F. Onder, Jr.",Onder,Republican
2903,2017,5546299.908,5515469.608,30830.3,5515469.608,0.0,0.0,0.0,0.0,0.0,0.0,0.0,0.0,0.0,30830.3,0.0,0.0,"Robert F. Onder, Jr.",Onder,Republican
2903,2018,6144824.08,6106741.68,38082.4,6106741.68,0.0,0.0,0.0,0.0,0.0,0.0,0.0,0.0,0.0,38082.4,0.0,0.0,"Robert F. Onder, Jr.",Onder,Republican
2903,2019,4451006.6219999995,4413110.222,37896.4,4413110.222,0.0,0.0,0.0,0.0,0.0,0.0,0.0,0.0,0.0,37896.4,0.0,0.0,"Robert F. Onder, Jr.",Onder,Republican
2903,2020,3341896.074,3306550.2739999997,35345.8,3306550.2739999997,0.0,0.0,0.0,0.0,0.0,0.0,0.0,0.0,0.0,35345.8,0.0,0.0,"Robert F. Onder, Jr.",Onder,Republican
2903,2021,4423294.396,4380270.995999999,43023.4,4380270.995999999,0.0,0.0,0.0,0.0,0.0,0.0,0.0,0.0,0.0,43023.4,0.0,0.0,"Robert F. Onder, Jr.",Onder,Republican
2903,2022,4305651.374,4260033.874,45617.5,4260033.874,0.0,0.0,0.0,0.0,0.0,0.0,0.0,0.0,0.0,45617.5,0.0,0.0,"Robert F. Onder, Jr.",Onder,Republican
2903,2023,3661110.8299999996,3629015.13,32095.7,3629015.13,0.0,0.0,0.0,0.0,0.0,0.0,0.0,0.0,0.0,32095.7,0.0,0.0,"Robert F. Onder, Jr.",Onder,Republican
2904,2010,4867777.537,4867777.537,0.0,4867777.537,0.0,0.0,0.0,0.0,0.0,0.0,0.0,0.0,0.0,0.0,0.0,0.0,Mark Alford,Alford,Republican
2904,2011,4210829.824,4210829.824,0.0,4210829.824,0.0,0.0,0.0,0.0,0.0,0.0,0.0,0.0,0.0,0.0,0.0,0.0,Mark Alford,Alford,Republican
2904,2012,3670750.087,3670750.087,0.0,3670750.087,0.0,0.0,0.0,0.0,0.0,0.0,0.0,0.0,0.0,0.0,0.0,0.0,Mark Alford,Alford,Republican
2904,2013,4239101.262,4239101.262,0.0,4239101.262,0.0,0.0,0.0,0.0,0.0,0.0,0.0,0.0,0.0,0.0,0.0,0.0,Mark Alford,Alford,Republican
2904,2014,4301357.222000001,4301357.222000001,0.0,4301357.222000001,0.0,0.0,0.0,0.0,0.0,0.0,0.0,0.0,0.0,0.0,0.0,0.0,Mark Alford,Alford,Republican
2904,2015,2896146.078,2896146.078,0.0,2896146.078,0.0,0.0,0.0,0.0,0.0,0.0,0.0,0.0,0.0,0.0,0.0,0.0,Mark Alford,Alford,Republican
2904,2016,2186718.5179999997,2186718.5179999997,0.0,2186718.5179999997,0.0,0.0,0.0,0.0,0.0,0.0,0.0,0.0,0.0,0.0,0.0,0.0,Mark Alford,Alford,Republican
2904,2017,1609788.008,1609788.008,0.0,1609788.008,0.0,0.0,0.0,0.0,0.0,0.0,0.0,0.0,0.0,0.0,0.0,0.0,Mark Alford,Alford,Republican
2904,2018,2192681.4420000003,2192681.4420000003,0.0,2192681.4420000003,0.0,0.0,0.0,0.0,0.0,0.0,0.0,0.0,0.0,0.0,0.0,0.0,Mark Alford,Alford,Republican
2904,2019,1890958.4579999999,1890958.4579999999,0.0,1890958.4579999999,0.0,0.0,0.0,0.0,0.0,0.0,0.0,0.0,0.0,0.0,0.0,0.0,Mark Alford,Alford,Republican
2904,2020,1827680.5320000001,1827680.5320000001,0.0,1827680.5320000001,0.0,0.0,0.0,0.0,0.0,0.0,0.0,0.0,0.0,0.0,0.0,0.0,Mark Alford,Alford,Republican
2904,2021,1466194.2,1466194.2,0.0,1466194.2,0.0,0.0,0.0,0.0,0.0,0.0,0.0,0.0,0.0,0.0,0.0,0.0,Mark Alford,Alford,Republican
2904,2022,1697694.336,1697694.336,0.0,1697694.336,0.0,0.0,0.0,0.0,0.0,0.0,0.0,0.0,0.0,0.0,0.0,0.0,Mark Alford,Alford,Republican
2904,2023,2036589.918,1977276.918,59313.0,1977276.918,0.0,0.0,0.0,0.0,0.0,0.0,0.0,0.0,0.0,59313.0,0.0,0.0,Mark Alford,Alford,Republican
2905,2010,8816680.242,4530452.742000001,4286227.5,4530452.742000001,0.0,0.0,0.0,0.0,0.0,0.0,0.0,0.0,0.0,4286227.5,0.0,0.0,Emanuel Cleaver,Cleaver,Democrat
2905,2011,8519849.422,4431520.122,4088329.3,4342808.362,0.0,0.0,0.0,66944.6,21767.16,0.0,0.0,0.0,0.0,4088329.3,0.0,0.0,Emanuel Cleaver,Cleaver,Democrat
2905,2012,7646459.66,4321363.76,3325095.9,4241478.16,0.0,0.0,0.0,68554.0,11331.6,0.0,0.0,0.0,0.0,3325095.9,0.0,0.0,Emanuel Cleaver,Cleaver,Democrat
2905,2013,8561435.016,4292426.816,4269008.2,4201543.236,0.0,0.0,0.0,66154.7,24728.88,0.0,0.0,0.0,0.0,4269008.2,0.0,0.0,Emanuel Cleaver,Cleaver,Democrat
2905,2014,8174833.262,3651528.7620000006,4523304.5,3569680.0420000004,0.0,0.0,0.0,64739.6,17109.12,0.0,0.0,0.0,0.0,4523304.5,0.0,0.0,Emanuel Cleaver,Cleaver,Democrat
2905,2015,7629613.649999999,3749219.75,3880393.9,3659606.33,0.0,0.0,0.0,64854.9,24758.52,0.0,0.0,0.0,0.0,3880393.9,0.0,0.0,Emanuel Cleaver,Cleaver,Democrat
2905,2016,6702733.685196999,2817528.9851969997,3885204.7,2745110.415197,0.0,0.0,0.0,63038.65,9379.92,0.0,0.0,0.0,0.0,3885204.7,0.0,0.0,Emanuel Cleaver,Cleaver,Democrat
2905,2017,7197860.289983,3294436.589983,3903423.7,3225053.649983,0.0,0.0,0.0,64918.7,4464.24,0.0,0.0,0.0,0.0,3903423.7,0.0,0.0,Emanuel Cleaver,Cleaver,Democrat
2905,2018,7716911.0600000005,3050434.06,4666477.0,2976179.16,0.0,0.0,0.0,61509.7,12745.2,0.0,0.0,0.0,0.0,4666477.0,0.0,0.0,Emanuel Cleaver,Cleaver,Democrat
2905,2019,7826097.903999999,3231255.8039999995,4594842.1,3174011.854,0.0,0.0,0.0,57243.95,0.0,0.0,0.0,0.0,0.0,4594842.1,0.0,0.0,Emanuel Cleaver,Cleaver,Democrat
2905,2020,6651134.25,2433625.05,4217509.2,2378476.6,0.0,0.0,0.0,55148.45,0.0,0.0,0.0,0.0,0.0,4217509.2,0.0,0.0,Emanuel Cleaver,Cleaver,Democrat
2905,2021,7237486.658,3067688.658,4169798.0,3014608.808,0.0,0.0,0.0,53079.85,0.0,0.0,0.0,0.0,0.0,4169798.0,0.0,0.0,Emanuel Cleaver,Cleaver,Democrat
2905,2022,8304581.4,3705791.8000000003,4598789.6,3655219.85,0.0,0.0,0.0,50571.95,0.0,0.0,0.0,0.0,0.0,4598789.6,0.0,0.0,Emanuel Cleaver,Cleaver,Democrat
2905,2023,7008689.427999999,2916801.8279999997,4091887.6,2870468.628,0.0,0.0,0.0,46333.2,0.0,0.0,0.0,0.0,0.0,4091887.6,0.0,0.0,Emanuel Cleaver,Cleaver,Democrat
2906,2010,21690157.328375,21690157.328375,0.0,21690157.328375,0.0,0.0,0.0,0.0,0.0,0.0,0.0,0.0,0.0,0.0,0.0,0.0,Sam Graves,Graves,Republican
2906,2011,23433548.888063278,23433548.888063278,0.0,23433548.888063278,0.0,0.0,0.0,0.0,0.0,0.0,0.0,0.0,0.0,0.0,0.0,0.0,Sam Graves,Graves,Republican
2906,2012,24267364.82519462,24267364.82519462,0.0,24267364.82519462,0.0,0.0,0.0,0.0,0.0,0.0,0.0,0.0,0.0,0.0,0.0,0.0,Sam Graves,Graves,Republican
2906,2013,24224408.080000002,24224408.080000002,0.0,24224408.080000002,0.0,0.0,0.0,0.0,0.0,0.0,0.0,0.0,0.0,0.0,0.0,0.0,Sam Graves,Graves,Republican
2906,2014,21525254.894,21525254.894,0.0,21525254.894,0.0,0.0,0.0,0.0,0.0,0.0,0.0,0.0,0.0,0.0,0.0,0.0,Sam Graves,Graves,Republican
2906,2015,22182884.55,22182884.55,0.0,22182884.55,0.0,0.0,0.0,0.0,0.0,0.0,0.0,0.0,0.0,0.0,0.0,0.0,Sam Graves,Graves,Republican
2906,2016,21522979.094,21522979.094,0.0,21522979.094,0.0,0.0,0.0,0.0,0.0,0.0,0.0,0.0,0.0,0.0,0.0,0.0,Sam Graves,Graves,Republican
2906,2017,22991563.516,22991563.516,0.0,22991563.516,0.0,0.0,0.0,0.0,0.0,0.0,0.0,0.0,0.0,0.0,0.0,0.0,Sam Graves,Graves,Republican
2906,2018,19076869.666,19076869.666,0.0,19076869.666,0.0,0.0,0.0,0.0,0.0,0.0,0.0,0.0,0.0,0.0,0.0,0.0,Sam Graves,Graves,Republican
2906,2019,18714449.434,18714449.434,0.0,18714449.434,0.0,0.0,0.0,0.0,0.0,0.0,0.0,0.0,0.0,0.0,0.0,0.0,Sam Graves,Graves,Republican
2906,2020,16081891.782,16081891.782,0.0,16081891.782,0.0,0.0,0.0,0.0,0.0,0.0,0.0,0.0,0.0,0.0,0.0,0.0,Sam Graves,Graves,Republican
2906,2021,18454020.756,18454020.756,0.0,18454020.756,0.0,0.0,0.0,0.0,0.0,0.0,0.0,0.0,0.0,0.0,0.0,0.0,Sam Graves,Graves,Republican
2906,2022,16347351.056,16347351.056,0.0,16347351.056,0.0,0.0,0.0,0.0,0.0,0.0,0.0,0.0,0.0,0.0,0.0,0.0,Sam Graves,Graves,Republican
2906,2023,14291008.584,14291008.584,0.0,14291008.584,0.0,0.0,0.0,0.0,0.0,0.0,0.0,0.0,0.0,0.0,0.0,0.0,Sam Graves,Graves,Republican
2907,2010,6614605.84,5323077.94,1291527.9,5323077.94,0.0,0.0,0.0,0.0,0.0,0.0,0.0,0.0,0.0,1291527.9,0.0,0.0,Eric Burlison,Burlison,Republican
2907,2011,7194148.808,6103737.408000001,1090411.4,6091678.458000001,0.0,0.0,0.0,12058.95,0.0,0.0,0.0,0.0,0.0,1090411.4,0.0,0.0,Eric Burlison,Burlison,Republican
2907,2012,6146663.017999999,5056067.818,1090595.2,5043918.517999999,0.0,0.0,0.0,12149.3,0.0,0.0,0.0,0.0,0.0,1090595.2,0.0,0.0,Eric Burlison,Burlison,Republican
2907,2013,6760094.202,5568361.102,1191733.1,5557090.002,0.0,0.0,0.0,11271.1,0.0,0.0,0.0,0.0,0.0,1191733.1,0.0,0.0,Eric Burlison,Burlison,Republican
2907,2014,6694211.144,5424186.3440000005,1270024.8,5411193.424000001,0.0,0.0,0.0,11399.2,1593.72,0.0,0.0,0.0,0.0,1270024.8,0.0,0.0,Eric Burlison,Burlison,Republican
2907,2015,5595135.569999999,4490522.87,1104612.7000000002,4479065.949999999,0.0,0.0,0.0,11436.4,20.52,0.0,0.0,0.0,0.0,1104612.7000000002,0.0,0.0,Eric Burlison,Burlison,Republican
2907,2016,6024813.098,4838148.098,1186665.0,4826686.168,0.0,0.0,0.0,11436.849999999999,25.08,0.0,0.0,0.0,0.0,1186665.0,0.0,0.0,Eric Burlison,Burlison,Republican
2907,2017,5706074.1559999995,4604071.756,1102002.4,4592595.206,0.0,0.0,0.0,11476.55,0.0,0.0,0.0,0.0,0.0,1102002.4,0.0,0.0,Eric Burlison,Burlison,Republican
2907,2018,6460986.818,5184017.818,1276969.0,5170134.198,0.0,0.0,0.0,11526.1,2357.52,0.0,0.0,0.0,0.0,1276969.0,0.0,0.0,Eric Burlison,Burlison,Republican
2907,2019,5534111.962,4247082.562,1287029.4,4234584.282,0.0,0.0,0.0,11504.2,994.08,0.0,0.0,0.0,0.0,1287029.4,0.0,0.0,Eric Burlison,Burlison,Republican
2907,2020,4479830.048,3273401.148,1206428.9,3261160.8079999997,0.0,0.0,0.0,11583.7,656.64,0.0,0.0,0.0,0.0,1206428.9,0.0,0.0,Eric Burlison,Burlison,Republican
2907,2021,4924430.7148,3747730.4148000004,1176700.3,3730225.9480000003,0.0,0.0,0.0,6330.05,11174.4168,0.0,0.0,0.0,0.0,1176700.3,0.0,0.0,Eric Burlison,Burlison,Republican
2907,2022,5504627.324399999,4144852.7243999997,1359774.6,4132021.5459999996,0.0,0.0,0.0,6285.8,6545.3784,0.0,0.0,0.0,0.0,1359774.6,0.0,0.0,Eric Burlison,Burlison,Republican
2907,2023,4726700.752,3504280.7520000003,1222420.0,3495114.87,0.0,0.0,0.0,6300.15,2865.732,0.0,0.0,0.0,0.0,1222420.0,0.0,0.0,Eric Burlison,Burlison,Republican
2908,2010,25402171.288,25363105.988,39065.3,25363105.988,0.0,0.0,0.0,0.0,0.0,0.0,0.0,0.0,0.0,39065.3,0.0,0.0,Jason Smith,Smith,Republican
2908,2011,26160340.768,26011245.068,149095.7,26008004.418,0.0,0.0,0.0,3240.65,0.0,0.0,0.0,0.0,0.0,149095.7,0.0,0.0,Jason Smith,Smith,Republican
2908,2012,26735307.092,26698332.892,36974.2,26698332.892,0.0,0.0,0.0,0.0,0.0,0.0,0.0,0.0,0.0,36974.2,0.0,0.0,Jason Smith,Smith,Republican
2908,2013,27231417.524,27186852.324,44565.2,27186852.324,0.0,0.0,0.0,0.0,0.0,0.0,0.0,0.0,0.0,44565.2,0.0,0.0,Jason Smith,Smith,Republican
2908,2014,27136808.107,27090784.907,46023.2,27090784.907,0.0,0.0,0.0,0.0,0.0,0.0,0.0,0.0,0.0,46023.2,0.0,0.0,Jason Smith,Smith,Republican
2908,2015,24707893.438,24662124.038,45769.4,24662124.038,0.0,0.0,0.0,0.0,0.0,0.0,0.0,0.0,0.0,45769.4,0.0,0.0,Jason Smith,Smith,Republican
2908,2016,22702185.384,22656879.184,45306.2,22656879.184,0.0,0.0,0.0,0.0,0.0,0.0,0.0,0.0,0.0,45306.2,0.0,0.0,Jason Smith,Smith,Republican
2908,2017,26488752.802,26445532.902,43219.9,26445532.902,0.0,0.0,0.0,0.0,0.0,0.0,0.0,0.0,0.0,43219.9,0.0,0.0,Jason Smith,Smith,Republican
2908,2018,26664421.085,26616099.585,48321.5,26616099.585,0.0,0.0,0.0,0.0,0.0,0.0,0.0,0.0,0.0,48321.5,0.0,0.0,Jason Smith,Smith,Republican
2908,2019,23691584.143999998,23648302.444,43281.7,23648302.444,0.0,0.0,0.0,0.0,0.0,0.0,0.0,0.0,0.0,43281.7,0.0,0.0,Jason Smith,Smith,Republican
2908,2020,24901028.66,24860237.06,40791.6,24860237.06,0.0,0.0,0.0,0.0,0.0,0.0,0.0,0.0,0.0,40791.6,0.0,0.0,Jason Smith,Smith,Republican
2908,2021,25209627.167,25168869.867000002,40757.3,25168324.917,0.0,0.0,0.0,544.95,0.0,0.0,0.0,0.0,0.0,40757.3,0.0,0.0,Jason Smith,Smith,Republican
2908,2022,23817826.0326,23772536.8326,45289.2,23771991.632600002,0.0,0.0,0.0,545.2,0.0,0.0,0.0,0.0,0.0,45289.2,0.0,0.0,Jason Smith,Smith,Republican
2908,2023,17381791.2466,17337350.6466,44440.6,17336798.4466,0.0,0.0,0.0,552.2,0.0,0.0,0.0,0.0,0.0,44440.6,0.0,0.0,Jason Smith,Smith,Republican
3001,2010,4226542.496,489823.796,3736718.7,489823.796,0.0,0.0,0.0,0.0,0.0,0.0,0.0,0.0,0.0,3713271.7,23447.0,0.0,Ryan K. Zinke,Zinke,Republican
3001,2011,5182446.088,772740.588,4409705.5,727207.468,0.0,0.0,0.0,36814.4,8718.72,0.0,0.0,0.0,0.0,4389660.6,20044.9,0.0,Ryan K. Zinke,Zinke,Republican
3001,2012,4893719.392,868268.892,4025450.5,825118.962,0.0,0.0,0.0,35156.25,7993.68,0.0,0.0,0.0,0.0,4002220.1,23230.4,0.0,Ryan K. Zinke,Zinke,Republican
3001,2013,5605974.868,933044.068,4672930.8,880973.598,0.0,0.0,0.0,35497.15,16573.32,0.0,0.0,0.0,0.0,4651403.3,21527.5,0.0,Ryan K. Zinke,Zinke,Republican
3001,2014,5193675.494,871228.294,4322447.2,817239.924,0.0,0.0,0.0,35682.25,18306.12,0.0,0.0,0.0,0.0,4303296.1,19151.1,0.0,Ryan K. Zinke,Zinke,Republican
3001,2015,5161679.216,862798.416,4298880.8,805861.606,0.0,0.0,0.0,39057.05,17879.76,0.0,0.0,0.0,0.0,4298880.8,0.0,0.0,Ryan K. Zinke,Zinke,Republican
3001,2016,4979115.482,716822.1819999999,4262293.3,679914.032,0.0,0.0,0.0,36908.15,0.0,0.0,0.0,0.0,0.0,4262293.3,0.0,0.0,Ryan K. Zinke,Zinke,Republican
3001,2017,4933634.134,667379.9339999999,4266254.2,630819.834,0.0,0.0,0.0,36560.1,0.0,0.0,0.0,0.0,0.0,4266254.2,0.0,0.0,Ryan K. Zinke,Zinke,Republican
3001,2018,5473342.618,675173.4180000001,4798169.2,637753.918,0.0,0.0,0.0,37419.5,0.0,0.0,0.0,0.0,0.0,4798169.2,0.0,0.0,Ryan K. Zinke,Zinke,Republican
3001,2019,5717715.374,684064.5739999999,5033650.8,647423.4739999999,0.0,0.0,0.0,36641.1,0.0,0.0,0.0,0.0,0.0,5033650.8,0.0,0.0,Ryan K. Zinke,Zinke,Republican
3001,2020,5249531.188,582520.588,4667010.6,546085.1880000001,0.0,0.0,0.0,36435.4,0.0,0.0,0.0,0.0,0.0,4667010.6,0.0,0.0,Ryan K. Zinke,Zinke,Republican
3001,2021,5530233.606,709538.8060000001,4820694.8,672772.756,0.0,0.0,0.0,36766.05,0.0,0.0,0.0,0.0,0.0,4820694.8,0.0,0.0,Ryan K. Zinke,Zinke,Republican
3001,2022,6072005.926,802937.026,5269068.9,765847.826,0.0,0.0,0.0,37089.200000000004,0.0,0.0,0.0,0.0,0.0,5269068.9,0.0,0.0,Ryan K. Zinke,Zinke,Republican
3001,2023,6311531.102000001,832913.902,5478617.2,795461.552,0.0,0.0,0.0,37452.35,0.0,0.0,0.0,0.0,0.0,5478617.2,0.0,0.0,Ryan K. Zinke,Zinke,Republican
3002,2010,25223716.264000002,24730926.864,492789.4,24730926.864,0.0,0.0,0.0,0.0,0.0,0.0,0.0,0.0,0.0,267414.8,225374.6,0.0,Troy Downing,Downing,Republican
3002,2011,21913923.052,21232793.152,681129.9,21161666.976,71126.176,0.0,0.0,0.0,0.0,0.0,0.0,0.0,0.0,286753.4,394376.5,0.0,Troy Downing,Downing,Republican
3002,2012,47417651.712,20388527.012,27029124.7,20325644.562,62882.45,0.0,0.0,0.0,0.0,0.0,26428586.0,0.0,0.0,254247.4,346291.3,0.0,Troy Downing,Downing,Republican
3002,2013,48892614.9092993,21035472.994,27857141.9152993,20982123.434,53349.56,0.0,0.0,0.0,0.0,0.0,27213340.4152993,0.0,0.0,270369.5,373432.0,0.0,Troy Downing,Downing,Republican
3002,2014,48622349.5809028,21756132.240000002,26866217.3409028,21704774.722,51357.518,0.0,0.0,0.0,0.0,0.0,26262167.9409028,0.0,0.0,278865.9,325183.5,0.0,Troy Downing,Downing,Republican
3002,2015,56469704.4941604,22355391.108,34114313.386160396,22309979.094,45412.014,0.0,0.0,0.0,0.0,0.0,33528484.4861604,0.0,0.0,254563.1,331265.8,0.0,Troy Downing,Downing,Republican
3002,2016,54445655.5473017,20494605.851999998,33951049.695301704,20399360.616,39576.154,55669.082,0.0,0.0,0.0,0.0,33277639.8953017,0.0,0.0,352580.5,320829.3,0.0,Troy Downing,Downing,Republican
3002,2017,52717115.5935695,19499343.456,33217772.1375695,19411565.322,35722.9,52055.234,0.0,0.0,0.0,0.0,32479915.6375695,0.0,0.0,375844.8,362011.7,0.0,Troy Downing,Downing,Republican
3002,2018,55162141.5143162,19357056.4,35805085.1143162,19142539.426,163543.886,50973.088,0.0,0.0,0.0,0.0,35105315.7143162,0.0,0.0,384442.2,315327.2,0.0,Troy Downing,Downing,Republican
3002,2019,56828177.3412192,20602925.852,36225251.489219196,20225093.386,327570.374,50262.092,0.0,0.0,0.0,0.0,35453072.3892192,0.0,0.0,419601.0,352578.1,0.0,Troy Downing,Downing,Republican
3002,2020,50175884.761777,14260195.806,35915688.955777004,14032270.634,227925.17200000002,0.0,0.0,0.0,0.0,0.0,35292737.755777,0.0,0.0,385717.8,237233.4,0.0,Troy Downing,Downing,Republican
3002,2021,47808731.1182693,16305081.538,31503649.580269303,16241398.204,63683.334,0.0,0.0,0.0,0.0,0.0,30794903.4802693,0.0,0.0,384138.5,324607.6,0.0,Troy Downing,Downing,Republican
3002,2022,45774292.9352873,16855557.81,28918735.125287298,16772023.355999999,83534.454,0.0,0.0,0.0,0.0,0.0,28227834.2252873,0.0,0.0,386717.7,304183.2,0.0,Troy Downing,Downing,Republican
3002,2023,48698718.4030166,17278253.014,31420465.3890166,17212019.426,66233.588,0.0,0.0,0.0,0.0,0.0,30638949.8890166,0.0,0.0,412011.2,369504.3,0.0,Troy Downing,Downing,Republican
3101,2010,7288610.478,4721690.8780000005,2566919.6,4721690.8780000005,0.0,0.0,0.0,0.0,0.0,0.0,0.0,0.0,0.0,2566919.6,0.0,0.0,Mike Flood,Flood,Republican
3101,2011,7610592.21,5328812.71,2281779.5,5308185.55,0.0,0.0,0.0,0.0,20627.16,0.0,0.0,0.0,0.0,2281779.5,0.0,0.0,Mike Flood,Flood,Republican
3101,2012,7058592.868,4816212.1680000005,2242380.6999999997,4805215.728,0.0,0.0,0.0,0.0,10996.44,0.0,0.0,0.0,0.0,2242380.6999999997,0.0,0.0,Mike Flood,Flood,Republican
3101,2013,7443590.152,4818499.652,2625090.5,4793921.251999999,0.0,0.0,0.0,0.0,24578.4,0.0,0.0,0.0,0.0,2625090.5,0.0,0.0,Mike Flood,Flood,Republican
3101,2014,7668969.484,5051098.684,2617870.8000000003,5037402.724,0.0,0.0,0.0,0.0,13695.96,0.0,0.0,0.0,0.0,2617870.8000000003,0.0,0.0,Mike Flood,Flood,Republican
3101,2015,7127002.646,4545691.346,2581311.3,4539747.386,0.0,0.0,0.0,0.0,5943.96,0.0,0.0,0.0,0.0,2581311.3,0.0,0.0,Mike Flood,Flood,Republican
3101,2016,6791792.498,4202461.998,2589330.5,4202199.7979999995,0.0,0.0,0.0,0.0,262.2,0.0,0.0,0.0,0.0,2589330.5,0.0,0.0,Mike Flood,Flood,Republican
3101,2017,6886578.384000001,4395610.884,2490967.5,4392368.724,0.0,0.0,0.0,0.0,3242.16,0.0,0.0,0.0,0.0,2490967.5,0.0,0.0,Mike Flood,Flood,Republican
3101,2018,7908512.272,5012158.372,2896353.9,5006921.212,0.0,0.0,0.0,0.0,5237.16,0.0,0.0,0.0,0.0,2896353.9,0.0,0.0,Mike Flood,Flood,Republican
3101,2019,7405608.3944,4531590.3944,2874018.0,4520886.524,0.0,0.0,0.0,0.0,10703.8704,0.0,0.0,0.0,0.0,2874018.0,0.0,0.0,Mike Flood,Flood,Republican
3101,2020,7859387.9868,3607518.8868,4251869.1,3546780.352,0.0,0.0,0.0,58346.45,2392.0848,0.0,0.0,0.0,0.0,4251869.1,0.0,0.0,Mike Flood,Flood,Republican
3101,2021,8993774.138400001,4690668.4384,4303105.7,4623021.604,0.0,0.0,0.0,55155.9,12490.9344,0.0,0.0,0.0,0.0,4303105.7,0.0,0.0,Mike Flood,Flood,Republican
3101,2022,9193718.1488,4859303.3488,4334414.8,4799255.938,0.0,0.0,0.0,52227.9,7819.5108,0.0,0.0,0.0,0.0,4334414.8,0.0,0.0,Mike Flood,Flood,Republican
3101,2023,8353245.169199999,4403428.9692,3949816.2,4356038.788,0.0,0.0,0.0,42427.1,4963.0812,0.0,0.0,0.0,0.0,3949816.2,0.0,0.0,Mike Flood,Flood,Republican
3102,2010,5835614.8887,4047851.1887000003,1787763.7,4047851.1887000003,0.0,0.0,0.0,0.0,0.0,0.0,0.0,0.0,0.0,1787763.7,0.0,0.0,Don Bacon,Bacon,Republican
3102,2011,5806857.61915,4076415.3191500003,1730442.3,3971618.49915,0.0,0.0,0.0,103556.5,1240.32,0.0,0.0,0.0,0.0,1730442.3,0.0,0.0,Don Bacon,Bacon,Republican
3102,2012,5185300.509169,3709945.409169,1475355.1,3604630.889169,0.0,0.0,0.0,104838.0,476.52,0.0,0.0,0.0,0.0,1475355.1,0.0,0.0,Don Bacon,Bacon,Republican
3102,2013,5935801.562,4059177.662,1876623.9,3873398.342,0.0,0.0,0.0,183171.0,2608.32,0.0,0.0,0.0,0.0,1876623.9,0.0,0.0,Don Bacon,Bacon,Republican
3102,2014,5556460.834,3771854.834,1784606.0,3679499.7939999998,0.0,0.0,0.0,90319.0,2036.04,0.0,0.0,0.0,0.0,1784606.0,0.0,0.0,Don Bacon,Bacon,Republican
3102,2015,5363136.334,3824827.334,1538309.0,3738858.834,0.0,0.0,0.0,85968.5,0.0,0.0,0.0,0.0,0.0,1538309.0,0.0,0.0,Don Bacon,Bacon,Republican
3102,2016,4137074.464,2665756.8640000005,1471317.6,2489290.964,0.0,0.0,95218.1,81247.8,0.0,0.0,0.0,0.0,0.0,1471317.6,0.0,0.0,Don Bacon,Bacon,Republican
3102,2017,4043114.73,2506537.33,1536577.4,2370694.37,0.0,0.0,60950.86,74892.1,0.0,0.0,0.0,0.0,0.0,1536577.4,0.0,0.0,Don Bacon,Bacon,Republican
3102,2018,4274948.602,2435831.202,1839117.4,2242471.562,0.0,0.0,125121.69,68237.95,0.0,0.0,0.0,0.0,0.0,1839117.4,0.0,0.0,Don Bacon,Bacon,Republican
3102,2019,4496509.5600000005,2616658.96,1879850.6,2459664.64,0.0,0.0,95238.42,61755.9,0.0,0.0,0.0,0.0,0.0,1879850.6,0.0,0.0,Don Bacon,Bacon,Republican
3102,2020,4041846.446,2357223.6459999997,1684622.8,2153943.976,0.0,0.0,150697.62,52582.05,0.0,0.0,0.0,0.0,0.0,1684622.8,0.0,0.0,Don Bacon,Bacon,Republican
3102,2021,3903319.332,2274637.732,1628681.6,2099852.842,0.0,0.0,128752.99,46031.9,0.0,0.0,0.0,0.0,0.0,1628681.6,0.0,0.0,Don Bacon,Bacon,Republican
3102,2022,4164269.1599999997,2314999.6599999997,1849269.5,2231047.31,0.0,0.0,40432.95,43519.4,0.0,0.0,0.0,0.0,0.0,1849269.5,0.0,0.0,Don Bacon,Bacon,Republican
3102,2023,3867031.1131282,1972976.1131282,1894055.0,1897612.98,0.0,0.0,36669.0331282,38694.1,0.0,0.0,0.0,0.0,0.0,1894055.0,0.0,0.0,Don Bacon,Bacon,Republican
3103,2010,22362695.144,22318564.044,44131.1,22318564.044,0.0,0.0,0.0,0.0,0.0,0.0,0.0,0.0,0.0,44131.1,0.0,0.0,Adrian Smith,Smith,Republican
3103,2011,24207925.326,24166533.326,41392.0,24166533.326,0.0,0.0,0.0,0.0,0.0,0.0,0.0,0.0,0.0,41392.0,0.0,0.0,Adrian Smith,Smith,Republican
3103,2012,23765901.038,23730727.437999997,35173.6,23730727.437999997,0.0,0.0,0.0,0.0,0.0,0.0,0.0,0.0,0.0,35173.6,0.0,0.0,Adrian Smith,Smith,Republican
3103,2013,25119651.458,25078563.958,41087.5,25078563.958,0.0,0.0,0.0,0.0,0.0,0.0,0.0,0.0,0.0,41087.5,0.0,0.0,Adrian Smith,Smith,Republican
3103,2014,23567676.906,23527583.406,40093.5,23527583.406,0.0,0.0,0.0,0.0,0.0,0.0,0.0,0.0,0.0,40093.5,0.0,0.0,Adrian Smith,Smith,Republican
3103,2015,22990013.824,22947045.924000002,42967.9,22947045.924000002,0.0,0.0,0.0,0.0,0.0,0.0,0.0,0.0,0.0,42967.9,0.0,0.0,Adrian Smith,Smith,Republican
3103,2016,22157300.734,22116962.533999998,40338.2,22116962.533999998,0.0,0.0,0.0,0.0,0.0,0.0,0.0,0.0,0.0,40338.2,0.0,0.0,Adrian Smith,Smith,Republican
3103,2017,22369970.98,22322693.28,47277.7,22322693.28,0.0,0.0,0.0,0.0,0.0,0.0,0.0,0.0,0.0,47277.7,0.0,0.0,Adrian Smith,Smith,Republican
3103,2018,24348681.604000002,24300329.804,48351.8,24300329.804,0.0,0.0,0.0,0.0,0.0,0.0,0.0,0.0,0.0,48351.8,0.0,0.0,Adrian Smith,Smith,Republican
3103,2019,21914979.86,21856533.86,58446.0,21856533.86,0.0,0.0,0.0,0.0,0.0,0.0,0.0,0.0,0.0,58446.0,0.0,0.0,Adrian Smith,Smith,Republican
3103,2020,20973102.345999997,20921005.145999998,52097.2,20921005.145999998,0.0,0.0,0.0,0.0,0.0,0.0,0.0,0.0,0.0,52097.2,0.0,0.0,Adrian Smith,Smith,Republican
3103,2021,20015329.832,19964530.132,50799.7,19964530.132,0.0,0.0,0.0,0.0,0.0,0.0,0.0,0.0,0.0,50799.7,0.0,0.0,Adrian Smith,Smith,Republican
3103,2022,20756612.737999998,20708367.338,48245.4,20708367.338,0.0,0.0,0.0,0.0,0.0,0.0,0.0,0.0,0.0,48245.4,0.0,0.0,Adrian Smith,Smith,Republican
3103,2023,19419557.024,19372845.424,46711.6,19372845.424,0.0,0.0,0.0,0.0,0.0,0.0,0.0,0.0,0.0,46711.6,0.0,0.0,Adrian Smith,Smith,Republican
3201,2010,2266685.864,2266685.864,0.0,2266685.864,0.0,0.0,0.0,0.0,0.0,0.0,0.0,0.0,0.0,0.0,0.0,0.0,Dina Titus,Titus,Democrat
3201,2011,2042622.98404,2042622.98404,0.0,2042622.98404,0.0,0.0,0.0,0.0,0.0,0.0,0.0,0.0,0.0,0.0,0.0,0.0,Dina Titus,Titus,Democrat
3201,2012,2121042.5900000003,2121042.5900000003,0.0,2121042.5900000003,0.0,0.0,0.0,0.0,0.0,0.0,0.0,0.0,0.0,0.0,0.0,0.0,Dina Titus,Titus,Democrat
3201,2013,2311629.12,2311629.12,0.0,2311629.12,0.0,0.0,0.0,0.0,0.0,0.0,0.0,0.0,0.0,0.0,0.0,0.0,Dina Titus,Titus,Democrat
3201,2014,1787531.344,1787531.344,0.0,1787531.344,0.0,0.0,0.0,0.0,0.0,0.0,0.0,0.0,0.0,0.0,0.0,0.0,Dina Titus,Titus,Democrat
3201,2015,2230066.556,2230066.556,0.0,2230066.556,0.0,0.0,0.0,0.0,0.0,0.0,0.0,0.0,0.0,0.0,0.0,0.0,Dina Titus,Titus,Democrat
3201,2016,1847383.908,1847383.908,0.0,1847383.908,0.0,0.0,0.0,0.0,0.0,0.0,0.0,0.0,0.0,0.0,0.0,0.0,Dina Titus,Titus,Democrat
3201,2017,1730160.342,1730160.342,0.0,1730160.342,0.0,0.0,0.0,0.0,0.0,0.0,0.0,0.0,0.0,0.0,0.0,0.0,Dina Titus,Titus,Democrat
3201,2018,2011975.9679999999,2011975.9679999999,0.0,2011975.9679999999,0.0,0.0,0.0,0.0,0.0,0.0,0.0,0.0,0.0,0.0,0.0,0.0,Dina Titus,Titus,Democrat
3201,2019,1779633.5280000002,1779633.5280000002,0.0,1779633.5280000002,0.0,0.0,0.0,0.0,0.0,0.0,0.0,0.0,0.0,0.0,0.0,0.0,Dina Titus,Titus,Democrat
3201,2020,1771781.242,1771781.242,0.0,1771781.242,0.0,0.0,0.0,0.0,0.0,0.0,0.0,0.0,0.0,0.0,0.0,0.0,Dina Titus,Titus,Democrat
3201,2021,1786094.118,1786094.118,0.0,1786094.118,0.0,0.0,0.0,0.0,0.0,0.0,0.0,0.0,0.0,0.0,0.0,0.0,Dina Titus,Titus,Democrat
3201,2022,1577557.382,1577557.382,0.0,1577557.382,0.0,0.0,0.0,0.0,0.0,0.0,0.0,0.0,0.0,0.0,0.0,0.0,Dina Titus,Titus,Democrat
3201,2023,1413937.636,1413937.636,0.0,1413937.636,0.0,0.0,0.0,0.0,0.0,0.0,0.0,0.0,0.0,0.0,0.0,0.0,Dina Titus,Titus,Democrat
3202,2010,8442702.4332,7532034.9332,910667.5,7532034.9332,0.0,0.0,0.0,0.0,0.0,0.0,0.0,0.0,0.0,910667.5,0.0,0.0,Mark E. Amodei,Amodei,Republican
3202,2011,7340762.7389400005,6386335.33894,954427.4,6386335.33894,0.0,0.0,0.0,0.0,0.0,0.0,0.0,0.0,0.0,954427.4,0.0,0.0,Mark E. Amodei,Amodei,Republican
3202,2012,7323802.441036,6233831.441036,1089971.0,6233831.441036,0.0,0.0,0.0,0.0,0.0,0.0,0.0,0.0,0.0,1089971.0,0.0,0.0,Mark E. Amodei,Amodei,Republican
3202,2013,8671609.466,7391332.865999999,1280276.6,7391332.865999999,0.0,0.0,0.0,0.0,0.0,0.0,0.0,0.0,0.0,1280276.6,0.0,0.0,Mark E. Amodei,Amodei,Republican
3202,2014,8724917.322,7629515.822,1095401.5,7629515.822,0.0,0.0,0.0,0.0,0.0,0.0,0.0,0.0,0.0,1095401.5,0.0,0.0,Mark E. Amodei,Amodei,Republican
3202,2015,6987990.29,5889545.39,1098444.9,5889545.39,0.0,0.0,0.0,0.0,0.0,0.0,0.0,0.0,0.0,1098444.9,0.0,0.0,Mark E. Amodei,Amodei,Republican
3202,2016,6676484.86,5515167.5600000005,1161317.3,5515167.5600000005,0.0,0.0,0.0,0.0,0.0,0.0,0.0,0.0,0.0,1161317.3,0.0,0.0,Mark E. Amodei,Amodei,Republican
3202,2017,6580620.204,5297547.404,1283072.8,5297547.404,0.0,0.0,0.0,0.0,0.0,0.0,0.0,0.0,0.0,1283072.8,0.0,0.0,Mark E. Amodei,Amodei,Republican
3202,2018,8088279.606000001,6569112.306,1519167.3,6569112.306,0.0,0.0,0.0,0.0,0.0,0.0,0.0,0.0,0.0,1519167.3,0.0,0.0,Mark E. Amodei,Amodei,Republican
3202,2019,8584787.39,6868153.99,1716633.4,6868153.99,0.0,0.0,0.0,0.0,0.0,0.0,0.0,0.0,0.0,1716633.4,0.0,0.0,Mark E. Amodei,Amodei,Republican
3202,2020,7871628.192,6304182.992000001,1567445.2,6304182.992000001,0.0,0.0,0.0,0.0,0.0,0.0,0.0,0.0,0.0,1567445.2,0.0,0.0,Mark E. Amodei,Amodei,Republican
3202,2021,8438729.728,7016360.528,1422369.2,7016360.528,0.0,0.0,0.0,0.0,0.0,0.0,0.0,0.0,0.0,1422369.2,0.0,0.0,Mark E. Amodei,Amodei,Republican
3202,2022,8123474.096,6602609.496,1520864.6,6602609.496,0.0,0.0,0.0,0.0,0.0,0.0,0.0,0.0,0.0,1520864.6,0.0,0.0,Mark E. Amodei,Amodei,Republican
3202,2023,7544332.936,5983410.536,1560922.4,5983410.536,0.0,0.0,0.0,0.0,0.0,0.0,0.0,0.0,0.0,1560922.4,0.0,0.0,Mark E. Amodei,Amodei,Republican
3203,2010,11877941.27493,929269.3749299999,10948671.9,929269.3749299999,0.0,0.0,0.0,0.0,0.0,0.0,0.0,0.0,0.0,10948671.9,0.0,0.0,Susie Lee,Lee,Democrat
3203,2011,11942010.81132,1033136.41132,10908874.4,891460.46132,0.0,0.0,0.0,141675.95,0.0,0.0,0.0,0.0,0.0,10908874.4,0.0,0.0,Susie Lee,Lee,Democrat
3203,2012,11879743.204,1340684.104,10539059.1,1199566.554,0.0,0.0,0.0,141117.55,0.0,0.0,0.0,0.0,0.0,10539059.1,0.0,0.0,Susie Lee,Lee,Democrat
3203,2013,12094432.416,1061025.916,11033406.5,919385.416,0.0,0.0,0.0,141640.5,0.0,0.0,0.0,0.0,0.0,11033406.5,0.0,0.0,Susie Lee,Lee,Democrat
3203,2014,10668586.236000001,1125832.736,9542753.5,983963.986,0.0,0.0,0.0,141868.75,0.0,0.0,0.0,0.0,0.0,9542753.5,0.0,0.0,Susie Lee,Lee,Democrat
3203,2015,11826038.666,1352081.466,10473957.2,1208950.466,0.0,0.0,0.0,143131.0,0.0,0.0,0.0,0.0,0.0,10473957.2,0.0,0.0,Susie Lee,Lee,Democrat
3203,2016,11888942.799999999,1667729.7999999998,10221213.0,1524341.4,0.0,0.0,0.0,143388.4,0.0,0.0,0.0,0.0,0.0,10221213.0,0.0,0.0,Susie Lee,Lee,Democrat
3203,2017,11479428.391999999,1346012.492,10133415.9,1201177.392,0.0,0.0,0.0,144835.1,0.0,0.0,0.0,0.0,0.0,10133415.9,0.0,0.0,Susie Lee,Lee,Democrat
3203,2018,12129257.302,1224433.702,10904823.6,1076824.302,0.0,0.0,0.0,147609.4,0.0,0.0,0.0,0.0,0.0,10904823.6,0.0,0.0,Susie Lee,Lee,Democrat
3203,2019,12857481.489999998,1229385.79,11628095.7,1079875.79,0.0,0.0,0.0,149510.0,0.0,0.0,0.0,0.0,0.0,11628095.7,0.0,0.0,Susie Lee,Lee,Democrat
3203,2020,12154366.832,1031231.232,11123135.600000001,879596.3319999999,0.0,0.0,0.0,151634.9,0.0,0.0,0.0,0.0,0.0,11123135.600000001,0.0,0.0,Susie Lee,Lee,Democrat
3203,2021,12508324.702,1463008.102,11045316.6,1309431.002,0.0,0.0,0.0,153577.1,0.0,0.0,0.0,0.0,0.0,11045316.6,0.0,0.0,Susie Lee,Lee,Democrat
3203,2022,13055446.538,1413539.338,11641907.2,1255234.438,0.0,0.0,0.0,158304.90000000002,0.0,0.0,0.0,0.0,0.0,11641907.2,0.0,0.0,Susie Lee,Lee,Democrat
3203,2023,12584793.151999999,1185699.9519999998,11399093.2,1026881.502,0.0,0.0,0.0,158818.45,0.0,0.0,0.0,0.0,0.0,11399093.2,0.0,0.0,Susie Lee,Lee,Democrat
3204,2010,9329980.88644,9329980.88644,0.0,9329980.88644,0.0,0.0,0.0,0.0,0.0,0.0,0.0,0.0,0.0,0.0,0.0,0.0,Steven Horsford,Horsford,Democrat
3204,2011,8644677.13695,8644677.13695,0.0,8641108.93695,0.0,0.0,0.0,0.0,3568.2,0.0,0.0,0.0,0.0,0.0,0.0,0.0,Steven Horsford,Horsford,Democrat
3204,2012,8917741.756000001,8666628.756000001,251113.0,8659772.796,0.0,0.0,0.0,0.0,6855.96,0.0,251113.0,0.0,0.0,0.0,0.0,0.0,Steven Horsford,Horsford,Democrat
3204,2013,8765966.838855,8524913.75,241053.088855,8513272.07,0.0,0.0,0.0,0.0,11641.68,0.0,241053.088855,0.0,0.0,0.0,0.0,0.0,Steven Horsford,Horsford,Democrat
3204,2014,9545254.77,9290655.57,254599.2,9275258.73,0.0,0.0,0.0,0.0,15396.84,0.0,254599.2,0.0,0.0,0.0,0.0,0.0,Steven Horsford,Horsford,Democrat
3204,2015,9110491.942,8798236.542,312255.4,8786236.901999999,0.0,0.0,0.0,0.0,11999.64,0.0,312255.4,0.0,0.0,0.0,0.0,0.0,Steven Horsford,Horsford,Democrat
3204,2016,8819273.674,8554260.174,265013.5,8546747.574000001,0.0,0.0,0.0,0.0,7512.599999999999,0.0,265013.5,0.0,0.0,0.0,0.0,0.0,Steven Horsford,Horsford,Democrat
3204,2017,8150964.924,7965569.523999999,185395.4,7952167.683999999,0.0,0.0,0.0,0.0,13401.84,0.0,185395.4,0.0,0.0,0.0,0.0,0.0,Steven Horsford,Horsford,Democrat
3204,2018,7519520.782,7323660.682,195860.1,7299152.962,0.0,0.0,0.0,0.0,24507.72,0.0,195860.1,0.0,0.0,0.0,0.0,0.0,Steven Horsford,Horsford,Democrat
3204,2019,7524663.9952,7292175.2952000005,232488.7,7271690.2020000005,0.0,0.0,0.0,0.0,20485.0932,0.0,232488.7,0.0,0.0,0.0,0.0,0.0,Steven Horsford,Horsford,Democrat
3204,2020,8040448.6668,7850553.266799999,189895.4,7825372.126,0.0,0.0,0.0,0.0,25181.1408,0.0,189895.4,0.0,0.0,0.0,0.0,0.0,Steven Horsford,Horsford,Democrat
3204,2021,7235715.6136,7055068.8136,180646.8,7025662.24,0.0,0.0,0.0,0.0,29406.573600000003,0.0,180646.8,0.0,0.0,0.0,0.0,0.0,Steven Horsford,Horsford,Democrat
3204,2022,6949177.4168,6740128.2168000005,209049.2,6717444.7020000005,0.0,0.0,0.0,0.0,22683.5148,0.0,209049.2,0.0,0.0,0.0,0.0,0.0,Steven Horsford,Horsford,Democrat
3204,2023,7401199.862322,7202439.4623219995,198760.4,7171043.429122,0.0,0.0,0.0,0.0,31396.0332,0.0,198760.4,0.0,0.0,0.0,0.0,0.0,Steven Horsford,Horsford,Democrat
3301,2010,3023513.672175,3023513.672175,0.0,3023513.672175,0.0,0.0,0.0,0.0,0.0,0.0,0.0,0.0,0.0,0.0,0.0,0.0,Chris Pappas,Pappas,Democrat
3301,2011,3311697.0300000003,3311697.0300000003,0.0,3297355.83,0.0,0.0,0.0,0.0,14341.2,0.0,0.0,0.0,0.0,0.0,0.0,0.0,Chris Pappas,Pappas,Democrat
3301,2012,3188901.609287,3188901.609287,0.0,3172668.0092869997,0.0,0.0,0.0,0.0,16233.6,0.0,0.0,0.0,0.0,0.0,0.0,0.0,Chris Pappas,Pappas,Democrat
3301,2013,2200358.498,2200358.498,0.0,2183853.5779999997,0.0,0.0,0.0,0.0,16504.92,0.0,0.0,0.0,0.0,0.0,0.0,0.0,Chris Pappas,Pappas,Democrat
3301,2014,2384376.42,2384376.42,0.0,2371289.2199999997,0.0,0.0,0.0,0.0,13087.199999999999,0.0,0.0,0.0,0.0,0.0,0.0,0.0,Chris Pappas,Pappas,Democrat
3301,2015,2893070.578,2893070.578,0.0,2874826.018,0.0,0.0,0.0,0.0,18244.56,0.0,0.0,0.0,0.0,0.0,0.0,0.0,Chris Pappas,Pappas,Democrat
3301,2016,2182406.1799999997,2182406.1799999997,0.0,2182406.1799999997,0.0,0.0,0.0,0.0,0.0,0.0,0.0,0.0,0.0,0.0,0.0,0.0,Chris Pappas,Pappas,Democrat
3301,2017,1777234.424,1769759.634,7474.79,1769759.634,0.0,0.0,0.0,0.0,0.0,0.0,0.0,0.0,7474.79,0.0,0.0,0.0,Chris Pappas,Pappas,Democrat
3301,2018,1674316.3699999999,1674316.3699999999,0.0,1674316.3699999999,0.0,0.0,0.0,0.0,0.0,0.0,0.0,0.0,0.0,0.0,0.0,0.0,Chris Pappas,Pappas,Democrat
3301,2019,1724291.6779999998,1724291.6779999998,0.0,1724291.6779999998,0.0,0.0,0.0,0.0,0.0,0.0,0.0,0.0,0.0,0.0,0.0,0.0,Chris Pappas,Pappas,Democrat
3301,2020,1666739.5559999999,1666739.5559999999,0.0,1666739.5559999999,0.0,0.0,0.0,0.0,0.0,0.0,0.0,0.0,0.0,0.0,0.0,0.0,Chris Pappas,Pappas,Democrat
3301,2021,2042890.462,2042890.462,0.0,2042890.462,0.0,0.0,0.0,0.0,0.0,0.0,0.0,0.0,0.0,0.0,0.0,0.0,Chris Pappas,Pappas,Democrat
3301,2022,2294883.88,2294883.88,0.0,2294883.88,0.0,0.0,0.0,0.0,0.0,0.0,0.0,0.0,0.0,0.0,0.0,0.0,Chris Pappas,Pappas,Democrat
3301,2023,1955335.136282,1955335.136282,0.0,1955335.136282,0.0,0.0,0.0,0.0,0.0,0.0,0.0,0.0,0.0,0.0,0.0,0.0,Chris Pappas,Pappas,Democrat
3302,2010,2994108.55,2994108.55,0.0,2994108.55,0.0,0.0,0.0,0.0,0.0,0.0,0.0,0.0,0.0,0.0,0.0,0.0,Maggie Goodlander,Goodlander,Democrat
3302,2011,2383821.3419999997,2383821.3419999997,0.0,2383821.3419999997,0.0,0.0,0.0,0.0,0.0,0.0,0.0,0.0,0.0,0.0,0.0,0.0,Maggie Goodlander,Goodlander,Democrat
3302,2012,1638499.3399999999,1638499.3399999999,0.0,1638499.3399999999,0.0,0.0,0.0,0.0,0.0,0.0,0.0,0.0,0.0,0.0,0.0,0.0,Maggie Goodlander,Goodlander,Democrat
3302,2013,1752413.672,1752413.672,0.0,1752413.672,0.0,0.0,0.0,0.0,0.0,0.0,0.0,0.0,0.0,0.0,0.0,0.0,Maggie Goodlander,Goodlander,Democrat
3302,2014,1425039.938,1425039.938,0.0,1425039.938,0.0,0.0,0.0,0.0,0.0,0.0,0.0,0.0,0.0,0.0,0.0,0.0,Maggie Goodlander,Goodlander,Democrat
3302,2015,1144432.824,1144432.824,0.0,1144432.824,0.0,0.0,0.0,0.0,0.0,0.0,0.0,0.0,0.0,0.0,0.0,0.0,Maggie Goodlander,Goodlander,Democrat
3302,2016,716361.108,716361.108,0.0,716361.108,0.0,0.0,0.0,0.0,0.0,0.0,0.0,0.0,0.0,0.0,0.0,0.0,Maggie Goodlander,Goodlander,Democrat
3302,2017,624128.102,624128.102,0.0,624128.102,0.0,0.0,0.0,0.0,0.0,0.0,0.0,0.0,0.0,0.0,0.0,0.0,Maggie Goodlander,Goodlander,Democrat
3302,2018,1049462.602,1049462.602,0.0,1049462.602,0.0,0.0,0.0,0.0,0.0,0.0,0.0,0.0,0.0,0.0,0.0,0.0,Maggie Goodlander,Goodlander,Democrat
3302,2019,712604.486,712604.486,0.0,712604.486,0.0,0.0,0.0,0.0,0.0,0.0,0.0,0.0,0.0,0.0,0.0,0.0,Maggie Goodlander,Goodlander,Democrat
3302,2020,510007.386,510007.386,0.0,510007.386,0.0,0.0,0.0,0.0,0.0,0.0,0.0,0.0,0.0,0.0,0.0,0.0,Maggie Goodlander,Goodlander,Democrat
3302,2021,684190.1579999999,684190.1579999999,0.0,684190.1579999999,0.0,0.0,0.0,0.0,0.0,0.0,0.0,0.0,0.0,0.0,0.0,0.0,Maggie Goodlander,Goodlander,Democrat
3302,2022,610743.746,610743.746,0.0,610743.746,0.0,0.0,0.0,0.0,0.0,0.0,0.0,0.0,0.0,0.0,0.0,0.0,Maggie Goodlander,Goodlander,Democrat
3302,2023,437177.586,437177.586,0.0,437177.586,0.0,0.0,0.0,0.0,0.0,0.0,0.0,0.0,0.0,0.0,0.0,0.0,Maggie Goodlander,Goodlander,Democrat
3401,2010,660320.48,660320.48,0.0,660320.48,0.0,0.0,0.0,0.0,0.0,0.0,0.0,0.0,0.0,0.0,0.0,0.0,Donald Norcross,Norcross,Democrat
3401,2011,641830.92,641830.92,0.0,641830.92,0.0,0.0,0.0,0.0,0.0,0.0,0.0,0.0,0.0,0.0,0.0,0.0,Donald Norcross,Norcross,Democrat
3401,2012,6538879.026,773131.626,5765747.4,773131.626,0.0,0.0,0.0,0.0,0.0,0.0,5765747.4,0.0,0.0,0.0,0.0,0.0,Donald Norcross,Norcross,Democrat
3401,2013,7264092.159999999,743421.52,6520670.64,743421.52,0.0,0.0,0.0,0.0,0.0,0.0,6520670.64,0.0,0.0,0.0,0.0,0.0,Donald Norcross,Norcross,Democrat
3401,2014,7007605.652,1084664.0520000001,5922941.6,1084664.0520000001,0.0,0.0,0.0,0.0,0.0,0.0,5922941.6,0.0,0.0,0.0,0.0,0.0,Donald Norcross,Norcross,Democrat
3401,2015,9089105.491999999,2449266.992,6639838.5,2449266.992,0.0,0.0,0.0,0.0,0.0,0.0,6639838.5,0.0,0.0,0.0,0.0,0.0,Donald Norcross,Norcross,Democrat
3401,2016,7861510.276000001,2752469.476,5109040.8,2752469.476,0.0,0.0,0.0,0.0,0.0,0.0,5109040.8,0.0,0.0,0.0,0.0,0.0,Donald Norcross,Norcross,Democrat
3401,2017,3463577.232,2473502.032,990075.2,2473502.032,0.0,0.0,0.0,0.0,0.0,0.0,990075.2,0.0,0.0,0.0,0.0,0.0,Donald Norcross,Norcross,Democrat
3401,2018,2118518.712,2118518.712,0.0,2118518.712,0.0,0.0,0.0,0.0,0.0,0.0,0.0,0.0,0.0,0.0,0.0,0.0,Donald Norcross,Norcross,Democrat
3401,2019,3247168.342,2466519.876,780648.466,2466519.876,0.0,0.0,0.0,0.0,0.0,0.0,780648.466,0.0,0.0,0.0,0.0,0.0,Donald Norcross,Norcross,Democrat
3401,2020,4800390.406,1504850.406,3295540.0,1504850.406,0.0,0.0,0.0,0.0,0.0,0.0,3295540.0,0.0,0.0,0.0,0.0,0.0,Donald Norcross,Norcross,Democrat
3401,2021,4194449.902,1061952.902,3132497.0,1061952.902,0.0,0.0,0.0,0.0,0.0,0.0,3132497.0,0.0,0.0,0.0,0.0,0.0,Donald Norcross,Norcross,Democrat
3401,2022,2015107.06,1268833.06,746274.0,1268833.06,0.0,0.0,0.0,0.0,0.0,0.0,746274.0,0.0,0.0,0.0,0.0,0.0,Donald Norcross,Norcross,Democrat
3401,2023,1357830.842,1357830.842,0.0,1357830.842,0.0,0.0,0.0,0.0,0.0,0.0,0.0,0.0,0.0,0.0,0.0,0.0,Donald Norcross,Norcross,Democrat
3402,2010,9038649.358,5919353.058,3119296.3,5919353.058,0.0,0.0,0.0,0.0,0.0,0.0,0.0,0.0,0.0,3119296.3,0.0,0.0,Jeff Van Drew,Drew,Republican
3402,2011,8944039.966,5843124.466,3100915.5,5702855.724,0.0,0.0,0.0,135229.942,5038.8,0.0,0.0,0.0,0.0,3100915.5,0.0,0.0,Jeff Van Drew,Drew,Republican
3402,2012,28292633.977900002,5556206.045,22736427.9329,5433874.979,0.0,0.0,0.0,116747.346,5583.72,0.0,19705303.4329,0.0,0.0,3031124.5,0.0,0.0,Jeff Van Drew,Drew,Republican
3402,2013,29474929.689499997,5896823.868,23578105.8215,5784923.694,0.0,0.0,0.0,110119.494,1780.68,0.0,20278870.9215,0.0,0.0,3299234.9,0.0,0.0,Jeff Van Drew,Drew,Republican
3402,2014,28973911.569500003,5938373.736,23035537.8335,5841801.724,0.0,0.0,0.0,95445.692,1126.32,0.0,19473380.5335,0.0,0.0,3562157.3,0.0,0.0,Jeff Van Drew,Drew,Republican
3402,2015,27184158.3916,5406395.921,21777762.4706,5321035.477,0.0,0.0,0.0,85360.444,0.0,0.0,18557230.9706,0.0,0.0,3220531.5,0.0,0.0,Jeff Van Drew,Drew,Republican
3402,2016,28583566.1688,4635841.76,23947724.4088,4559615.066,0.0,0.0,0.0,76226.694,0.0,0.0,20855935.7088,0.0,0.0,3091788.7,0.0,0.0,Jeff Van Drew,Drew,Republican
3402,2017,26144903.019199997,4518508.095,21626394.9242,4460038.699,0.0,0.0,0.0,58469.396,0.0,0.0,18685286.7242,0.0,0.0,2941108.2,0.0,0.0,Jeff Van Drew,Drew,Republican
3402,2018,27694610.594199996,4339941.502,23354669.0922,4265504.858,0.0,0.0,0.0,74436.644,0.0,0.0,20214975.0922,0.0,0.0,3139694.0,0.0,0.0,Jeff Van Drew,Drew,Republican
3402,2019,25569128.7851,3996561.7939999998,21572566.9911,3926663.298,0.0,0.0,0.0,69898.496,0.0,0.0,18565009.7911,0.0,0.0,3007557.2,0.0,0.0,Jeff Van Drew,Drew,Republican
3402,2020,15125188.554000001,3516826.754,11608361.8,3467611.758,0.0,0.0,0.0,49214.996,0.0,0.0,8879604.0,0.0,0.0,2728757.8,0.0,0.0,Jeff Van Drew,Drew,Republican
3402,2021,14267740.420100002,2894830.704,11372909.7161,2844528.0100000002,0.0,0.0,0.0,50302.694,0.0,0.0,8525249.3161,0.0,0.0,2847660.4,0.0,0.0,Jeff Van Drew,Drew,Republican
3402,2022,17722176.928,2211727.828,15510449.1,2164742.934,0.0,0.0,0.0,46984.894,0.0,0.0,12476768.0,0.0,0.0,3033681.1,0.0,0.0,Jeff Van Drew,Drew,Republican
3402,2023,15487307.288,1520022.988,13967284.3,1473895.192,0.0,0.0,0.0,46127.796,0.0,0.0,11213147.0,0.0,0.0,2754137.3,0.0,0.0,Jeff Van Drew,Drew,Republican
3403,2010,2245030.738604,2245030.738604,0.0,2245030.738604,0.0,0.0,0.0,0.0,0.0,0.0,0.0,0.0,0.0,0.0,0.0,0.0,"Herbert C. Conaway, Jr.",Conaway,Democrat
3403,2011,1178642.9849999999,1178642.9849999999,0.0,1178642.9849999999,0.0,0.0,0.0,0.0,0.0,0.0,0.0,0.0,0.0,0.0,0.0,0.0,"Herbert C. Conaway, Jr.",Conaway,Democrat
3403,2012,713768.928399,713768.928399,0.0,713768.928399,0.0,0.0,0.0,0.0,0.0,0.0,0.0,0.0,0.0,0.0,0.0,0.0,"Herbert C. Conaway, Jr.",Conaway,Democrat
3403,2013,477920.79600000003,477920.79600000003,0.0,477920.79600000003,0.0,0.0,0.0,0.0,0.0,0.0,0.0,0.0,0.0,0.0,0.0,0.0,"Herbert C. Conaway, Jr.",Conaway,Democrat
3403,2014,764031.8200000001,764031.8200000001,0.0,764031.8200000001,0.0,0.0,0.0,0.0,0.0,0.0,0.0,0.0,0.0,0.0,0.0,0.0,"Herbert C. Conaway, Jr.",Conaway,Democrat
3403,2015,539580.622,539580.622,0.0,539580.622,0.0,0.0,0.0,0.0,0.0,0.0,0.0,0.0,0.0,0.0,0.0,0.0,"Herbert C. Conaway, Jr.",Conaway,Democrat
3403,2016,269310.812,269310.812,0.0,269310.812,0.0,0.0,0.0,0.0,0.0,0.0,0.0,0.0,0.0,0.0,0.0,0.0,"Herbert C. Conaway, Jr.",Conaway,Democrat
3403,2017,182454.558,182454.558,0.0,182454.558,0.0,0.0,0.0,0.0,0.0,0.0,0.0,0.0,0.0,0.0,0.0,0.0,"Herbert C. Conaway, Jr.",Conaway,Democrat
3403,2018,190200.886,190200.886,0.0,190200.886,0.0,0.0,0.0,0.0,0.0,0.0,0.0,0.0,0.0,0.0,0.0,0.0,"Herbert C. Conaway, Jr.",Conaway,Democrat
3403,2019,161976.262,161976.262,0.0,161976.262,0.0,0.0,0.0,0.0,0.0,0.0,0.0,0.0,0.0,0.0,0.0,0.0,"Herbert C. Conaway, Jr.",Conaway,Democrat
3403,2020,162672.99,162672.99,0.0,162672.99,0.0,0.0,0.0,0.0,0.0,0.0,0.0,0.0,0.0,0.0,0.0,0.0,"Herbert C. Conaway, Jr.",Conaway,Democrat
3403,2021,165105.054,165105.054,0.0,165105.054,0.0,0.0,0.0,0.0,0.0,0.0,0.0,0.0,0.0,0.0,0.0,0.0,"Herbert C. Conaway, Jr.",Conaway,Democrat
3403,2022,186236.88,186236.88,0.0,186236.88,0.0,0.0,0.0,0.0,0.0,0.0,0.0,0.0,0.0,0.0,0.0,0.0,"Herbert C. Conaway, Jr.",Conaway,Democrat
3403,2023,195331.246,195331.246,0.0,195331.246,0.0,0.0,0.0,0.0,0.0,0.0,0.0,0.0,0.0,0.0,0.0,0.0,"Herbert C. Conaway, Jr.",Conaway,Democrat
3404,2010,4198096.826,492120.626,3705976.2,492120.626,0.0,0.0,0.0,0.0,0.0,0.0,0.0,0.0,0.0,3705976.2,0.0,0.0,Christopher H. Smith,Smith,Republican
3404,2011,4195813.704,660310.204,3535503.5,564722.204,0.0,0.0,0.0,95588.0,0.0,0.0,0.0,0.0,0.0,3535503.5,0.0,0.0,Christopher H. Smith,Smith,Republican
3404,2012,4067209.602,765658.602,3301551.0,671518.7019999999,0.0,0.0,0.0,94139.9,0.0,0.0,0.0,0.0,0.0,3301551.0,0.0,0.0,Christopher H. Smith,Smith,Republican
3404,2013,4422114.0732,753522.586,3668591.4872,674592.886,0.0,0.0,0.0,78929.7,0.0,0.0,0.0,0.0,0.0,3668591.4872,0.0,0.0,Christopher H. Smith,Smith,Republican
3404,2014,5217666.2872,1114240.572,4103425.7152,1037355.2220000001,0.0,0.0,0.0,76885.35,0.0,0.0,0.0,0.0,0.0,4103425.7152,0.0,0.0,Christopher H. Smith,Smith,Republican
3404,2015,7591299.187999999,1337839.1879999998,6253460.0,1269467.1379999998,0.0,0.0,0.0,68372.05,0.0,0.0,0.0,0.0,0.0,6253460.0,0.0,0.0,Christopher H. Smith,Smith,Republican
3404,2016,7428178.447999999,1230841.348,6197337.1,1174474.098,0.0,0.0,0.0,56367.25,0.0,0.0,0.0,0.0,0.0,6197337.1,0.0,0.0,Christopher H. Smith,Smith,Republican
3404,2017,6972139.324000001,1106775.424,5865363.9,1057163.224,0.0,0.0,0.0,49612.2,0.0,0.0,0.0,0.0,0.0,5865363.9,0.0,0.0,Christopher H. Smith,Smith,Republican
3404,2018,6651441.202,986321.0019999999,5665120.2,940556.652,0.0,0.0,0.0,45764.35,0.0,0.0,0.0,0.0,0.0,5665120.2,0.0,0.0,Christopher H. Smith,Smith,Republican
3404,2019,6307749.449999999,678702.45,5629047.0,638794.7,0.0,0.0,0.0,39907.75,0.0,0.0,0.0,0.0,0.0,5629047.0,0.0,0.0,Christopher H. Smith,Smith,Republican
3404,2020,5197830.128,616472.628,4581357.5,577994.078,0.0,0.0,0.0,38478.55,0.0,0.0,0.0,0.0,0.0,4581357.5,0.0,0.0,Christopher H. Smith,Smith,Republican
3404,2021,5129599.91,548092.81,4581507.1,514527.41000000003,0.0,0.0,0.0,33565.4,0.0,0.0,0.0,0.0,0.0,4581507.1,0.0,0.0,Christopher H. Smith,Smith,Republican
3404,2022,5623278.089999999,581822.79,5041455.3,547924.49,0.0,0.0,0.0,33898.3,0.0,0.0,0.0,0.0,0.0,5041455.3,0.0,0.0,Christopher H. Smith,Smith,Republican
3404,2023,5104985.184000001,507185.784,4597799.4,472834.63399999996,0.0,0.0,0.0,34351.15,0.0,0.0,0.0,0.0,0.0,4597799.4,0.0,0.0,Christopher H. Smith,Smith,Republican
3405,2010,12451.596,12451.596,0.0,12451.596,0.0,0.0,0.0,0.0,0.0,0.0,0.0,0.0,0.0,0.0,0.0,0.0,Josh S. Gottheimer,Gottheimer,Democrat
3405,2011,51325.662000000004,51325.662000000004,0.0,51325.662000000004,0.0,0.0,0.0,0.0,0.0,0.0,0.0,0.0,0.0,0.0,0.0,0.0,Josh S. Gottheimer,Gottheimer,Democrat
3405,2012,49474.918,49474.918,0.0,49474.918,0.0,0.0,0.0,0.0,0.0,0.0,0.0,0.0,0.0,0.0,0.0,0.0,Josh S. Gottheimer,Gottheimer,Democrat
3405,2013,75623.726,75623.726,0.0,75623.726,0.0,0.0,0.0,0.0,0.0,0.0,0.0,0.0,0.0,0.0,0.0,0.0,Josh S. Gottheimer,Gottheimer,Democrat
3405,2014,90431.23599999999,90431.23599999999,0.0,90431.23599999999,0.0,0.0,0.0,0.0,0.0,0.0,0.0,0.0,0.0,0.0,0.0,0.0,Josh S. Gottheimer,Gottheimer,Democrat
3405,2015,48708.384,48708.384,0.0,48708.384,0.0,0.0,0.0,0.0,0.0,0.0,0.0,0.0,0.0,0.0,0.0,0.0,Josh S. Gottheimer,Gottheimer,Democrat
3405,2016,57000.642,57000.642,0.0,57000.642,0.0,0.0,0.0,0.0,0.0,0.0,0.0,0.0,0.0,0.0,0.0,0.0,Josh S. Gottheimer,Gottheimer,Democrat
3405,2017,55201.0,55201.0,0.0,55201.0,0.0,0.0,0.0,0.0,0.0,0.0,0.0,0.0,0.0,0.0,0.0,0.0,Josh S. Gottheimer,Gottheimer,Democrat
3405,2018,56654.892,56654.892,0.0,56654.892,0.0,0.0,0.0,0.0,0.0,0.0,0.0,0.0,0.0,0.0,0.0,0.0,Josh S. Gottheimer,Gottheimer,Democrat
3405,2019,54600.798,54600.798,0.0,54600.798,0.0,0.0,0.0,0.0,0.0,0.0,0.0,0.0,0.0,0.0,0.0,0.0,Josh S. Gottheimer,Gottheimer,Democrat
3405,2020,64127.414,64127.414,0.0,64127.414,0.0,0.0,0.0,0.0,0.0,0.0,0.0,0.0,0.0,0.0,0.0,0.0,Josh S. Gottheimer,Gottheimer,Democrat
3405,2021,64310.862,64310.862,0.0,64310.862,0.0,0.0,0.0,0.0,0.0,0.0,0.0,0.0,0.0,0.0,0.0,0.0,Josh S. Gottheimer,Gottheimer,Democrat
3405,2022,63314.968,63314.968,0.0,63314.968,0.0,0.0,0.0,0.0,0.0,0.0,0.0,0.0,0.0,0.0,0.0,0.0,Josh S. Gottheimer,Gottheimer,Democrat
3405,2023,64514.616,64514.616,0.0,64514.616,0.0,0.0,0.0,0.0,0.0,0.0,0.0,0.0,0.0,0.0,0.0,0.0,Josh S. Gottheimer,Gottheimer,Democrat
3406,2010,3056894.7860000003,3056894.7860000003,0.0,3056894.7860000003,0.0,0.0,0.0,0.0,0.0,0.0,0.0,0.0,0.0,0.0,0.0,0.0,Frank Pallone Jr.,Pallone,Democrat
3406,2011,3345144.844,3345144.844,0.0,3345144.844,0.0,0.0,0.0,0.0,0.0,0.0,0.0,0.0,0.0,0.0,0.0,0.0,Frank Pallone Jr.,Pallone,Democrat
3406,2012,3529321.692,3529321.692,0.0,3529321.692,0.0,0.0,0.0,0.0,0.0,0.0,0.0,0.0,0.0,0.0,0.0,0.0,Frank Pallone Jr.,Pallone,Democrat
3406,2013,2422728.822,2422728.822,0.0,2422728.822,0.0,0.0,0.0,0.0,0.0,0.0,0.0,0.0,0.0,0.0,0.0,0.0,Frank Pallone Jr.,Pallone,Democrat
3406,2014,3002947.9760000003,3002947.9760000003,0.0,3002947.9760000003,0.0,0.0,0.0,0.0,0.0,0.0,0.0,0.0,0.0,0.0,0.0,0.0,Frank Pallone Jr.,Pallone,Democrat
3406,2015,3062450.096,3062450.096,0.0,3062450.096,0.0,0.0,0.0,0.0,0.0,0.0,0.0,0.0,0.0,0.0,0.0,0.0,Frank Pallone Jr.,Pallone,Democrat
3406,2016,4589568.306,4589568.306,0.0,4589568.306,0.0,0.0,0.0,0.0,0.0,0.0,0.0,0.0,0.0,0.0,0.0,0.0,Frank Pallone Jr.,Pallone,Democrat
3406,2017,4379578.376,4379578.376,0.0,4379578.376,0.0,0.0,0.0,0.0,0.0,0.0,0.0,0.0,0.0,0.0,0.0,0.0,Frank Pallone Jr.,Pallone,Democrat
3406,2018,4441393.312,4441393.312,0.0,4441393.312,0.0,0.0,0.0,0.0,0.0,0.0,0.0,0.0,0.0,0.0,0.0,0.0,Frank Pallone Jr.,Pallone,Democrat
3406,2019,5264263.742000001,5264263.742000001,0.0,5264263.742000001,0.0,0.0,0.0,0.0,0.0,0.0,0.0,0.0,0.0,0.0,0.0,0.0,Frank Pallone Jr.,Pallone,Democrat
3406,2020,4216600.598,4216600.598,0.0,4216600.598,0.0,0.0,0.0,0.0,0.0,0.0,0.0,0.0,0.0,0.0,0.0,0.0,Frank Pallone Jr.,Pallone,Democrat
3406,2021,4034393.004,4034393.004,0.0,4034393.004,0.0,0.0,0.0,0.0,0.0,0.0,0.0,0.0,0.0,0.0,0.0,0.0,Frank Pallone Jr.,Pallone,Democrat
3406,2022,4304928.08,4304928.08,0.0,4304928.08,0.0,0.0,0.0,0.0,0.0,0.0,0.0,0.0,0.0,0.0,0.0,0.0,Frank Pallone Jr.,Pallone,Democrat
3406,2023,4482185.054,4482185.054,0.0,4482185.054,0.0,0.0,0.0,0.0,0.0,0.0,0.0,0.0,0.0,0.0,0.0,0.0,Frank Pallone Jr.,Pallone,Democrat
3407,2010,10132377.54,7293489.54,2838888.0,7293489.54,0.0,0.0,0.0,0.0,0.0,0.0,0.0,0.0,0.0,2838888.0,0.0,0.0,"Thomas H. Kean, Jr.",Kean,Republican
3407,2011,10362976.332,7488590.032000001,2874386.3,7390199.552,0.0,0.0,0.0,97510.4,880.08,0.0,0.0,0.0,0.0,2874386.3,0.0,0.0,"Thomas H. Kean, Jr.",Kean,Republican
3407,2012,42106530.24,7231254.84,34875275.4,7126360.28,0.0,0.0,0.0,100637.8,4256.76,0.0,32246226.0,0.0,0.0,2629049.4,0.0,0.0,"Thomas H. Kean, Jr.",Kean,Republican
3407,2013,42679599.234000005,7467045.234,35212554.0,7355005.014,0.0,0.0,0.0,92183.7,19856.52,0.0,32274804.0,0.0,0.0,2937750.0,0.0,0.0,"Thomas H. Kean, Jr.",Kean,Republican
3407,2014,45143505.4284,7839271.433999999,37304233.9944,7750541.634,0.0,0.0,0.0,88729.8,0.0,0.0,34228497.0,0.0,0.0,3075736.9944,0.0,0.0,"Thomas H. Kean, Jr.",Kean,Republican
3407,2015,45117265.128,8582475.027999999,36534790.1,8496701.896,0.0,0.0,0.0,85766.292,6.84,0.0,33631307.0,0.0,0.0,2903483.1,0.0,0.0,"Thomas H. Kean, Jr.",Kean,Republican
3407,2016,47053786.302,8235332.202,38818454.1,8150608.2639999995,0.0,0.0,0.0,84723.938,0.0,0.0,35896298.0,0.0,0.0,2922156.1,0.0,0.0,"Thomas H. Kean, Jr.",Kean,Republican
3407,2017,42246932.21,7672536.11,34574396.1,7596346.9120000005,0.0,0.0,0.0,76189.198,0.0,0.0,31879670.0,0.0,0.0,2694726.1,0.0,0.0,"Thomas H. Kean, Jr.",Kean,Republican
3407,2018,41867881.778000005,7660645.378,34207236.4,7592847.4799999995,0.0,0.0,0.0,67797.898,0.0,0.0,31442040.0,0.0,0.0,2765196.4,0.0,0.0,"Thomas H. Kean, Jr.",Kean,Republican
3407,2019,43499409.528000005,7950535.528,35548874.0,7892673.029999999,0.0,0.0,0.0,57862.498,0.0,0.0,32831256.0,0.0,0.0,2717618.0,0.0,0.0,"Thomas H. Kean, Jr.",Kean,Republican
3407,2020,35704864.556,6685105.455999999,29019759.1,6632528.708,0.0,0.0,0.0,52576.748,0.0,0.0,26496353.0,0.0,0.0,2523406.1,0.0,0.0,"Thomas H. Kean, Jr.",Kean,Republican
3407,2021,43790564.358,7383928.458000001,36406635.9,7338601.76,0.0,0.0,0.0,45326.698,0.0,0.0,33760694.0,0.0,0.0,2645941.9,0.0,0.0,"Thomas H. Kean, Jr.",Kean,Republican
3407,2022,45605243.454,7752974.354,37852269.1,7712139.706,0.0,0.0,0.0,40834.648,0.0,0.0,35097073.0,0.0,0.0,2755196.1,0.0,0.0,"Thomas H. Kean, Jr.",Kean,Republican
3407,2023,39847245.730000004,7356957.63,32490288.1,7324476.482,0.0,0.0,0.0,32481.148,0.0,0.0,30001448.0,0.0,0.0,2488840.1,0.0,0.0,"Thomas H. Kean, Jr.",Kean,Republican
3408,2010,3099745.614,3099745.614,0.0,3099745.614,0.0,0.0,0.0,0.0,0.0,0.0,0.0,0.0,0.0,0.0,0.0,0.0,Robert Menendez,Menendez,Democrat
3408,2011,2751561.05,2751561.05,0.0,2751561.05,0.0,0.0,0.0,0.0,0.0,0.0,0.0,0.0,0.0,0.0,0.0,0.0,Robert Menendez,Menendez,Democrat
3408,2012,1863510.361,1863510.361,0.0,1863510.361,0.0,0.0,0.0,0.0,0.0,0.0,0.0,0.0,0.0,0.0,0.0,0.0,Robert Menendez,Menendez,Democrat
3408,2013,2194354.008,2194354.008,0.0,2194354.008,0.0,0.0,0.0,0.0,0.0,0.0,0.0,0.0,0.0,0.0,0.0,0.0,Robert Menendez,Menendez,Democrat
3408,2014,2748729.418,2748729.418,0.0,2748729.418,0.0,0.0,0.0,0.0,0.0,0.0,0.0,0.0,0.0,0.0,0.0,0.0,Robert Menendez,Menendez,Democrat
3408,2015,1916149.9640000002,1916149.9640000002,0.0,1916149.9640000002,0.0,0.0,0.0,0.0,0.0,0.0,0.0,0.0,0.0,0.0,0.0,0.0,Robert Menendez,Menendez,Democrat
3408,2016,1796339.6639999999,1796339.6639999999,0.0,1796339.6639999999,0.0,0.0,0.0,0.0,0.0,0.0,0.0,0.0,0.0,0.0,0.0,0.0,Robert Menendez,Menendez,Democrat
3408,2017,886954.836,886954.836,0.0,886954.836,0.0,0.0,0.0,0.0,0.0,0.0,0.0,0.0,0.0,0.0,0.0,0.0,Robert Menendez,Menendez,Democrat
3408,2018,961420.402,961420.402,0.0,961420.402,0.0,0.0,0.0,0.0,0.0,0.0,0.0,0.0,0.0,0.0,0.0,0.0,Robert Menendez,Menendez,Democrat
3408,2019,797590.432,797590.432,0.0,797590.432,0.0,0.0,0.0,0.0,0.0,0.0,0.0,0.0,0.0,0.0,0.0,0.0,Robert Menendez,Menendez,Democrat
3408,2020,643157.934,643157.934,0.0,643157.934,0.0,0.0,0.0,0.0,0.0,0.0,0.0,0.0,0.0,0.0,0.0,0.0,Robert Menendez,Menendez,Democrat
3408,2021,793920.014,793920.014,0.0,793920.014,0.0,0.0,0.0,0.0,0.0,0.0,0.0,0.0,0.0,0.0,0.0,0.0,Robert Menendez,Menendez,Democrat
3408,2022,1161236.88,1161236.88,0.0,1161236.88,0.0,0.0,0.0,0.0,0.0,0.0,0.0,0.0,0.0,0.0,0.0,0.0,Robert Menendez,Menendez,Democrat
3408,2023,918526.2459999999,918526.2459999999,0.0,918526.2459999999,0.0,0.0,0.0,0.0,0.0,0.0,0.0,0.0,0.0,0.0,0.0,0.0,Robert Menendez,Menendez,Democrat
3409,2010,2721323.912,2721323.912,0.0,2721323.912,0.0,0.0,0.0,0.0,0.0,0.0,0.0,0.0,0.0,0.0,0.0,0.0,Nellie Pou,Pou,Democrat
3409,2011,2601853.46,2601853.46,0.0,2601853.46,0.0,0.0,0.0,0.0,0.0,0.0,0.0,0.0,0.0,0.0,0.0,0.0,Nellie Pou,Pou,Democrat
3409,2012,2635082.412,2635082.412,0.0,2635082.412,0.0,0.0,0.0,0.0,0.0,0.0,0.0,0.0,0.0,0.0,0.0,0.0,Nellie Pou,Pou,Democrat
3409,2013,2670836.724,2670836.724,0.0,2670836.724,0.0,0.0,0.0,0.0,0.0,0.0,0.0,0.0,0.0,0.0,0.0,0.0,Nellie Pou,Pou,Democrat
3409,2014,2821018.204,2821018.204,0.0,2821018.204,0.0,0.0,0.0,0.0,0.0,0.0,0.0,0.0,0.0,0.0,0.0,0.0,Nellie Pou,Pou,Democrat
3409,2015,2612977.73,2612977.73,0.0,2612977.73,0.0,0.0,0.0,0.0,0.0,0.0,0.0,0.0,0.0,0.0,0.0,0.0,Nellie Pou,Pou,Democrat
3409,2016,2153966.1,2153966.1,0.0,2153966.1,0.0,0.0,0.0,0.0,0.0,0.0,0.0,0.0,0.0,0.0,0.0,0.0,Nellie Pou,Pou,Democrat
3409,2017,1522695.414,1522695.414,0.0,1522695.414,0.0,0.0,0.0,0.0,0.0,0.0,0.0,0.0,0.0,0.0,0.0,0.0,Nellie Pou,Pou,Democrat
3409,2018,1758095.97,1758095.97,0.0,1758095.97,0.0,0.0,0.0,0.0,0.0,0.0,0.0,0.0,0.0,0.0,0.0,0.0,Nellie Pou,Pou,Democrat
3409,2019,1285875.2119999998,1285875.2119999998,0.0,1285875.2119999998,0.0,0.0,0.0,0.0,0.0,0.0,0.0,0.0,0.0,0.0,0.0,0.0,Nellie Pou,Pou,Democrat
3409,2020,777023.228,777023.228,0.0,777023.228,0.0,0.0,0.0,0.0,0.0,0.0,0.0,0.0,0.0,0.0,0.0,0.0,Nellie Pou,Pou,Democrat
3409,2021,792704.8219999999,792704.8219999999,0.0,792704.8219999999,0.0,0.0,0.0,0.0,0.0,0.0,0.0,0.0,0.0,0.0,0.0,0.0,Nellie Pou,Pou,Democrat
3409,2022,957748.8620000001,957748.8620000001,0.0,957748.8620000001,0.0,0.0,0.0,0.0,0.0,0.0,0.0,0.0,0.0,0.0,0.0,0.0,Nellie Pou,Pou,Democrat
3409,2023,1156806.6639999999,1156806.6639999999,0.0,1156806.6639999999,0.0,0.0,0.0,0.0,0.0,0.0,0.0,0.0,0.0,0.0,0.0,0.0,Nellie Pou,Pou,Democrat
3410,2010,24551002.1,449421.8,24101580.3,449421.8,0.0,0.0,0.0,0.0,0.0,0.0,0.0,0.0,0.0,24101580.3,0.0,0.0,LaMonica McIver,McIver,Democrat
3410,2011,25177809.814,1434633.514,23743176.3,521471.48199999996,0.0,0.0,0.0,795575.592,117586.44,0.0,0.0,0.0,0.0,23743176.3,0.0,0.0,LaMonica McIver,McIver,Democrat
3410,2012,25448556.326,1510320.126,23938236.2,657942.496,0.0,0.0,0.0,777769.19,74608.44,0.0,0.0,0.0,0.0,23938236.2,0.0,0.0,LaMonica McIver,McIver,Democrat
3410,2013,25887905.592,1229148.1919999998,24658757.4,403654.876,0.0,0.0,0.0,763475.036,62018.28,0.0,0.0,0.0,0.0,24658757.4,0.0,0.0,LaMonica McIver,McIver,Democrat
3410,2014,27762360.526000004,1173669.926,26588690.6,406455.878,0.0,0.0,0.0,754544.088,12669.96,0.0,0.0,0.0,0.0,26588690.6,0.0,0.0,LaMonica McIver,McIver,Democrat
3410,2015,25461830.61,1679498.61,23782332.0,885758.3740000001,0.0,0.0,0.0,729672.236,64068.0,0.0,0.0,0.0,0.0,23782332.0,0.0,0.0,LaMonica McIver,McIver,Democrat
3410,2016,25101651.992000002,2723052.892,22378599.1,1961453.448,0.0,0.0,0.0,699464.884,62134.56,0.0,0.0,0.0,0.0,22378599.1,0.0,0.0,LaMonica McIver,McIver,Democrat
3410,2017,21647069.485999998,2473468.286,19173601.2,1766985.51,0.0,0.0,0.0,672914.336,33568.44,0.0,0.0,0.0,0.0,19173601.2,0.0,0.0,LaMonica McIver,McIver,Democrat
3410,2018,22041460.068,2549551.168,19491908.9,1889686.062,0.0,0.0,0.0,635715.346,24149.76,0.0,0.0,0.0,0.0,19491908.9,0.0,0.0,LaMonica McIver,McIver,Democrat
3410,2019,21464934.308000002,2627334.708,18837599.6,2013981.0080000001,0.0,0.0,0.0,594470.74,18882.96,0.0,0.0,0.0,0.0,18837599.6,0.0,0.0,LaMonica McIver,McIver,Democrat
3410,2020,18479535.024,2340791.024,16138744.0,1754712.272,0.0,0.0,0.0,567606.192,18472.56,0.0,0.0,0.0,0.0,16138744.0,0.0,0.0,LaMonica McIver,McIver,Democrat
3410,2021,19013336.082799997,2291356.9828,16721979.1,1744623.54,0.0,0.0,0.0,528490.342,18243.1008,0.0,0.0,0.0,0.0,16721979.1,0.0,0.0,LaMonica McIver,McIver,Democrat
3410,2022,20587311.1716,2290281.2716,18297029.9,1775644.146,0.0,0.0,0.0,491656.39,22980.7356,0.0,0.0,0.0,0.0,18297029.9,0.0,0.0,LaMonica McIver,McIver,Democrat
3410,2023,18605867.718,1936935.5180000002,16668932.2,1474046.476,0.0,0.0,0.0,462889.042,0.0,0.0,0.0,0.0,0.0,16668932.2,0.0,0.0,LaMonica McIver,McIver,Democrat
3411,2010,122046.22,122046.22,0.0,122046.22,0.0,0.0,0.0,0.0,0.0,0.0,0.0,0.0,0.0,0.0,0.0,0.0,Mikie Sherrill,Sherrill,Democrat
3411,2011,121572.12,121572.12,0.0,121572.12,0.0,0.0,0.0,0.0,0.0,0.0,0.0,0.0,0.0,0.0,0.0,0.0,Mikie Sherrill,Sherrill,Democrat
3411,2012,1317269.152,119631.152,1197638.0,119631.152,0.0,0.0,0.0,0.0,0.0,0.0,0.0,0.0,1197638.0,0.0,0.0,0.0,Mikie Sherrill,Sherrill,Democrat
3411,2013,3222337.284,107855.984,3114481.3,107855.984,0.0,0.0,0.0,0.0,0.0,0.0,0.0,0.0,3114481.3,0.0,0.0,0.0,Mikie Sherrill,Sherrill,Democrat
3411,2014,1698304.214,114019.514,1584284.7,114019.514,0.0,0.0,0.0,0.0,0.0,0.0,0.0,0.0,1584284.7,0.0,0.0,0.0,Mikie Sherrill,Sherrill,Democrat
3411,2015,2391534.6539999996,118746.854,2272787.8,118746.854,0.0,0.0,0.0,0.0,0.0,0.0,0.0,0.0,2272787.8,0.0,0.0,0.0,Mikie Sherrill,Sherrill,Democrat
3411,2016,2458671.886,121602.886,2337069.0,121602.886,0.0,0.0,0.0,0.0,0.0,0.0,0.0,0.0,2337069.0,0.0,0.0,0.0,Mikie Sherrill,Sherrill,Democrat
3411,2017,7057648.380899999,103094.412,6954553.9689,103094.412,0.0,0.0,0.0,0.0,0.0,0.0,0.0,0.0,6954553.9689,0.0,0.0,0.0,Mikie Sherrill,Sherrill,Democrat
3411,2018,6901551.05,117054.85,6784496.2,117054.85,0.0,0.0,0.0,0.0,0.0,0.0,0.0,0.0,6784496.2,0.0,0.0,0.0,Mikie Sherrill,Sherrill,Democrat
3411,2019,5131861.947018,136891.556,4994970.391018,136891.556,0.0,0.0,0.0,0.0,0.0,0.0,0.0,0.0,4994970.391018,0.0,0.0,0.0,Mikie Sherrill,Sherrill,Democrat
3411,2020,3329805.476,135554.976,3194250.5,135554.976,0.0,0.0,0.0,0.0,0.0,0.0,0.0,0.0,3194250.5,0.0,0.0,0.0,Mikie Sherrill,Sherrill,Democrat
3411,2021,2943078.0235755,137408.188,2805669.8355755,137408.188,0.0,0.0,0.0,0.0,0.0,0.0,0.0,0.0,2805669.8355755,0.0,0.0,0.0,Mikie Sherrill,Sherrill,Democrat
3411,2022,3791644.1094966996,143938.25400000002,3647705.8554967,143938.25400000002,0.0,0.0,0.0,0.0,0.0,0.0,0.0,0.0,3647705.8554967,0.0,0.0,0.0,Mikie Sherrill,Sherrill,Democrat
3411,2023,1390680.3483421,135034.09,1255646.2583421,135034.09,0.0,0.0,0.0,0.0,0.0,0.0,0.0,0.0,1255646.2583421,0.0,0.0,0.0,Mikie Sherrill,Sherrill,Democrat
3412,2010,602275.096,602275.096,0.0,602275.096,0.0,0.0,0.0,0.0,0.0,0.0,0.0,0.0,0.0,0.0,0.0,0.0,Bonnie Watson Coleman,Coleman,Democrat
3412,2011,529764.462,529764.462,0.0,529764.462,0.0,0.0,0.0,0.0,0.0,0.0,0.0,0.0,0.0,0.0,0.0,0.0,Bonnie Watson Coleman,Coleman,Democrat
3412,2012,703417.424,703417.424,0.0,703417.424,0.0,0.0,0.0,0.0,0.0,0.0,0.0,0.0,0.0,0.0,0.0,0.0,Bonnie Watson Coleman,Coleman,Democrat
3412,2013,649521.808,649521.808,0.0,649521.808,0.0,0.0,0.0,0.0,0.0,0.0,0.0,0.0,0.0,0.0,0.0,0.0,Bonnie Watson Coleman,Coleman,Democrat
3412,2014,440928.996,440928.996,0.0,440928.996,0.0,0.0,0.0,0.0,0.0,0.0,0.0,0.0,0.0,0.0,0.0,0.0,Bonnie Watson Coleman,Coleman,Democrat
3412,2015,472683.13399999996,472683.13399999996,0.0,472683.13399999996,0.0,0.0,0.0,0.0,0.0,0.0,0.0,0.0,0.0,0.0,0.0,0.0,Bonnie Watson Coleman,Coleman,Democrat
3412,2016,585406.2139999999,585406.2139999999,0.0,585406.2139999999,0.0,0.0,0.0,0.0,0.0,0.0,0.0,0.0,0.0,0.0,0.0,0.0,Bonnie Watson Coleman,Coleman,Democrat
3412,2017,531807.452,531807.452,0.0,531807.452,0.0,0.0,0.0,0.0,0.0,0.0,0.0,0.0,0.0,0.0,0.0,0.0,Bonnie Watson Coleman,Coleman,Democrat
3412,2018,418751.784,418751.784,0.0,418751.784,0.0,0.0,0.0,0.0,0.0,0.0,0.0,0.0,0.0,0.0,0.0,0.0,Bonnie Watson Coleman,Coleman,Democrat
3412,2019,358088.526,358088.526,0.0,358088.526,0.0,0.0,0.0,0.0,0.0,0.0,0.0,0.0,0.0,0.0,0.0,0.0,Bonnie Watson Coleman,Coleman,Democrat
3412,2020,308954.98199999996,308954.98199999996,0.0,308954.98199999996,0.0,0.0,0.0,0.0,0.0,0.0,0.0,0.0,0.0,0.0,0.0,0.0,Bonnie Watson Coleman,Coleman,Democrat
3412,2021,328425.07999999996,328425.07999999996,0.0,328425.07999999996,0.0,0.0,0.0,0.0,0.0,0.0,0.0,0.0,0.0,0.0,0.0,0.0,Bonnie Watson Coleman,Coleman,Democrat
3412,2022,315353.934,315353.934,0.0,315353.934,0.0,0.0,0.0,0.0,0.0,0.0,0.0,0.0,0.0,0.0,0.0,0.0,Bonnie Watson Coleman,Coleman,Democrat
3412,2023,296647.516,296647.516,0.0,296647.516,0.0,0.0,0.0,0.0,0.0,0.0,0.0,0.0,0.0,0.0,0.0,0.0,Bonnie Watson Coleman,Coleman,Democrat
3501,2010,4839930.36295,489902.96295,4350027.399999999,489902.96295,0.0,0.0,0.0,0.0,0.0,0.0,0.0,0.0,0.0,4350027.399999999,0.0,0.0,Melanie A. Stansbury,Stansbury,Democrat
3501,2011,4853410.689596,705526.3895960001,4147884.3,631754.079596,0.0,0.0,0.0,60270.15,13502.16,0.0,0.0,0.0,0.0,4147884.3,0.0,0.0,Melanie A. Stansbury,Stansbury,Democrat
3501,2012,4942329.003781,705850.903781,4236478.1,628619.603781,0.0,0.0,0.0,62605.1,14626.2,0.0,0.0,0.0,0.0,4236478.100000001,0.0,0.0,Melanie A. Stansbury,Stansbury,Democrat
3501,2013,5079573.299854,735679.989454,4343893.3104,654932.0294540001,0.0,0.0,0.0,64133.6,16614.36,0.0,0.0,0.0,0.0,4343893.3104,0.0,0.0,Melanie A. Stansbury,Stansbury,Democrat
3501,2014,5022395.4820236,890225.8820236,4132169.5999999996,787311.7420236,0.0,0.0,0.0,66393.1,36521.04,0.0,0.0,0.0,0.0,4132169.5999999996,0.0,0.0,Melanie A. Stansbury,Stansbury,Democrat
3501,2015,5037766.2524546,947118.2524546,4090648.0,871858.9524546,0.0,0.0,0.0,55377.7,19881.6,0.0,0.0,0.0,0.0,4090648.0,0.0,0.0,Melanie A. Stansbury,Stansbury,Democrat
3501,2016,5055499.88797,923058.88797,4132441.0,836493.20797,0.0,0.0,0.0,53959.4,32606.28,0.0,0.0,0.0,0.0,4132441.0,0.0,0.0,Melanie A. Stansbury,Stansbury,Democrat
3501,2017,4557890.684994,708574.684994,3849316.0,618918.664994,0.0,0.0,0.0,53873.7,35782.32,0.0,0.0,0.0,0.0,3849316.0,0.0,0.0,Melanie A. Stansbury,Stansbury,Democrat
3501,2018,5194345.848135,865731.248135,4328614.6,773913.778135,0.0,0.0,0.0,54826.75,36990.72,0.0,0.0,0.0,0.0,4328614.6,0.0,0.0,Melanie A. Stansbury,Stansbury,Democrat
3501,2019,5553131.008087001,851433.908087,4701697.100000001,789324.218087,0.0,0.0,0.0,55479.45,6630.24,0.0,0.0,0.0,0.0,4701697.100000001,0.0,0.0,Melanie A. Stansbury,Stansbury,Democrat
3501,2020,5223573.486017999,857629.486018,4365944.0,772932.786018,0.0,0.0,0.0,55649.5,29047.2,0.0,0.0,0.0,0.0,4365944.0,0.0,0.0,Melanie A. Stansbury,Stansbury,Democrat
3501,2021,5242927.891687001,896867.791687,4346060.1,816002.764087,0.0,0.0,0.0,56122.65,24742.3776,0.0,0.0,0.0,0.0,4346060.1,0.0,0.0,Melanie A. Stansbury,Stansbury,Democrat
3501,2022,5602554.767763,1075501.267763,4527053.5,1010796.161763,0.0,0.0,0.0,56542.25,8162.856,0.0,0.0,0.0,0.0,4527053.5,0.0,0.0,Melanie A. Stansbury,Stansbury,Democrat
3501,2023,6048739.990735,1134258.890735,4914481.100000001,1057513.921135,0.0,0.0,0.0,56536.6,20208.3696,0.0,0.0,0.0,0.0,4914481.100000001,0.0,0.0,Melanie A. Stansbury,Stansbury,Democrat
3502,2010,3659206.636,3500481.536,158725.1,3500481.536,0.0,0.0,0.0,0.0,0.0,0.0,0.0,0.0,0.0,158725.1,0.0,0.0,Gabe Vasquez,Vasquez,Democrat
3502,2011,4279276.904,4095456.704,183820.2,4095456.704,0.0,0.0,0.0,0.0,0.0,0.0,0.0,0.0,0.0,183820.2,0.0,0.0,Gabe Vasquez,Vasquez,Democrat
3502,2012,4238620.821,4067553.021,171067.8,4067553.021,0.0,0.0,0.0,0.0,0.0,0.0,0.0,0.0,0.0,171067.8,0.0,0.0,Gabe Vasquez,Vasquez,Democrat
3502,2013,4724628.206,4520065.206,204563.0,4520065.206,0.0,0.0,0.0,0.0,0.0,0.0,0.0,0.0,0.0,204563.0,0.0,0.0,Gabe Vasquez,Vasquez,Democrat
3502,2014,4936725.102,4756119.302,180605.8,4756119.302,0.0,0.0,0.0,0.0,0.0,0.0,0.0,0.0,0.0,180605.8,0.0,0.0,Gabe Vasquez,Vasquez,Democrat
3502,2015,4876792.59357,4656798.59357,219994.0,4655346.89357,0.0,0.0,0.0,1451.7,0.0,0.0,0.0,0.0,0.0,194357.8,0.0,25636.2,Gabe Vasquez,Vasquez,Democrat
3502,2016,5452381.29,5235899.99,216481.3,5234500.89,0.0,0.0,0.0,1399.1,0.0,0.0,0.0,0.0,0.0,196427.9,0.0,20053.4,Gabe Vasquez,Vasquez,Democrat
3502,2017,5358211.116,5151582.716,206628.4,4961760.306,188423.31,0.0,0.0,1399.1,0.0,0.0,0.0,0.0,0.0,175204.9,0.0,31423.5,Gabe Vasquez,Vasquez,Democrat
3502,2018,6713209.992723294,6492186.149112457,221023.8436108358,5877595.295112457,613241.754,0.0,0.0,1349.1,0.0,0.0,0.0,0.0,0.0,185521.19999999998,0.0,35502.6436108358,Gabe Vasquez,Vasquez,Democrat
3502,2019,7373747.367350243,7159372.110144731,214375.2572055117,6434986.442144731,724385.6680000001,0.0,0.0,0.0,0.0,0.0,0.0,0.0,0.0,181067.0,0.0,33308.2572055117,Gabe Vasquez,Vasquez,Democrat
3502,2020,7083157.358196917,6837097.854231062,246059.5039658547,6354119.038231062,450072.768,32906.048,0.0,0.0,0.0,0.0,0.0,0.0,0.0,202868.6,0.0,43190.9039658547,Gabe Vasquez,Vasquez,Democrat
3502,2021,6605982.737522755,6364716.046707488,241266.69081526768,5805636.752707487,392823.414,166255.88,0.0,0.0,0.0,0.0,0.0,0.0,0.0,202771.0,0.0,38495.6908152677,Gabe Vasquez,Vasquez,Democrat
3502,2022,6251158.398404083,5993397.6251353575,257760.7732687266,5613348.739135357,235546.926,143771.41,0.0,730.55,0.0,0.0,0.0,0.0,0.0,227055.8,0.0,30704.9732687266,Gabe Vasquez,Vasquez,Democrat
3502,2023,8026746.253279946,7784134.184851543,242612.0684284026,7307457.606851543,223972.114,251988.914,0.0,715.55,0.0,0.0,0.0,0.0,0.0,210561.1,0.0,32050.9684284026,Gabe Vasquez,Vasquez,Democrat
3503,2010,40520106.816461,31741299.716461,8778807.1,31741299.716461,0.0,0.0,0.0,0.0,0.0,0.0,0.0,0.0,0.0,50472.5,1885711.2,6842623.399999999,Teresa Leger Fernandez,Fernandez,Democrat
3503,2011,53458894.614424996,45019861.914425,8439032.7,36097804.098425,8922057.816,0.0,0.0,0.0,0.0,0.0,0.0,0.0,0.0,48699.5,1963545.5,6426787.7,Teresa Leger Fernandez,Fernandez,Democrat
3503,2012,67907905.683097,42774599.008897,25133306.6742,35081753.470897,7692845.538,0.0,0.0,0.0,0.0,0.0,17003522.2742,0.0,0.0,41772.9,1558197.9000000001,6529813.6,Teresa Leger Fernandez,Fernandez,Democrat
3503,2013,67822007.736,43878926.336,23943081.4,35091175.594,8787750.742,0.0,0.0,0.0,0.0,0.0,16449620.4,0.0,0.0,52428.3,1172338.5,6268694.2,Teresa Leger Fernandez,Fernandez,Democrat
3503,2014,60278440.7425294,36715385.638,23563055.1045294,30855364.848,5860020.79,0.0,0.0,0.0,0.0,0.0,16896285.2045294,0.0,0.0,45881.4,641425.4,5979463.1,Teresa Leger Fernandez,Fernandez,Democrat
3503,2015,59478474.843366496,35613798.534,23864676.3093665,30861575.104,4752223.43,0.0,0.0,0.0,0.0,0.0,18157784.1093665,0.0,0.0,45919.9,0.0,5660972.3,Teresa Leger Fernandez,Fernandez,Democrat
3503,2016,53740703.63391,30852130.1639,22888573.470009997,25646400.848,4710227.0939,495502.222,0.0,0.0,0.0,0.0,17710523.37001,0.0,0.0,42350.8,0.0,5135699.3,Teresa Leger Fernandez,Fernandez,Democrat
3503,2017,53980230.5606,30415609.3451,23564621.215499997,25868866.112,4049876.0351,496867.198,0.0,0.0,0.0,0.0,18487293.4155,0.0,0.0,40703.5,0.0,5036624.3,Teresa Leger Fernandez,Fernandez,Democrat
3503,2018,50801267.30186041,26124645.675360408,24676621.6265,21530284.628660407,4237956.4487000005,356404.598,0.0,0.0,0.0,0.0,19827233.8265,0.0,0.0,44164.4,0.0,4805223.399999999,Teresa Leger Fernandez,Fernandez,Democrat
3503,2019,49768974.21753855,27194539.324838553,22574434.8927,22530272.509896312,4243290.5525,420976.2624422407,0.0,0.0,0.0,0.0,18083952.692700002,0.0,0.0,47777.1,0.0,4442705.1,Teresa Leger Fernandez,Fernandez,Democrat
3503,2020,42976129.844749734,24579124.585449733,18397005.2593,20171332.206121437,3984370.1757,423422.2036282926,0.0,0.0,0.0,0.0,14835046.1593,0.0,0.0,42870.4,0.0,3519088.6999999997,Teresa Leger Fernandez,Fernandez,Democrat
3503,2021,40744453.226984,23957028.453484003,16787424.7735,19270182.91578945,4294894.825999999,391950.7116945505,0.0,0.0,0.0,0.0,13267552.2735,0.0,0.0,43303.3,0.0,3476569.1999999997,Teresa Leger Fernandez,Fernandez,Democrat
3503,2022,39141485.60527921,23138303.057479206,16003182.5478,19044303.067385074,3582542.684,511457.30609413283,0.0,0.0,0.0,0.0,12580067.1478,0.0,0.0,44811.3,0.0,3378304.1,Teresa Leger Fernandez,Fernandez,Democrat
3503,2023,30284167.517411202,16089635.910011202,14194531.6074,12524165.28153855,3098357.452,467113.1764726523,0.0,0.0,0.0,0.0,11070109.507399999,0.0,0.0,44502.2,0.0,3079919.9,Teresa Leger Fernandez,Fernandez,Democrat
3601,2010,4128726.886,4128726.886,0.0,4128726.886,0.0,0.0,0.0,0.0,0.0,0.0,0.0,0.0,0.0,0.0,0.0,0.0,Nick LaLota,LaLota,Republican
3601,2011,3393821.052,3393821.052,0.0,3393821.052,0.0,0.0,0.0,0.0,0.0,0.0,0.0,0.0,0.0,0.0,0.0,0.0,Nick LaLota,LaLota,Republican
3601,2012,3320920.5500000003,3320920.5500000003,0.0,3320920.5500000003,0.0,0.0,0.0,0.0,0.0,0.0,0.0,0.0,0.0,0.0,0.0,0.0,Nick LaLota,LaLota,Republican
3601,2013,3229885.856,3229885.856,0.0,3229885.856,0.0,0.0,0.0,0.0,0.0,0.0,0.0,0.0,0.0,0.0,0.0,0.0,Nick LaLota,LaLota,Republican
3601,2014,2938565.4560000002,2938565.4560000002,0.0,2938565.4560000002,0.0,0.0,0.0,0.0,0.0,0.0,0.0,0.0,0.0,0.0,0.0,0.0,Nick LaLota,LaLota,Republican
3601,2015,3052750.0420000004,3052750.0420000004,0.0,3052750.0420000004,0.0,0.0,0.0,0.0,0.0,0.0,0.0,0.0,0.0,0.0,0.0,0.0,Nick LaLota,LaLota,Republican
3601,2016,2686540.892,2686540.892,0.0,2686540.892,0.0,0.0,0.0,0.0,0.0,0.0,0.0,0.0,0.0,0.0,0.0,0.0,Nick LaLota,LaLota,Republican
3601,2017,1949250.582,1949250.582,0.0,1949250.582,0.0,0.0,0.0,0.0,0.0,0.0,0.0,0.0,0.0,0.0,0.0,0.0,Nick LaLota,LaLota,Republican
3601,2018,2599585.08,2599585.08,0.0,2599585.08,0.0,0.0,0.0,0.0,0.0,0.0,0.0,0.0,0.0,0.0,0.0,0.0,Nick LaLota,LaLota,Republican
3601,2019,2001296.53,2001296.53,0.0,2001296.53,0.0,0.0,0.0,0.0,0.0,0.0,0.0,0.0,0.0,0.0,0.0,0.0,Nick LaLota,LaLota,Republican
3601,2020,2800207.744,2800207.744,0.0,2800207.744,0.0,0.0,0.0,0.0,0.0,0.0,0.0,0.0,0.0,0.0,0.0,0.0,Nick LaLota,LaLota,Republican
3601,2021,3212852.1139999996,3212852.1139999996,0.0,3212852.1139999996,0.0,0.0,0.0,0.0,0.0,0.0,0.0,0.0,0.0,0.0,0.0,0.0,Nick LaLota,LaLota,Republican
3601,2022,3371004.302,2817981.302,553023.0,2817981.302,0.0,0.0,0.0,0.0,0.0,0.0,0.0,0.0,553023.0,0.0,0.0,0.0,Nick LaLota,LaLota,Republican
3601,2023,4065660.58,2245947.58,1819713.0,2245947.58,0.0,0.0,0.0,0.0,0.0,0.0,0.0,0.0,1819713.0,0.0,0.0,0.0,Nick LaLota,LaLota,Republican
3602,2010,1194415.92,1194415.92,0.0,1194415.92,0.0,0.0,0.0,0.0,0.0,0.0,0.0,0.0,0.0,0.0,0.0,0.0,Andrew R. Garbarino,Garbarino,Republican
3602,2011,1212107.936,1212107.936,0.0,1212107.936,0.0,0.0,0.0,0.0,0.0,0.0,0.0,0.0,0.0,0.0,0.0,0.0,Andrew R. Garbarino,Garbarino,Republican
3602,2012,1329476.104,1329476.104,0.0,1329476.104,0.0,0.0,0.0,0.0,0.0,0.0,0.0,0.0,0.0,0.0,0.0,0.0,Andrew R. Garbarino,Garbarino,Republican
3602,2013,1343472.388,1343472.388,0.0,1343472.388,0.0,0.0,0.0,0.0,0.0,0.0,0.0,0.0,0.0,0.0,0.0,0.0,Andrew R. Garbarino,Garbarino,Republican
3602,2014,1261397.04,1261397.04,0.0,1261397.04,0.0,0.0,0.0,0.0,0.0,0.0,0.0,0.0,0.0,0.0,0.0,0.0,Andrew R. Garbarino,Garbarino,Republican
3602,2015,1118715.6300000001,1118715.6300000001,0.0,1118715.6300000001,0.0,0.0,0.0,0.0,0.0,0.0,0.0,0.0,0.0,0.0,0.0,0.0,Andrew R. Garbarino,Garbarino,Republican
3602,2016,1279933.244,1279933.244,0.0,1279933.244,0.0,0.0,0.0,0.0,0.0,0.0,0.0,0.0,0.0,0.0,0.0,0.0,Andrew R. Garbarino,Garbarino,Republican
3602,2017,1190266.786,1190266.786,0.0,1190266.786,0.0,0.0,0.0,0.0,0.0,0.0,0.0,0.0,0.0,0.0,0.0,0.0,Andrew R. Garbarino,Garbarino,Republican
3602,2018,1259145.5860000001,1259145.5860000001,0.0,1259145.5860000001,0.0,0.0,0.0,0.0,0.0,0.0,0.0,0.0,0.0,0.0,0.0,0.0,Andrew R. Garbarino,Garbarino,Republican
3602,2019,1081592.77,1081592.77,0.0,1081592.77,0.0,0.0,0.0,0.0,0.0,0.0,0.0,0.0,0.0,0.0,0.0,0.0,Andrew R. Garbarino,Garbarino,Republican
3602,2020,1136932.398,1136932.398,0.0,1136932.398,0.0,0.0,0.0,0.0,0.0,0.0,0.0,0.0,0.0,0.0,0.0,0.0,Andrew R. Garbarino,Garbarino,Republican
3602,2021,1267170.298,1267170.298,0.0,1267170.298,0.0,0.0,0.0,0.0,0.0,0.0,0.0,0.0,0.0,0.0,0.0,0.0,Andrew R. Garbarino,Garbarino,Republican
3602,2022,1205166.352,1205166.352,0.0,1205166.352,0.0,0.0,0.0,0.0,0.0,0.0,0.0,0.0,0.0,0.0,0.0,0.0,Andrew R. Garbarino,Garbarino,Republican
3602,2023,1178946.938,1178946.938,0.0,1178946.938,0.0,0.0,0.0,0.0,0.0,0.0,0.0,0.0,0.0,0.0,0.0,0.0,Andrew R. Garbarino,Garbarino,Republican
3603,2010,11427878.512,428013.61199999996,10999864.9,428013.61199999996,0.0,0.0,0.0,0.0,0.0,0.0,0.0,0.0,0.0,10999864.9,0.0,0.0,Thomas R. Suozzi,Suozzi,Democrat
3603,2011,11791694.878,802415.378,10989279.5,456941.378,0.0,0.0,0.0,345474.0,0.0,0.0,0.0,0.0,0.0,10989279.5,0.0,0.0,Thomas R. Suozzi,Suozzi,Democrat
3603,2012,11252437.402,809768.402,10442669.0,480630.402,0.0,0.0,0.0,329138.0,0.0,0.0,0.0,0.0,0.0,10442669.0,0.0,0.0,Thomas R. Suozzi,Suozzi,Democrat
3603,2013,11875721.336,779619.7359999999,11096101.6,455966.436,0.0,0.0,0.0,323653.3,0.0,0.0,0.0,0.0,0.0,11096101.6,0.0,0.0,Thomas R. Suozzi,Suozzi,Democrat
3603,2014,11654770.509999998,768356.81,10886413.7,453588.56,0.0,0.0,0.0,314768.25,0.0,0.0,0.0,0.0,0.0,10886413.7,0.0,0.0,Thomas R. Suozzi,Suozzi,Democrat
3603,2015,12038687.246,885437.546,11153249.7,570602.486,0.0,0.0,0.0,314835.06,0.0,0.0,0.0,0.0,0.0,11153249.7,0.0,0.0,Thomas R. Suozzi,Suozzi,Democrat
3603,2016,12052137.15,857484.25,11194652.9,545637.35,0.0,0.0,0.0,311846.9,0.0,0.0,0.0,0.0,0.0,11194652.9,0.0,0.0,Thomas R. Suozzi,Suozzi,Democrat
3603,2017,10198979.364,681557.3640000001,9517422.0,398843.984,0.0,0.0,0.0,282713.38,0.0,0.0,0.0,0.0,0.0,9517422.0,0.0,0.0,Thomas R. Suozzi,Suozzi,Democrat
3603,2018,10980937.12,583787.8200000001,10397149.3,314068.29,0.0,0.0,0.0,269719.53,0.0,0.0,0.0,0.0,0.0,10397149.3,0.0,0.0,Thomas R. Suozzi,Suozzi,Democrat
3603,2019,10233503.888,502455.788,9731048.1,241617.408,0.0,0.0,0.0,260838.38,0.0,0.0,0.0,0.0,0.0,9731048.1,0.0,0.0,Thomas R. Suozzi,Suozzi,Democrat
3603,2020,10606993.794,583097.694,10023896.1,325528.984,0.0,0.0,0.0,257568.71,0.0,0.0,0.0,0.0,0.0,10023896.1,0.0,0.0,Thomas R. Suozzi,Suozzi,Democrat
3603,2021,11455081.964,707246.464,10747835.5,450915.20399999997,0.0,0.0,0.0,256331.26,0.0,0.0,0.0,0.0,0.0,10747835.5,0.0,0.0,Thomas R. Suozzi,Suozzi,Democrat
3603,2022,10969897.992,627979.392,10341918.6,383619.916,0.0,0.0,0.0,244359.476,0.0,0.0,0.0,0.0,0.0,10341918.6,0.0,0.0,Thomas R. Suozzi,Suozzi,Democrat
3603,2023,10251706.409999998,655150.7100000001,9596555.7,426000.31000000006,0.0,0.0,0.0,229150.4,0.0,0.0,0.0,0.0,0.0,9596555.7,0.0,0.0,Thomas R. Suozzi,Suozzi,Democrat
3604,2010,1426672.302,1426672.302,0.0,1426672.302,0.0,0.0,0.0,0.0,0.0,0.0,0.0,0.0,0.0,0.0,0.0,0.0,Laura Gillen,Gillen,Democrat
3604,2011,1284939.456,1284939.456,0.0,1262999.016,0.0,0.0,0.0,0.0,21940.440000000002,0.0,0.0,0.0,0.0,0.0,0.0,0.0,Laura Gillen,Gillen,Democrat
3604,2012,1368992.182,1368992.182,0.0,1357450.8220000002,0.0,0.0,0.0,0.0,11541.359999999999,0.0,0.0,0.0,0.0,0.0,0.0,0.0,Laura Gillen,Gillen,Democrat
3604,2013,1402240.7999999998,1402240.7999999998,0.0,1388975.7599999998,0.0,0.0,0.0,0.0,13265.04,0.0,0.0,0.0,0.0,0.0,0.0,0.0,Laura Gillen,Gillen,Democrat
3604,2014,1643731.812,1643731.812,0.0,1637325.012,0.0,0.0,0.0,0.0,6406.8,0.0,0.0,0.0,0.0,0.0,0.0,0.0,Laura Gillen,Gillen,Democrat
3604,2015,1637200.446,1637200.446,0.0,1615558.686,0.0,0.0,0.0,0.0,21641.760000000002,0.0,0.0,0.0,0.0,0.0,0.0,0.0,Laura Gillen,Gillen,Democrat
3604,2016,1718654.3439999998,1718654.3439999998,0.0,1704764.5839999998,0.0,0.0,0.0,0.0,13889.76,0.0,0.0,0.0,0.0,0.0,0.0,0.0,Laura Gillen,Gillen,Democrat
3604,2017,1464030.392,1464030.392,0.0,1451679.6320000002,0.0,0.0,0.0,0.0,12350.76,0.0,0.0,0.0,0.0,0.0,0.0,0.0,Laura Gillen,Gillen,Democrat
3604,2018,1528389.09,1528389.09,0.0,1519294.17,0.0,0.0,0.0,0.0,9094.92,0.0,0.0,0.0,0.0,0.0,0.0,0.0,Laura Gillen,Gillen,Democrat
3604,2019,1464859.258,1464859.258,0.0,1447950.778,0.0,0.0,0.0,0.0,16908.48,0.0,0.0,0.0,0.0,0.0,0.0,0.0,Laura Gillen,Gillen,Democrat
3604,2020,1366913.402,1366913.402,0.0,1348739.522,0.0,0.0,0.0,0.0,18173.88,0.0,0.0,0.0,0.0,0.0,0.0,0.0,Laura Gillen,Gillen,Democrat
3604,2021,1556131.4704,1556131.4704,0.0,1520672.728,0.0,0.0,0.0,0.0,35458.7424,0.0,0.0,0.0,0.0,0.0,0.0,0.0,Laura Gillen,Gillen,Democrat
3604,2022,1346113.704,1346113.704,0.0,1337860.446,0.0,0.0,0.0,0.0,8253.258,0.0,0.0,0.0,0.0,0.0,0.0,0.0,Laura Gillen,Gillen,Democrat
3604,2023,1227636.1036,1227636.1036,0.0,1218879.7179999999,0.0,0.0,0.0,0.0,8756.385600000001,0.0,0.0,0.0,0.0,0.0,0.0,0.0,Laura Gillen,Gillen,Democrat
3605,2010,536424.488,536424.488,0.0,536424.488,0.0,0.0,0.0,0.0,0.0,0.0,0.0,0.0,0.0,0.0,0.0,0.0,Gregory W. Meeks,Meeks,Democrat
3605,2011,617376.822,617376.822,0.0,617376.822,0.0,0.0,0.0,0.0,0.0,0.0,0.0,0.0,0.0,0.0,0.0,0.0,Gregory W. Meeks,Meeks,Democrat
3605,2012,570216.014,570216.014,0.0,570216.014,0.0,0.0,0.0,0.0,0.0,0.0,0.0,0.0,0.0,0.0,0.0,0.0,Gregory W. Meeks,Meeks,Democrat
3605,2013,481833.77599999995,481833.77599999995,0.0,481833.77599999995,0.0,0.0,0.0,0.0,0.0,0.0,0.0,0.0,0.0,0.0,0.0,0.0,Gregory W. Meeks,Meeks,Democrat
3605,2014,567209.726,567209.726,0.0,567209.726,0.0,0.0,0.0,0.0,0.0,0.0,0.0,0.0,0.0,0.0,0.0,0.0,Gregory W. Meeks,Meeks,Democrat
3605,2015,559825.688,559825.688,0.0,559825.688,0.0,0.0,0.0,0.0,0.0,0.0,0.0,0.0,0.0,0.0,0.0,0.0,Gregory W. Meeks,Meeks,Democrat
3605,2016,559474.412,559474.412,0.0,559474.412,0.0,0.0,0.0,0.0,0.0,0.0,0.0,0.0,0.0,0.0,0.0,0.0,Gregory W. Meeks,Meeks,Democrat
3605,2017,457474.266,457474.266,0.0,457474.266,0.0,0.0,0.0,0.0,0.0,0.0,0.0,0.0,0.0,0.0,0.0,0.0,Gregory W. Meeks,Meeks,Democrat
3605,2018,483822.61799999996,483822.61799999996,0.0,483822.61799999996,0.0,0.0,0.0,0.0,0.0,0.0,0.0,0.0,0.0,0.0,0.0,0.0,Gregory W. Meeks,Meeks,Democrat
3605,2019,427426.406,427426.406,0.0,427426.406,0.0,0.0,0.0,0.0,0.0,0.0,0.0,0.0,0.0,0.0,0.0,0.0,Gregory W. Meeks,Meeks,Democrat
3605,2020,406258.654,406258.654,0.0,406258.654,0.0,0.0,0.0,0.0,0.0,0.0,0.0,0.0,0.0,0.0,0.0,0.0,Gregory W. Meeks,Meeks,Democrat
3605,2021,408509.19200000004,408509.19200000004,0.0,408509.19200000004,0.0,0.0,0.0,0.0,0.0,0.0,0.0,0.0,0.0,0.0,0.0,0.0,Gregory W. Meeks,Meeks,Democrat
3605,2022,453788.77,453788.77,0.0,453788.77,0.0,0.0,0.0,0.0,0.0,0.0,0.0,0.0,0.0,0.0,0.0,0.0,Gregory W. Meeks,Meeks,Democrat
3605,2023,389502.394,389502.394,0.0,389502.394,0.0,0.0,0.0,0.0,0.0,0.0,0.0,0.0,0.0,0.0,0.0,0.0,Gregory W. Meeks,Meeks,Democrat
3606,2010,0.0,0.0,0.0,0.0,0.0,0.0,0.0,0.0,0.0,0.0,0.0,0.0,0.0,0.0,0.0,0.0,Grace Meng,Meng,Democrat
3606,2011,0.0,0.0,0.0,0.0,0.0,0.0,0.0,0.0,0.0,0.0,0.0,0.0,0.0,0.0,0.0,0.0,Grace Meng,Meng,Democrat
3606,2012,0.0,0.0,0.0,0.0,0.0,0.0,0.0,0.0,0.0,0.0,0.0,0.0,0.0,0.0,0.0,0.0,Grace Meng,Meng,Democrat
3606,2013,0.0,0.0,0.0,0.0,0.0,0.0,0.0,0.0,0.0,0.0,0.0,0.0,0.0,0.0,0.0,0.0,Grace Meng,Meng,Democrat
3606,2014,0.0,0.0,0.0,0.0,0.0,0.0,0.0,0.0,0.0,0.0,0.0,0.0,0.0,0.0,0.0,0.0,Grace Meng,Meng,Democrat
3606,2015,0.0,0.0,0.0,0.0,0.0,0.0,0.0,0.0,0.0,0.0,0.0,0.0,0.0,0.0,0.0,0.0,Grace Meng,Meng,Democrat
3606,2016,0.0,0.0,0.0,0.0,0.0,0.0,0.0,0.0,0.0,0.0,0.0,0.0,0.0,0.0,0.0,0.0,Grace Meng,Meng,Democrat
3606,2017,0.0,0.0,0.0,0.0,0.0,0.0,0.0,0.0,0.0,0.0,0.0,0.0,0.0,0.0,0.0,0.0,Grace Meng,Meng,Democrat
3606,2018,0.0,0.0,0.0,0.0,0.0,0.0,0.0,0.0,0.0,0.0,0.0,0.0,0.0,0.0,0.0,0.0,Grace Meng,Meng,Democrat
3606,2019,0.0,0.0,0.0,0.0,0.0,0.0,0.0,0.0,0.0,0.0,0.0,0.0,0.0,0.0,0.0,0.0,Grace Meng,Meng,Democrat
3606,2020,0.0,0.0,0.0,0.0,0.0,0.0,0.0,0.0,0.0,0.0,0.0,0.0,0.0,0.0,0.0,0.0,Grace Meng,Meng,Democrat
3606,2021,0.0,0.0,0.0,0.0,0.0,0.0,0.0,0.0,0.0,0.0,0.0,0.0,0.0,0.0,0.0,0.0,Grace Meng,Meng,Democrat
3606,2022,16494.874,16494.874,0.0,16494.874,0.0,0.0,0.0,0.0,0.0,0.0,0.0,0.0,0.0,0.0,0.0,0.0,Grace Meng,Meng,Democrat
3606,2023,0.0,0.0,0.0,0.0,0.0,0.0,0.0,0.0,0.0,0.0,0.0,0.0,0.0,0.0,0.0,0.0,Grace Meng,Meng,Democrat
3607,2010,14700123.906,3046580.106,11653543.799999999,3046580.106,0.0,0.0,0.0,0.0,0.0,0.0,0.0,0.0,0.0,11653543.799999999,0.0,0.0,Nydia M. Velázquez,Velázquez,Democrat
3607,2011,15415170.734,3251099.5340000005,12164071.200000001,2959427.4340000004,0.0,0.0,0.0,291672.1,0.0,0.0,0.0,0.0,0.0,12164071.200000001,0.0,0.0,Nydia M. Velázquez,Velázquez,Democrat
3607,2012,14398028.581999999,3351547.3819999998,11046481.200000001,3090822.982,0.0,0.0,0.0,260724.4,0.0,0.0,0.0,0.0,0.0,11046481.200000001,0.0,0.0,Nydia M. Velázquez,Velázquez,Democrat
3607,2013,15379145.4368,2792208.536,12586936.9008,2537321.236,0.0,0.0,0.0,254887.3,0.0,0.0,0.0,0.0,0.0,12586936.9008,0.0,0.0,Nydia M. Velázquez,Velázquez,Democrat
3607,2014,16233491.356,3758212.0080000004,12475279.348,3508538.2580000004,0.0,0.0,0.0,249673.75,0.0,0.0,0.0,0.0,0.0,12475279.348,0.0,0.0,Nydia M. Velázquez,Velázquez,Democrat
3607,2015,16011721.525999999,3905002.526,12106719.0,3660487.932,0.0,0.0,0.0,244514.594,0.0,0.0,0.0,0.0,0.0,12106719.0,0.0,0.0,Nydia M. Velázquez,Velázquez,Democrat
3607,2016,16098956.058,4217927.858,11881028.200000001,3987161.812,0.0,0.0,0.0,230766.046,0.0,0.0,0.0,0.0,0.0,11881028.200000001,0.0,0.0,Nydia M. Velázquez,Velázquez,Democrat
3607,2017,14064834.938,2824758.038,11240076.9,2600674.798,0.0,0.0,0.0,224083.24,0.0,0.0,0.0,0.0,0.0,11240076.9,0.0,0.0,Nydia M. Velázquez,Velázquez,Democrat
3607,2018,15292243.028,3131839.9280000003,12160403.1,2921063.438,0.0,0.0,0.0,210776.49,0.0,0.0,0.0,0.0,0.0,12160403.1,0.0,0.0,Nydia M. Velázquez,Velázquez,Democrat
3607,2019,14154391.57,2358351.57,11796040.0,2159092.338,0.0,0.0,0.0,199259.232,0.0,0.0,0.0,0.0,0.0,11796040.0,0.0,0.0,Nydia M. Velázquez,Velázquez,Democrat
3607,2020,13188234.052000001,2244237.552,10943996.5,2047915.822,0.0,0.0,0.0,196321.73,0.0,0.0,0.0,0.0,0.0,10943996.5,0.0,0.0,Nydia M. Velázquez,Velázquez,Democrat
3607,2021,13327437.894000001,2176261.194,11151176.700000001,1985335.314,0.0,0.0,0.0,190925.88,0.0,0.0,0.0,0.0,0.0,11151176.700000001,0.0,0.0,Nydia M. Velázquez,Velázquez,Democrat
3607,2022,13709882.574,2145554.574,11564328.0,1957717.488,0.0,0.0,0.0,187837.086,0.0,0.0,0.0,0.0,0.0,11564328.0,0.0,0.0,Nydia M. Velázquez,Velázquez,Democrat
3607,2023,13101146.726,2529407.426,10571739.3,2331610.8839999996,0.0,0.0,0.0,197796.542,0.0,0.0,0.0,0.0,0.0,10571739.3,0.0,0.0,Nydia M. Velázquez,Velázquez,Democrat
3608,2010,268260.99399999995,268260.99399999995,0.0,268260.99399999995,0.0,0.0,0.0,0.0,0.0,0.0,0.0,0.0,0.0,0.0,0.0,0.0,Hakeem S. Jeffries,Jeffries,Democrat
3608,2011,277240.378,277240.378,0.0,277240.378,0.0,0.0,0.0,0.0,0.0,0.0,0.0,0.0,0.0,0.0,0.0,0.0,Hakeem S. Jeffries,Jeffries,Democrat
3608,2012,240498.176,240498.176,0.0,240498.176,0.0,0.0,0.0,0.0,0.0,0.0,0.0,0.0,0.0,0.0,0.0,0.0,Hakeem S. Jeffries,Jeffries,Democrat
3608,2013,250040.36200000002,250040.36200000002,0.0,250040.36200000002,0.0,0.0,0.0,0.0,0.0,0.0,0.0,0.0,0.0,0.0,0.0,0.0,Hakeem S. Jeffries,Jeffries,Democrat
3608,2014,208856.06,208856.06,0.0,208856.06,0.0,0.0,0.0,0.0,0.0,0.0,0.0,0.0,0.0,0.0,0.0,0.0,Hakeem S. Jeffries,Jeffries,Democrat
3608,2015,193010.23,193010.23,0.0,193010.23,0.0,0.0,0.0,0.0,0.0,0.0,0.0,0.0,0.0,0.0,0.0,0.0,Hakeem S. Jeffries,Jeffries,Democrat
3608,2016,194482.33399999997,194482.33399999997,0.0,194482.33399999997,0.0,0.0,0.0,0.0,0.0,0.0,0.0,0.0,0.0,0.0,0.0,0.0,Hakeem S. Jeffries,Jeffries,Democrat
3608,2017,180510.238,180510.238,0.0,180510.238,0.0,0.0,0.0,0.0,0.0,0.0,0.0,0.0,0.0,0.0,0.0,0.0,Hakeem S. Jeffries,Jeffries,Democrat
3608,2018,185622.384,185622.384,0.0,185622.384,0.0,0.0,0.0,0.0,0.0,0.0,0.0,0.0,0.0,0.0,0.0,0.0,Hakeem S. Jeffries,Jeffries,Democrat
3608,2019,192467.03,192467.03,0.0,192467.03,0.0,0.0,0.0,0.0,0.0,0.0,0.0,0.0,0.0,0.0,0.0,0.0,Hakeem S. Jeffries,Jeffries,Democrat
3608,2020,210048.124,210048.124,0.0,210048.124,0.0,0.0,0.0,0.0,0.0,0.0,0.0,0.0,0.0,0.0,0.0,0.0,Hakeem S. Jeffries,Jeffries,Democrat
3608,2021,218106.91999999998,218106.91999999998,0.0,218106.91999999998,0.0,0.0,0.0,0.0,0.0,0.0,0.0,0.0,0.0,0.0,0.0,0.0,Hakeem S. Jeffries,Jeffries,Democrat
3608,2022,184690.83000000002,184690.83000000002,0.0,184690.83000000002,0.0,0.0,0.0,0.0,0.0,0.0,0.0,0.0,0.0,0.0,0.0,0.0,Hakeem S. Jeffries,Jeffries,Democrat
3608,2023,193154.194,193154.194,0.0,193154.194,0.0,0.0,0.0,0.0,0.0,0.0,0.0,0.0,0.0,0.0,0.0,0.0,Hakeem S. Jeffries,Jeffries,Democrat
3609,2010,0.0,0.0,0.0,0.0,0.0,0.0,0.0,0.0,0.0,0.0,0.0,0.0,0.0,0.0,0.0,0.0,Yvette D. Clarke,Clarke,Democrat
3609,2011,0.0,0.0,0.0,0.0,0.0,0.0,0.0,0.0,0.0,0.0,0.0,0.0,0.0,0.0,0.0,0.0,Yvette D. Clarke,Clarke,Democrat
3609,2012,0.0,0.0,0.0,0.0,0.0,0.0,0.0,0.0,0.0,0.0,0.0,0.0,0.0,0.0,0.0,0.0,Yvette D. Clarke,Clarke,Democrat
3609,2013,0.0,0.0,0.0,0.0,0.0,0.0,0.0,0.0,0.0,0.0,0.0,0.0,0.0,0.0,0.0,0.0,Yvette D. Clarke,Clarke,Democrat
3609,2014,0.0,0.0,0.0,0.0,0.0,0.0,0.0,0.0,0.0,0.0,0.0,0.0,0.0,0.0,0.0,0.0,Yvette D. Clarke,Clarke,Democrat
3609,2015,0.0,0.0,0.0,0.0,0.0,0.0,0.0,0.0,0.0,0.0,0.0,0.0,0.0,0.0,0.0,0.0,Yvette D. Clarke,Clarke,Democrat
3609,2016,0.0,0.0,0.0,0.0,0.0,0.0,0.0,0.0,0.0,0.0,0.0,0.0,0.0,0.0,0.0,0.0,Yvette D. Clarke,Clarke,Democrat
3609,2017,0.0,0.0,0.0,0.0,0.0,0.0,0.0,0.0,0.0,0.0,0.0,0.0,0.0,0.0,0.0,0.0,Yvette D. Clarke,Clarke,Democrat
3609,2018,0.0,0.0,0.0,0.0,0.0,0.0,0.0,0.0,0.0,0.0,0.0,0.0,0.0,0.0,0.0,0.0,Yvette D. Clarke,Clarke,Democrat
3609,2019,0.0,0.0,0.0,0.0,0.0,0.0,0.0,0.0,0.0,0.0,0.0,0.0,0.0,0.0,0.0,0.0,Yvette D. Clarke,Clarke,Democrat
3609,2020,27423.022,27423.022,0.0,27423.022,0.0,0.0,0.0,0.0,0.0,0.0,0.0,0.0,0.0,0.0,0.0,0.0,Yvette D. Clarke,Clarke,Democrat
3609,2021,29092.222,29092.222,0.0,29092.222,0.0,0.0,0.0,0.0,0.0,0.0,0.0,0.0,0.0,0.0,0.0,0.0,Yvette D. Clarke,Clarke,Democrat
3609,2022,53811.636,53811.636,0.0,53811.636,0.0,0.0,0.0,0.0,0.0,0.0,0.0,0.0,0.0,0.0,0.0,0.0,Yvette D. Clarke,Clarke,Democrat
3609,2023,52902.444,52902.444,0.0,52902.444,0.0,0.0,0.0,0.0,0.0,0.0,0.0,0.0,0.0,0.0,0.0,0.0,Yvette D. Clarke,Clarke,Democrat
3610,2010,16073191.638000002,344808.838,15728382.8,344808.838,0.0,0.0,0.0,0.0,0.0,0.0,0.0,0.0,0.0,15728382.8,0.0,0.0,Daniel S. Goldman,Goldman,Democrat
3610,2011,16473062.12,679722.92,15793339.2,357132.77,0.0,0.0,0.0,322590.15,0.0,0.0,0.0,0.0,0.0,15793339.2,0.0,0.0,Daniel S. Goldman,Goldman,Democrat
3610,2012,17547513.724,618429.024,16929084.7,301333.574,0.0,0.0,0.0,317095.45,0.0,0.0,0.0,0.0,0.0,16929084.7,0.0,0.0,Daniel S. Goldman,Goldman,Democrat
3610,2013,17694157.102000006,623253.302,17070903.8,354642.202,0.0,0.0,0.0,268611.1,0.0,0.0,0.0,0.0,0.0,17070903.8,0.0,0.0,Daniel S. Goldman,Goldman,Democrat
3610,2014,19080440.452000003,427285.752,18653154.7,167870.35199999998,0.0,0.0,0.0,259415.4,0.0,0.0,0.0,0.0,0.0,18653154.7,0.0,0.0,Daniel S. Goldman,Goldman,Democrat
3610,2015,19003336.772,481069.67199999996,18522267.1,226564.076,0.0,0.0,0.0,254505.596,0.0,0.0,0.0,0.0,0.0,18522267.1,0.0,0.0,Daniel S. Goldman,Goldman,Democrat
3610,2016,19394152.711999997,484080.812,18910071.9,237928.266,0.0,0.0,0.0,246152.546,0.0,0.0,0.0,0.0,0.0,18910071.9,0.0,0.0,Daniel S. Goldman,Goldman,Democrat
3610,2017,17952626.834,396232.134,17556394.7,157767.538,0.0,0.0,0.0,238464.596,0.0,0.0,0.0,0.0,0.0,17556394.7,0.0,0.0,Daniel S. Goldman,Goldman,Democrat
3610,2018,19351483.711999997,464667.012,18886816.7,234031.86800000002,0.0,0.0,0.0,230635.144,0.0,0.0,0.0,0.0,0.0,18886816.7,0.0,0.0,Daniel S. Goldman,Goldman,Democrat
3610,2019,18293192.11,384778.61000000004,17908413.5,165223.064,0.0,0.0,0.0,219555.546,0.0,0.0,0.0,0.0,0.0,17908413.5,0.0,0.0,Daniel S. Goldman,Goldman,Democrat
3610,2020,18056046.978,399495.778,17656551.2,188736.63,0.0,0.0,0.0,210759.148,0.0,0.0,0.0,0.0,0.0,17656551.2,0.0,0.0,Daniel S. Goldman,Goldman,Democrat
3610,2021,17484087.742,367298.442,17116789.3,166560.494,0.0,0.0,0.0,200737.948,0.0,0.0,0.0,0.0,0.0,17116789.3,0.0,0.0,Daniel S. Goldman,Goldman,Democrat
3610,2022,18312287.612,381513.012,17930774.6,190153.566,0.0,0.0,0.0,191359.446,0.0,0.0,0.0,0.0,0.0,17930774.6,0.0,0.0,Daniel S. Goldman,Goldman,Democrat
3610,2023,18309050.803999998,315074.004,17993976.8,129073.906,0.0,0.0,0.0,186000.098,0.0,0.0,0.0,0.0,0.0,17993976.8,0.0,0.0,Daniel S. Goldman,Goldman,Democrat
3611,2010,922513.7919999999,922513.7919999999,0.0,922513.7919999999,0.0,0.0,0.0,0.0,0.0,0.0,0.0,0.0,0.0,0.0,0.0,0.0,Nicole Malliotakis,Malliotakis,Republican
3611,2011,1308794.0,1308794.0,0.0,1308794.0,0.0,0.0,0.0,0.0,0.0,0.0,0.0,0.0,0.0,0.0,0.0,0.0,Nicole Malliotakis,Malliotakis,Republican
3611,2012,1311242.006,1311242.006,0.0,1311242.006,0.0,0.0,0.0,0.0,0.0,0.0,0.0,0.0,0.0,0.0,0.0,0.0,Nicole Malliotakis,Malliotakis,Republican
3611,2013,1053041.215,1053041.215,0.0,1053041.215,0.0,0.0,0.0,0.0,0.0,0.0,0.0,0.0,0.0,0.0,0.0,0.0,Nicole Malliotakis,Malliotakis,Republican
3611,2014,879251.7409999999,879251.7409999999,0.0,879251.7409999999,0.0,0.0,0.0,0.0,0.0,0.0,0.0,0.0,0.0,0.0,0.0,0.0,Nicole Malliotakis,Malliotakis,Republican
3611,2015,854455.259,854455.259,0.0,854455.259,0.0,0.0,0.0,0.0,0.0,0.0,0.0,0.0,0.0,0.0,0.0,0.0,Nicole Malliotakis,Malliotakis,Republican
3611,2016,884607.6939999999,884607.6939999999,0.0,884607.6939999999,0.0,0.0,0.0,0.0,0.0,0.0,0.0,0.0,0.0,0.0,0.0,0.0,Nicole Malliotakis,Malliotakis,Republican
3611,2017,691325.9739999999,691325.9739999999,0.0,691325.9739999999,0.0,0.0,0.0,0.0,0.0,0.0,0.0,0.0,0.0,0.0,0.0,0.0,Nicole Malliotakis,Malliotakis,Republican
3611,2018,804487.181,804487.181,0.0,804487.181,0.0,0.0,0.0,0.0,0.0,0.0,0.0,0.0,0.0,0.0,0.0,0.0,Nicole Malliotakis,Malliotakis,Republican
3611,2019,728068.611,728068.611,0.0,728068.611,0.0,0.0,0.0,0.0,0.0,0.0,0.0,0.0,0.0,0.0,0.0,0.0,Nicole Malliotakis,Malliotakis,Republican
3611,2020,715100.4670000001,715100.4670000001,0.0,715100.4670000001,0.0,0.0,0.0,0.0,0.0,0.0,0.0,0.0,0.0,0.0,0.0,0.0,Nicole Malliotakis,Malliotakis,Republican
3611,2021,754505.594,754505.594,0.0,754505.594,0.0,0.0,0.0,0.0,0.0,0.0,0.0,0.0,0.0,0.0,0.0,0.0,Nicole Malliotakis,Malliotakis,Republican
3611,2022,839432.087,839432.087,0.0,839432.087,0.0,0.0,0.0,0.0,0.0,0.0,0.0,0.0,0.0,0.0,0.0,0.0,Nicole Malliotakis,Malliotakis,Republican
3611,2023,854650.642,854650.642,0.0,854650.642,0.0,0.0,0.0,0.0,0.0,0.0,0.0,0.0,0.0,0.0,0.0,0.0,Nicole Malliotakis,Malliotakis,Republican
3612,2010,3189084.074,3189084.074,0.0,3189084.074,0.0,0.0,0.0,0.0,0.0,0.0,0.0,0.0,0.0,0.0,0.0,0.0,Jerrold Nadler,Nadler,Democrat
3612,2011,3026641.684,3026641.684,0.0,2842461.004,0.0,0.0,0.0,0.0,184180.68,0.0,0.0,0.0,0.0,0.0,0.0,0.0,Jerrold Nadler,Nadler,Democrat
3612,2012,10807015.51,2923454.5100000002,7883561.0,2743612.6700000004,0.0,0.0,0.0,0.0,179841.84,0.0,0.0,0.0,7883561.0,0.0,0.0,0.0,Jerrold Nadler,Nadler,Democrat
3612,2013,10118817.226,3060217.0960000004,7058600.13,2888528.5360000003,0.0,0.0,0.0,0.0,171688.56,0.0,0.0,0.0,7058600.13,0.0,0.0,0.0,Jerrold Nadler,Nadler,Democrat
3612,2014,7508611.178,2871977.878,4636633.3,2706908.1580000003,0.0,0.0,0.0,0.0,165069.72,0.0,0.0,0.0,4636633.3,0.0,0.0,0.0,Jerrold Nadler,Nadler,Democrat
3612,2015,11866847.330691399,2871547.782,8995299.5486914,2739743.262,0.0,0.0,0.0,0.0,131804.52,0.0,0.0,0.0,8995299.5486914,0.0,0.0,0.0,Jerrold Nadler,Nadler,Democrat
3612,2016,12628911.9839,2794215.604,9834696.3799,2687607.364,0.0,0.0,0.0,0.0,106608.24,0.0,0.0,0.0,9834696.3799,0.0,0.0,0.0,Jerrold Nadler,Nadler,Democrat
3612,2017,14813237.6773,2719426.174,12093811.5033,2636279.134,0.0,0.0,0.0,0.0,83147.04,0.0,0.0,0.0,12093811.5033,0.0,0.0,0.0,Jerrold Nadler,Nadler,Democrat
3612,2018,8022037.266,2782307.166,5239730.1,2707564.206,0.0,0.0,0.0,0.0,74742.96,0.0,0.0,0.0,5239730.1,0.0,0.0,0.0,Jerrold Nadler,Nadler,Democrat
3612,2019,12753149.618,2643095.558,10110054.059999999,2559820.838,0.0,0.0,0.0,0.0,83274.72,0.0,0.0,0.0,10110054.059999999,0.0,0.0,0.0,Jerrold Nadler,Nadler,Democrat
3612,2020,10132946.999,2496346.602,7636600.397,2431601.442,0.0,0.0,0.0,0.0,64745.16,0.0,0.0,0.0,7636600.397,0.0,0.0,0.0,Jerrold Nadler,Nadler,Democrat
3612,2021,6874370.7836,2646058.1836,4228312.6,2524732.77,61462.372,0.0,0.0,0.0,59863.0416,0.0,0.0,0.0,4228312.6,0.0,0.0,0.0,Jerrold Nadler,Nadler,Democrat
3612,2022,8338245.8912,2718125.6912,5620120.2,2557993.982,99097.956,0.0,0.0,0.0,61033.7532,0.0,0.0,0.0,5620120.2,0.0,0.0,0.0,Jerrold Nadler,Nadler,Democrat
3612,2023,13006915.63938,2633252.814,10373662.825380001,2500338.06,84618.084,0.0,0.0,0.0,48296.67,0.0,0.0,0.0,10373662.825380001,0.0,0.0,0.0,Jerrold Nadler,Nadler,Democrat
3613,2010,231338.66999999998,231338.66999999998,0.0,231338.66999999998,0.0,0.0,0.0,0.0,0.0,0.0,0.0,0.0,0.0,0.0,0.0,0.0,Adriano Espaillat,Espaillat,Democrat
3613,2011,133576.738,133576.738,0.0,133576.738,0.0,0.0,0.0,0.0,0.0,0.0,0.0,0.0,0.0,0.0,0.0,0.0,Adriano Espaillat,Espaillat,Democrat
3613,2012,115550.036,115550.036,0.0,115550.036,0.0,0.0,0.0,0.0,0.0,0.0,0.0,0.0,0.0,0.0,0.0,0.0,Adriano Espaillat,Espaillat,Democrat
3613,2013,81632.61200000001,81632.61200000001,0.0,81632.61200000001,0.0,0.0,0.0,0.0,0.0,0.0,0.0,0.0,0.0,0.0,0.0,0.0,Adriano Espaillat,Espaillat,Democrat
3613,2014,104188.162,104188.162,0.0,104188.162,0.0,0.0,0.0,0.0,0.0,0.0,0.0,0.0,0.0,0.0,0.0,0.0,Adriano Espaillat,Espaillat,Democrat
3613,2015,97188.076,97188.076,0.0,97188.076,0.0,0.0,0.0,0.0,0.0,0.0,0.0,0.0,0.0,0.0,0.0,0.0,Adriano Espaillat,Espaillat,Democrat
3613,2016,109941.22200000001,109941.22200000001,0.0,109941.22200000001,0.0,0.0,0.0,0.0,0.0,0.0,0.0,0.0,0.0,0.0,0.0,0.0,Adriano Espaillat,Espaillat,Democrat
3613,2017,112827.47200000001,112827.47200000001,0.0,112827.47200000001,0.0,0.0,0.0,0.0,0.0,0.0,0.0,0.0,0.0,0.0,0.0,0.0,Adriano Espaillat,Espaillat,Democrat
3613,2018,129020.894,129020.894,0.0,129020.894,0.0,0.0,0.0,0.0,0.0,0.0,0.0,0.0,0.0,0.0,0.0,0.0,Adriano Espaillat,Espaillat,Democrat
3613,2019,128356.16399999999,128356.16399999999,0.0,128356.16399999999,0.0,0.0,0.0,0.0,0.0,0.0,0.0,0.0,0.0,0.0,0.0,0.0,Adriano Espaillat,Espaillat,Democrat
3613,2020,106182.592,106182.592,0.0,106182.592,0.0,0.0,0.0,0.0,0.0,0.0,0.0,0.0,0.0,0.0,0.0,0.0,Adriano Espaillat,Espaillat,Democrat
3613,2021,96893.47200000001,96893.47200000001,0.0,96893.47200000001,0.0,0.0,0.0,0.0,0.0,0.0,0.0,0.0,0.0,0.0,0.0,0.0,Adriano Espaillat,Espaillat,Democrat
3613,2022,108730.402,108730.402,0.0,108730.402,0.0,0.0,0.0,0.0,0.0,0.0,0.0,0.0,0.0,0.0,0.0,0.0,Adriano Espaillat,Espaillat,Democrat
3613,2023,102382.6,102382.6,0.0,102382.6,0.0,0.0,0.0,0.0,0.0,0.0,0.0,0.0,0.0,0.0,0.0,0.0,Adriano Espaillat,Espaillat,Democrat
3614,2010,3929953.088,3929953.088,0.0,3929953.088,0.0,0.0,0.0,0.0,0.0,0.0,0.0,0.0,0.0,0.0,0.0,0.0,Alexandria Ocasio-Cortez,Ocasio-Cortez,Democrat
3614,2011,4218193.859,4218193.859,0.0,4218193.859,0.0,0.0,0.0,0.0,0.0,0.0,0.0,0.0,0.0,0.0,0.0,0.0,Alexandria Ocasio-Cortez,Ocasio-Cortez,Democrat
3614,2012,4954501.429,4954501.429,0.0,4954501.429,0.0,0.0,0.0,0.0,0.0,0.0,0.0,0.0,0.0,0.0,0.0,0.0,Alexandria Ocasio-Cortez,Ocasio-Cortez,Democrat
3614,2013,4541547.634,4541547.634,0.0,4541547.634,0.0,0.0,0.0,0.0,0.0,0.0,0.0,0.0,0.0,0.0,0.0,0.0,Alexandria Ocasio-Cortez,Ocasio-Cortez,Democrat
3614,2014,4883093.427,4883093.427,0.0,4883093.427,0.0,0.0,0.0,0.0,0.0,0.0,0.0,0.0,0.0,0.0,0.0,0.0,Alexandria Ocasio-Cortez,Ocasio-Cortez,Democrat
3614,2015,4691905.7,4691905.7,0.0,4691905.7,0.0,0.0,0.0,0.0,0.0,0.0,0.0,0.0,0.0,0.0,0.0,0.0,Alexandria Ocasio-Cortez,Ocasio-Cortez,Democrat
3614,2016,4363076.005,4363076.005,0.0,4363076.005,0.0,0.0,0.0,0.0,0.0,0.0,0.0,0.0,0.0,0.0,0.0,0.0,Alexandria Ocasio-Cortez,Ocasio-Cortez,Democrat
3614,2017,3942426.386,3942426.386,0.0,3942426.386,0.0,0.0,0.0,0.0,0.0,0.0,0.0,0.0,0.0,0.0,0.0,0.0,Alexandria Ocasio-Cortez,Ocasio-Cortez,Democrat
3614,2018,4365245.66,4365245.66,0.0,4365245.66,0.0,0.0,0.0,0.0,0.0,0.0,0.0,0.0,0.0,0.0,0.0,0.0,Alexandria Ocasio-Cortez,Ocasio-Cortez,Democrat
3614,2019,4038589.329,4038589.329,0.0,4038589.329,0.0,0.0,0.0,0.0,0.0,0.0,0.0,0.0,0.0,0.0,0.0,0.0,Alexandria Ocasio-Cortez,Ocasio-Cortez,Democrat
3614,2020,3841348.246,3841348.246,0.0,3841348.246,0.0,0.0,0.0,0.0,0.0,0.0,0.0,0.0,0.0,0.0,0.0,0.0,Alexandria Ocasio-Cortez,Ocasio-Cortez,Democrat
3614,2021,4055771.802,4055771.802,0.0,4055771.802,0.0,0.0,0.0,0.0,0.0,0.0,0.0,0.0,0.0,0.0,0.0,0.0,Alexandria Ocasio-Cortez,Ocasio-Cortez,Democrat
3614,2022,4738528.608,4738528.608,0.0,4738528.608,0.0,0.0,0.0,0.0,0.0,0.0,0.0,0.0,0.0,0.0,0.0,0.0,Alexandria Ocasio-Cortez,Ocasio-Cortez,Democrat
3614,2023,5105534.814,5105534.814,0.0,5105534.814,0.0,0.0,0.0,0.0,0.0,0.0,0.0,0.0,0.0,0.0,0.0,0.0,Alexandria Ocasio-Cortez,Ocasio-Cortez,Democrat
3615,2010,51350.988,51350.988,0.0,51350.988,0.0,0.0,0.0,0.0,0.0,0.0,0.0,0.0,0.0,0.0,0.0,0.0,Ritchie Torres,Torres,Democrat
3615,2011,46862.498,46862.498,0.0,46862.498,0.0,0.0,0.0,0.0,0.0,0.0,0.0,0.0,0.0,0.0,0.0,0.0,Ritchie Torres,Torres,Democrat
3615,2012,81991.472,81991.472,0.0,81991.472,0.0,0.0,0.0,0.0,0.0,0.0,0.0,0.0,0.0,0.0,0.0,0.0,Ritchie Torres,Torres,Democrat
3615,2013,77879.928,77879.928,0.0,77879.928,0.0,0.0,0.0,0.0,0.0,0.0,0.0,0.0,0.0,0.0,0.0,0.0,Ritchie Torres,Torres,Democrat
3615,2014,59532.086,59532.086,0.0,59532.086,0.0,0.0,0.0,0.0,0.0,0.0,0.0,0.0,0.0,0.0,0.0,0.0,Ritchie Torres,Torres,Democrat
3615,2015,58063.168,58063.168,0.0,58063.168,0.0,0.0,0.0,0.0,0.0,0.0,0.0,0.0,0.0,0.0,0.0,0.0,Ritchie Torres,Torres,Democrat
3615,2016,39572.880000000005,39572.880000000005,0.0,39572.880000000005,0.0,0.0,0.0,0.0,0.0,0.0,0.0,0.0,0.0,0.0,0.0,0.0,Ritchie Torres,Torres,Democrat
3615,2017,33975.642,33975.642,0.0,33975.642,0.0,0.0,0.0,0.0,0.0,0.0,0.0,0.0,0.0,0.0,0.0,0.0,Ritchie Torres,Torres,Democrat
3615,2018,8360.154,8360.154,0.0,8360.154,0.0,0.0,0.0,0.0,0.0,0.0,0.0,0.0,0.0,0.0,0.0,0.0,Ritchie Torres,Torres,Democrat
3615,2019,38755.212,38755.212,0.0,38755.212,0.0,0.0,0.0,0.0,0.0,0.0,0.0,0.0,0.0,0.0,0.0,0.0,Ritchie Torres,Torres,Democrat
3615,2020,32757.362,32757.362,0.0,32757.362,0.0,0.0,0.0,0.0,0.0,0.0,0.0,0.0,0.0,0.0,0.0,0.0,Ritchie Torres,Torres,Democrat
3615,2021,32237.84,32237.84,0.0,32237.84,0.0,0.0,0.0,0.0,0.0,0.0,0.0,0.0,0.0,0.0,0.0,0.0,Ritchie Torres,Torres,Democrat
3615,2022,30044.79,30044.79,0.0,30044.79,0.0,0.0,0.0,0.0,0.0,0.0,0.0,0.0,0.0,0.0,0.0,0.0,Ritchie Torres,Torres,Democrat
3615,2023,29895.164,29895.164,0.0,29895.164,0.0,0.0,0.0,0.0,0.0,0.0,0.0,0.0,0.0,0.0,0.0,0.0,Ritchie Torres,Torres,Democrat
3616,2010,292078.762,292078.762,0.0,292078.762,0.0,0.0,0.0,0.0,0.0,0.0,0.0,0.0,0.0,0.0,0.0,0.0,George Latimer,Latimer,Democrat
3616,2011,245048.934,245048.934,0.0,245048.934,0.0,0.0,0.0,0.0,0.0,0.0,0.0,0.0,0.0,0.0,0.0,0.0,George Latimer,Latimer,Democrat
3616,2012,8604338.254,182576.25400000002,8421762.0,182576.25400000002,0.0,0.0,0.0,0.0,0.0,0.0,0.0,0.0,8421762.0,0.0,0.0,0.0,George Latimer,Latimer,Democrat
3616,2013,3691103.759509,177460.296,3513643.463509,177460.296,0.0,0.0,0.0,0.0,0.0,0.0,0.0,0.0,3513643.463509,0.0,0.0,0.0,George Latimer,Latimer,Democrat
3616,2014,1790795.892,185985.29200000002,1604810.6,185985.29200000002,0.0,0.0,0.0,0.0,0.0,0.0,0.0,0.0,1604810.6,0.0,0.0,0.0,George Latimer,Latimer,Democrat
3616,2015,1478329.594,189396.494,1288933.1,189396.494,0.0,0.0,0.0,0.0,0.0,0.0,0.0,0.0,1288933.1,0.0,0.0,0.0,George Latimer,Latimer,Democrat
3616,2016,190686.72999999998,190686.72999999998,0.0,190686.72999999998,0.0,0.0,0.0,0.0,0.0,0.0,0.0,0.0,0.0,0.0,0.0,0.0,George Latimer,Latimer,Democrat
3616,2017,173308.44,173308.44,0.0,173308.44,0.0,0.0,0.0,0.0,0.0,0.0,0.0,0.0,0.0,0.0,0.0,0.0,George Latimer,Latimer,Democrat
3616,2018,182193.718,182193.718,0.0,182193.718,0.0,0.0,0.0,0.0,0.0,0.0,0.0,0.0,0.0,0.0,0.0,0.0,George Latimer,Latimer,Democrat
3616,2019,159605.124,159605.124,0.0,159605.124,0.0,0.0,0.0,0.0,0.0,0.0,0.0,0.0,0.0,0.0,0.0,0.0,George Latimer,Latimer,Democrat
3616,2020,248658.258,248658.258,0.0,248658.258,0.0,0.0,0.0,0.0,0.0,0.0,0.0,0.0,0.0,0.0,0.0,0.0,George Latimer,Latimer,Democrat
3616,2021,216455.748,216455.748,0.0,216455.748,0.0,0.0,0.0,0.0,0.0,0.0,0.0,0.0,0.0,0.0,0.0,0.0,George Latimer,Latimer,Democrat
3616,2022,227991.418,227991.418,0.0,227991.418,0.0,0.0,0.0,0.0,0.0,0.0,0.0,0.0,0.0,0.0,0.0,0.0,George Latimer,Latimer,Democrat
3616,2023,239705.242,239705.242,0.0,239705.242,0.0,0.0,0.0,0.0,0.0,0.0,0.0,0.0,0.0,0.0,0.0,0.0,George Latimer,Latimer,Democrat
3617,2010,2200568.9,870549.0,1330019.9,870549.0,0.0,0.0,0.0,0.0,0.0,0.0,0.0,0.0,0.0,1330019.9,0.0,0.0,Michael Lawler,Lawler,Republican
3617,2011,2257781.4202263,925989.6202263,1331791.8,900674.1202263,0.0,0.0,0.0,25315.5,0.0,0.0,0.0,0.0,0.0,1331791.8,0.0,0.0,Michael Lawler,Lawler,Republican
3617,2012,2245906.9645817,1015347.3645817,1230559.6,991155.7645817,0.0,0.0,0.0,24191.6,0.0,0.0,0.0,0.0,0.0,1230559.6,0.0,0.0,Michael Lawler,Lawler,Republican
3617,2013,3000454.8995913,1539743.2995913,1460711.6,1516339.4495913,0.0,0.0,0.0,23403.85,0.0,0.0,0.0,0.0,0.0,1460711.6,0.0,0.0,Michael Lawler,Lawler,Republican
3617,2014,3550275.7776985,1713068.1776985,1837207.6,1690199.1776985,0.0,0.0,0.0,22869.0,0.0,0.0,0.0,0.0,0.0,1837207.6,0.0,0.0,Michael Lawler,Lawler,Republican
3617,2015,3332540.5410985,1721760.8410985,1610779.7,1700437.7410985,0.0,0.0,0.0,21323.1,0.0,0.0,0.0,0.0,0.0,1610779.7,0.0,0.0,Michael Lawler,Lawler,Republican
3617,2016,3070668.3257979,1593151.4257979,1477516.9,1593151.4257979,0.0,0.0,0.0,0.0,0.0,0.0,0.0,0.0,0.0,1477516.9,0.0,0.0,Michael Lawler,Lawler,Republican
3617,2017,2937326.5631999997,1469124.3632,1468202.2,1469124.3632,0.0,0.0,0.0,0.0,0.0,0.0,0.0,0.0,0.0,1468202.2,0.0,0.0,Michael Lawler,Lawler,Republican
3617,2018,2511065.5800976004,1098234.9800976,1412830.6,1098234.9800976,0.0,0.0,0.0,0.0,0.0,0.0,0.0,0.0,0.0,1412830.6,0.0,0.0,Michael Lawler,Lawler,Republican
3617,2019,2313124.2895017997,911289.4895017999,1401834.8,911289.4895017999,0.0,0.0,0.0,0.0,0.0,0.0,0.0,0.0,0.0,1401834.8,0.0,0.0,Michael Lawler,Lawler,Republican
3617,2020,2509182.8645961,1121626.3645961,1387556.5,1121626.3645961,0.0,0.0,0.0,0.0,0.0,0.0,0.0,0.0,0.0,1387556.5,0.0,0.0,Michael Lawler,Lawler,Republican
3617,2021,2762421.2780006,1310294.4780006,1452126.8,1310294.4780006,0.0,0.0,0.0,0.0,0.0,0.0,0.0,0.0,0.0,1452126.8,0.0,0.0,Michael Lawler,Lawler,Republican
3617,2022,3133892.563382,1712389.863382,1421502.7,1712389.863382,0.0,0.0,0.0,0.0,0.0,0.0,0.0,0.0,0.0,1421502.7,0.0,0.0,Michael Lawler,Lawler,Republican
3617,2023,2571005.0029204,1316532.1029204,1254472.9,1316532.1029204,0.0,0.0,0.0,0.0,0.0,0.0,0.0,0.0,0.0,1254472.9,0.0,0.0,Michael Lawler,Lawler,Republican
3618,2010,3268383.458,2193705.858,1074677.6,2193705.858,0.0,0.0,0.0,0.0,0.0,0.0,0.0,0.0,0.0,1074677.6,0.0,0.0,Patrick Ryan,Ryan,Democrat
3618,2011,2457376.897,1382699.297,1074677.6,1347089.297,0.0,0.0,0.0,35610.0,0.0,0.0,0.0,0.0,0.0,1074677.6,0.0,0.0,Patrick Ryan,Ryan,Democrat
3618,2012,1883305.41,895383.21,987922.2,860596.46,0.0,0.0,0.0,34786.75,0.0,0.0,0.0,0.0,0.0,987922.2,0.0,0.0,Patrick Ryan,Ryan,Democrat
3618,2013,1548689.2889999999,545592.0889999999,1003097.2,516896.089,0.0,0.0,0.0,28696.0,0.0,0.0,0.0,0.0,0.0,1003097.2,0.0,0.0,Patrick Ryan,Ryan,Democrat
3618,2014,1681387.9000000001,684821.2000000001,996566.7,651011.25,0.0,0.0,0.0,33809.95,0.0,0.0,0.0,0.0,0.0,996566.7,0.0,0.0,Patrick Ryan,Ryan,Democrat
3618,2015,1812816.7380000001,788825.0380000001,1023991.7,757408.2980000001,0.0,0.0,0.0,28628.3,2788.44,0.0,0.0,0.0,0.0,1023991.7,0.0,0.0,Patrick Ryan,Ryan,Democrat
3618,2016,1610259.758,604581.858,1005677.9,575528.188,0.0,0.0,0.0,26034.95,3018.72,0.0,0.0,0.0,0.0,1005677.9,0.0,0.0,Patrick Ryan,Ryan,Democrat
3618,2017,1585060.76,583420.56,1001640.2,555692.34,0.0,0.0,0.0,24903.3,2824.92,0.0,0.0,0.0,0.0,1001640.2,0.0,0.0,Patrick Ryan,Ryan,Democrat
3618,2018,2322538.494,1232864.594,1089673.9,1203772.7480000001,0.0,0.0,0.0,23483.046,5608.8,0.0,0.0,0.0,0.0,1089673.9,0.0,0.0,Patrick Ryan,Ryan,Democrat
3618,2019,3051689.156,2044641.256,1007047.9,2016694.0159999998,0.0,0.0,0.0,22126.4,5820.84,0.0,0.0,0.0,0.0,1007047.9,0.0,0.0,Patrick Ryan,Ryan,Democrat
3618,2020,4754850.3156,3743182.4156,1011667.9,3719785.81,0.0,0.0,0.0,19547.35,3849.2556,0.0,0.0,0.0,0.0,1011667.9,0.0,0.0,Patrick Ryan,Ryan,Democrat
3618,2021,4995199.678400001,3926672.8784,1068526.8,3907243.164,0.0,0.0,0.0,17236.4,2193.3144,0.0,0.0,0.0,0.0,1068526.8,0.0,0.0,Patrick Ryan,Ryan,Democrat
3618,2022,5632169.8228,4448460.4228,1183709.4,4431704.998,0.0,0.0,0.0,15348.3,1407.1248,0.0,0.0,0.0,0.0,1183709.4,0.0,0.0,Patrick Ryan,Ryan,Democrat
3618,2023,5134191.7784,4019401.3784000003,1114790.4,4000352.88,0.0,0.0,0.0,13653.95,5394.5484,0.0,0.0,0.0,0.0,1114790.4,0.0,0.0,Patrick Ryan,Ryan,Democrat
3619,2010,8953930.054,6094619.654,2859310.4,6094619.654,0.0,0.0,0.0,0.0,0.0,0.0,0.0,0.0,0.0,2859310.4,0.0,0.0,Josh Riley,Riley,Democrat
3619,2011,7246127.704,4295074.004,2951053.7,4100152.056,0.0,0.0,0.0,194921.948,0.0,0.0,0.0,0.0,0.0,2951053.7,0.0,0.0,Josh Riley,Riley,Democrat
3619,2012,6936597.178,4246325.978,2690271.2,4196433.778,0.0,0.0,0.0,49892.2,0.0,0.0,0.0,0.0,0.0,2690271.2,0.0,0.0,Josh Riley,Riley,Democrat
3619,2013,6545181.1280000005,3622145.328,2923035.8,3563453.978,0.0,0.0,0.0,51224.35,7467.0,0.0,0.0,0.0,0.0,2923035.8,0.0,0.0,Josh Riley,Riley,Democrat
3619,2014,6442437.324,3293819.324,3148618.0,3233343.324,0.0,0.0,0.0,55688.0,4788.0,0.0,0.0,0.0,0.0,3148618.0,0.0,0.0,Josh Riley,Riley,Democrat
3619,2015,6406534.466,3416143.566,2990390.9,3368000.936,0.0,0.0,0.0,44708.95,3433.68,0.0,0.0,0.0,0.0,2990390.9,0.0,0.0,Josh Riley,Riley,Democrat
3619,2016,5770806.112000001,2905837.7120000003,2864968.4,2863974.662,0.0,0.0,0.0,41863.05,0.0,0.0,0.0,0.0,0.0,2864968.4,0.0,0.0,Josh Riley,Riley,Democrat
3619,2017,5639945.192,2726003.192,2913942.0,2685648.5919999997,0.0,0.0,0.0,40354.6,0.0,0.0,0.0,0.0,0.0,2913942.0,0.0,0.0,Josh Riley,Riley,Democrat
3619,2018,6040112.836,2957363.536,3082749.3,2918581.0859999997,0.0,0.0,0.0,38782.45,0.0,0.0,0.0,0.0,0.0,3082749.3,0.0,0.0,Josh Riley,Riley,Democrat
3619,2019,5789610.942,2726835.042,3062775.9,2687022.642,0.0,0.0,0.0,39812.4,0.0,0.0,0.0,0.0,0.0,3062775.9,0.0,0.0,Josh Riley,Riley,Democrat
3619,2020,4842738.518,2030540.718,2812197.8,1992905.068,0.0,0.0,0.0,37635.65,0.0,0.0,0.0,0.0,0.0,2812197.8,0.0,0.0,Josh Riley,Riley,Democrat
3619,2021,5051656.132,2228669.432,2822986.7,2192050.982,0.0,0.0,0.0,36618.45,0.0,0.0,0.0,0.0,0.0,2822986.7,0.0,0.0,Josh Riley,Riley,Democrat
3619,2022,6131180.002,3173800.9020000002,2957379.1,3138192.252,0.0,0.0,0.0,35608.65,0.0,0.0,0.0,0.0,0.0,2957379.1,0.0,0.0,Josh Riley,Riley,Democrat
3619,2023,4997249.716,2296072.816,2701176.9,2262525.566,0.0,0.0,0.0,33547.25,0.0,0.0,0.0,0.0,0.0,2701176.9,0.0,0.0,Josh Riley,Riley,Democrat
3620,2010,3331286.542,3331286.542,0.0,3331286.542,0.0,0.0,0.0,0.0,0.0,0.0,0.0,0.0,0.0,0.0,0.0,0.0,Paul Tonko,Tonko,Democrat
3620,2011,4445391.8379999995,4445391.8379999995,0.0,4445391.8379999995,0.0,0.0,0.0,0.0,0.0,0.0,0.0,0.0,0.0,0.0,0.0,0.0,Paul Tonko,Tonko,Democrat
3620,2012,4623705.7035883,4623705.7035883,0.0,4623705.7035883,0.0,0.0,0.0,0.0,0.0,0.0,0.0,0.0,0.0,0.0,0.0,0.0,Paul Tonko,Tonko,Democrat
3620,2013,4171658.8642976,4171658.8642976,0.0,4171658.8642976,0.0,0.0,0.0,0.0,0.0,0.0,0.0,0.0,0.0,0.0,0.0,0.0,Paul Tonko,Tonko,Democrat
3620,2014,4053793.9991033,4053793.9991033,0.0,4053793.9991033,0.0,0.0,0.0,0.0,0.0,0.0,0.0,0.0,0.0,0.0,0.0,0.0,Paul Tonko,Tonko,Democrat
3620,2015,4615019.2860039,4615019.2860039,0.0,4615019.2860039,0.0,0.0,0.0,0.0,0.0,0.0,0.0,0.0,0.0,0.0,0.0,0.0,Paul Tonko,Tonko,Democrat
3620,2016,4340179.7231042,4340179.7231042,0.0,4340179.7231042,0.0,0.0,0.0,0.0,0.0,0.0,0.0,0.0,0.0,0.0,0.0,0.0,Paul Tonko,Tonko,Democrat
3620,2017,3770555.0111075,3770555.0111075,0.0,3770555.0111075,0.0,0.0,0.0,0.0,0.0,0.0,0.0,0.0,0.0,0.0,0.0,0.0,Paul Tonko,Tonko,Democrat
3620,2018,3735286.005409,3735286.005409,0.0,3735286.005409,0.0,0.0,0.0,0.0,0.0,0.0,0.0,0.0,0.0,0.0,0.0,0.0,Paul Tonko,Tonko,Democrat
3620,2019,3497357.7929093,3497357.7929093,0.0,3497357.7929093,0.0,0.0,0.0,0.0,0.0,0.0,0.0,0.0,0.0,0.0,0.0,0.0,Paul Tonko,Tonko,Democrat
3620,2020,3814408.462909,3814408.462909,0.0,3814408.462909,0.0,0.0,0.0,0.0,0.0,0.0,0.0,0.0,0.0,0.0,0.0,0.0,Paul Tonko,Tonko,Democrat
3620,2021,4179517.6495096,4179517.6495096,0.0,4179517.6495096,0.0,0.0,0.0,0.0,0.0,0.0,0.0,0.0,0.0,0.0,0.0,0.0,Paul Tonko,Tonko,Democrat
3620,2022,4063254.1835105,4063254.1835105,0.0,4063254.1835105,0.0,0.0,0.0,0.0,0.0,0.0,0.0,0.0,0.0,0.0,0.0,0.0,Paul Tonko,Tonko,Democrat
3620,2023,4209105.7470102,4209105.7470102,0.0,4209105.7470102,0.0,0.0,0.0,0.0,0.0,0.0,0.0,0.0,0.0,0.0,0.0,0.0,Paul Tonko,Tonko,Democrat
3621,2010,2524875.3645,2133199.2645,391676.1,2133199.2645,0.0,0.0,0.0,0.0,0.0,0.0,0.0,0.0,0.0,391676.1,0.0,0.0,Elise M. Stefanik,Stefanik,Republican
3621,2011,3419659.02325,3020348.22325,399310.8,3002069.46325,0.0,0.0,0.0,0.0,18278.76,0.0,0.0,0.0,0.0,399310.8,0.0,0.0,Elise M. Stefanik,Stefanik,Republican
3621,2012,3382354.0225,3023816.6225,358537.4,3012263.8625,0.0,0.0,0.0,0.0,11552.76,0.0,0.0,0.0,0.0,358537.4,0.0,0.0,Elise M. Stefanik,Stefanik,Republican
3621,2013,3539104.512,3153411.212,385693.3,3129006.0919999997,0.0,0.0,0.0,0.0,24405.12,0.0,0.0,0.0,0.0,385693.3,0.0,0.0,Elise M. Stefanik,Stefanik,Republican
3621,2014,2932681.759,2537514.759,395167.0,2502236.319,0.0,0.0,0.0,0.0,35278.44,0.0,0.0,0.0,0.0,395167.0,0.0,0.0,Elise M. Stefanik,Stefanik,Republican
3621,2015,2643292.286,2265172.586,378119.7,2234857.7060000002,0.0,0.0,0.0,0.0,30314.88,0.0,0.0,0.0,0.0,378119.7,0.0,0.0,Elise M. Stefanik,Stefanik,Republican
3621,2016,2458803.939,2072515.239,386288.7,2045640.879,0.0,0.0,0.0,0.0,26874.36,0.0,0.0,0.0,0.0,386288.7,0.0,0.0,Elise M. Stefanik,Stefanik,Republican
3621,2017,2291019.097,1912012.797,379006.3,1890687.957,0.0,0.0,0.0,0.0,21324.84,0.0,0.0,0.0,0.0,379006.3,0.0,0.0,Elise M. Stefanik,Stefanik,Republican
3621,2018,2354671.683,1949245.683,405426.0,1928488.563,0.0,0.0,0.0,0.0,20757.12,0.0,0.0,0.0,0.0,405426.0,0.0,0.0,Elise M. Stefanik,Stefanik,Republican
3621,2019,2316284.861,1902276.4610000001,414008.4,1873692.101,0.0,0.0,0.0,0.0,28584.36,0.0,0.0,0.0,0.0,414008.4,0.0,0.0,Elise M. Stefanik,Stefanik,Republican
3621,2020,1976437.15,1597785.35,378651.8,1585124.51,0.0,0.0,0.0,0.0,12660.84,0.0,0.0,0.0,0.0,378651.8,0.0,0.0,Elise M. Stefanik,Stefanik,Republican
3621,2021,2188149.5244,1794766.6244,393382.9,1782499.472,0.0,0.0,0.0,0.0,12267.1524,0.0,0.0,0.0,0.0,393382.9,0.0,0.0,Elise M. Stefanik,Stefanik,Republican
3621,2022,2258829.3988,1859567.8988,399261.5,1822942.07,0.0,0.0,0.0,0.0,36625.8288,0.0,0.0,0.0,0.0,399261.5,0.0,0.0,Elise M. Stefanik,Stefanik,Republican
3621,2023,2045644.3432,1658165.0432,387479.3,1626324.41,0.0,0.0,0.0,0.0,31840.6332,0.0,0.0,0.0,0.0,387479.3,0.0,0.0,Elise M. Stefanik,Stefanik,Republican
3622,2010,8644833.144,1011459.044,7633374.1,1011459.044,0.0,0.0,0.0,0.0,0.0,0.0,0.0,0.0,0.0,7633374.1,0.0,0.0,John W. Mannion,Mannion,Democrat
3622,2011,8817993.889999999,1162657.79,7655336.1,909228.52,0.0,0.0,0.0,227200.15,26229.12,0.0,0.0,0.0,0.0,7655336.1,0.0,0.0,John W. Mannion,Mannion,Democrat
3622,2012,9389517.167,1164588.367,8224928.8,924771.5769999999,0.0,0.0,0.0,221592.75,18224.04,0.0,0.0,0.0,0.0,8224928.8,0.0,0.0,John W. Mannion,Mannion,Democrat
3622,2013,10065087.853,1087619.553,8977468.3,853519.033,0.0,0.0,0.0,215235.8,18864.72,0.0,0.0,0.0,0.0,8977468.3,0.0,0.0,John W. Mannion,Mannion,Democrat
3622,2014,10737538.714,972894.6140000001,9764644.1,756270.104,0.0,0.0,0.0,209814.15,6810.36,0.0,0.0,0.0,0.0,9764644.1,0.0,0.0,John W. Mannion,Mannion,Democrat
3622,2015,10911558.282000002,1052937.182,9858621.1,838187.392,0.0,0.0,0.0,203217.55,11532.24,0.0,0.0,0.0,0.0,9858621.1,0.0,0.0,John W. Mannion,Mannion,Democrat
3622,2016,9791578.770000001,989762.97,8801815.8,768596.89,0.0,0.0,0.0,201362.0,19804.08,0.0,0.0,0.0,0.0,8801815.8,0.0,0.0,John W. Mannion,Mannion,Democrat
3622,2017,9508577.55,924227.45,8584350.1,731640.8,0.0,0.0,0.0,192586.65,0.0,0.0,0.0,0.0,0.0,8584350.1,0.0,0.0,John W. Mannion,Mannion,Democrat
3622,2018,10367919.748000002,980263.248,9387656.5,794021.948,0.0,0.0,0.0,186241.3,0.0,0.0,0.0,0.0,0.0,9387656.5,0.0,0.0,John W. Mannion,Mannion,Democrat
3622,2019,10147009.186,900467.186,9246542.0,721279.636,0.0,0.0,0.0,179187.55,0.0,0.0,0.0,0.0,0.0,9246542.0,0.0,0.0,John W. Mannion,Mannion,Democrat
3622,2020,9018381.066000002,893788.666,8124592.4,718030.416,0.0,0.0,0.0,175758.25,0.0,0.0,0.0,0.0,0.0,8124592.4,0.0,0.0,John W. Mannion,Mannion,Democrat
3622,2021,9032110.282,932142.782,8099967.5,762097.432,0.0,0.0,0.0,170045.35,0.0,0.0,0.0,0.0,0.0,8099967.5,0.0,0.0,John W. Mannion,Mannion,Democrat
3622,2022,9336669.958800001,950239.0588,8386430.9,758792.0179999999,0.0,0.0,0.0,164134.1,27312.9408,0.0,0.0,0.0,0.0,8386430.9,0.0,0.0,John W. Mannion,Mannion,Democrat
3622,2023,8791931.1404,924950.0404,7866981.1,746447.896,0.0,0.0,0.0,163247.85,15254.2944,0.0,0.0,0.0,0.0,7866981.1,0.0,0.0,John W. Mannion,Mannion,Democrat
3623,2010,3792471.8575580004,3786803.8575580004,5668.0,3786803.8575580004,0.0,0.0,0.0,0.0,0.0,0.0,0.0,0.0,0.0,5668.0,0.0,0.0,Nicholas A. Langworthy,Langworthy,Republican
3623,2011,3289690.865598,3104806.6655980004,184884.2,2959317.779598,145488.886,0.0,0.0,0.0,0.0,0.0,0.0,0.0,0.0,184884.2,0.0,0.0,Nicholas A. Langworthy,Langworthy,Republican
3623,2012,1846569.585417,1674478.985417,172090.59999999998,1555741.509417,118737.476,0.0,0.0,0.0,0.0,0.0,0.0,0.0,0.0,172090.59999999998,0.0,0.0,Nicholas A. Langworthy,Langworthy,Republican
3623,2013,1724364.309,1347129.209,377235.1,1281362.667,65766.542,0.0,0.0,0.0,0.0,0.0,0.0,0.0,0.0,377235.1,0.0,0.0,Nicholas A. Langworthy,Langworthy,Republican
3623,2014,1910781.683,1574045.983,336735.7,1420880.731,153165.252,0.0,0.0,0.0,0.0,0.0,0.0,0.0,0.0,336735.7,0.0,0.0,Nicholas A. Langworthy,Langworthy,Republican
3623,2015,1919679.162,1595025.362,324653.8,1532279.312,62746.05,0.0,0.0,0.0,0.0,0.0,0.0,0.0,0.0,324653.8,0.0,0.0,Nicholas A. Langworthy,Langworthy,Republican
3623,2016,1258838.826,982371.726,276467.1,928340.938,54030.788,0.0,0.0,0.0,0.0,0.0,0.0,0.0,0.0,276467.1,0.0,0.0,Nicholas A. Langworthy,Langworthy,Republican
3623,2017,1304013.364,1002913.264,301100.1,922429.594,80483.67,0.0,0.0,0.0,0.0,0.0,0.0,0.0,0.0,301100.1,0.0,0.0,Nicholas A. Langworthy,Langworthy,Republican
3623,2018,1317425.418,1005403.0179999999,312022.4,939737.6839999999,65665.334,0.0,0.0,0.0,0.0,0.0,0.0,0.0,0.0,312022.4,0.0,0.0,Nicholas A. Langworthy,Langworthy,Republican
3623,2019,1328759.926,995542.826,333217.1,913288.816,82254.01,0.0,0.0,0.0,0.0,0.0,0.0,0.0,0.0,333217.1,0.0,0.0,Nicholas A. Langworthy,Langworthy,Republican
3623,2020,1159441.308,862481.808,296959.5,816970.958,45510.85,0.0,0.0,0.0,0.0,0.0,0.0,0.0,0.0,296959.5,0.0,0.0,Nicholas A. Langworthy,Langworthy,Republican
3623,2021,1210573.756,887145.556,323428.2,838811.112,48334.444,0.0,0.0,0.0,0.0,0.0,0.0,0.0,0.0,323428.2,0.0,0.0,Nicholas A. Langworthy,Langworthy,Republican
3623,2022,1306879.26,984315.56,322563.7,859928.066,124387.494,0.0,0.0,0.0,0.0,0.0,0.0,0.0,0.0,322563.7,0.0,0.0,Nicholas A. Langworthy,Langworthy,Republican
3623,2023,1211561.158,925537.158,286024.0,718871.768,206665.39,0.0,0.0,0.0,0.0,0.0,0.0,0.0,0.0,286024.0,0.0,0.0,Nicholas A. Langworthy,Langworthy,Republican
3624,2010,7259317.614999999,7259317.614999999,0.0,7259317.614999999,0.0,0.0,0.0,0.0,0.0,0.0,0.0,0.0,0.0,0.0,0.0,0.0,Claudia Tenney,Tenney,Republican
3624,2011,6041382.854,6041382.854,0.0,6041382.854,0.0,0.0,0.0,0.0,0.0,0.0,0.0,0.0,0.0,0.0,0.0,0.0,Claudia Tenney,Tenney,Republican
3624,2012,6307562.564,6307562.564,0.0,6307562.564,0.0,0.0,0.0,0.0,0.0,0.0,0.0,0.0,0.0,0.0,0.0,0.0,Claudia Tenney,Tenney,Republican
3624,2013,5588571.8149999995,5588571.8149999995,0.0,5588571.8149999995,0.0,0.0,0.0,0.0,0.0,0.0,0.0,0.0,0.0,0.0,0.0,0.0,Claudia Tenney,Tenney,Republican
3624,2014,5724492.887,5724492.887,0.0,5724492.887,0.0,0.0,0.0,0.0,0.0,0.0,0.0,0.0,0.0,0.0,0.0,0.0,Claudia Tenney,Tenney,Republican
3624,2015,4850064.419,4850064.419,0.0,4850064.419,0.0,0.0,0.0,0.0,0.0,0.0,0.0,0.0,0.0,0.0,0.0,0.0,Claudia Tenney,Tenney,Republican
3624,2016,4092867.869,4092867.869,0.0,4092867.869,0.0,0.0,0.0,0.0,0.0,0.0,0.0,0.0,0.0,0.0,0.0,0.0,Claudia Tenney,Tenney,Republican
3624,2017,3764445.492,3764445.492,0.0,3764445.492,0.0,0.0,0.0,0.0,0.0,0.0,0.0,0.0,0.0,0.0,0.0,0.0,Claudia Tenney,Tenney,Republican
3624,2018,4535326.329,4535326.329,0.0,4535326.329,0.0,0.0,0.0,0.0,0.0,0.0,0.0,0.0,0.0,0.0,0.0,0.0,Claudia Tenney,Tenney,Republican
3624,2019,4042184.43,4042184.43,0.0,4042184.43,0.0,0.0,0.0,0.0,0.0,0.0,0.0,0.0,0.0,0.0,0.0,0.0,Claudia Tenney,Tenney,Republican
3624,2020,3947279.111,3947279.111,0.0,3947279.111,0.0,0.0,0.0,0.0,0.0,0.0,0.0,0.0,0.0,0.0,0.0,0.0,Claudia Tenney,Tenney,Republican
3624,2021,3084997.836,3084997.836,0.0,3084997.836,0.0,0.0,0.0,0.0,0.0,0.0,0.0,0.0,0.0,0.0,0.0,0.0,Claudia Tenney,Tenney,Republican
3624,2022,3377914.075,3377914.075,0.0,3377914.075,0.0,0.0,0.0,0.0,0.0,0.0,0.0,0.0,0.0,0.0,0.0,0.0,Claudia Tenney,Tenney,Republican
3624,2023,3215840.423,3215840.423,0.0,3215840.423,0.0,0.0,0.0,0.0,0.0,0.0,0.0,0.0,0.0,0.0,0.0,0.0,Claudia Tenney,Tenney,Republican
3625,2010,4289127.0630439995,1694390.263044,2594736.8,1694390.263044,0.0,0.0,0.0,0.0,0.0,0.0,0.0,0.0,0.0,2594736.8,0.0,0.0,Joseph D. Morelle,Morelle,Democrat
3625,2011,4291132.618091,1667286.318091,2623846.3,1603211.768091,0.0,0.0,0.0,64074.55,0.0,0.0,0.0,0.0,0.0,2623846.3,0.0,0.0,Joseph D. Morelle,Morelle,Democrat
3625,2012,3993541.895815,1584211.495815,2409330.4,1519995.945815,0.0,0.0,0.0,64215.55,0.0,0.0,0.0,0.0,0.0,2409330.4,0.0,0.0,Joseph D. Morelle,Morelle,Democrat
3625,2013,4199348.222,1470947.322,2728400.9,1407774.472,0.0,0.0,0.0,63172.85,0.0,0.0,0.0,0.0,0.0,2728400.9,0.0,0.0,Joseph D. Morelle,Morelle,Democrat
3625,2014,4253405.542,1384629.9419999998,2868775.6,1328298.742,0.0,0.0,0.0,56331.2,0.0,0.0,0.0,0.0,0.0,2868775.6,0.0,0.0,Joseph D. Morelle,Morelle,Democrat
3625,2015,4125564.834,1316693.834,2808871.0,1266150.534,0.0,0.0,0.0,50543.3,0.0,0.0,0.0,0.0,0.0,2808871.0,0.0,0.0,Joseph D. Morelle,Morelle,Democrat
3625,2016,3866630.7860000003,1256482.5860000001,2610148.2,1215292.466,0.0,0.0,0.0,36564.0,4626.12,0.0,0.0,0.0,0.0,2610148.2,0.0,0.0,Joseph D. Morelle,Morelle,Democrat
3625,2017,3899668.4580000006,1125409.358,2774259.1,1089258.338,0.0,0.0,0.0,34796.7,1354.32,0.0,0.0,0.0,0.0,2774259.1,0.0,0.0,Joseph D. Morelle,Morelle,Democrat
3625,2018,4179448.402,965264.502,3214183.9,934933.542,0.0,0.0,0.0,26473.2,3857.76,0.0,0.0,0.0,0.0,3214183.9,0.0,0.0,Joseph D. Morelle,Morelle,Democrat
3625,2019,4225154.584,976334.184,3248820.4,940062.6640000001,0.0,0.0,0.0,32033.0,4238.52,0.0,0.0,0.0,0.0,3248820.4,0.0,0.0,Joseph D. Morelle,Morelle,Democrat
3625,2020,3916651.46,955305.06,2961346.4,924858.56,0.0,0.0,0.0,29124.1,1322.4,0.0,0.0,0.0,0.0,2961346.4,0.0,0.0,Joseph D. Morelle,Morelle,Democrat
3625,2021,3838686.6892000004,924286.0891999999,2914400.6,891488.004,0.0,0.0,0.0,29663.45,3134.6352,0.0,0.0,0.0,0.0,2914400.6,0.0,0.0,Joseph D. Morelle,Morelle,Democrat
3625,2022,4002266.716,891977.116,3110289.6,862419.7860000001,0.0,0.0,0.0,28058.8,1498.53,0.0,0.0,0.0,0.0,3110289.6,0.0,0.0,Joseph D. Morelle,Morelle,Democrat
3625,2023,3577754.0748,741051.4748,2836702.6,712338.184,0.0,0.0,0.0,28070.65,642.6408,0.0,0.0,0.0,0.0,2836702.6,0.0,0.0,Joseph D. Morelle,Morelle,Democrat
3626,2010,9917581.165175,2999518.865175,6918062.300000001,2999518.865175,0.0,0.0,0.0,0.0,0.0,0.0,0.0,0.0,0.0,6918062.300000001,0.0,0.0,Timothy M. Kennedy,Kennedy,Democrat
3626,2011,9717772.854125,2716896.5541250003,7000876.3,2385938.5541250003,0.0,0.0,0.0,330958.0,0.0,0.0,0.0,0.0,0.0,7000876.3,0.0,0.0,Timothy M. Kennedy,Kennedy,Democrat
3626,2012,8613521.315425,2082012.415425,6531508.9,1752699.415425,0.0,0.0,0.0,329313.0,0.0,0.0,0.0,0.0,0.0,6531508.9,0.0,0.0,Timothy M. Kennedy,Kennedy,Democrat
3626,2013,9862122.5336,2400503.1520000002,7461619.3816,2083114.652,0.0,0.0,0.0,317388.5,0.0,0.0,0.0,0.0,0.0,7461619.3816,0.0,0.0,Timothy M. Kennedy,Kennedy,Democrat
3626,2014,10858717.6546,2666560.457,8192157.1976,2359204.107,0.0,0.0,0.0,307356.35,0.0,0.0,0.0,0.0,0.0,8192157.1976,0.0,0.0,Timothy M. Kennedy,Kennedy,Democrat
3626,2015,9524140.376,1830665.576,7693474.800000001,1535164.926,0.0,0.0,0.0,295500.65,0.0,0.0,0.0,0.0,0.0,7693474.800000001,0.0,0.0,Timothy M. Kennedy,Kennedy,Democrat
3626,2016,8924702.361,1529658.261,7395044.1,1244665.661,0.0,0.0,0.0,284992.6,0.0,0.0,0.0,0.0,0.0,7395044.1,0.0,0.0,Timothy M. Kennedy,Kennedy,Democrat
3626,2017,8684797.488,1198209.988,7486587.5,925192.038,0.0,0.0,0.0,273017.95,0.0,0.0,0.0,0.0,0.0,7486587.5,0.0,0.0,Timothy M. Kennedy,Kennedy,Democrat
3626,2018,9286533.254,1105493.654,8181039.6,846332.404,0.0,0.0,0.0,259161.25,0.0,0.0,0.0,0.0,0.0,8181039.6,0.0,0.0,Timothy M. Kennedy,Kennedy,Democrat
3626,2019,8964723.408,818797.3080000001,8145926.100000001,569753.208,0.0,0.0,0.0,249044.1,0.0,0.0,0.0,0.0,0.0,8145926.100000001,0.0,0.0,Timothy M. Kennedy,Kennedy,Democrat
3626,2020,8125924.382,770883.882,7355040.5,531688.182,0.0,0.0,0.0,239195.7,0.0,0.0,0.0,0.0,0.0,7355040.5,0.0,0.0,Timothy M. Kennedy,Kennedy,Democrat
3626,2021,8236144.636000001,862035.536,7374109.100000001,632312.336,0.0,0.0,0.0,229723.2,0.0,0.0,0.0,0.0,0.0,7374109.100000001,0.0,0.0,Timothy M. Kennedy,Kennedy,Democrat
3626,2022,8647668.512,804618.312,7843050.199999999,585853.162,0.0,0.0,0.0,218765.15,0.0,0.0,0.0,0.0,0.0,7843050.199999999,0.0,0.0,Timothy M. Kennedy,Kennedy,Democrat
3626,2023,7902547.2299999995,779991.83,7122555.4,572586.73,0.0,0.0,0.0,207405.1,0.0,0.0,0.0,0.0,0.0,7122555.4,0.0,0.0,Timothy M. Kennedy,Kennedy,Democrat
3701,2010,6261522.344,6150633.644,110888.7,6150633.644,0.0,0.0,0.0,0.0,0.0,0.0,0.0,0.0,0.0,110888.7,0.0,0.0,Donald G. Davis,Davis,Democrat
3701,2011,5183294.762,5089971.062,93323.7,5089971.062,0.0,0.0,0.0,0.0,0.0,0.0,0.0,0.0,0.0,93323.7,0.0,0.0,Donald G. Davis,Davis,Democrat
3701,2012,4592085.964,4496487.063999999,95598.9,4496487.063999999,0.0,0.0,0.0,0.0,0.0,0.0,0.0,0.0,0.0,95598.9,0.0,0.0,Donald G. Davis,Davis,Democrat
3701,2013,5983180.276,5874003.576,109176.7,5874003.576,0.0,0.0,0.0,0.0,0.0,0.0,0.0,0.0,0.0,109176.7,0.0,0.0,Donald G. Davis,Davis,Democrat
3701,2014,5170149.81,5052441.31,117708.5,5052441.31,0.0,0.0,0.0,0.0,0.0,0.0,0.0,0.0,0.0,117708.5,0.0,0.0,Donald G. Davis,Davis,Democrat
3701,2015,4844200.3440000005,4742665.3440000005,101535.0,4742665.3440000005,0.0,0.0,0.0,0.0,0.0,0.0,0.0,0.0,0.0,101535.0,0.0,0.0,Donald G. Davis,Davis,Democrat
3701,2016,4668744.498,4575929.2979999995,92815.2,4575929.2979999995,0.0,0.0,0.0,0.0,0.0,0.0,0.0,0.0,0.0,92815.2,0.0,0.0,Donald G. Davis,Davis,Democrat
3701,2017,4464724.142,4371536.442,93187.7,4371536.442,0.0,0.0,0.0,0.0,0.0,0.0,0.0,0.0,0.0,93187.7,0.0,0.0,Donald G. Davis,Davis,Democrat
3701,2018,4660353.154,4554840.354,105512.8,4554840.354,0.0,0.0,0.0,0.0,0.0,0.0,0.0,0.0,0.0,105512.8,0.0,0.0,Donald G. Davis,Davis,Democrat
3701,2019,4063248.598,3942249.898,120998.7,3942249.898,0.0,0.0,0.0,0.0,0.0,0.0,0.0,0.0,0.0,120998.7,0.0,0.0,Donald G. Davis,Davis,Democrat
3701,2020,3643342.73,3521381.93,121960.8,3521381.93,0.0,0.0,0.0,0.0,0.0,0.0,0.0,0.0,0.0,121960.8,0.0,0.0,Donald G. Davis,Davis,Democrat
3701,2021,3791475.5519999997,3662318.7519999994,129156.8,3662318.7519999994,0.0,0.0,0.0,0.0,0.0,0.0,0.0,0.0,0.0,129156.8,0.0,0.0,Donald G. Davis,Davis,Democrat
3701,2022,4216181.192,4080289.8919999995,135891.3,4080289.8919999995,0.0,0.0,0.0,0.0,0.0,0.0,0.0,0.0,0.0,135891.3,0.0,0.0,Donald G. Davis,Davis,Democrat
3701,2023,3761896.478,3638957.478,122939.0,3638957.478,0.0,0.0,0.0,0.0,0.0,0.0,0.0,0.0,0.0,122939.0,0.0,0.0,Donald G. Davis,Davis,Democrat
3702,2010,125844.21199999998,125844.21199999998,0.0,125844.21199999998,0.0,0.0,0.0,0.0,0.0,0.0,0.0,0.0,0.0,0.0,0.0,0.0,Deborah K. Ross,Ross,Democrat
3702,2011,157795.148,157795.148,0.0,124244.948,0.0,0.0,0.0,0.0,33550.2,0.0,0.0,0.0,0.0,0.0,0.0,0.0,Deborah K. Ross,Ross,Democrat
3702,2012,133365.76,133365.76,0.0,133365.76,0.0,0.0,0.0,0.0,0.0,0.0,0.0,0.0,0.0,0.0,0.0,0.0,Deborah K. Ross,Ross,Democrat
3702,2013,165457.844,165457.844,0.0,165457.844,0.0,0.0,0.0,0.0,0.0,0.0,0.0,0.0,0.0,0.0,0.0,0.0,Deborah K. Ross,Ross,Democrat
3702,2014,142610.5,142610.5,0.0,142610.5,0.0,0.0,0.0,0.0,0.0,0.0,0.0,0.0,0.0,0.0,0.0,0.0,Deborah K. Ross,Ross,Democrat
3702,2015,133081.014,133081.014,0.0,133081.014,0.0,0.0,0.0,0.0,0.0,0.0,0.0,0.0,0.0,0.0,0.0,0.0,Deborah K. Ross,Ross,Democrat
3702,2016,112438.42000000001,112438.42000000001,0.0,112438.42000000001,0.0,0.0,0.0,0.0,0.0,0.0,0.0,0.0,0.0,0.0,0.0,0.0,Deborah K. Ross,Ross,Democrat
3702,2017,110217.152,110217.152,0.0,110217.152,0.0,0.0,0.0,0.0,0.0,0.0,0.0,0.0,0.0,0.0,0.0,0.0,Deborah K. Ross,Ross,Democrat
3702,2018,115684.0,115684.0,0.0,115684.0,0.0,0.0,0.0,0.0,0.0,0.0,0.0,0.0,0.0,0.0,0.0,0.0,Deborah K. Ross,Ross,Democrat
3702,2019,115888.342,115888.342,0.0,115888.342,0.0,0.0,0.0,0.0,0.0,0.0,0.0,0.0,0.0,0.0,0.0,0.0,Deborah K. Ross,Ross,Democrat
3702,2020,108596.09,108596.09,0.0,108596.09,0.0,0.0,0.0,0.0,0.0,0.0,0.0,0.0,0.0,0.0,0.0,0.0,Deborah K. Ross,Ross,Democrat
3702,2021,119858.748,119858.748,0.0,119858.748,0.0,0.0,0.0,0.0,0.0,0.0,0.0,0.0,0.0,0.0,0.0,0.0,Deborah K. Ross,Ross,Democrat
3702,2022,124193.38200000001,124193.38200000001,0.0,124193.38200000001,0.0,0.0,0.0,0.0,0.0,0.0,0.0,0.0,0.0,0.0,0.0,0.0,Deborah K. Ross,Ross,Democrat
3702,2023,148551.668,148551.668,0.0,148551.668,0.0,0.0,0.0,0.0,0.0,0.0,0.0,0.0,0.0,0.0,0.0,0.0,Deborah K. Ross,Ross,Democrat
3703,2010,2097229.422,1922574.122,174655.3,1922574.122,0.0,0.0,0.0,0.0,0.0,0.0,0.0,0.0,0.0,174655.3,0.0,0.0,Gregory F. Murphy,Murphy,Republican
3703,2011,1573773.264,1411995.064,161778.2,1411995.064,0.0,0.0,0.0,0.0,0.0,0.0,0.0,0.0,0.0,161778.2,0.0,0.0,Gregory F. Murphy,Murphy,Republican
3703,2012,1630347.156,1476771.556,153575.6,1476771.556,0.0,0.0,0.0,0.0,0.0,0.0,0.0,0.0,0.0,153575.6,0.0,0.0,Gregory F. Murphy,Murphy,Republican
3703,2013,1697330.044,1524260.844,173069.2,1524260.844,0.0,0.0,0.0,0.0,0.0,0.0,0.0,0.0,0.0,173069.2,0.0,0.0,Gregory F. Murphy,Murphy,Republican
3703,2014,1695851.996,1516435.596,179416.4,1516435.596,0.0,0.0,0.0,0.0,0.0,0.0,0.0,0.0,0.0,179416.4,0.0,0.0,Gregory F. Murphy,Murphy,Republican
3703,2015,1715140.41,1545894.11,169246.3,1545894.11,0.0,0.0,0.0,0.0,0.0,0.0,0.0,0.0,0.0,169246.3,0.0,0.0,Gregory F. Murphy,Murphy,Republican
3703,2016,1764109.058,1595315.158,168793.9,1595315.158,0.0,0.0,0.0,0.0,0.0,0.0,0.0,0.0,0.0,168793.9,0.0,0.0,Gregory F. Murphy,Murphy,Republican
3703,2017,1262338.638,1089148.738,173189.9,1089148.738,0.0,0.0,0.0,0.0,0.0,0.0,0.0,0.0,0.0,173189.9,0.0,0.0,Gregory F. Murphy,Murphy,Republican
3703,2018,1342947.334,1146871.634,196075.7,1146871.634,0.0,0.0,0.0,0.0,0.0,0.0,0.0,0.0,0.0,196075.7,0.0,0.0,Gregory F. Murphy,Murphy,Republican
3703,2019,1342419.6539999999,1149038.454,193381.2,1149038.454,0.0,0.0,0.0,0.0,0.0,0.0,0.0,0.0,0.0,193381.2,0.0,0.0,Gregory F. Murphy,Murphy,Republican
3703,2020,1254753.824,1081766.724,172987.1,1081766.724,0.0,0.0,0.0,0.0,0.0,0.0,0.0,0.0,0.0,172987.1,0.0,0.0,Gregory F. Murphy,Murphy,Republican
3703,2021,1286206.69,1100930.79,185275.9,1100930.79,0.0,0.0,0.0,0.0,0.0,0.0,0.0,0.0,0.0,185275.9,0.0,0.0,Gregory F. Murphy,Murphy,Republican
3703,2022,1257864.672,1068963.672,188901.0,1068963.672,0.0,0.0,0.0,0.0,0.0,0.0,0.0,0.0,0.0,188901.0,0.0,0.0,Gregory F. Murphy,Murphy,Republican
3703,2023,1267495.522,1088279.022,179216.5,1088279.022,0.0,0.0,0.0,0.0,0.0,0.0,0.0,0.0,0.0,179216.5,0.0,0.0,Gregory F. Murphy,Murphy,Republican
3704,2010,673465.716,673465.716,0.0,673465.716,0.0,0.0,0.0,0.0,0.0,0.0,0.0,0.0,0.0,0.0,0.0,0.0,Valerie P. Foushee,Foushee,Democrat
3704,2011,647960.874,647960.874,0.0,647960.874,0.0,0.0,0.0,0.0,0.0,0.0,0.0,0.0,0.0,0.0,0.0,0.0,Valerie P. Foushee,Foushee,Democrat
3704,2012,496225.643,496225.643,0.0,496225.643,0.0,0.0,0.0,0.0,0.0,0.0,0.0,0.0,0.0,0.0,0.0,0.0,Valerie P. Foushee,Foushee,Democrat
3704,2013,541527.086,541527.086,0.0,541527.086,0.0,0.0,0.0,0.0,0.0,0.0,0.0,0.0,0.0,0.0,0.0,0.0,Valerie P. Foushee,Foushee,Democrat
3704,2014,614262.581758,614262.581758,0.0,614262.581758,0.0,0.0,0.0,0.0,0.0,0.0,0.0,0.0,0.0,0.0,0.0,0.0,Valerie P. Foushee,Foushee,Democrat
3704,2015,576494.19897,576494.19897,0.0,576494.19897,0.0,0.0,0.0,0.0,0.0,0.0,0.0,0.0,0.0,0.0,0.0,0.0,Valerie P. Foushee,Foushee,Democrat
3704,2016,662515.639122,662515.639122,0.0,662515.639122,0.0,0.0,0.0,0.0,0.0,0.0,0.0,0.0,0.0,0.0,0.0,0.0,Valerie P. Foushee,Foushee,Democrat
3704,2017,695846.697304,695846.697304,0.0,695846.697304,0.0,0.0,0.0,0.0,0.0,0.0,0.0,0.0,0.0,0.0,0.0,0.0,Valerie P. Foushee,Foushee,Democrat
3704,2018,717309.381698,717309.381698,0.0,717309.381698,0.0,0.0,0.0,0.0,0.0,0.0,0.0,0.0,0.0,0.0,0.0,0.0,Valerie P. Foushee,Foushee,Democrat
3704,2019,691870.732895,691870.732895,0.0,691870.732895,0.0,0.0,0.0,0.0,0.0,0.0,0.0,0.0,0.0,0.0,0.0,0.0,Valerie P. Foushee,Foushee,Democrat
3704,2020,711058.227441,711058.227441,0.0,711058.227441,0.0,0.0,0.0,0.0,0.0,0.0,0.0,0.0,0.0,0.0,0.0,0.0,Valerie P. Foushee,Foushee,Democrat
3704,2021,832493.084972,832493.084972,0.0,832493.084972,0.0,0.0,0.0,0.0,0.0,0.0,0.0,0.0,0.0,0.0,0.0,0.0,Valerie P. Foushee,Foushee,Democrat
3704,2022,754831.918229,754831.918229,0.0,754831.918229,0.0,0.0,0.0,0.0,0.0,0.0,0.0,0.0,0.0,0.0,0.0,0.0,Valerie P. Foushee,Foushee,Democrat
3704,2023,738515.119593,738515.119593,0.0,738515.119593,0.0,0.0,0.0,0.0,0.0,0.0,0.0,0.0,0.0,0.0,0.0,0.0,Valerie P. Foushee,Foushee,Democrat
3705,2010,14379145.974000001,14379145.974000001,0.0,14379145.974000001,0.0,0.0,0.0,0.0,0.0,0.0,0.0,0.0,0.0,0.0,0.0,0.0,Virginia Foxx,Foxx,Republican
3705,2011,15002196.616,15002196.616,0.0,15000991.216,0.0,0.0,0.0,1205.4,0.0,0.0,0.0,0.0,0.0,0.0,0.0,0.0,Virginia Foxx,Foxx,Republican
3705,2012,13455094.404,13455094.404,0.0,13453840.404,0.0,0.0,0.0,1254.0,0.0,0.0,0.0,0.0,0.0,0.0,0.0,0.0,Virginia Foxx,Foxx,Republican
3705,2013,13402984.374,13402984.374,0.0,13401837.774,0.0,0.0,0.0,1146.6,0.0,0.0,0.0,0.0,0.0,0.0,0.0,0.0,Virginia Foxx,Foxx,Republican
3705,2014,13755175.817999998,13755175.817999998,0.0,13753871.168,0.0,0.0,0.0,1304.65,0.0,0.0,0.0,0.0,0.0,0.0,0.0,0.0,Virginia Foxx,Foxx,Republican
3705,2015,13675856.887999998,13675856.887999998,0.0,13675856.887999998,0.0,0.0,0.0,0.0,0.0,0.0,0.0,0.0,0.0,0.0,0.0,0.0,Virginia Foxx,Foxx,Republican
3705,2016,12834062.913999999,12834062.913999999,0.0,12834062.913999999,0.0,0.0,0.0,0.0,0.0,0.0,0.0,0.0,0.0,0.0,0.0,0.0,Virginia Foxx,Foxx,Republican
3705,2017,11337206.03,11337206.03,0.0,11337206.03,0.0,0.0,0.0,0.0,0.0,0.0,0.0,0.0,0.0,0.0,0.0,0.0,Virginia Foxx,Foxx,Republican
3705,2018,10954105.0,10954105.0,0.0,10954105.0,0.0,0.0,0.0,0.0,0.0,0.0,0.0,0.0,0.0,0.0,0.0,0.0,Virginia Foxx,Foxx,Republican
3705,2019,9302251.622,9073450.922,228800.7,9073450.922,0.0,0.0,0.0,0.0,0.0,0.0,0.0,0.0,0.0,228800.7,0.0,0.0,Virginia Foxx,Foxx,Republican
3705,2020,7295211.191999999,7077519.291999999,217691.9,7077519.291999999,0.0,0.0,0.0,0.0,0.0,0.0,0.0,0.0,0.0,217691.9,0.0,0.0,Virginia Foxx,Foxx,Republican
3705,2021,9720967.4,9494361.7,226605.7,9494361.7,0.0,0.0,0.0,0.0,0.0,0.0,0.0,0.0,0.0,226605.7,0.0,0.0,Virginia Foxx,Foxx,Republican
3705,2022,9111562.24,8875624.84,235937.4,8875624.84,0.0,0.0,0.0,0.0,0.0,0.0,0.0,0.0,0.0,235937.4,0.0,0.0,Virginia Foxx,Foxx,Republican
3705,2023,8251103.5139999995,8024363.0139999995,226740.5,8024363.0139999995,0.0,0.0,0.0,0.0,0.0,0.0,0.0,0.0,0.0,226740.5,0.0,0.0,Virginia Foxx,Foxx,Republican
3706,2010,2350514.46795,2350514.46795,0.0,2350514.46795,0.0,0.0,0.0,0.0,0.0,0.0,0.0,0.0,0.0,0.0,0.0,0.0,Addison P. McDowell,McDowell,Republican
3706,2011,2354659.085954,2246975.085954,107684.0,2245149.885954,0.0,0.0,0.0,1825.2,0.0,0.0,0.0,0.0,0.0,107684.0,0.0,0.0,Addison P. McDowell,McDowell,Republican
3706,2012,3633255.822427,3529066.5224269996,104189.3,3527212.072427,0.0,0.0,0.0,1854.45,0.0,0.0,0.0,0.0,0.0,104189.3,0.0,0.0,Addison P. McDowell,McDowell,Republican
3706,2013,3312987.579,3203082.979,109904.6,3201210.679,0.0,0.0,0.0,1872.3,0.0,0.0,0.0,0.0,0.0,109904.6,0.0,0.0,Addison P. McDowell,McDowell,Republican
3706,2014,3068766.3019999997,2955361.002,113405.3,2953437.452,0.0,0.0,0.0,1923.55,0.0,0.0,0.0,0.0,0.0,113405.3,0.0,0.0,Addison P. McDowell,McDowell,Republican
3706,2015,3598262.34,3479968.54,118293.8,3478001.34,0.0,0.0,0.0,1967.2,0.0,0.0,0.0,0.0,0.0,118293.8,0.0,0.0,Addison P. McDowell,McDowell,Republican
3706,2016,4218032.209,4103997.809,114034.4,4101990.509,0.0,0.0,0.0,2007.3,0.0,0.0,0.0,0.0,0.0,114034.4,0.0,0.0,Addison P. McDowell,McDowell,Republican
3706,2017,4099288.198394,3994391.898394,104896.3,3992370.098394,0.0,0.0,0.0,2021.8,0.0,0.0,0.0,0.0,0.0,104896.3,0.0,0.0,Addison P. McDowell,McDowell,Republican
3706,2018,4428285.604,4316843.8040000005,111441.8,4314813.254,0.0,0.0,0.0,2030.55,0.0,0.0,0.0,0.0,0.0,111441.8,0.0,0.0,Addison P. McDowell,McDowell,Republican
3706,2019,4018104.268197,3921224.668197,96879.6,3919167.268197,0.0,0.0,0.0,2057.4,0.0,0.0,0.0,0.0,0.0,96879.6,0.0,0.0,Addison P. McDowell,McDowell,Republican
3706,2020,3655608.9523940003,3564416.352394,91192.6,3562305.102394,0.0,0.0,0.0,2111.25,0.0,0.0,0.0,0.0,0.0,91192.6,0.0,0.0,Addison P. McDowell,McDowell,Republican
3706,2021,4077770.848394,3940902.248394,136868.6,3938752.748394,0.0,0.0,0.0,2149.5,0.0,0.0,0.0,0.0,0.0,136868.6,0.0,0.0,Addison P. McDowell,McDowell,Republican
3706,2022,4307707.132394,4169097.8323939997,138609.3,4166839.282394,0.0,0.0,0.0,2258.55,0.0,0.0,0.0,0.0,0.0,138609.3,0.0,0.0,Addison P. McDowell,McDowell,Republican
3706,2023,3761403.614394,3628452.914394,132950.7,3626166.514394,0.0,0.0,0.0,2286.4,0.0,0.0,0.0,0.0,0.0,132950.7,0.0,0.0,Addison P. McDowell,McDowell,Republican
3707,2010,5289536.2360000005,5289536.2360000005,0.0,5289536.2360000005,0.0,0.0,0.0,0.0,0.0,0.0,0.0,0.0,0.0,0.0,0.0,0.0,David Rouzer,Rouzer,Republican
3707,2011,4240927.609271,4240927.609271,0.0,4240927.609271,0.0,0.0,0.0,0.0,0.0,0.0,0.0,0.0,0.0,0.0,0.0,0.0,David Rouzer,Rouzer,Republican
3707,2012,3545699.658083,3545699.658083,0.0,3545699.658083,0.0,0.0,0.0,0.0,0.0,0.0,0.0,0.0,0.0,0.0,0.0,0.0,David Rouzer,Rouzer,Republican
3707,2013,3866200.2857709997,3866200.2857709997,0.0,3866200.2857709997,0.0,0.0,0.0,0.0,0.0,0.0,0.0,0.0,0.0,0.0,0.0,0.0,David Rouzer,Rouzer,Republican
3707,2014,3392892.328853,3392892.328853,0.0,3392892.328853,0.0,0.0,0.0,0.0,0.0,0.0,0.0,0.0,0.0,0.0,0.0,0.0,David Rouzer,Rouzer,Republican
3707,2015,3860599.325466,3860599.325466,0.0,3860599.325466,0.0,0.0,0.0,0.0,0.0,0.0,0.0,0.0,0.0,0.0,0.0,0.0,David Rouzer,Rouzer,Republican
3707,2016,3925267.857944,3925267.857944,0.0,3925267.857944,0.0,0.0,0.0,0.0,0.0,0.0,0.0,0.0,0.0,0.0,0.0,0.0,David Rouzer,Rouzer,Republican
3707,2017,3727244.502268,3727244.502268,0.0,3727244.502268,0.0,0.0,0.0,0.0,0.0,0.0,0.0,0.0,0.0,0.0,0.0,0.0,David Rouzer,Rouzer,Republican
3707,2018,3491052.784186,3491052.784186,0.0,3491052.784186,0.0,0.0,0.0,0.0,0.0,0.0,0.0,0.0,0.0,0.0,0.0,0.0,David Rouzer,Rouzer,Republican
3707,2019,3845569.27,3845569.27,0.0,3845569.27,0.0,0.0,0.0,0.0,0.0,0.0,0.0,0.0,0.0,0.0,0.0,0.0,David Rouzer,Rouzer,Republican
3707,2020,2940908.55612,2940908.55612,0.0,2940908.55612,0.0,0.0,0.0,0.0,0.0,0.0,0.0,0.0,0.0,0.0,0.0,0.0,David Rouzer,Rouzer,Republican
3707,2021,2828118.634087,2828118.634087,0.0,2828118.634087,0.0,0.0,0.0,0.0,0.0,0.0,0.0,0.0,0.0,0.0,0.0,0.0,David Rouzer,Rouzer,Republican
3707,2022,2679133.3081,2679133.3081,0.0,2679133.3081,0.0,0.0,0.0,0.0,0.0,0.0,0.0,0.0,0.0,0.0,0.0,0.0,David Rouzer,Rouzer,Republican
3707,2023,2641001.395,2641001.395,0.0,2641001.395,0.0,0.0,0.0,0.0,0.0,0.0,0.0,0.0,0.0,0.0,0.0,0.0,David Rouzer,Rouzer,Republican
3708,2010,3503808.4299999997,3336795.9299999997,167012.5,3336795.9299999997,0.0,0.0,0.0,0.0,0.0,0.0,0.0,0.0,0.0,167012.5,0.0,0.0,Mark Harris,Harris,Republican
3708,2011,4342407.856,4174730.856,167677.0,4174730.856,0.0,0.0,0.0,0.0,0.0,0.0,0.0,0.0,0.0,167677.0,0.0,0.0,Mark Harris,Harris,Republican
3708,2012,5309988.976,5149792.976,160196.0,5149792.976,0.0,0.0,0.0,0.0,0.0,0.0,0.0,0.0,0.0,160196.0,0.0,0.0,Mark Harris,Harris,Republican
3708,2013,4881055.356,4714995.456,166059.9,4714995.456,0.0,0.0,0.0,0.0,0.0,0.0,0.0,0.0,0.0,166059.9,0.0,0.0,Mark Harris,Harris,Republican
3708,2014,4386954.95,4210351.05,176603.9,4210351.05,0.0,0.0,0.0,0.0,0.0,0.0,0.0,0.0,0.0,176603.9,0.0,0.0,Mark Harris,Harris,Republican
3708,2015,5892925.551999999,5722455.852,170469.7,5722455.852,0.0,0.0,0.0,0.0,0.0,0.0,0.0,0.0,0.0,170469.7,0.0,0.0,Mark Harris,Harris,Republican
3708,2016,6059157.122,5885993.522,173163.6,5885993.522,0.0,0.0,0.0,0.0,0.0,0.0,0.0,0.0,0.0,173163.6,0.0,0.0,Mark Harris,Harris,Republican
3708,2017,5587813.36,5411584.86,176228.5,5411584.86,0.0,0.0,0.0,0.0,0.0,0.0,0.0,0.0,0.0,176228.5,0.0,0.0,Mark Harris,Harris,Republican
3708,2018,6788555.220000001,6601081.420000001,187473.8,6601081.420000001,0.0,0.0,0.0,0.0,0.0,0.0,0.0,0.0,0.0,187473.8,0.0,0.0,Mark Harris,Harris,Republican
3708,2019,5244844.8040000005,5068105.604,176739.2,5068105.604,0.0,0.0,0.0,0.0,0.0,0.0,0.0,0.0,0.0,176739.2,0.0,0.0,Mark Harris,Harris,Republican
3708,2020,4559437.408,4415262.508,144174.9,4415262.508,0.0,0.0,0.0,0.0,0.0,0.0,0.0,0.0,0.0,144174.9,0.0,0.0,Mark Harris,Harris,Republican
3708,2021,4461373.54,4298475.94,162897.6,4298475.94,0.0,0.0,0.0,0.0,0.0,0.0,0.0,0.0,0.0,162897.6,0.0,0.0,Mark Harris,Harris,Republican
3708,2022,5461724.026,5279587.626,182136.4,5279587.626,0.0,0.0,0.0,0.0,0.0,0.0,0.0,0.0,0.0,182136.4,0.0,0.0,Mark Harris,Harris,Republican
3708,2023,4532918.43,4351877.43,181041.0,4351877.43,0.0,0.0,0.0,0.0,0.0,0.0,0.0,0.0,0.0,181041.0,0.0,0.0,Mark Harris,Harris,Republican
3709,2010,2050871.848,2050871.848,0.0,2050871.848,0.0,0.0,0.0,0.0,0.0,0.0,0.0,0.0,0.0,0.0,0.0,0.0,Richard Hudson,Hudson,Republican
3709,2011,1425691.116,1425691.116,0.0,1425691.116,0.0,0.0,0.0,0.0,0.0,0.0,0.0,0.0,0.0,0.0,0.0,0.0,Richard Hudson,Hudson,Republican
3709,2012,808779.07,808779.07,0.0,808779.07,0.0,0.0,0.0,0.0,0.0,0.0,0.0,0.0,0.0,0.0,0.0,0.0,Richard Hudson,Hudson,Republican
3709,2013,362083.12,362083.12,0.0,362083.12,0.0,0.0,0.0,0.0,0.0,0.0,0.0,0.0,0.0,0.0,0.0,0.0,Richard Hudson,Hudson,Republican
3709,2014,364666.636,364666.636,0.0,364666.636,0.0,0.0,0.0,0.0,0.0,0.0,0.0,0.0,0.0,0.0,0.0,0.0,Richard Hudson,Hudson,Republican
3709,2015,341094.658,341094.658,0.0,341094.658,0.0,0.0,0.0,0.0,0.0,0.0,0.0,0.0,0.0,0.0,0.0,0.0,Richard Hudson,Hudson,Republican
3709,2016,325363.006,325363.006,0.0,325363.006,0.0,0.0,0.0,0.0,0.0,0.0,0.0,0.0,0.0,0.0,0.0,0.0,Richard Hudson,Hudson,Republican
3709,2017,308948.142,308948.142,0.0,308948.142,0.0,0.0,0.0,0.0,0.0,0.0,0.0,0.0,0.0,0.0,0.0,0.0,Richard Hudson,Hudson,Republican
3709,2018,338225.294,338225.294,0.0,338225.294,0.0,0.0,0.0,0.0,0.0,0.0,0.0,0.0,0.0,0.0,0.0,0.0,Richard Hudson,Hudson,Republican
3709,2019,388618.49199999997,388618.49199999997,0.0,388618.49199999997,0.0,0.0,0.0,0.0,0.0,0.0,0.0,0.0,0.0,0.0,0.0,0.0,Richard Hudson,Hudson,Republican
3709,2020,415255.516,415255.516,0.0,415255.516,0.0,0.0,0.0,0.0,0.0,0.0,0.0,0.0,0.0,0.0,0.0,0.0,Richard Hudson,Hudson,Republican
3709,2021,636159.2139999999,636159.2139999999,0.0,636159.2139999999,0.0,0.0,0.0,0.0,0.0,0.0,0.0,0.0,0.0,0.0,0.0,0.0,Richard Hudson,Hudson,Republican
3709,2022,493263.658,493263.658,0.0,493263.658,0.0,0.0,0.0,0.0,0.0,0.0,0.0,0.0,0.0,0.0,0.0,0.0,Richard Hudson,Hudson,Republican
3709,2023,526002.746,526002.746,0.0,526002.746,0.0,0.0,0.0,0.0,0.0,0.0,0.0,0.0,0.0,0.0,0.0,0.0,Richard Hudson,Hudson,Republican
3710,2010,12187842.025999999,12187842.025999999,0.0,12187842.025999999,0.0,0.0,0.0,0.0,0.0,0.0,0.0,0.0,0.0,0.0,0.0,0.0,Pat Harrigan,Harrigan,Republican
3710,2011,11301360.489999998,11301360.489999998,0.0,11301360.489999998,0.0,0.0,0.0,0.0,0.0,0.0,0.0,0.0,0.0,0.0,0.0,0.0,Pat Harrigan,Harrigan,Republican
3710,2012,9665240.726,9665240.726,0.0,9665240.726,0.0,0.0,0.0,0.0,0.0,0.0,0.0,0.0,0.0,0.0,0.0,0.0,Pat Harrigan,Harrigan,Republican
3710,2013,8394309.806,8394309.806,0.0,8394309.806,0.0,0.0,0.0,0.0,0.0,0.0,0.0,0.0,0.0,0.0,0.0,0.0,Pat Harrigan,Harrigan,Republican
3710,2014,9254462.234000001,9254462.234000001,0.0,9254462.234000001,0.0,0.0,0.0,0.0,0.0,0.0,0.0,0.0,0.0,0.0,0.0,0.0,Pat Harrigan,Harrigan,Republican
3710,2015,7659490.83,7659490.83,0.0,7659490.83,0.0,0.0,0.0,0.0,0.0,0.0,0.0,0.0,0.0,0.0,0.0,0.0,Pat Harrigan,Harrigan,Republican
3710,2016,9590341.934,9590341.934,0.0,9590341.934,0.0,0.0,0.0,0.0,0.0,0.0,0.0,0.0,0.0,0.0,0.0,0.0,Pat Harrigan,Harrigan,Republican
3710,2017,9121785.964000002,9121785.964000002,0.0,9121785.964000002,0.0,0.0,0.0,0.0,0.0,0.0,0.0,0.0,0.0,0.0,0.0,0.0,Pat Harrigan,Harrigan,Republican
3710,2018,8542640.356,8542640.356,0.0,8542640.356,0.0,0.0,0.0,0.0,0.0,0.0,0.0,0.0,0.0,0.0,0.0,0.0,Pat Harrigan,Harrigan,Republican
3710,2019,7998144.75,7998144.75,0.0,7998144.75,0.0,0.0,0.0,0.0,0.0,0.0,0.0,0.0,0.0,0.0,0.0,0.0,Pat Harrigan,Harrigan,Republican
3710,2020,6231400.392,6231400.392,0.0,6231400.392,0.0,0.0,0.0,0.0,0.0,0.0,0.0,0.0,0.0,0.0,0.0,0.0,Pat Harrigan,Harrigan,Republican
3710,2021,6525422.702,6525422.702,0.0,6525422.702,0.0,0.0,0.0,0.0,0.0,0.0,0.0,0.0,0.0,0.0,0.0,0.0,Pat Harrigan,Harrigan,Republican
3710,2022,5979072.754,5979072.754,0.0,5979072.754,0.0,0.0,0.0,0.0,0.0,0.0,0.0,0.0,0.0,0.0,0.0,0.0,Pat Harrigan,Harrigan,Republican
3710,2023,5749973.258,5749973.258,0.0,5749973.258,0.0,0.0,0.0,0.0,0.0,0.0,0.0,0.0,0.0,0.0,0.0,0.0,Pat Harrigan,Harrigan,Republican
3711,2010,3578437.59,3578437.59,0.0,3578437.59,0.0,0.0,0.0,0.0,0.0,0.0,0.0,0.0,0.0,0.0,0.0,0.0,Chuck Edwards,Edwards,Republican
3711,2011,2986198.782,2986198.782,0.0,2984408.982,0.0,0.0,0.0,0.0,1789.8,0.0,0.0,0.0,0.0,0.0,0.0,0.0,Chuck Edwards,Edwards,Republican
3711,2012,3186586.946,3186586.946,0.0,3186586.946,0.0,0.0,0.0,0.0,0.0,0.0,0.0,0.0,0.0,0.0,0.0,0.0,Chuck Edwards,Edwards,Republican
3711,2013,2719161.404,2719161.404,0.0,2719161.404,0.0,0.0,0.0,0.0,0.0,0.0,0.0,0.0,0.0,0.0,0.0,0.0,Chuck Edwards,Edwards,Republican
3711,2014,2793088.924,2793088.924,0.0,2793088.924,0.0,0.0,0.0,0.0,0.0,0.0,0.0,0.0,0.0,0.0,0.0,0.0,Chuck Edwards,Edwards,Republican
3711,2015,2798055.9220000003,2798055.9220000003,0.0,2798055.9220000003,0.0,0.0,0.0,0.0,0.0,0.0,0.0,0.0,0.0,0.0,0.0,0.0,Chuck Edwards,Edwards,Republican
3711,2016,2785623.856,2785623.856,0.0,2785623.856,0.0,0.0,0.0,0.0,0.0,0.0,0.0,0.0,0.0,0.0,0.0,0.0,Chuck Edwards,Edwards,Republican
3711,2017,2396218.926,2396218.926,0.0,2396218.926,0.0,0.0,0.0,0.0,0.0,0.0,0.0,0.0,0.0,0.0,0.0,0.0,Chuck Edwards,Edwards,Republican
3711,2018,2757292.734,2757292.734,0.0,2757292.734,0.0,0.0,0.0,0.0,0.0,0.0,0.0,0.0,0.0,0.0,0.0,0.0,Chuck Edwards,Edwards,Republican
3711,2019,2453983.106,2453983.106,0.0,2453983.106,0.0,0.0,0.0,0.0,0.0,0.0,0.0,0.0,0.0,0.0,0.0,0.0,Chuck Edwards,Edwards,Republican
3711,2020,2259713.17,2259713.17,0.0,2259713.17,0.0,0.0,0.0,0.0,0.0,0.0,0.0,0.0,0.0,0.0,0.0,0.0,Chuck Edwards,Edwards,Republican
3711,2021,2542955.634,2542955.634,0.0,2542955.634,0.0,0.0,0.0,0.0,0.0,0.0,0.0,0.0,0.0,0.0,0.0,0.0,Chuck Edwards,Edwards,Republican
3711,2022,2715934.648,2715934.648,0.0,2715934.648,0.0,0.0,0.0,0.0,0.0,0.0,0.0,0.0,0.0,0.0,0.0,0.0,Chuck Edwards,Edwards,Republican
3711,2023,2042925.308,2042925.308,0.0,2042925.308,0.0,0.0,0.0,0.0,0.0,0.0,0.0,0.0,0.0,0.0,0.0,0.0,Chuck Edwards,Edwards,Republican
3712,2010,15955577.156000001,100127.156,15855450.0,100127.156,0.0,0.0,0.0,0.0,0.0,0.0,0.0,0.0,0.0,15855450.0,0.0,0.0,Alma S. Adams,Adams,Democrat
3712,2011,14850281.206,535693.006,14314588.200000001,102401.242,0.0,0.0,0.0,146748.204,286543.56,0.0,0.0,0.0,0.0,14314588.200000001,0.0,0.0,Alma S. Adams,Adams,Democrat
3712,2012,17936985.142,472630.142,17464355.0,100543.408,0.0,0.0,0.0,155712.454,216374.28,0.0,0.0,0.0,0.0,17464355.0,0.0,0.0,Alma S. Adams,Adams,Democrat
3712,2013,21347119.92,446769.92,20900350.0,103200.418,0.0,0.0,0.0,171242.542,172326.96,0.0,0.0,0.0,0.0,20900350.0,0.0,0.0,Alma S. Adams,Adams,Democrat
3712,2014,21927519.330000002,597535.53,21329983.799999997,107352.692,0.0,0.0,0.0,190412.99800000002,299769.84,0.0,0.0,0.0,0.0,21329983.799999997,0.0,0.0,Alma S. Adams,Adams,Democrat
3712,2015,24547871.006,471812.10599999997,24076058.9,93370.87599999999,0.0,0.0,0.0,197053.55,181387.68,0.0,0.0,0.0,0.0,24076058.9,0.0,0.0,Alma S. Adams,Adams,Democrat
3712,2016,26675826.698000003,701046.798,25974779.9,94955.55799999999,0.0,0.0,0.0,206195.2,399896.04,0.0,0.0,0.0,0.0,25974779.9,0.0,0.0,Alma S. Adams,Adams,Democrat
3712,2017,25183120.924,600887.1240000001,24582233.8,88228.834,0.0,0.0,0.0,191798.45,320859.84,0.0,0.0,0.0,0.0,24582233.8,0.0,0.0,Alma S. Adams,Adams,Democrat
3712,2018,29960779.248,563033.748,29397745.5,100680.908,0.0,0.0,0.0,206393.2,255959.64,0.0,0.0,0.0,0.0,29397745.5,0.0,0.0,Alma S. Adams,Adams,Democrat
3712,2019,27582398.367999997,650826.568,26931571.8,106895.348,0.0,0.0,0.0,205410.5,338520.72,0.0,0.0,0.0,0.0,26931571.8,0.0,0.0,Alma S. Adams,Adams,Democrat
3712,2020,26347752.082,550892.682,25796859.4,104098.136,0.0,0.0,0.0,207695.05000000002,239099.496,0.0,0.0,0.0,0.0,25796859.4,0.0,0.0,Alma S. Adams,Adams,Democrat
3712,2021,29255847.1544,628033.7544,28627813.4,116651.068,0.0,0.0,0.0,210446.90000000002,300935.7864,0.0,0.0,0.0,0.0,28627813.4,0.0,0.0,Alma S. Adams,Adams,Democrat
3712,2022,33641202.7936,486934.6936,33154268.099999998,102976.374,0.0,0.0,0.0,194879.47,189078.8496,0.0,0.0,0.0,0.0,33154268.099999998,0.0,0.0,Alma S. Adams,Adams,Democrat
3712,2023,31949044.6888,411199.1888,31537845.5,82809.73,0.0,0.0,0.0,185051.992,143337.4668,0.0,0.0,0.0,0.0,31537845.5,0.0,0.0,Alma S. Adams,Adams,Democrat
3713,2010,19721270.69545,19721270.69545,0.0,19721270.69545,0.0,0.0,0.0,0.0,0.0,0.0,0.0,0.0,0.0,0.0,0.0,0.0,Brad Knott,Knott,Republican
3713,2011,15062091.01475,15062091.01475,0.0,15062091.01475,0.0,0.0,0.0,0.0,0.0,0.0,0.0,0.0,0.0,0.0,0.0,0.0,Brad Knott,Knott,Republican
3713,2012,17010727.820325,17010727.820325,0.0,17010727.820325,0.0,0.0,0.0,0.0,0.0,0.0,0.0,0.0,0.0,0.0,0.0,0.0,Brad Knott,Knott,Republican
3713,2013,12365207.694,12365207.694,0.0,12365207.694,0.0,0.0,0.0,0.0,0.0,0.0,0.0,0.0,0.0,0.0,0.0,0.0,Brad Knott,Knott,Republican
3713,2014,14563758.741999999,14563758.741999999,0.0,14563758.741999999,0.0,0.0,0.0,0.0,0.0,0.0,0.0,0.0,0.0,0.0,0.0,0.0,Brad Knott,Knott,Republican
3713,2015,11790811.604,11790811.604,0.0,11790811.604,0.0,0.0,0.0,0.0,0.0,0.0,0.0,0.0,0.0,0.0,0.0,0.0,Brad Knott,Knott,Republican
3713,2016,10236460.744,10236460.744,0.0,10236460.744,0.0,0.0,0.0,0.0,0.0,0.0,0.0,0.0,0.0,0.0,0.0,0.0,Brad Knott,Knott,Republican
3713,2017,7819270.84,7819270.84,0.0,7819270.84,0.0,0.0,0.0,0.0,0.0,0.0,0.0,0.0,0.0,0.0,0.0,0.0,Brad Knott,Knott,Republican
3713,2018,8028896.58,8028896.58,0.0,8028896.58,0.0,0.0,0.0,0.0,0.0,0.0,0.0,0.0,0.0,0.0,0.0,0.0,Brad Knott,Knott,Republican
3713,2019,8954730.350000001,8954730.350000001,0.0,8954730.350000001,0.0,0.0,0.0,0.0,0.0,0.0,0.0,0.0,0.0,0.0,0.0,0.0,Brad Knott,Knott,Republican
3713,2020,6411333.68,6411333.68,0.0,6411333.68,0.0,0.0,0.0,0.0,0.0,0.0,0.0,0.0,0.0,0.0,0.0,0.0,Brad Knott,Knott,Republican
3713,2021,7197608.801999999,7197608.801999999,0.0,7197608.801999999,0.0,0.0,0.0,0.0,0.0,0.0,0.0,0.0,0.0,0.0,0.0,0.0,Brad Knott,Knott,Republican
3713,2022,6984129.078000001,6984129.078000001,0.0,6984129.078000001,0.0,0.0,0.0,0.0,0.0,0.0,0.0,0.0,0.0,0.0,0.0,0.0,Brad Knott,Knott,Republican
3713,2023,5701583.706,5701583.706,0.0,5701583.706,0.0,0.0,0.0,0.0,0.0,0.0,0.0,0.0,0.0,0.0,0.0,0.0,Brad Knott,Knott,Republican
3714,2010,13367081.024,8980712.824000001,4386368.199999999,8980712.824000001,0.0,0.0,0.0,0.0,0.0,0.0,0.0,0.0,0.0,4386368.199999999,0.0,0.0,Tim Moore,Moore,Republican
3714,2011,11627272.158,7596394.658,4030877.5,7547719.158,0.0,0.0,0.0,48675.5,0.0,0.0,0.0,0.0,0.0,4030877.5,0.0,0.0,Tim Moore,Moore,Republican
3714,2012,7849928.828,3815295.028,4034633.8000000003,3765130.928,0.0,0.0,0.0,50164.1,0.0,0.0,0.0,0.0,0.0,4034633.8000000003,0.0,0.0,Tim Moore,Moore,Republican
3714,2013,12537899.502,7984122.801999999,4553776.7,7930291.301999999,0.0,0.0,0.0,53831.5,0.0,0.0,0.0,0.0,0.0,4553776.7,0.0,0.0,Tim Moore,Moore,Republican
3714,2014,13545753.409999998,8418101.61,5127651.8,8367914.609999999,0.0,0.0,0.0,50187.0,0.0,0.0,0.0,0.0,0.0,5127651.8,0.0,0.0,Tim Moore,Moore,Republican
3714,2015,11029561.47,6313962.57,4715598.9,6264252.47,0.0,0.0,0.0,49710.1,0.0,0.0,0.0,0.0,0.0,4715598.9,0.0,0.0,Tim Moore,Moore,Republican
3714,2016,10611465.782,5773560.782,4837905.0,5719766.982,0.0,0.0,0.0,53793.8,0.0,0.0,0.0,0.0,0.0,4837905.0,0.0,0.0,Tim Moore,Moore,Republican
3714,2017,12170899.346,7039892.146000001,5131007.199999999,6983286.546,0.0,0.0,0.0,56605.6,0.0,0.0,0.0,0.0,0.0,5131007.199999999,0.0,0.0,Tim Moore,Moore,Republican
3714,2018,13512366.376,7220378.276,6291988.1,7165552.126,0.0,0.0,0.0,54826.15,0.0,0.0,0.0,0.0,0.0,6291988.1,0.0,0.0,Tim Moore,Moore,Republican
3714,2019,15611161.167999998,8386900.967999999,7224260.2,8332365.117999999,0.0,0.0,0.0,54535.85,0.0,0.0,0.0,0.0,0.0,7224260.2,0.0,0.0,Tim Moore,Moore,Republican
3714,2020,14705936.974000001,6639468.374000001,8066468.600000001,6585391.524,0.0,0.0,0.0,54076.85,0.0,0.0,0.0,0.0,0.0,8066468.600000001,0.0,0.0,Tim Moore,Moore,Republican
3714,2021,15094044.058,5642088.858,9451955.2,5587481.908,0.0,0.0,0.0,54606.95,0.0,0.0,0.0,0.0,0.0,9451955.2,0.0,0.0,Tim Moore,Moore,Republican
3714,2022,16250623.665999997,5741349.466,10509274.200000001,5685971.766,0.0,0.0,0.0,55377.7,0.0,0.0,0.0,0.0,0.0,10509274.200000001,0.0,0.0,Tim Moore,Moore,Republican
3714,2023,15149565.55,5966345.75,9183219.8,5910073.7,0.0,0.0,0.0,56272.05,0.0,0.0,0.0,0.0,0.0,9183219.8,0.0,0.0,Tim Moore,Moore,Republican
3800,2010,42227148.338626,37416601.338626,4810547.0,37416601.338626,0.0,0.0,0.0,0.0,0.0,0.0,0.0,0.0,0.0,2975229.9,1835317.0999999999,0.0,Julie Fedorchak,Fedorchak,Republican
3800,2011,43719146.11025,37484534.61025,6234611.5,36788128.84425,674264.316,0.0,0.0,22141.45,0.0,0.0,0.0,0.0,0.0,3026036.5,3208575.0,0.0,Julie Fedorchak,Fedorchak,Republican
3800,2012,54409577.663633004,38934702.063633,15474875.600000001,38070216.153633,842112.8600000001,0.0,0.0,22373.05,0.0,131848.0,8813531.8,0.0,0.0,2829804.4,3699691.4000000004,0.0,Julie Fedorchak,Fedorchak,Republican
3800,2013,54353452.176,37310387.975999996,17043064.2,36447202.742,863185.234,0.0,0.0,0.0,0.0,232416.0,9513941.1,0.0,0.0,3295151.6,4001555.5,0.0,Julie Fedorchak,Fedorchak,Republican
3800,2014,56345436.232,37956415.632,18389020.6,36202700.824,1753714.808,0.0,0.0,0.0,0.0,251770.0,9897323.0,0.0,0.0,3459341.3,4780586.3,0.0,Julie Fedorchak,Fedorchak,Republican
3800,2015,63504693.025,41183947.432,22320745.593,38790360.312,2393587.12,0.0,0.0,0.0,0.0,395064.0,11289525.493,0.0,0.0,3182201.2,7453954.9,0.0,Julie Fedorchak,Fedorchak,Republican
3800,2016,63289419.5466696,39913281.284,23376138.2626696,38254044.168,1322772.8760000002,336464.24,0.0,0.0,0.0,419508.0,12278698.2626696,0.0,0.0,3028212.5,7649719.5,0.0,Julie Fedorchak,Fedorchak,Republican
3800,2017,62619419.2252,40251612.46,22367806.7652,38141419.12,1907884.218,202309.122,0.0,0.0,0.0,480008.5,10269178.8652,0.0,0.0,3183792.3,8434827.1,0.0,Julie Fedorchak,Fedorchak,Republican
3800,2018,71096845.20033114,44748473.62173113,26348371.5786,40301024.97470416,4087679.702,327167.50736157177,26570.8376654,0.0,6030.6,521186.0,12519377.1286,0.0,0.0,3428509.6,9879298.85,0.0,Julie Fedorchak,Fedorchak,Republican
3800,2019,71627419.29471733,43735434.36386732,27891984.93085,37398274.8046511,5969541.692,332953.5625904226,10275.1446258,0.0,24389.16,362324.0,12617281.62185,0.0,0.0,3559516.5,11352862.809,0.0,Julie Fedorchak,Fedorchak,Republican
3800,2020,71865529.17731568,39471815.85611569,32393713.3212,35844449.60464888,3362495.056,248116.6646668065,11248.65,0.0,5505.8808,287106.0,18841198.7022,0.0,0.0,3204758.4,10060650.219,0.0,Julie Fedorchak,Fedorchak,Republican
3800,2021,63500974.94369667,40101952.18269667,23399022.761,36475369.60782968,3342896.204,260934.0655815915,6231.2200854,0.0,16521.085199999998,477040.1,10159022.0,0.0,0.0,3246936.0,9516024.661,0.0,Julie Fedorchak,Fedorchak,Republican
3800,2022,62660190.10588982,39549401.23024282,23110788.875646997,36749009.59730729,2592872.086,198095.07573552936,0.0,0.0,9424.4712,468310.0,9935573.594647,0.0,0.0,3653040.1,9053865.181,0.0,Julie Fedorchak,Fedorchak,Republican
3800,2023,60092806.56892719,36323052.65624819,23769753.912678998,34181084.56619019,1864907.758,238164.55805799956,0.0,0.0,38895.774000000005,351488.0,9980876.524679,0.0,0.0,3376287.0000000005,10061102.388,0.0,Julie Fedorchak,Fedorchak,Republican
3901,2010,5808692.496532001,1053294.196532,4755398.300000001,1053294.196532,0.0,0.0,0.0,0.0,0.0,0.0,0.0,0.0,0.0,4755398.3,0.0,0.0,Greg Landsman,Landsman,Democrat
3901,2011,5692479.401256967,1125947.4012569678,4566532.0,969941.7312569678,0.0,0.0,0.0,67623.75,88381.92,0.0,0.0,0.0,0.0,4566532.0,0.0,0.0,Greg Landsman,Landsman,Democrat
3901,2012,5206338.343331246,979012.7433312455,4227325.6,852392.5433312454,0.0,0.0,0.0,55963.0,70657.2,0.0,0.0,0.0,0.0,4227325.6,0.0,0.0,Greg Landsman,Landsman,Democrat
3901,2013,5772446.284,893979.884,4878466.4,773018.334,0.0,0.0,0.0,53690.15,67271.4,0.0,0.0,0.0,0.0,4878466.4,0.0,0.0,Greg Landsman,Landsman,Democrat
3901,2014,5992378.4251999995,788801.9180000001,5203576.5072,710714.338,0.0,0.0,0.0,45732.1,32355.48,0.0,0.0,0.0,0.0,5203576.5072,0.0,0.0,Greg Landsman,Landsman,Democrat
3901,2015,5340404.396,743515.3960000001,4596889.0,692462.2660000001,0.0,0.0,0.0,35786.25,15266.88,0.0,0.0,0.0,0.0,4596889.0,0.0,0.0,Greg Landsman,Landsman,Democrat
3901,2016,5191009.584,717649.184,4473360.4,639837.644,0.0,0.0,0.0,33367.5,44444.04,0.0,0.0,0.0,0.0,4473360.4,0.0,0.0,Greg Landsman,Landsman,Democrat
3901,2017,5159856.598,697371.198,4462485.4,650060.358,0.0,0.0,0.0,33498.6,13812.24,0.0,0.0,0.0,0.0,4462485.4,0.0,0.0,Greg Landsman,Landsman,Democrat
3901,2018,5730303.71,676025.51,5054278.2,629901.77,0.0,0.0,0.0,33474.3,12649.44,0.0,0.0,0.0,0.0,5054278.2,0.0,0.0,Greg Landsman,Landsman,Democrat
3901,2019,5655696.588000001,714595.688,4941100.9,661652.378,0.0,0.0,0.0,35268.75,17674.56,0.0,0.0,0.0,0.0,4941100.9,0.0,0.0,Greg Landsman,Landsman,Democrat
3901,2020,5281319.3044,640854.1044,4640465.2,596935.836,0.0,0.0,0.0,35128.799999999996,8789.4684,0.0,0.0,0.0,0.0,4640465.2,0.0,0.0,Greg Landsman,Landsman,Democrat
3901,2021,5526617.8228,775565.1228,4751052.7,630854.61,0.0,0.0,0.0,114428.1,30282.4128,0.0,0.0,0.0,0.0,4751052.7,0.0,0.0,Greg Landsman,Landsman,Democrat
3901,2022,5801417.3488,790896.0488,5010521.3,625779.926,0.0,0.0,0.0,125763.29999999999,39352.8228,0.0,0.0,0.0,0.0,5010521.3,0.0,0.0,Greg Landsman,Landsman,Democrat
3901,2023,5136559.0428,729344.5428,4407214.5,602393.43,0.0,0.0,0.0,118582.34999999999,8368.7628,0.0,0.0,0.0,0.0,4407214.5,0.0,0.0,Greg Landsman,Landsman,Democrat
3902,2010,56783474.9112,56720915.9112,62559.0,56720915.9112,0.0,0.0,0.0,0.0,0.0,0.0,0.0,0.0,0.0,62559.0,0.0,0.0,David J. Taylor,Taylor,Republican
3902,2011,56177660.141325,56117181.341325,60478.8,56117181.341325,0.0,0.0,0.0,0.0,0.0,0.0,0.0,0.0,0.0,60478.8,0.0,0.0,David J. Taylor,Taylor,Republican
3902,2012,49906213.604382,49844597.104382,61616.5,49843767.184382,0.0,0.0,0.0,0.0,829.92,0.0,0.0,0.0,0.0,61616.5,0.0,0.0,David J. Taylor,Taylor,Republican
3902,2013,51860177.116,51809898.716,50278.4,51809353.796,0.0,0.0,0.0,0.0,544.92,0.0,0.0,0.0,0.0,50278.4,0.0,0.0,David J. Taylor,Taylor,Republican
3902,2014,49326548.17,49273504.67,53043.5,49271103.83,0.0,0.0,0.0,0.0,2400.84,0.0,0.0,0.0,0.0,53043.5,0.0,0.0,David J. Taylor,Taylor,Republican
3902,2015,42485005.42,42439339.82,45665.6,42439239.5,0.0,0.0,0.0,0.0,100.32,0.0,0.0,0.0,0.0,45665.6,0.0,0.0,David J. Taylor,Taylor,Republican
3902,2016,43932300.660000004,43890564.86,41735.8,43890564.86,0.0,0.0,0.0,0.0,0.0,0.0,0.0,0.0,0.0,41735.8,0.0,0.0,David J. Taylor,Taylor,Republican
3902,2017,44205022.655999996,44164123.956,40898.7,44164123.956,0.0,0.0,0.0,0.0,0.0,0.0,0.0,0.0,0.0,40898.7,0.0,0.0,David J. Taylor,Taylor,Republican
3902,2018,37857965.552,37808404.552,49561.0,37808404.552,0.0,0.0,0.0,0.0,0.0,0.0,0.0,0.0,0.0,49561.0,0.0,0.0,David J. Taylor,Taylor,Republican
3902,2019,29663357.46,29613861.96,49495.5,29613861.96,0.0,0.0,0.0,0.0,0.0,0.0,0.0,0.0,0.0,49495.5,0.0,0.0,David J. Taylor,Taylor,Republican
3902,2020,30590059.752,30543204.252,46855.5,30543204.252,0.0,0.0,0.0,0.0,0.0,0.0,0.0,0.0,0.0,46855.5,0.0,0.0,David J. Taylor,Taylor,Republican
3902,2021,30163193.132,30110539.932,52653.2,30110539.932,0.0,0.0,0.0,0.0,0.0,0.0,0.0,0.0,0.0,52653.2,0.0,0.0,David J. Taylor,Taylor,Republican
3902,2022,27612263.211,27560100.211,52163.0,27560100.211,0.0,0.0,0.0,0.0,0.0,0.0,0.0,0.0,0.0,52163.0,0.0,0.0,David J. Taylor,Taylor,Republican
3902,2023,26594780.36,26549371.56,45408.8,26549371.56,0.0,0.0,0.0,0.0,0.0,0.0,0.0,0.0,0.0,45408.8,0.0,0.0,David J. Taylor,Taylor,Republican
3903,2010,232539.446,232539.446,0.0,232539.446,0.0,0.0,0.0,0.0,0.0,0.0,0.0,0.0,0.0,0.0,0.0,0.0,Joyce Beatty,Beatty,Democrat
3903,2011,225416.40600000002,225416.40600000002,0.0,225416.40600000002,0.0,0.0,0.0,0.0,0.0,0.0,0.0,0.0,0.0,0.0,0.0,0.0,Joyce Beatty,Beatty,Democrat
3903,2012,217154.84,217154.84,0.0,217154.84,0.0,0.0,0.0,0.0,0.0,0.0,0.0,0.0,0.0,0.0,0.0,0.0,Joyce Beatty,Beatty,Democrat
3903,2013,222756.262,222756.262,0.0,222756.262,0.0,0.0,0.0,0.0,0.0,0.0,0.0,0.0,0.0,0.0,0.0,0.0,Joyce Beatty,Beatty,Democrat
3903,2014,236038.28399999999,236038.28399999999,0.0,236038.28399999999,0.0,0.0,0.0,0.0,0.0,0.0,0.0,0.0,0.0,0.0,0.0,0.0,Joyce Beatty,Beatty,Democrat
3903,2015,228571.16400000002,228571.16400000002,0.0,228571.16400000002,0.0,0.0,0.0,0.0,0.0,0.0,0.0,0.0,0.0,0.0,0.0,0.0,Joyce Beatty,Beatty,Democrat
3903,2016,216374.408,216374.408,0.0,216374.408,0.0,0.0,0.0,0.0,0.0,0.0,0.0,0.0,0.0,0.0,0.0,0.0,Joyce Beatty,Beatty,Democrat
3903,2017,216208.03999999998,216208.03999999998,0.0,216208.03999999998,0.0,0.0,0.0,0.0,0.0,0.0,0.0,0.0,0.0,0.0,0.0,0.0,Joyce Beatty,Beatty,Democrat
3903,2018,219840.134,219840.134,0.0,219840.134,0.0,0.0,0.0,0.0,0.0,0.0,0.0,0.0,0.0,0.0,0.0,0.0,Joyce Beatty,Beatty,Democrat
3903,2019,208938.322,208938.322,0.0,208938.322,0.0,0.0,0.0,0.0,0.0,0.0,0.0,0.0,0.0,0.0,0.0,0.0,Joyce Beatty,Beatty,Democrat
3903,2020,178818.39200000002,178818.39200000002,0.0,178818.39200000002,0.0,0.0,0.0,0.0,0.0,0.0,0.0,0.0,0.0,0.0,0.0,0.0,Joyce Beatty,Beatty,Democrat
3903,2021,209941.622,209941.622,0.0,209941.622,0.0,0.0,0.0,0.0,0.0,0.0,0.0,0.0,0.0,0.0,0.0,0.0,Joyce Beatty,Beatty,Democrat
3903,2022,232517.48599999998,232517.48599999998,0.0,232517.48599999998,0.0,0.0,0.0,0.0,0.0,0.0,0.0,0.0,0.0,0.0,0.0,0.0,Joyce Beatty,Beatty,Democrat
3903,2023,216031.508,216031.508,0.0,216031.508,0.0,0.0,0.0,0.0,0.0,0.0,0.0,0.0,0.0,0.0,0.0,0.0,Joyce Beatty,Beatty,Democrat
3904,2010,3805399.662,3805399.662,0.0,3805399.662,0.0,0.0,0.0,0.0,0.0,0.0,0.0,0.0,0.0,0.0,0.0,0.0,Jim Jordan,Jordan,Republican
3904,2011,4075676.7240000004,4075676.7240000004,0.0,4075676.7240000004,0.0,0.0,0.0,0.0,0.0,0.0,0.0,0.0,0.0,0.0,0.0,0.0,Jim Jordan,Jordan,Republican
3904,2012,25043362.9788657,3930302.506,21113060.4728657,3930302.506,0.0,0.0,0.0,0.0,0.0,0.0,21113060.4728657,0.0,0.0,0.0,0.0,0.0,Jim Jordan,Jordan,Republican
3904,2013,24959567.617,3851863.464,21107704.153,3851863.464,0.0,0.0,0.0,0.0,0.0,0.0,21107704.153,0.0,0.0,0.0,0.0,0.0,Jim Jordan,Jordan,Republican
3904,2014,24014567.121610496,4038138.736,19976428.3856105,4038138.736,0.0,0.0,0.0,0.0,0.0,0.0,19976428.3856105,0.0,0.0,0.0,0.0,0.0,Jim Jordan,Jordan,Republican
3904,2015,22156313.204,3947456.2040000004,18208857.0,3947456.2040000004,0.0,0.0,0.0,0.0,0.0,0.0,18208857.0,0.0,0.0,0.0,0.0,0.0,Jim Jordan,Jordan,Republican
3904,2016,23221998.34,4003177.3400000003,19218821.0,4003177.3400000003,0.0,0.0,0.0,0.0,0.0,0.0,19218821.0,0.0,0.0,0.0,0.0,0.0,Jim Jordan,Jordan,Republican
3904,2017,30112189.706,4442239.706,25669950.0,4442239.706,0.0,0.0,0.0,0.0,0.0,0.0,25669950.0,0.0,0.0,0.0,0.0,0.0,Jim Jordan,Jordan,Republican
3904,2018,25622407.7615475,4513657.035999999,21108750.7255475,4513657.035999999,0.0,0.0,0.0,0.0,0.0,0.0,21108750.7255475,0.0,0.0,0.0,0.0,0.0,Jim Jordan,Jordan,Republican
3904,2019,23569851.584000003,4277993.984,19291857.6,4277993.984,0.0,0.0,0.0,0.0,0.0,0.0,19291857.6,0.0,0.0,0.0,0.0,0.0,Jim Jordan,Jordan,Republican
3904,2020,23763011.9995195,4424827.836,19338184.1635195,4424827.836,0.0,0.0,0.0,0.0,0.0,0.0,19338184.1635195,0.0,0.0,0.0,0.0,0.0,Jim Jordan,Jordan,Republican
3904,2021,24073947.234,4735763.034,19338184.2,4735763.034,0.0,0.0,0.0,0.0,0.0,0.0,19338184.2,0.0,0.0,0.0,0.0,0.0,Jim Jordan,Jordan,Republican
3904,2022,32180854.7538556,4695935.796,27484918.9578556,4695935.796,0.0,0.0,0.0,0.0,0.0,0.0,27484918.9578556,0.0,0.0,0.0,0.0,0.0,Jim Jordan,Jordan,Republican
3904,2023,26429894.640825998,4381928.814,22047965.826826,4381928.814,0.0,0.0,0.0,0.0,0.0,0.0,22047965.826826,0.0,0.0,0.0,0.0,0.0,Jim Jordan,Jordan,Republican
3905,2010,5007489.628475,4908280.128475,99209.5,4908280.128475,0.0,0.0,0.0,0.0,0.0,0.0,0.0,0.0,0.0,99209.5,0.0,0.0,Robert E. Latta,Latta,Republican
3905,2011,4620825.661811419,4513426.361811419,107399.3,4513426.361811419,0.0,0.0,0.0,0.0,0.0,0.0,0.0,0.0,0.0,107399.3,0.0,0.0,Robert E. Latta,Latta,Republican
3905,2012,7726988.465394396,4777054.465394397,2949934.0,4777054.465394397,0.0,0.0,0.0,0.0,0.0,0.0,0.0,0.0,2866051.9,83882.1,0.0,0.0,Robert E. Latta,Latta,Republican
3905,2013,10178648.77,4855349.2700000005,5323299.5,4855349.2700000005,0.0,0.0,0.0,0.0,0.0,0.0,0.0,0.0,5224639.3,98660.2,0.0,0.0,Robert E. Latta,Latta,Republican
3905,2014,17938254.339304,4407169.066,13531085.273304,4407169.066,0.0,0.0,0.0,0.0,0.0,0.0,0.0,0.0,13423404.273304,107681.0,0.0,0.0,Robert E. Latta,Latta,Republican
3905,2015,17802482.925682,4734623.47,13067859.455682,4734623.47,0.0,0.0,0.0,0.0,0.0,0.0,0.0,0.0,12967723.255682,100136.2,0.0,0.0,Robert E. Latta,Latta,Republican
3905,2016,19908697.376463603,3258600.04,16650097.3364636,3258600.04,0.0,0.0,0.0,0.0,0.0,0.0,0.0,0.0,16562205.3364636,87892.0,0.0,0.0,Robert E. Latta,Latta,Republican
3905,2017,23217579.0565749,2698410.199,20519168.857574902,2698410.199,0.0,0.0,0.0,0.0,0.0,0.0,0.0,0.0,20426320.2575749,92848.6,0.0,0.0,Robert E. Latta,Latta,Republican
3905,2018,34710333.3540787,3726213.143,30984120.2110787,3726213.143,0.0,0.0,0.0,0.0,0.0,0.0,0.0,0.0,30868357.7110787,115762.5,0.0,0.0,Robert E. Latta,Latta,Republican
3905,2019,37566766.395,2839613.495,34727152.9,2839613.495,0.0,0.0,0.0,0.0,0.0,0.0,0.0,0.0,34617737.5,109415.4,0.0,0.0,Robert E. Latta,Latta,Republican
3905,2020,27909377.732634902,2847418.178,25061959.5546349,2847418.178,0.0,0.0,0.0,0.0,0.0,0.0,0.0,0.0,24957567.0546349,104392.5,0.0,0.0,Robert E. Latta,Latta,Republican
3905,2021,27345894.1853821,3819999.412,23525894.7733821,3819999.412,0.0,0.0,0.0,0.0,0.0,0.0,0.0,0.0,23416752.2733821,109142.5,0.0,0.0,Robert E. Latta,Latta,Republican
3905,2022,33221447.5056826,3962382.917,29259064.5886826,3962382.917,0.0,0.0,0.0,0.0,0.0,0.0,0.0,0.0,29144615.2886826,114449.3,0.0,0.0,Robert E. Latta,Latta,Republican
3905,2023,39429125.3337595,3492955.685,35936169.6487595,3492955.685,0.0,0.0,0.0,0.0,0.0,0.0,0.0,0.0,35826489.6487595,109680.0,0.0,0.0,Robert E. Latta,Latta,Republican
3906,2010,27466382.312061,27466382.312061,0.0,27466382.312061,0.0,0.0,0.0,0.0,0.0,0.0,0.0,0.0,0.0,0.0,0.0,0.0,Michael A. Rulli,Rulli,Republican
3906,2011,22361142.847,22361142.847,0.0,22237361.647,0.0,0.0,0.0,0.0,123781.2,0.0,0.0,0.0,0.0,0.0,0.0,0.0,Michael A. Rulli,Rulli,Republican
3906,2012,21187880.628313,21187880.628313,0.0,21099054.108313,0.0,0.0,0.0,0.0,88826.52,0.0,0.0,0.0,0.0,0.0,0.0,0.0,Michael A. Rulli,Rulli,Republican
3906,2013,27371284.104000002,27100158.304,271125.8,26889667.85,76057.094,0.0,0.0,0.0,134433.36,0.0,0.0,0.0,0.0,0.0,271125.8,0.0,Michael A. Rulli,Rulli,Republican
3906,2014,34511688.424,27198089.224,7313599.2,26955318.272,117945.512,0.0,0.0,0.0,124825.44,0.0,0.0,0.0,0.0,0.0,7313599.2,0.0,Michael A. Rulli,Rulli,Republican
3906,2015,39509223.64,23378416.04,16130807.6,22911591.918,318459.962,0.0,0.0,0.0,148364.16,0.0,0.0,0.0,0.0,0.0,16130807.6,0.0,Michael A. Rulli,Rulli,Republican
3906,2016,39646835.394,21699252.194000002,17947583.2,21037153.122,139969.37600000002,58099.536,0.0,0.0,464030.16,0.0,0.0,0.0,0.0,0.0,17947583.2,0.0,Michael A. Rulli,Rulli,Republican
3906,2017,40490131.706,21879551.506,18610580.2,21429078.874,193333.55599999998,59857.516,0.0,0.0,197281.56,0.0,0.0,0.0,0.0,0.0,18610580.2,0.0,Michael A. Rulli,Rulli,Republican
3906,2018,43244878.897199996,22556495.1972,20688383.7,21871398.054,445398.39,111479.898,0.0,0.0,128218.8552,0.0,0.0,0.0,0.0,0.0,20688383.7,0.0,Michael A. Rulli,Rulli,Republican
3906,2019,48220032.0012,22927863.8012,25292168.2,21477515.1,906387.442,132074.494,0.0,0.0,411886.7652,0.0,0.0,0.0,0.0,0.0,25292168.2,0.0,Michael A. Rulli,Rulli,Republican
3906,2020,53423751.8448,23415853.6448,30007898.200000003,22358867.706,568593.42,184684.07,0.0,0.0,303708.4488,0.0,0.0,0.0,0.0,0.0,30007898.200000003,0.0,Michael A. Rulli,Rulli,Republican
3906,2021,55446708.709199995,24733105.409199998,30713603.3,23909507.555999998,473513.73600000003,177569.878,0.0,0.0,172514.2392,0.0,0.0,0.0,0.0,0.0,30713603.3,0.0,Michael A. Rulli,Rulli,Republican
3906,2022,59208701.0104,28787643.4104,30421057.6,27997377.468,501135.37799999997,127614.954,0.0,0.0,161515.6104,0.0,0.0,0.0,0.0,0.0,30421057.6,0.0,Michael A. Rulli,Rulli,Republican
3906,2023,56384607.281600006,23573215.9816,32811391.3,22791913.362,457147.954,132583.434,0.0,0.0,191571.2316,0.0,0.0,0.0,0.0,0.0,32811391.3,0.0,Michael A. Rulli,Rulli,Republican
3907,2010,810185.852,781039.952,29145.9,781039.952,0.0,0.0,0.0,0.0,0.0,0.0,0.0,0.0,0.0,29145.9,0.0,0.0,Max L. Miller,Miller,Republican
3907,2011,733088.8007751922,694787.3007751922,38301.5,694787.3007751922,0.0,0.0,0.0,0.0,0.0,0.0,0.0,0.0,0.0,38301.5,0.0,0.0,Max L. Miller,Miller,Republican
3907,2012,760425.3796986762,580447.0796986761,179978.3,580447.0796986761,0.0,0.0,0.0,0.0,0.0,0.0,0.0,0.0,136286.0,43692.3,0.0,0.0,Max L. Miller,Miller,Republican
3907,2013,672975.6980000001,578458.7980000001,94516.9,578458.7980000001,0.0,0.0,0.0,0.0,0.0,0.0,0.0,0.0,94516.9,0.0,0.0,0.0,Max L. Miller,Miller,Republican
3907,2014,759982.22,663113.02,96869.20000000001,663113.02,0.0,0.0,0.0,0.0,0.0,0.0,0.0,0.0,30444.1,66425.1,0.0,0.0,Max L. Miller,Miller,Republican
3907,2015,676910.1900000001,591158.79,85751.4,591158.79,0.0,0.0,0.0,0.0,0.0,0.0,0.0,0.0,24025.5,61725.9,0.0,0.0,Max L. Miller,Miller,Republican
3907,2016,575066.26,501529.36000000004,73536.9,501529.36000000004,0.0,0.0,0.0,0.0,0.0,0.0,0.0,0.0,17019.1,56517.8,0.0,0.0,Max L. Miller,Miller,Republican
3907,2017,345147.152,261661.952,83485.2,261661.952,0.0,0.0,0.0,0.0,0.0,0.0,0.0,0.0,17301.7,66183.5,0.0,0.0,Max L. Miller,Miller,Republican
3907,2018,471341.204,281113.404,190227.8,281113.404,0.0,0.0,0.0,0.0,0.0,0.0,0.0,0.0,108143.9,82083.9,0.0,0.0,Max L. Miller,Miller,Republican
3907,2019,422874.434,314621.434,108253.0,314621.434,0.0,0.0,0.0,0.0,0.0,0.0,0.0,0.0,27890.7,80362.3,0.0,0.0,Max L. Miller,Miller,Republican
3907,2020,403068.536,323568.136,79500.4,323568.136,0.0,0.0,0.0,0.0,0.0,0.0,0.0,0.0,0.0,79500.4,0.0,0.0,Max L. Miller,Miller,Republican
3907,2021,437320.608,351001.008,86319.6,351001.008,0.0,0.0,0.0,0.0,0.0,0.0,0.0,0.0,1048.3,85271.3,0.0,0.0,Max L. Miller,Miller,Republican
3907,2022,461284.57,329339.47000000003,131945.1,329339.47000000003,0.0,0.0,0.0,0.0,0.0,0.0,0.0,0.0,38908.3,93036.8,0.0,0.0,Max L. Miller,Miller,Republican
3907,2023,408479.636,305282.53599999996,103197.1,305282.53599999996,0.0,0.0,0.0,0.0,0.0,0.0,0.0,0.0,0.0,103197.1,0.0,0.0,Max L. Miller,Miller,Republican
3908,2010,15285230.264,14913697.564,371532.69999999995,14913697.564,0.0,0.0,0.0,0.0,0.0,0.0,0.0,0.0,0.0,177273.8,194258.9,0.0,Warren Davidson,Davidson,Republican
3908,2011,14150575.174,13802986.974,347588.2,13802986.974,0.0,0.0,0.0,0.0,0.0,0.0,0.0,0.0,0.0,171981.2,175607.0,0.0,Warren Davidson,Davidson,Republican
3908,2012,15183287.212000001,14883962.412,299324.8,14883962.412,0.0,0.0,0.0,0.0,0.0,0.0,0.0,0.0,0.0,133616.5,165708.3,0.0,Warren Davidson,Davidson,Republican
3908,2013,14902195.296,14562206.396000002,339988.9,14562206.396000002,0.0,0.0,0.0,0.0,0.0,0.0,0.0,0.0,0.0,195955.1,144033.8,0.0,Warren Davidson,Davidson,Republican
3908,2014,14635388.228,14432245.527999999,203142.7,14432245.527999999,0.0,0.0,0.0,0.0,0.0,0.0,0.0,0.0,0.0,203142.7,0.0,0.0,Warren Davidson,Davidson,Republican
3908,2015,12751601.838,12612657.438,138944.4,12612657.438,0.0,0.0,0.0,0.0,0.0,0.0,0.0,0.0,0.0,138944.4,0.0,0.0,Warren Davidson,Davidson,Republican
3908,2016,12468015.82,12333207.82,134808.0,12333207.82,0.0,0.0,0.0,0.0,0.0,0.0,0.0,0.0,0.0,134808.0,0.0,0.0,Warren Davidson,Davidson,Republican
3908,2017,12194908.785999998,12061234.785999998,133674.0,12061234.785999998,0.0,0.0,0.0,0.0,0.0,0.0,0.0,0.0,0.0,133674.0,0.0,0.0,Warren Davidson,Davidson,Republican
3908,2018,12259238.112,12103365.012,155873.1,12103365.012,0.0,0.0,0.0,0.0,0.0,0.0,0.0,0.0,0.0,155873.1,0.0,0.0,Warren Davidson,Davidson,Republican
3908,2019,13838650.976,13693730.175999999,144920.8,13693730.175999999,0.0,0.0,0.0,0.0,0.0,0.0,0.0,0.0,0.0,144920.8,0.0,0.0,Warren Davidson,Davidson,Republican
3908,2020,13318875.622,13183867.922,135007.7,13183867.922,0.0,0.0,0.0,0.0,0.0,0.0,0.0,0.0,0.0,135007.7,0.0,0.0,Warren Davidson,Davidson,Republican
3908,2021,12723163.976,12579825.376,143338.6,12579825.376,0.0,0.0,0.0,0.0,0.0,0.0,0.0,0.0,0.0,143338.6,0.0,0.0,Warren Davidson,Davidson,Republican
3908,2022,12576964.833999999,12435064.734,141900.1,12435064.734,0.0,0.0,0.0,0.0,0.0,0.0,0.0,0.0,0.0,141900.1,0.0,0.0,Warren Davidson,Davidson,Republican
3908,2023,9860105.308,9727260.008,132845.3,9727260.008,0.0,0.0,0.0,0.0,0.0,0.0,0.0,0.0,0.0,132845.3,0.0,0.0,Warren Davidson,Davidson,Republican
3909,2010,11569052.926135,11493602.226135,75450.7,11493602.226135,0.0,0.0,0.0,0.0,0.0,0.0,0.0,0.0,0.0,75450.7,0.0,0.0,Marcy Kaptur,Kaptur,Democrat
3909,2011,11822337.625625,11726809.425625,95528.20000000001,11726809.425625,0.0,0.0,0.0,0.0,0.0,0.0,0.0,0.0,0.0,95528.20000000001,0.0,0.0,Marcy Kaptur,Kaptur,Democrat
3909,2012,49934852.696603,10989506.396603,38945346.300000004,10989506.396603,0.0,0.0,0.0,0.0,0.0,0.0,38864833.8,0.0,0.0,80512.5,0.0,0.0,Marcy Kaptur,Kaptur,Democrat
3909,2013,50574750.8494955,10446412.103,40128338.7464955,10446412.103,0.0,0.0,0.0,0.0,0.0,0.0,40030744.7464955,0.0,0.0,97594.0,0.0,0.0,Marcy Kaptur,Kaptur,Democrat
3909,2014,46751304.0600208,9792324.696,36958979.3640208,9792324.696,0.0,0.0,0.0,0.0,0.0,0.0,36865386.0640208,0.0,0.0,93593.3,0.0,0.0,Marcy Kaptur,Kaptur,Democrat
3909,2015,51289781.5678221,10245250.918,41044530.6498221,10245250.918,0.0,0.0,0.0,0.0,0.0,0.0,40945085.1498221,0.0,0.0,99445.5,0.0,0.0,Marcy Kaptur,Kaptur,Democrat
3909,2016,49727105.427259095,9864875.26,39862230.1672591,9864875.26,0.0,0.0,0.0,0.0,0.0,0.0,39764181.2672591,0.0,0.0,98048.9,0.0,0.0,Marcy Kaptur,Kaptur,Democrat
3909,2017,53096008.8444226,11249774.238,41846234.606422596,11249774.238,0.0,0.0,0.0,0.0,0.0,0.0,41740328.8064226,0.0,0.0,105905.8,0.0,0.0,Marcy Kaptur,Kaptur,Democrat
3909,2018,53446562.0797953,11855078.9819,41591483.0978953,11855078.9819,0.0,0.0,0.0,0.0,0.0,0.0,41475835.2978953,0.0,0.0,115647.8,0.0,0.0,Marcy Kaptur,Kaptur,Democrat
3909,2019,51746391.2734009,11181684.521,40564706.752400905,11181684.521,0.0,0.0,0.0,0.0,0.0,0.0,40564706.752400905,0.0,0.0,0.0,0.0,0.0,Marcy Kaptur,Kaptur,Democrat
3909,2020,44347418.5948394,10795493.809,33551924.7858394,10795493.809,0.0,0.0,0.0,0.0,0.0,0.0,33551924.7858394,0.0,0.0,0.0,0.0,0.0,Marcy Kaptur,Kaptur,Democrat
3909,2021,52452023.5066604,12507091.296,39944932.2106604,12507091.296,0.0,0.0,0.0,0.0,0.0,0.0,39944932.2106604,0.0,0.0,0.0,0.0,0.0,Marcy Kaptur,Kaptur,Democrat
3909,2022,44197902.2293871,11690111.982196,32507790.2471911,11688896.982196,0.0,0.0,0.0,1215.0,0.0,0.0,32507790.2471911,0.0,0.0,0.0,0.0,0.0,Marcy Kaptur,Kaptur,Democrat
3909,2023,43898928.566,12065014.466,31833914.1,12063809.216,0.0,0.0,0.0,1205.25,0.0,0.0,31833914.1,0.0,0.0,0.0,0.0,0.0,Marcy Kaptur,Kaptur,Democrat
3910,2010,1455505.0229,1455505.0229,0.0,1455505.0229,0.0,0.0,0.0,0.0,0.0,0.0,0.0,0.0,0.0,0.0,0.0,0.0,Michael R. Turner,Turner,Republican
3910,2011,1265651.2573,1265651.2573,0.0,1264969.5373,0.0,0.0,0.0,0.0,681.72,0.0,0.0,0.0,0.0,0.0,0.0,0.0,Michael R. Turner,Turner,Republican
3910,2012,1387644.400125,1387644.400125,0.0,1379320.1201250001,0.0,0.0,0.0,0.0,8324.28,0.0,0.0,0.0,0.0,0.0,0.0,0.0,Michael R. Turner,Turner,Republican
3910,2013,1227025.0559999999,1227025.0559999999,0.0,1222339.656,0.0,0.0,0.0,0.0,4685.4,0.0,0.0,0.0,0.0,0.0,0.0,0.0,Michael R. Turner,Turner,Republican
3910,2014,1086995.566,1086995.566,0.0,1070116.726,0.0,0.0,0.0,0.0,16878.84,0.0,0.0,0.0,0.0,0.0,0.0,0.0,Michael R. Turner,Turner,Republican
3910,2015,1227236.536,1227236.536,0.0,1219769.536,0.0,0.0,0.0,0.0,7467.0,0.0,0.0,0.0,0.0,0.0,0.0,0.0,Michael R. Turner,Turner,Republican
3910,2016,1361616.34,1361616.34,0.0,1361616.34,0.0,0.0,0.0,0.0,0.0,0.0,0.0,0.0,0.0,0.0,0.0,0.0,Michael R. Turner,Turner,Republican
3910,2017,1228567.606,1228567.606,0.0,1228567.606,0.0,0.0,0.0,0.0,0.0,0.0,0.0,0.0,0.0,0.0,0.0,0.0,Michael R. Turner,Turner,Republican
3910,2018,1291737.068,1291737.068,0.0,1291737.068,0.0,0.0,0.0,0.0,0.0,0.0,0.0,0.0,0.0,0.0,0.0,0.0,Michael R. Turner,Turner,Republican
3910,2019,1436049.256,1436049.256,0.0,1436049.256,0.0,0.0,0.0,0.0,0.0,0.0,0.0,0.0,0.0,0.0,0.0,0.0,Michael R. Turner,Turner,Republican
3910,2020,1493482.756,1493482.756,0.0,1493482.756,0.0,0.0,0.0,0.0,0.0,0.0,0.0,0.0,0.0,0.0,0.0,0.0,Michael R. Turner,Turner,Republican
3910,2021,1449431.93,1449431.93,0.0,1449431.93,0.0,0.0,0.0,0.0,0.0,0.0,0.0,0.0,0.0,0.0,0.0,0.0,Michael R. Turner,Turner,Republican
3910,2022,1571279.966,1571279.966,0.0,1571279.966,0.0,0.0,0.0,0.0,0.0,0.0,0.0,0.0,0.0,0.0,0.0,0.0,Michael R. Turner,Turner,Republican
3910,2023,1659699.098,1659699.098,0.0,1659699.098,0.0,0.0,0.0,0.0,0.0,0.0,0.0,0.0,0.0,0.0,0.0,0.0,Michael R. Turner,Turner,Republican
3911,2010,19920006.004,5044467.704,14875538.3,5044467.704,0.0,0.0,0.0,0.0,0.0,0.0,0.0,0.0,0.0,14875538.3,0.0,0.0,Shontel M. Brown,Brown,Democrat
3911,2011,20269805.43,5852519.03,14417286.4,4819041.78,0.0,0.0,0.0,1033477.25,0.0,0.0,0.0,0.0,0.0,14417286.4,0.0,0.0,Shontel M. Brown,Brown,Democrat
3911,2012,20392801.74,5783132.34,14609669.4,4916670.890000001,0.0,0.0,0.0,866461.45,0.0,0.0,0.0,0.0,0.0,14609669.4,0.0,0.0,Shontel M. Brown,Brown,Democrat
3911,2013,21702627.7872,5832741.508,15869886.2792,5042458.56,0.0,0.0,0.0,790282.948,0.0,0.0,0.0,0.0,0.0,15869886.2792,0.0,0.0,Shontel M. Brown,Brown,Democrat
3911,2014,22703535.1796,6150915.4059999995,16552619.7736,5442264.108,0.0,0.0,0.0,708651.298,0.0,0.0,0.0,0.0,0.0,16552619.7736,0.0,0.0,Shontel M. Brown,Brown,Democrat
3911,2015,21482048.488,5755442.888,15726605.6,5053031.188,0.0,0.0,0.0,702411.7,0.0,0.0,0.0,0.0,0.0,15726605.6,0.0,0.0,Shontel M. Brown,Brown,Democrat
3911,2016,20935918.123999998,5844825.424,15091092.7,5129984.7360000005,0.0,56731.038,0.0,658109.65,0.0,0.0,0.0,0.0,0.0,15091092.7,0.0,0.0,Shontel M. Brown,Brown,Democrat
3911,2017,21233171.246,5742821.745999999,15490349.5,4835991.992,0.0,268094.256,0.0,638735.498,0.0,0.0,0.0,0.0,0.0,15490349.5,0.0,0.0,Shontel M. Brown,Brown,Democrat
3911,2018,23825879.117900003,5610774.3179,18215104.8,4714189.1879,0.0,275947.082,0.0,620638.048,0.0,0.0,0.0,0.0,0.0,18215104.8,0.0,0.0,Shontel M. Brown,Brown,Democrat
3911,2019,23885804.615999997,5474793.016,18411011.6,4551672.72,0.0,281032.09,38219.408,603868.798,0.0,0.0,0.0,0.0,0.0,18411011.6,0.0,0.0,Shontel M. Brown,Brown,Democrat
3911,2020,21989706.002772797,4157545.5027727997,17832160.5,3355943.0080000004,0.0,202914.73200000002,8104.6147728,590583.148,0.0,0.0,0.0,0.0,0.0,17832160.5,0.0,0.0,Shontel M. Brown,Brown,Democrat
3911,2021,22684397.044106398,4845272.0441064,17839125.0,4148391.0200000005,0.0,120609.67599999999,1641.8501064,574629.498,0.0,0.0,0.0,0.0,0.0,17839125.0,0.0,0.0,Shontel M. Brown,Brown,Democrat
3911,2022,23542909.204773,4114573.204773,19428336.0,3455540.1259999997,0.0,95812.25399999999,5197.776773,558023.048,0.0,0.0,0.0,0.0,0.0,19428336.0,0.0,0.0,Shontel M. Brown,Brown,Democrat
3911,2023,23459147.364,5364286.264,18094861.1,4728362.88,0.0,96334.388,0.0,539588.996,0.0,0.0,0.0,0.0,0.0,18094861.1,0.0,0.0,Shontel M. Brown,Brown,Democrat
3912,2010,15552987.205364,15105117.105364,447870.1,15105117.105364,0.0,0.0,0.0,0.0,0.0,0.0,0.0,0.0,0.0,447870.1,0.0,0.0,Troy Balderson,Balderson,Republican
3912,2011,15617225.835718,15168077.235718,449148.6,15168077.235718,0.0,0.0,0.0,0.0,0.0,0.0,0.0,0.0,0.0,449148.6,0.0,0.0,Troy Balderson,Balderson,Republican
3912,2012,12757677.399900999,12316164.399900999,441513.0,12316164.399900999,0.0,0.0,0.0,0.0,0.0,0.0,0.0,0.0,0.0,441513.0,0.0,0.0,Troy Balderson,Balderson,Republican
3912,2013,13826877.3008,13338891.808,487985.4928,13338891.808,0.0,0.0,0.0,0.0,0.0,0.0,0.0,0.0,0.0,487985.4928,0.0,0.0,Troy Balderson,Balderson,Republican
3912,2014,16354886.432400001,15836994.726,517891.7064,15836994.726,0.0,0.0,0.0,0.0,0.0,0.0,0.0,0.0,0.0,517891.7064,0.0,0.0,Troy Balderson,Balderson,Republican
3912,2015,12536128.42,12060623.520000001,475504.9,12060623.520000001,0.0,0.0,0.0,0.0,0.0,0.0,0.0,0.0,0.0,475504.9,0.0,0.0,Troy Balderson,Balderson,Republican
3912,2016,10853096.614,10374629.514,478467.1,10374629.514,0.0,0.0,0.0,0.0,0.0,0.0,0.0,0.0,0.0,478467.1,0.0,0.0,Troy Balderson,Balderson,Republican
3912,2017,9570520.806,9107699.706,462821.1,9107699.706,0.0,0.0,0.0,0.0,0.0,0.0,0.0,0.0,0.0,462821.1,0.0,0.0,Troy Balderson,Balderson,Republican
3912,2018,10222142.969999999,9698663.37,523479.60000000003,9643619.17,55044.2,0.0,0.0,0.0,0.0,0.0,0.0,0.0,0.0,523479.60000000003,0.0,0.0,Troy Balderson,Balderson,Republican
3912,2019,8341735.668,7834044.268,507691.4,7816365.926,17678.342,0.0,0.0,0.0,0.0,0.0,0.0,0.0,0.0,507691.4,0.0,0.0,Troy Balderson,Balderson,Republican
3912,2020,7583858.492000001,6644384.292,939474.2,6613761.572000001,30622.72,0.0,0.0,0.0,0.0,0.0,0.0,0.0,0.0,939474.2,0.0,0.0,Troy Balderson,Balderson,Republican
3912,2021,6512883.242,5496936.042,1015947.2,5430449.588,66486.454,0.0,0.0,0.0,0.0,0.0,0.0,0.0,0.0,1015947.2,0.0,0.0,Troy Balderson,Balderson,Republican
3912,2022,6663136.552,5637355.152,1025781.3999999999,5612646.785999999,24708.366,0.0,0.0,0.0,0.0,0.0,0.0,0.0,0.0,1025781.3999999999,0.0,0.0,Troy Balderson,Balderson,Republican
3912,2023,8997944.08,8022860.38,975083.7,8003905.58,18954.8,0.0,0.0,0.0,0.0,0.0,0.0,0.0,0.0,975083.7,0.0,0.0,Troy Balderson,Balderson,Republican
3913,2010,1522775.471175,1522775.471175,0.0,1522775.471175,0.0,0.0,0.0,0.0,0.0,0.0,0.0,0.0,0.0,0.0,0.0,0.0,Emilia Strong Sykes,Sykes,Democrat
3913,2011,1850025.7519999999,1850025.7519999999,0.0,1503903.5119999999,0.0,0.0,0.0,0.0,346122.24,0.0,0.0,0.0,0.0,0.0,0.0,0.0,Emilia Strong Sykes,Sykes,Democrat
3913,2012,13679147.425999999,1756499.426,11922648.0,1524573.266,0.0,0.0,0.0,0.0,231926.16,0.0,11922648.0,0.0,0.0,0.0,0.0,0.0,Emilia Strong Sykes,Sykes,Democrat
3913,2013,11549825.675999999,1475520.976,10074304.7,1329580.456,0.0,0.0,0.0,0.0,145940.52,0.0,10007624.0,0.0,0.0,66680.7,0.0,0.0,Emilia Strong Sykes,Sykes,Democrat
3913,2014,13251148.158,1515373.658,11735774.5,1382935.298,0.0,0.0,0.0,0.0,132438.36,0.0,11658689.0,0.0,0.0,77085.5,0.0,0.0,Emilia Strong Sykes,Sykes,Democrat
3913,2015,13698426.112000002,1280126.2119999998,12418299.9,1169758.2519999999,0.0,0.0,0.0,0.0,110367.96,0.0,12346386.0,0.0,0.0,71913.9,0.0,0.0,Emilia Strong Sykes,Sykes,Democrat
3913,2016,14122930.2149,1427699.45,12695230.7649,1146049.008,31133.15,147677.892,0.0,0.0,102839.4,0.0,12626982.4649,0.0,0.0,68248.3,0.0,0.0,Emilia Strong Sykes,Sykes,Democrat
3913,2017,14024471.5841,1657130.348,12367341.236100001,1306011.75,56720.5,178765.618,0.0,0.0,115632.48,0.0,12293936.9361,0.0,0.0,73404.3,0.0,0.0,Emilia Strong Sykes,Sykes,Democrat
3913,2018,12297396.6876,1250078.896,11047317.7916,1129523.896,0.0,0.0,0.0,0.0,120555.0,0.0,10961432.4916,0.0,0.0,85885.3,0.0,0.0,Emilia Strong Sykes,Sykes,Democrat
3913,2019,15078944.0291,1165470.6472,13913473.3819,1050768.6579999998,0.0,0.0,0.0,0.0,114701.9892,0.0,13826066.1819,0.0,0.0,87407.2,0.0,0.0,Emilia Strong Sykes,Sykes,Democrat
3913,2020,13050452.2493,1134004.3736,11916447.8757,999463.01,0.0,0.0,0.0,0.0,134541.3636,0.0,11824090.9757,0.0,0.0,92356.9,0.0,0.0,Emilia Strong Sykes,Sykes,Democrat
3913,2021,15323280.343999999,1142442.8439999998,14180837.5,1060731.52,0.0,0.0,0.0,0.0,81711.324,0.0,14082693.0,0.0,0.0,98144.5,0.0,0.0,Emilia Strong Sykes,Sykes,Democrat
3913,2022,15267451.552,1178451.5520000001,14089000.0,1091125.614,0.0,0.0,0.0,0.0,87325.938,0.0,13980415.0,0.0,0.0,108585.0,0.0,0.0,Emilia Strong Sykes,Sykes,Democrat
3913,2023,14230617.246000001,1161219.5459999999,13069397.7,1080904.38,0.0,0.0,0.0,0.0,80315.166,0.0,12953420.0,0.0,0.0,115977.7,0.0,0.0,Emilia Strong Sykes,Sykes,Democrat
3914,2010,12171381.042753,11705253.042753,466128.0,11705253.042753,0.0,0.0,0.0,0.0,0.0,0.0,0.0,0.0,0.0,466128.0,0.0,0.0,David P. Joyce,Joyce,Republican
3914,2011,11985357.965,11876935.965,108422.0,11875712.815000001,0.0,0.0,0.0,1223.15,0.0,0.0,0.0,0.0,0.0,108422.0,0.0,0.0,David P. Joyce,Joyce,Republican
3914,2012,6016559.33755,5915547.83755,101011.5,5914283.33755,0.0,0.0,0.0,1264.5,0.0,0.0,0.0,0.0,0.0,101011.5,0.0,0.0,David P. Joyce,Joyce,Republican
3914,2013,2263209.864,2136622.9639999997,126586.90000000001,2135084.414,0.0,0.0,0.0,1538.55,0.0,0.0,0.0,0.0,0.0,126586.90000000001,0.0,0.0,David P. Joyce,Joyce,Republican
3914,2014,2697889.3,2652361.8,45527.5,2652361.8,0.0,0.0,0.0,0.0,0.0,0.0,0.0,0.0,0.0,45527.5,0.0,0.0,David P. Joyce,Joyce,Republican
3914,2015,1867190.384,1824442.184,42748.2,1824442.184,0.0,0.0,0.0,0.0,0.0,0.0,0.0,0.0,0.0,42748.2,0.0,0.0,David P. Joyce,Joyce,Republican
3914,2016,1378792.0,1262433.4,116358.6,1262433.4,0.0,0.0,0.0,0.0,0.0,0.0,0.0,0.0,0.0,116358.6,0.0,0.0,David P. Joyce,Joyce,Republican
3914,2017,1348079.3460000001,1310370.546,37708.8,1310370.546,0.0,0.0,0.0,0.0,0.0,0.0,0.0,0.0,0.0,37708.8,0.0,0.0,David P. Joyce,Joyce,Republican
3914,2018,2244627.464,2200786.5640000002,43840.9,2050411.514,0.0,150375.05,0.0,0.0,0.0,0.0,0.0,0.0,0.0,43840.9,0.0,0.0,David P. Joyce,Joyce,Republican
3914,2019,3923813.842,3877469.342,46344.5,3430116.302,0.0,447353.04,0.0,0.0,0.0,0.0,0.0,0.0,0.0,46344.5,0.0,0.0,David P. Joyce,Joyce,Republican
3914,2020,3958384.74,3918904.74,39480.0,3287733.278,0.0,631171.462,0.0,0.0,0.0,0.0,0.0,0.0,0.0,39480.0,0.0,0.0,David P. Joyce,Joyce,Republican
3914,2021,3688535.29,3647057.09,41478.2,3285806.31,0.0,361250.78,0.0,0.0,0.0,0.0,0.0,0.0,0.0,41478.2,0.0,0.0,David P. Joyce,Joyce,Republican
3914,2022,4010796.89,3964616.59,46180.3,3589527.1220000004,0.0,375089.468,0.0,0.0,0.0,0.0,0.0,0.0,0.0,46180.3,0.0,0.0,David P. Joyce,Joyce,Republican
3914,2023,3799771.9220000003,3759290.322,40481.6,3411620.5180000006,0.0,347669.804,0.0,0.0,0.0,0.0,0.0,0.0,0.0,40481.6,0.0,0.0,David P. Joyce,Joyce,Republican
3915,2010,14024033.503999999,536408.304,13487625.2,536408.304,0.0,0.0,0.0,0.0,0.0,0.0,0.0,0.0,0.0,13487625.2,0.0,0.0,Mike Carey,Carey,Republican
3915,2011,14445001.158,858909.258,13586091.9,458230.008,0.0,0.0,0.0,400679.25,0.0,0.0,0.0,0.0,0.0,13586091.9,0.0,0.0,Mike Carey,Carey,Republican
3915,2012,13209426.568,776355.168,12433071.4,396479.418,0.0,0.0,0.0,379875.75,0.0,0.0,0.0,0.0,0.0,12433071.4,0.0,0.0,Mike Carey,Carey,Republican
3915,2013,14982048.0264,695489.6,14286558.4264,335608.652,0.0,0.0,0.0,359880.948,0.0,0.0,0.0,0.0,0.0,14286558.4264,0.0,0.0,Mike Carey,Carey,Republican
3915,2014,16370208.46,839579.348,15530629.112,498009.35,0.0,0.0,0.0,341569.998,0.0,0.0,0.0,0.0,0.0,15530629.112,0.0,0.0,Mike Carey,Carey,Republican
3915,2015,14978597.638,799739.2379999999,14178858.4,477774.138,0.0,0.0,0.0,321965.1,0.0,0.0,0.0,0.0,0.0,14178858.4,0.0,0.0,Mike Carey,Carey,Republican
3915,2016,14333166.788,812661.588,13520505.2,506146.94,0.0,0.0,0.0,306514.648,0.0,0.0,0.0,0.0,0.0,13520505.2,0.0,0.0,Mike Carey,Carey,Republican
3915,2017,14578349.662,934341.162,13644008.5,644268.212,0.0,0.0,0.0,290072.95,0.0,0.0,0.0,0.0,0.0,13644008.5,0.0,0.0,Mike Carey,Carey,Republican
3915,2018,15999213.782,815203.782,15184010.0,537426.632,0.0,0.0,0.0,277777.15,0.0,0.0,0.0,0.0,0.0,15184010.0,0.0,0.0,Mike Carey,Carey,Republican
3915,2019,15902100.066,845022.8659999999,15057077.2,583146.316,0.0,0.0,0.0,261876.55,0.0,0.0,0.0,0.0,0.0,15057077.2,0.0,0.0,Mike Carey,Carey,Republican
3915,2020,15220591.348,914722.848,14305868.5,663320.648,0.0,0.0,0.0,251402.2,0.0,0.0,0.0,0.0,0.0,14305868.5,0.0,0.0,Mike Carey,Carey,Republican
3915,2021,15181193.025999999,921217.826,14259975.2,684277.776,0.0,0.0,0.0,236940.05,0.0,0.0,0.0,0.0,0.0,14259975.2,0.0,0.0,Mike Carey,Carey,Republican
3915,2022,16244903.682,924129.682,15320774.0,705756.282,0.0,0.0,0.0,218373.4,0.0,0.0,0.0,0.0,0.0,15320774.0,0.0,0.0,Mike Carey,Carey,Republican
3915,2023,14788189.056,995509.8559999999,13792679.2,784972.8559999999,0.0,0.0,0.0,210537.0,0.0,0.0,0.0,0.0,0.0,13792679.2,0.0,0.0,Mike Carey,Carey,Republican
4001,2010,5694021.96268,5694021.96268,0.0,5694021.96268,0.0,0.0,0.0,0.0,0.0,0.0,0.0,0.0,0.0,0.0,0.0,0.0,Kevin Hern,Hern,Republican
4001,2011,11747730.97635,11747730.97635,0.0,5925366.08435,5822364.892,0.0,0.0,0.0,0.0,0.0,0.0,0.0,0.0,0.0,0.0,0.0,Kevin Hern,Hern,Republican
4001,2012,27772641.141932398,12343749.164156,15428891.9777764,6631151.256156,5712597.908,0.0,0.0,0.0,0.0,0.0,15428891.9777764,0.0,0.0,0.0,0.0,0.0,Kevin Hern,Hern,Republican
4001,2013,28339509.422,11407584.422,16931925.0,5482632.636,5924951.786,0.0,0.0,0.0,0.0,0.0,16931925.0,0.0,0.0,0.0,0.0,0.0,Kevin Hern,Hern,Republican
4001,2014,22413799.51,11544457.51,10869342.0,5332873.354,6211584.156,0.0,0.0,0.0,0.0,0.0,10869342.0,0.0,0.0,0.0,0.0,0.0,Kevin Hern,Hern,Republican
4001,2015,30816063.066,12391569.266,18424493.8,6317002.894,6074566.3719999995,0.0,0.0,0.0,0.0,0.0,18424493.8,0.0,0.0,0.0,0.0,0.0,Kevin Hern,Hern,Republican
4001,2016,37366308.2164466,19614582.9164466,17751725.3,7002866.45,5090060.392,7419726.376,101929.6984466,0.0,0.0,0.0,17751725.3,0.0,0.0,0.0,0.0,0.0,Kevin Hern,Hern,Republican
4001,2017,36378819.7543527,18937769.5280813,17441050.2262714,6428021.353,4602072.02,7609660.44,298015.7150813,0.0,0.0,0.0,17441050.2262714,0.0,0.0,0.0,0.0,0.0,Kevin Hern,Hern,Republican
4001,2018,37577161.2503131,20321981.4738022,17255179.7765109,7041804.852,4516455.541999999,8565623.406,198097.6738022,0.0,0.0,0.0,17255179.7765109,0.0,0.0,0.0,0.0,0.0,Kevin Hern,Hern,Republican
4001,2019,35627562.7587869,21041199.8958869,14586362.8629,6849043.517,5399453.5,8543891.384,248811.4948869,0.0,0.0,0.0,14586362.8629,0.0,0.0,0.0,0.0,0.0,Kevin Hern,Hern,Republican
4001,2020,36354124.5637852,19043285.8637852,17310838.7,6920337.194,4313138.864,7738415.018,71394.7877852,0.0,0.0,0.0,17310838.7,0.0,0.0,0.0,0.0,0.0,Kevin Hern,Hern,Republican
4001,2021,31338556.5620608,16012610.1510608,15325946.410999998,5274486.808,3572912.844,7082005.66,83204.83906079999,0.0,0.0,0.0,15325946.410999998,0.0,0.0,0.0,0.0,0.0,Kevin Hern,Hern,Republican
4001,2022,35865878.9174936,16402465.5723936,19463413.3451,5947755.532,3480927.512,6931658.648,42123.8803936,0.0,0.0,0.0,19463413.3451,0.0,0.0,0.0,0.0,0.0,Kevin Hern,Hern,Republican
4001,2023,34337459.5098959,17510014.5120605,16827444.997835398,7004307.098,3271685.28,7176495.2360000005,57526.898060499996,0.0,0.0,0.0,16827444.997835398,0.0,0.0,0.0,0.0,0.0,Kevin Hern,Hern,Republican
4002,2010,38055829.796375,38055829.796375,0.0,38055829.796375,0.0,0.0,0.0,0.0,0.0,0.0,0.0,0.0,0.0,0.0,0.0,0.0,Josh Brecheen,Brecheen,Republican
4002,2011,39882508.3931,39803804.5931,78703.8,39801001.8251,1407.408,0.0,0.0,0.0,1395.36,0.0,0.0,0.0,0.0,78703.8,0.0,0.0,Josh Brecheen,Brecheen,Republican
4002,2012,37572932.2996,37509377.5996,63554.7,37468626.7096,36676.53,0.0,0.0,0.0,4074.36,0.0,0.0,0.0,0.0,63554.7,0.0,0.0,Josh Brecheen,Brecheen,Republican
4002,2013,37124846.796000004,37048109.096,76737.7,36992145.968,49499.328,0.0,0.0,0.0,6463.8,0.0,0.0,0.0,0.0,76737.7,0.0,0.0,Josh Brecheen,Brecheen,Republican
4002,2014,37461550.904,37375923.104,85627.8,37368736.544,0.0,0.0,0.0,0.0,7186.56,0.0,0.0,0.0,0.0,85627.8,0.0,0.0,Josh Brecheen,Brecheen,Republican
4002,2015,32584205.174,32512149.074,72056.1,32512149.074,0.0,0.0,0.0,0.0,0.0,0.0,0.0,0.0,0.0,72056.1,0.0,0.0,Josh Brecheen,Brecheen,Republican
4002,2016,28241576.395999998,28179121.996,62454.4,28179121.996,0.0,0.0,0.0,0.0,0.0,0.0,0.0,0.0,0.0,62454.4,0.0,0.0,Josh Brecheen,Brecheen,Republican
4002,2017,26621049.126000002,26558198.226,62850.9,26558198.226,0.0,0.0,0.0,0.0,0.0,0.0,0.0,0.0,0.0,62850.9,0.0,0.0,Josh Brecheen,Brecheen,Republican
4002,2018,26243394.6007984,26164262.500798397,79132.1,26164262.500798397,0.0,0.0,0.0,0.0,0.0,0.0,0.0,0.0,0.0,79132.1,0.0,0.0,Josh Brecheen,Brecheen,Republican
4002,2019,19595606.786852095,19516399.186852098,79207.6,19516399.186852098,0.0,0.0,0.0,0.0,0.0,0.0,0.0,0.0,0.0,79207.6,0.0,0.0,Josh Brecheen,Brecheen,Republican
4002,2020,19535559.067296173,19462092.367296174,73466.7,19462092.367296174,0.0,0.0,0.0,0.0,0.0,0.0,0.0,0.0,0.0,73466.7,0.0,0.0,Josh Brecheen,Brecheen,Republican
4002,2021,21970383.147134297,21893703.647134297,76679.5,21822438.347134296,0.0,71265.3,0.0,0.0,0.0,0.0,0.0,0.0,0.0,76679.5,0.0,0.0,Josh Brecheen,Brecheen,Republican
4002,2022,21496858.716223236,21419664.216223236,77194.5,21347130.75622324,0.0,72533.45999999999,0.0,0.0,0.0,0.0,0.0,0.0,0.0,77194.5,0.0,0.0,Josh Brecheen,Brecheen,Republican
4002,2023,20064401.02364563,19993700.62364563,70700.4,19906621.30564563,0.0,87079.318,0.0,0.0,0.0,0.0,0.0,0.0,0.0,70700.4,0.0,0.0,Josh Brecheen,Brecheen,Republican
4003,2010,34148921.053775,14674804.153775001,19474116.9,14674804.153775001,0.0,0.0,0.0,0.0,0.0,0.0,0.0,0.0,0.0,0.0,19474116.9,0.0,Frank D. Lucas,Lucas,Republican
4003,2011,34922405.197974995,16995452.397975,17926952.8,16227354.115975,768098.282,0.0,0.0,0.0,0.0,0.0,0.0,0.0,0.0,0.0,17926952.8,0.0,Frank D. Lucas,Lucas,Republican
4003,2012,63482791.640750006,16655430.59715,46827361.0436,15728716.66715,926713.93,0.0,0.0,0.0,0.0,0.0,28916497.8436,0.0,0.0,0.0,17910863.2,0.0,Frank D. Lucas,Lucas,Republican
4003,2013,59810256.2231,16792225.749,43018030.4741,16085193.439,707032.31,0.0,0.0,0.0,0.0,0.0,28082984.6741,0.0,0.0,0.0,14935045.8,0.0,Frank D. Lucas,Lucas,Republican
4003,2014,61073906.7292,16083140.527,44990766.202199996,15408111.221,675029.3059999999,0.0,0.0,0.0,0.0,0.0,30809559.9022,0.0,0.0,0.0,14181206.3,0.0,Frank D. Lucas,Lucas,Republican
4003,2015,57446789.16438,15920959.26438,41525829.9,15243361.482379999,677597.782,0.0,0.0,0.0,0.0,0.0,30359836.0,0.0,0.0,0.0,11165993.9,0.0,Frank D. Lucas,Lucas,Republican
4003,2016,59459578.908,15662480.808,43797098.1,14330428.512,606258.62,725793.676,0.0,0.0,0.0,0.0,33739327.0,0.0,0.0,0.0,10057771.1,0.0,Frank D. Lucas,Lucas,Republican
4003,2017,58983292.13,14630304.13,44352988.0,13475978.192,572968.944,581356.994,0.0,0.0,0.0,0.0,32508718.0,0.0,0.0,0.0,11844270.0,0.0,Frank D. Lucas,Lucas,Republican
4003,2018,66143592.369862825,17057508.849862818,49086083.52,15236319.58996282,1251024.9979,570164.262,0.0,0.0,0.0,0.0,36302484.92,0.0,0.0,0.0,12783598.6,0.0,Frank D. Lucas,Lucas,Republican
4003,2019,64430863.827126704,15919674.12712671,48511189.7,14375180.25922671,1004924.8779,539568.99,0.0,0.0,0.0,0.0,34468074.0,0.0,0.0,0.0,14043115.7,0.0,Frank D. Lucas,Lucas,Republican
4003,2020,56494147.494928114,13233249.572828112,43260897.9221,11852591.445428113,753749.0914,626909.036,0.0,0.0,0.0,0.0,31238189.3221,0.0,0.0,0.0,12022708.6,0.0,Frank D. Lucas,Lucas,Republican
4003,2021,57153143.14868134,14054618.248681337,43098524.9,12839348.652681338,677820.604,537448.992,0.0,0.0,0.0,0.0,28720245.0,0.0,0.0,0.0,14378279.9,0.0,Frank D. Lucas,Lucas,Republican
4003,2022,52800034.22106371,13749374.121063707,39050660.1,12820928.293063708,540868.396,387577.432,0.0,0.0,0.0,0.0,31065537.4,0.0,0.0,0.0,7985122.7,0.0,Frank D. Lucas,Lucas,Republican
4003,2023,43445835.622323215,12815240.150704717,30630595.4716185,11787007.920304717,692132.206,330463.682,0.0,0.0,5636.3424,0.0,30630595.4716185,0.0,0.0,0.0,0.0,0.0,Frank D. Lucas,Lucas,Republican
4004,2010,5470201.884708009,4610325.1847080095,859876.7,4610325.1847080095,0.0,0.0,0.0,0.0,0.0,0.0,0.0,0.0,0.0,0.0,859876.7,0.0,Tom Cole,Cole,Republican
4004,2011,5474853.37,4361471.57,1113381.8,4361471.57,0.0,0.0,0.0,0.0,0.0,0.0,0.0,0.0,0.0,0.0,1113381.8,0.0,Tom Cole,Cole,Republican
4004,2012,25259834.656,4998127.6559999995,20261707.0,4989939.056,8188.6,0.0,0.0,0.0,0.0,0.0,19051780.0,0.0,0.0,0.0,1209927.0,0.0,Tom Cole,Cole,Republican
4004,2013,28752647.423613403,5021541.379,23731106.0446134,5014492.529,7048.85,0.0,0.0,0.0,0.0,0.0,22601296.0446134,0.0,0.0,0.0,1129810.0,0.0,Tom Cole,Cole,Republican
4004,2014,28626339.476774402,4826279.9459999995,23800059.5307744,4763589.452,62690.494,0.0,0.0,0.0,0.0,0.0,22638691.5307744,0.0,0.0,0.0,1161368.0,0.0,Tom Cole,Cole,Republican
4004,2015,27913984.9985722,5376882.96775,22537102.030822203,5318370.81375,58512.154,0.0,0.0,0.0,0.0,0.0,22177425.030822203,0.0,0.0,0.0,359677.0,0.0,Tom Cole,Cole,Republican
4004,2016,25066579.056388598,4705365.764,20361213.2923886,4655413.884,49951.88,0.0,0.0,0.0,0.0,0.0,20361213.2923886,0.0,0.0,0.0,0.0,0.0,Tom Cole,Cole,Republican
4004,2017,27726737.7392223,4812119.158,22914618.5812223,4651389.262,160729.896,0.0,0.0,0.0,0.0,0.0,22914618.5812223,0.0,0.0,0.0,0.0,0.0,Tom Cole,Cole,Republican
4004,2018,25964161.632197194,5048163.436464694,20915998.1957325,4589978.826464695,458184.61000000004,0.0,0.0,0.0,0.0,0.0,20915998.1957325,0.0,0.0,0.0,0.0,0.0,Tom Cole,Cole,Republican
4004,2019,28378053.41136353,5149915.552337034,23228137.8590265,4801713.888337034,261417.028,86784.636,0.0,0.0,0.0,0.0,23228137.8590265,0.0,0.0,0.0,0.0,0.0,Tom Cole,Cole,Republican
4004,2020,26551330.13084363,4852631.496267925,21698698.6345757,4556398.424267924,169281.49800000002,126951.574,0.0,0.0,0.0,0.0,21698698.6345757,0.0,0.0,0.0,0.0,0.0,Tom Cole,Cole,Republican
4004,2021,26650808.48019299,4480118.041269691,22170690.4389233,4137249.199269691,198648.074,144220.768,0.0,0.0,0.0,0.0,22170690.4389233,0.0,0.0,0.0,0.0,0.0,Tom Cole,Cole,Republican
4004,2022,26120674.51812712,4532239.245990624,21588435.272136502,4168201.3499906235,197675.952,166361.944,0.0,0.0,0.0,0.0,21588435.272136502,0.0,0.0,0.0,0.0,0.0,Tom Cole,Cole,Republican
4004,2023,25420283.808919773,4822391.17553977,20597892.633380003,4409152.22153977,195519.66,217719.294,0.0,0.0,0.0,0.0,20597892.633380003,0.0,0.0,0.0,0.0,0.0,Tom Cole,Cole,Republican
4005,2010,16474121.49255,6113431.39255,10360690.1,6113431.39255,0.0,0.0,0.0,0.0,0.0,0.0,0.0,0.0,0.0,10360690.1,0.0,0.0,Stephanie I. Bice,Bice,Republican
4005,2011,28410217.84,18178512.64,10231705.2,5769754.632,12188854.068,0.0,0.0,188410.3,31493.64,0.0,0.0,0.0,0.0,10231705.2,0.0,0.0,Stephanie I. Bice,Bice,Republican
4005,2012,29386126.703075003,19922242.603075,9463884.1,6146686.031075,13532658.862,0.0,0.0,189506.95,53390.76,0.0,0.0,0.0,0.0,9463884.1,0.0,0.0,Stephanie I. Bice,Bice,Republican
4005,2013,27488747.0748,16935207.818,10553539.2568,5231820.064,11504521.754,0.0,0.0,170913.2,27952.8,0.0,0.0,0.0,0.0,10553539.2568,0.0,0.0,Stephanie I. Bice,Bice,Republican
4005,2014,29008333.4052,18107637.058,10900696.3472,4254354.034,13611430.514,0.0,0.0,164920.75,76931.76,0.0,0.0,0.0,0.0,10900696.3472,0.0,0.0,Stephanie I. Bice,Bice,Republican
4005,2015,30239463.292,20165195.692,10074267.6,5000325.71,14981572.762,0.0,0.0,159325.3,23971.92,0.0,0.0,0.0,0.0,10074267.6,0.0,0.0,Stephanie I. Bice,Bice,Republican
4005,2016,31591015.187400002,21783270.1874,9807745.0,5380311.136,11410660.8614,4815569.85,0.0,156144.5,20583.84,0.0,0.0,0.0,0.0,9807745.0,0.0,0.0,Stephanie I. Bice,Bice,Republican
4005,2017,31354088.067181,21485332.767181,9868755.3,3540266.7980000004,12663634.2558,4893174.146,214000.01738099998,162173.55,12084.0,0.0,0.0,0.0,0.0,9868755.3,0.0,0.0,Stephanie I. Bice,Bice,Republican
4005,2018,34034675.026376,22767896.626376,11266778.4,4618984.59,13410234.1092,4491199.592,49835.455176,159667.2,37975.68,0.0,0.0,0.0,0.0,11266778.4,0.0,0.0,Stephanie I. Bice,Bice,Republican
4005,2019,35929895.030005,24610402.230005,11319492.8,5725299.066000001,13634833.7885,4989924.4120000005,63024.373504999996,153549.15,43771.44,0.0,0.0,0.0,0.0,11319492.8,0.0,0.0,Stephanie I. Bice,Bice,Republican
4005,2020,33013728.815193,21655242.415193,11358486.4,5682913.104,10502621.22,5161692.87,125540.691193,149571.85,32902.68,0.0,0.0,0.0,0.0,11358486.4,0.0,0.0,Stephanie I. Bice,Bice,Republican
4005,2021,30260350.451775,19399315.851775,10861034.6,4211208.388,10249629.981999999,4634474.6620000005,92006.78177500001,148826.7,63169.338,0.0,0.0,0.0,0.0,10861034.6,0.0,0.0,Stephanie I. Bice,Bice,Republican
4005,2022,30527021.1065555,18948754.5065555,11578266.6,3906126.542,11822454.03,3004969.89,52384.7629555,152060.6,10758.6816,0.0,0.0,0.0,0.0,11578266.6,0.0,0.0,Stephanie I. Bice,Bice,Republican
4005,2023,29453071.76244,18624637.46244,10828434.3,4997991.874000001,10490935.96857,2880196.944,76696.59627,155077.7,23738.3796,0.0,0.0,0.0,0.0,10828434.3,0.0,0.0,Stephanie I. Bice,Bice,Republican
4101,2010,6876193.856000001,1671651.856,5204542.0,1671651.856,0.0,0.0,0.0,0.0,0.0,0.0,0.0,0.0,0.0,5204542.0,0.0,0.0,Suzanne Bonamici,Bonamici,Democrat
4101,2011,7355431.5936594,1679947.9936594,5675483.6,1619613.2836594,0.0,0.0,0.0,59714.55,620.16,0.0,0.0,0.0,0.0,5675483.6,0.0,0.0,Suzanne Bonamici,Bonamici,Democrat
4101,2012,7264075.5070268,1804913.6070268,5459161.9,1739677.1470267999,0.0,0.0,0.0,59623.1,5613.36,0.0,0.0,0.0,0.0,5459161.9,0.0,0.0,Suzanne Bonamici,Bonamici,Democrat
4101,2013,7627742.4904484,2066693.1904483999,5561049.3,2001771.2504484,0.0,0.0,0.0,59294.9,5627.04,0.0,0.0,0.0,0.0,5561049.3,0.0,0.0,Suzanne Bonamici,Bonamici,Democrat
4101,2014,7428031.587989,2041361.787989,5386669.8,1955692.347989,0.0,0.0,0.0,59112.0,26557.44,0.0,0.0,0.0,0.0,5386669.8,0.0,0.0,Suzanne Bonamici,Bonamici,Democrat
4101,2015,7443454.1592313005,2399772.9592313,5043681.2,2334367.8892313,0.0,0.0,0.0,56310.15,9094.92,0.0,0.0,0.0,0.0,5043681.2,0.0,0.0,Suzanne Bonamici,Bonamici,Democrat
4101,2016,7664112.9405334005,2319283.0405334,5344829.9,2261382.7105334,0.0,0.0,0.0,57556.05,344.28,0.0,0.0,0.0,0.0,5344829.9,0.0,0.0,Suzanne Bonamici,Bonamici,Democrat
4101,2017,8268211.862844001,2180026.162844,6088185.7,2120035.602844,0.0,0.0,0.0,57261.4,2729.16,0.0,0.0,0.0,0.0,6088185.7,0.0,0.0,Suzanne Bonamici,Bonamici,Democrat
4101,2018,7931111.277845,2404042.577845,5527068.7,2340652.087845,0.0,0.0,0.0,57375.85,6014.64,0.0,0.0,0.0,0.0,5527068.7,0.0,0.0,Suzanne Bonamici,Bonamici,Democrat
4101,2019,8614391.835099999,2649596.2351,5964795.6,2576685.2351,0.0,0.0,0.0,57543.8,15367.2,0.0,0.0,0.0,0.0,5964795.6,0.0,0.0,Suzanne Bonamici,Bonamici,Democrat
4101,2020,8267324.359683,2719741.5596829997,5547582.8,2656613.889683,0.0,0.0,0.0,57589.55,5538.12,0.0,0.0,0.0,0.0,5547582.8,0.0,0.0,Suzanne Bonamici,Bonamici,Democrat
4101,2021,9312077.3147363,3417048.7147363,5895028.6,3352261.6947363,0.0,0.0,0.0,57416.35,7370.67,0.0,0.0,0.0,0.0,5895028.6,0.0,0.0,Suzanne Bonamici,Bonamici,Democrat
4101,2022,9227440.6764547,3057109.8764547003,6170330.8,2992372.3552547,0.0,0.0,0.0,57729.85,7007.6712,0.0,0.0,0.0,0.0,6170330.8,0.0,0.0,Suzanne Bonamici,Bonamici,Democrat
4101,2023,9884503.1168363,3790540.1168363,6093963.0,3726853.1940363,0.0,0.0,0.0,57909.95,5776.9728,0.0,0.0,0.0,0.0,6093963.0,0.0,0.0,Suzanne Bonamici,Bonamici,Democrat
4102,2010,10187378.937432,10187378.937432,0.0,10187378.937432,0.0,0.0,0.0,0.0,0.0,0.0,0.0,0.0,0.0,0.0,0.0,0.0,Cliff Bentz,Bentz,Republican
4102,2011,7254761.327432,7254761.327432,0.0,7254761.327432,0.0,0.0,0.0,0.0,0.0,0.0,0.0,0.0,0.0,0.0,0.0,0.0,Cliff Bentz,Bentz,Republican
4102,2012,7657740.8469239995,7657740.8469239995,0.0,7657740.8469239995,0.0,0.0,0.0,0.0,0.0,0.0,0.0,0.0,0.0,0.0,0.0,0.0,Cliff Bentz,Bentz,Republican
4102,2013,9548342.982,9548342.982,0.0,9548342.982,0.0,0.0,0.0,0.0,0.0,0.0,0.0,0.0,0.0,0.0,0.0,0.0,Cliff Bentz,Bentz,Republican
4102,2014,8773411.9,8773411.9,0.0,8773411.9,0.0,0.0,0.0,0.0,0.0,0.0,0.0,0.0,0.0,0.0,0.0,0.0,Cliff Bentz,Bentz,Republican
4102,2015,9006162.384,9006162.384,0.0,9006162.384,0.0,0.0,0.0,0.0,0.0,0.0,0.0,0.0,0.0,0.0,0.0,0.0,Cliff Bentz,Bentz,Republican
4102,2016,8167313.282000001,8167313.282000001,0.0,8167313.282000001,0.0,0.0,0.0,0.0,0.0,0.0,0.0,0.0,0.0,0.0,0.0,0.0,Cliff Bentz,Bentz,Republican
4102,2017,8184769.938,8184769.938,0.0,8184769.938,0.0,0.0,0.0,0.0,0.0,0.0,0.0,0.0,0.0,0.0,0.0,0.0,Cliff Bentz,Bentz,Republican
4102,2018,8958774.096,8958774.096,0.0,8958774.096,0.0,0.0,0.0,0.0,0.0,0.0,0.0,0.0,0.0,0.0,0.0,0.0,Cliff Bentz,Bentz,Republican
4102,2019,11076737.94,11076737.94,0.0,11076737.94,0.0,0.0,0.0,0.0,0.0,0.0,0.0,0.0,0.0,0.0,0.0,0.0,Cliff Bentz,Bentz,Republican
4102,2020,9519684.498,9519684.498,0.0,9519684.498,0.0,0.0,0.0,0.0,0.0,0.0,0.0,0.0,0.0,0.0,0.0,0.0,Cliff Bentz,Bentz,Republican
4102,2021,8284828.2020000005,8284828.2020000005,0.0,8284828.2020000005,0.0,0.0,0.0,0.0,0.0,0.0,0.0,0.0,0.0,0.0,0.0,0.0,Cliff Bentz,Bentz,Republican
4102,2022,7654826.455999999,7654826.455999999,0.0,7654826.455999999,0.0,0.0,0.0,0.0,0.0,0.0,0.0,0.0,0.0,0.0,0.0,0.0,Cliff Bentz,Bentz,Republican
4102,2023,8423452.598,8423452.598,0.0,8423452.598,0.0,0.0,0.0,0.0,0.0,0.0,0.0,0.0,0.0,0.0,0.0,0.0,Cliff Bentz,Bentz,Republican
4103,2010,240698.932,240698.932,0.0,240698.932,0.0,0.0,0.0,0.0,0.0,0.0,0.0,0.0,0.0,0.0,0.0,0.0,Maxine Dexter,Dexter,Democrat
4103,2011,375736.45379,375736.45379,0.0,375736.45379,0.0,0.0,0.0,0.0,0.0,0.0,0.0,0.0,0.0,0.0,0.0,0.0,Maxine Dexter,Dexter,Democrat
4103,2012,474265.13572,474265.13572,0.0,474265.13572,0.0,0.0,0.0,0.0,0.0,0.0,0.0,0.0,0.0,0.0,0.0,0.0,Maxine Dexter,Dexter,Democrat
4103,2013,385619.997753,385619.997753,0.0,385619.997753,0.0,0.0,0.0,0.0,0.0,0.0,0.0,0.0,0.0,0.0,0.0,0.0,Maxine Dexter,Dexter,Democrat
4103,2014,423258.48849200003,423258.48849200003,0.0,423258.48849200003,0.0,0.0,0.0,0.0,0.0,0.0,0.0,0.0,0.0,0.0,0.0,0.0,Maxine Dexter,Dexter,Democrat
4103,2015,398736.276928,398736.276928,0.0,398736.276928,0.0,0.0,0.0,0.0,0.0,0.0,0.0,0.0,0.0,0.0,0.0,0.0,Maxine Dexter,Dexter,Democrat
4103,2016,401063.22607,401063.22607,0.0,401063.22607,0.0,0.0,0.0,0.0,0.0,0.0,0.0,0.0,0.0,0.0,0.0,0.0,Maxine Dexter,Dexter,Democrat
4103,2017,322720.60679800005,322720.60679800005,0.0,322720.60679800005,0.0,0.0,0.0,0.0,0.0,0.0,0.0,0.0,0.0,0.0,0.0,0.0,Maxine Dexter,Dexter,Democrat
4103,2018,424119.926905,424119.926905,0.0,424119.926905,0.0,0.0,0.0,0.0,0.0,0.0,0.0,0.0,0.0,0.0,0.0,0.0,Maxine Dexter,Dexter,Democrat
4103,2019,422597.76884499996,422597.76884499996,0.0,422597.76884499996,0.0,0.0,0.0,0.0,0.0,0.0,0.0,0.0,0.0,0.0,0.0,0.0,Maxine Dexter,Dexter,Democrat
4103,2020,368198.222854,368198.222854,0.0,368198.222854,0.0,0.0,0.0,0.0,0.0,0.0,0.0,0.0,0.0,0.0,0.0,0.0,Maxine Dexter,Dexter,Democrat
4103,2021,398371.608256,398371.608256,0.0,398371.608256,0.0,0.0,0.0,0.0,0.0,0.0,0.0,0.0,0.0,0.0,0.0,0.0,Maxine Dexter,Dexter,Democrat
4103,2022,391455.556542,391455.556542,0.0,391455.556542,0.0,0.0,0.0,0.0,0.0,0.0,0.0,0.0,0.0,0.0,0.0,0.0,Maxine Dexter,Dexter,Democrat
4103,2023,449666.436753,449666.436753,0.0,449666.436753,0.0,0.0,0.0,0.0,0.0,0.0,0.0,0.0,0.0,0.0,0.0,0.0,Maxine Dexter,Dexter,Democrat
4104,2010,886788.576,886788.576,0.0,886788.576,0.0,0.0,0.0,0.0,0.0,0.0,0.0,0.0,0.0,0.0,0.0,0.0,Val T. Hoyle,Hoyle,Democrat
4104,2011,836585.126,836585.126,0.0,836585.126,0.0,0.0,0.0,0.0,0.0,0.0,0.0,0.0,0.0,0.0,0.0,0.0,Val T. Hoyle,Hoyle,Democrat
4104,2012,870315.812,870315.812,0.0,870315.812,0.0,0.0,0.0,0.0,0.0,0.0,0.0,0.0,0.0,0.0,0.0,0.0,Val T. Hoyle,Hoyle,Democrat
4104,2013,826675.182,826675.182,0.0,826675.182,0.0,0.0,0.0,0.0,0.0,0.0,0.0,0.0,0.0,0.0,0.0,0.0,Val T. Hoyle,Hoyle,Democrat
4104,2014,850896.536,850896.536,0.0,850896.536,0.0,0.0,0.0,0.0,0.0,0.0,0.0,0.0,0.0,0.0,0.0,0.0,Val T. Hoyle,Hoyle,Democrat
4104,2015,833451.328,833451.328,0.0,833451.328,0.0,0.0,0.0,0.0,0.0,0.0,0.0,0.0,0.0,0.0,0.0,0.0,Val T. Hoyle,Hoyle,Democrat
4104,2016,797313.916,797313.916,0.0,797313.916,0.0,0.0,0.0,0.0,0.0,0.0,0.0,0.0,0.0,0.0,0.0,0.0,Val T. Hoyle,Hoyle,Democrat
4104,2017,783598.1240000001,783598.1240000001,0.0,783598.1240000001,0.0,0.0,0.0,0.0,0.0,0.0,0.0,0.0,0.0,0.0,0.0,0.0,Val T. Hoyle,Hoyle,Democrat
4104,2018,774233.442,774233.442,0.0,774233.442,0.0,0.0,0.0,0.0,0.0,0.0,0.0,0.0,0.0,0.0,0.0,0.0,Val T. Hoyle,Hoyle,Democrat
4104,2019,684107.262,684107.262,0.0,684107.262,0.0,0.0,0.0,0.0,0.0,0.0,0.0,0.0,0.0,0.0,0.0,0.0,Val T. Hoyle,Hoyle,Democrat
4104,2020,658660.442,658660.442,0.0,658660.442,0.0,0.0,0.0,0.0,0.0,0.0,0.0,0.0,0.0,0.0,0.0,0.0,Val T. Hoyle,Hoyle,Democrat
4104,2021,653854.188,653854.188,0.0,653854.188,0.0,0.0,0.0,0.0,0.0,0.0,0.0,0.0,0.0,0.0,0.0,0.0,Val T. Hoyle,Hoyle,Democrat
4104,2022,651315.28,651315.28,0.0,651315.28,0.0,0.0,0.0,0.0,0.0,0.0,0.0,0.0,0.0,0.0,0.0,0.0,Val T. Hoyle,Hoyle,Democrat
4104,2023,811633.922,811633.922,0.0,811633.922,0.0,0.0,0.0,0.0,0.0,0.0,0.0,0.0,0.0,0.0,0.0,0.0,Val T. Hoyle,Hoyle,Democrat
4105,2010,826863.506,391172.506,435691.0,391172.506,0.0,0.0,0.0,0.0,0.0,0.0,0.0,0.0,0.0,435691.0,0.0,0.0,Janelle S. Bynum,Bynum,Democrat
4105,2011,771900.838,281863.938,490036.9,274221.588,0.0,0.0,0.0,7642.35,0.0,0.0,0.0,0.0,0.0,490036.9,0.0,0.0,Janelle S. Bynum,Bynum,Democrat
4105,2012,769185.646,304803.346,464382.3,297137.646,0.0,0.0,0.0,7665.7,0.0,0.0,0.0,0.0,0.0,464382.3,0.0,0.0,Janelle S. Bynum,Bynum,Democrat
4105,2013,797583.9519999999,319554.552,478029.4,311888.102,0.0,0.0,0.0,7666.45,0.0,0.0,0.0,0.0,0.0,478029.4,0.0,0.0,Janelle S. Bynum,Bynum,Democrat
4105,2014,763748.828,303609.62799999997,460139.2,295840.328,0.0,0.0,0.0,7769.3,0.0,0.0,0.0,0.0,0.0,460139.2,0.0,0.0,Janelle S. Bynum,Bynum,Democrat
4105,2015,723180.4160000001,290740.316,432440.1,282916.016,0.0,0.0,0.0,7824.3,0.0,0.0,0.0,0.0,0.0,432440.1,0.0,0.0,Janelle S. Bynum,Bynum,Democrat
4105,2016,747384.006,286959.406,460424.6,278975.556,0.0,0.0,0.0,7983.85,0.0,0.0,0.0,0.0,0.0,460424.6,0.0,0.0,Janelle S. Bynum,Bynum,Democrat
4105,2017,828485.5780000001,280466.278,548019.3,272283.37799999997,0.0,0.0,0.0,8182.9,0.0,0.0,0.0,0.0,0.0,548019.3,0.0,0.0,Janelle S. Bynum,Bynum,Democrat
4105,2018,701104.4839999999,199738.384,501366.1,191277.934,0.0,0.0,0.0,8460.45,0.0,0.0,0.0,0.0,0.0,501366.1,0.0,0.0,Janelle S. Bynum,Bynum,Democrat
4105,2019,759384.1640000001,199875.364,559508.8,191227.464,0.0,0.0,0.0,8647.9,0.0,0.0,0.0,0.0,0.0,559508.8,0.0,0.0,Janelle S. Bynum,Bynum,Democrat
4105,2020,742316.4400000001,229199.24,513117.2,220408.38999999998,0.0,0.0,0.0,8790.85,0.0,0.0,0.0,0.0,0.0,513117.2,0.0,0.0,Janelle S. Bynum,Bynum,Democrat
4105,2021,767985.3859999999,241338.086,526647.3,232417.636,0.0,0.0,0.0,8920.45,0.0,0.0,0.0,0.0,0.0,526647.3,0.0,0.0,Janelle S. Bynum,Bynum,Democrat
4105,2022,841903.49,250965.89,590937.6,241951.24000000002,0.0,0.0,0.0,9014.65,0.0,0.0,0.0,0.0,0.0,590937.6,0.0,0.0,Janelle S. Bynum,Bynum,Democrat
4105,2023,786348.3680000001,226797.568,559550.8,217683.318,0.0,0.0,0.0,9114.25,0.0,0.0,0.0,0.0,0.0,559550.8,0.0,0.0,Janelle S. Bynum,Bynum,Democrat
4106,2010,319300.80937499995,319300.80937499995,0.0,319300.80937499995,0.0,0.0,0.0,0.0,0.0,0.0,0.0,0.0,0.0,0.0,0.0,0.0,Andrea Salinas,Salinas,Democrat
4106,2011,259414.95502400002,259414.95502400002,0.0,259414.95502400002,0.0,0.0,0.0,0.0,0.0,0.0,0.0,0.0,0.0,0.0,0.0,0.0,Andrea Salinas,Salinas,Democrat
4106,2012,284909.177134,284909.177134,0.0,284909.177134,0.0,0.0,0.0,0.0,0.0,0.0,0.0,0.0,0.0,0.0,0.0,0.0,Andrea Salinas,Salinas,Democrat
4106,2013,247445.40000000002,247445.40000000002,0.0,247445.40000000002,0.0,0.0,0.0,0.0,0.0,0.0,0.0,0.0,0.0,0.0,0.0,0.0,Andrea Salinas,Salinas,Democrat
4106,2014,240823.14,240823.14,0.0,240823.14,0.0,0.0,0.0,0.0,0.0,0.0,0.0,0.0,0.0,0.0,0.0,0.0,Andrea Salinas,Salinas,Democrat
4106,2015,233060.21399999998,233060.21399999998,0.0,233060.21399999998,0.0,0.0,0.0,0.0,0.0,0.0,0.0,0.0,0.0,0.0,0.0,0.0,Andrea Salinas,Salinas,Democrat
4106,2016,209381.24,209381.24,0.0,209381.24,0.0,0.0,0.0,0.0,0.0,0.0,0.0,0.0,0.0,0.0,0.0,0.0,Andrea Salinas,Salinas,Democrat
4106,2017,224630.80199999997,224630.80199999997,0.0,224630.80199999997,0.0,0.0,0.0,0.0,0.0,0.0,0.0,0.0,0.0,0.0,0.0,0.0,Andrea Salinas,Salinas,Democrat
4106,2018,230832.304,230832.304,0.0,230832.304,0.0,0.0,0.0,0.0,0.0,0.0,0.0,0.0,0.0,0.0,0.0,0.0,Andrea Salinas,Salinas,Democrat
4106,2019,219337.596,219337.596,0.0,219337.596,0.0,0.0,0.0,0.0,0.0,0.0,0.0,0.0,0.0,0.0,0.0,0.0,Andrea Salinas,Salinas,Democrat
4106,2020,213971.2,213971.2,0.0,213971.2,0.0,0.0,0.0,0.0,0.0,0.0,0.0,0.0,0.0,0.0,0.0,0.0,Andrea Salinas,Salinas,Democrat
4106,2021,197260.012,197260.012,0.0,197260.012,0.0,0.0,0.0,0.0,0.0,0.0,0.0,0.0,0.0,0.0,0.0,0.0,Andrea Salinas,Salinas,Democrat
4106,2022,190333.342,190333.342,0.0,190333.342,0.0,0.0,0.0,0.0,0.0,0.0,0.0,0.0,0.0,0.0,0.0,0.0,Andrea Salinas,Salinas,Democrat
4106,2023,165902.636,165902.636,0.0,165902.636,0.0,0.0,0.0,0.0,0.0,0.0,0.0,0.0,0.0,0.0,0.0,0.0,Andrea Salinas,Salinas,Democrat
4201,2010,2718610.798898,2718610.798898,0.0,2718610.798898,0.0,0.0,0.0,0.0,0.0,0.0,0.0,0.0,0.0,0.0,0.0,0.0,Brian K. Fitzpatrick,Fitzpatrick,Republican
4201,2011,3327138.34,3327138.34,0.0,3327138.34,0.0,0.0,0.0,0.0,0.0,0.0,0.0,0.0,0.0,0.0,0.0,0.0,Brian K. Fitzpatrick,Fitzpatrick,Republican
4201,2012,3717363.637591,3717363.637591,0.0,3717363.637591,0.0,0.0,0.0,0.0,0.0,0.0,0.0,0.0,0.0,0.0,0.0,0.0,Brian K. Fitzpatrick,Fitzpatrick,Republican
4201,2013,3480691.0160000003,3480691.0160000003,0.0,3480691.0160000003,0.0,0.0,0.0,0.0,0.0,0.0,0.0,0.0,0.0,0.0,0.0,0.0,Brian K. Fitzpatrick,Fitzpatrick,Republican
4201,2014,3206478.712,3206478.712,0.0,3206478.712,0.0,0.0,0.0,0.0,0.0,0.0,0.0,0.0,0.0,0.0,0.0,0.0,Brian K. Fitzpatrick,Fitzpatrick,Republican
4201,2015,2866951.164,2866951.164,0.0,2866951.164,0.0,0.0,0.0,0.0,0.0,0.0,0.0,0.0,0.0,0.0,0.0,0.0,Brian K. Fitzpatrick,Fitzpatrick,Republican
4201,2016,3704277.3,3704277.3,0.0,3704277.3,0.0,0.0,0.0,0.0,0.0,0.0,0.0,0.0,0.0,0.0,0.0,0.0,Brian K. Fitzpatrick,Fitzpatrick,Republican
4201,2017,3228175.486,3228175.486,0.0,3228175.486,0.0,0.0,0.0,0.0,0.0,0.0,0.0,0.0,0.0,0.0,0.0,0.0,Brian K. Fitzpatrick,Fitzpatrick,Republican
4201,2018,2996911.508,2996911.508,0.0,2996911.508,0.0,0.0,0.0,0.0,0.0,0.0,0.0,0.0,0.0,0.0,0.0,0.0,Brian K. Fitzpatrick,Fitzpatrick,Republican
4201,2019,3033199.109,3033199.109,0.0,3033199.109,0.0,0.0,0.0,0.0,0.0,0.0,0.0,0.0,0.0,0.0,0.0,0.0,Brian K. Fitzpatrick,Fitzpatrick,Republican
4201,2020,3378489.78,3378489.78,0.0,3378489.78,0.0,0.0,0.0,0.0,0.0,0.0,0.0,0.0,0.0,0.0,0.0,0.0,Brian K. Fitzpatrick,Fitzpatrick,Republican
4201,2021,3269471.0039999997,3269471.0039999997,0.0,3269471.0039999997,0.0,0.0,0.0,0.0,0.0,0.0,0.0,0.0,0.0,0.0,0.0,0.0,Brian K. Fitzpatrick,Fitzpatrick,Republican
4201,2022,3337176.566,3337176.566,0.0,3337176.566,0.0,0.0,0.0,0.0,0.0,0.0,0.0,0.0,0.0,0.0,0.0,0.0,Brian K. Fitzpatrick,Fitzpatrick,Republican
4201,2023,3428425.638,3428425.638,0.0,3428425.638,0.0,0.0,0.0,0.0,0.0,0.0,0.0,0.0,0.0,0.0,0.0,0.0,Brian K. Fitzpatrick,Fitzpatrick,Republican
4202,2010,5032649.486,246222.886,4786426.6,246222.886,0.0,0.0,0.0,0.0,0.0,0.0,0.0,0.0,0.0,4786426.6,0.0,0.0,Brendan F. Boyle,Boyle,Democrat
4202,2011,5462304.794,542226.294,4920078.5,241392.594,0.0,0.0,0.0,300833.7,0.0,0.0,0.0,0.0,0.0,4920078.5,0.0,0.0,Brendan F. Boyle,Boyle,Democrat
4202,2012,4202423.764,549101.664,3653322.1,252701.114,0.0,0.0,0.0,296400.55,0.0,0.0,0.0,0.0,0.0,3653322.1,0.0,0.0,Brendan F. Boyle,Boyle,Democrat
4202,2013,4899443.546,557359.446,4342084.1,240849.246,0.0,0.0,0.0,316510.2,0.0,0.0,0.0,0.0,0.0,4342084.1,0.0,0.0,Brendan F. Boyle,Boyle,Democrat
4202,2014,4994667.9860000005,583259.586,4411408.4,272136.73600000003,0.0,0.0,0.0,311122.85,0.0,0.0,0.0,0.0,0.0,4411408.4,0.0,0.0,Brendan F. Boyle,Boyle,Democrat
4202,2015,4547232.75,554883.25,3992349.5,249927.55,0.0,0.0,0.0,304955.7,0.0,0.0,0.0,0.0,0.0,3992349.5,0.0,0.0,Brendan F. Boyle,Boyle,Democrat
4202,2016,4594122.3100000005,545462.31,4048660.0,247378.41,0.0,0.0,0.0,298083.9,0.0,0.0,0.0,0.0,0.0,4048660.0,0.0,0.0,Brendan F. Boyle,Boyle,Democrat
4202,2017,4452719.496,539941.996,3912777.5,250528.746,0.0,0.0,0.0,289413.25,0.0,0.0,0.0,0.0,0.0,3912777.5,0.0,0.0,Brendan F. Boyle,Boyle,Democrat
4202,2018,5094448.488,557640.088,4536808.4,274573.088,0.0,0.0,0.0,283067.0,0.0,0.0,0.0,0.0,0.0,4536808.4,0.0,0.0,Brendan F. Boyle,Boyle,Democrat
4202,2019,4929681.592,528335.792,4401345.8,253287.592,0.0,0.0,0.0,275048.2,0.0,0.0,0.0,0.0,0.0,4401345.8,0.0,0.0,Brendan F. Boyle,Boyle,Democrat
4202,2020,4257101.542,520111.142,3736990.4,251364.302,0.0,0.0,0.0,268746.84,0.0,0.0,0.0,0.0,0.0,3736990.4,0.0,0.0,Brendan F. Boyle,Boyle,Democrat
4202,2021,4499656.526000001,518345.226,3981311.3,257303.28600000002,0.0,0.0,0.0,261041.94,0.0,0.0,0.0,0.0,0.0,3981311.3,0.0,0.0,Brendan F. Boyle,Boyle,Democrat
4202,2022,4801575.246,506110.046,4295465.2,251732.656,0.0,0.0,0.0,254377.39,0.0,0.0,0.0,0.0,0.0,4295465.2,0.0,0.0,Brendan F. Boyle,Boyle,Democrat
4202,2023,4103722.296,488570.99600000004,3615151.3,241134.00400000002,0.0,0.0,0.0,247436.992,0.0,0.0,0.0,0.0,0.0,3615151.3,0.0,0.0,Brendan F. Boyle,Boyle,Democrat
4203,2010,5868030.866,902179.866,4965851.0,902179.866,0.0,0.0,0.0,0.0,0.0,0.0,0.0,0.0,0.0,4965851.0,0.0,0.0,Dwight Evans,Evans,Democrat
4203,2011,5673578.718,979151.518,4694427.2,796412.122,0.0,0.0,0.0,182739.396,0.0,0.0,0.0,0.0,0.0,4694427.2,0.0,0.0,Dwight Evans,Evans,Democrat
4203,2012,5220215.716000001,911600.5160000001,4308615.2,732949.27,0.0,0.0,0.0,178651.246,0.0,0.0,0.0,0.0,0.0,4308615.2,0.0,0.0,Dwight Evans,Evans,Democrat
4203,2013,5779886.784,947274.584,4832612.2,774757.838,0.0,0.0,0.0,172516.746,0.0,0.0,0.0,0.0,0.0,4832612.2,0.0,0.0,Dwight Evans,Evans,Democrat
4203,2014,6087407.724,997011.1240000001,5090396.6,830230.128,0.0,0.0,0.0,166780.996,0.0,0.0,0.0,0.0,0.0,5090396.6,0.0,0.0,Dwight Evans,Evans,Democrat
4203,2015,5917657.466000001,1037744.066,4879913.4,874894.12,0.0,0.0,0.0,162849.946,0.0,0.0,0.0,0.0,0.0,4879913.4,0.0,0.0,Dwight Evans,Evans,Democrat
4203,2016,5729083.634,1012587.834,4716495.8,854785.488,0.0,0.0,0.0,157802.346,0.0,0.0,0.0,0.0,0.0,4716495.8,0.0,0.0,Dwight Evans,Evans,Democrat
4203,2017,5681366.828,977756.0279999999,4703610.8,835412.182,0.0,0.0,0.0,142343.846,0.0,0.0,0.0,0.0,0.0,4703610.8,0.0,0.0,Dwight Evans,Evans,Democrat
4203,2018,6002889.212,940569.1120000001,5062320.1,807427.912,0.0,0.0,0.0,133141.2,0.0,0.0,0.0,0.0,0.0,5062320.1,0.0,0.0,Dwight Evans,Evans,Democrat
4203,2019,5917159.4120000005,915652.912,5001506.5,792685.0120000001,0.0,0.0,0.0,122967.9,0.0,0.0,0.0,0.0,0.0,5001506.5,0.0,0.0,Dwight Evans,Evans,Democrat
4203,2020,5470729.446,898718.746,4572010.7,780551.246,0.0,0.0,0.0,118167.5,0.0,0.0,0.0,0.0,0.0,4572010.7,0.0,0.0,Dwight Evans,Evans,Democrat
4203,2021,5596736.597999998,837146.998,4759589.6,726938.3979999999,0.0,0.0,0.0,110208.6,0.0,0.0,0.0,0.0,0.0,4759589.6,0.0,0.0,Dwight Evans,Evans,Democrat
4203,2022,5968769.461999999,930477.262,5038292.2,820266.662,0.0,0.0,0.0,110210.6,0.0,0.0,0.0,0.0,0.0,5038292.2,0.0,0.0,Dwight Evans,Evans,Democrat
4203,2023,5384428.357999999,909851.758,4474576.6,807984.258,0.0,0.0,0.0,101867.5,0.0,0.0,0.0,0.0,0.0,4474576.6,0.0,0.0,Dwight Evans,Evans,Democrat
4204,2010,11229892.731874999,2213195.831875,9016696.899999999,2213195.831875,0.0,0.0,0.0,0.0,0.0,0.0,0.0,0.0,0.0,9016696.9,0.0,0.0,Madeleine Dean,Dean,Democrat
4204,2011,13183919.26343,2769019.16343,10414900.1,2560736.41343,0.0,0.0,0.0,208282.75,0.0,0.0,0.0,0.0,0.0,10414900.1,0.0,0.0,Madeleine Dean,Dean,Democrat
4204,2012,13835517.378348,3067408.7783480003,10768108.6,2863665.128348,0.0,0.0,0.0,203743.65000000002,0.0,0.0,0.0,0.0,0.0,10768108.6,0.0,0.0,Madeleine Dean,Dean,Democrat
4204,2013,14405100.6988,2844003.746,11561096.9528,2639769.196,0.0,0.0,0.0,204234.55,0.0,0.0,0.0,0.0,0.0,11561096.9528,0.0,0.0,Madeleine Dean,Dean,Democrat
4204,2014,14286178.0584,3048519.972,11237658.0864,2851676.822,0.0,0.0,0.0,196843.15000000002,0.0,0.0,0.0,0.0,0.0,11237658.0864,0.0,0.0,Madeleine Dean,Dean,Democrat
4204,2015,14700114.027999999,3353740.128,11346373.9,3174304.1780000003,0.0,0.0,0.0,179435.95,0.0,0.0,0.0,0.0,0.0,11346373.9,0.0,0.0,Madeleine Dean,Dean,Democrat
4204,2016,15571878.784,3281709.984,12290168.799999999,3103688.5840000003,0.0,0.0,0.0,178021.4,0.0,0.0,0.0,0.0,0.0,12290168.799999999,0.0,0.0,Madeleine Dean,Dean,Democrat
4204,2017,16634650.64,3167919.34,13466731.3,2991743.49,0.0,0.0,0.0,176175.84999999998,0.0,0.0,0.0,0.0,0.0,13466731.3,0.0,0.0,Madeleine Dean,Dean,Democrat
4204,2018,17715753.064,2952978.4639999997,14762774.6,2790800.664,0.0,0.0,0.0,162177.8,0.0,0.0,0.0,0.0,0.0,14762774.6,0.0,0.0,Madeleine Dean,Dean,Democrat
4204,2019,19829674.278,2832336.878,16997337.4,2676602.028,0.0,0.0,0.0,155734.85,0.0,0.0,0.0,0.0,0.0,16997337.4,0.0,0.0,Madeleine Dean,Dean,Democrat
4204,2020,19858865.734,2846179.034,17012686.7,2703888.484,0.0,0.0,0.0,142290.55,0.0,0.0,0.0,0.0,0.0,17012686.7,0.0,0.0,Madeleine Dean,Dean,Democrat
4204,2021,19334878.492,3062340.892,16272537.6,2925590.792,0.0,0.0,0.0,136750.1,0.0,0.0,0.0,0.0,0.0,16272537.6,0.0,0.0,Madeleine Dean,Dean,Democrat
4204,2022,20484321.724,3082827.424,17401494.3,2962195.2240000004,0.0,0.0,0.0,120632.2,0.0,0.0,0.0,0.0,0.0,17401494.3,0.0,0.0,Madeleine Dean,Dean,Democrat
4204,2023,21061818.990000006,2861636.39,18200182.6,2740629.79,0.0,0.0,0.0,121006.6,0.0,0.0,0.0,0.0,0.0,18200182.6,0.0,0.0,Madeleine Dean,Dean,Democrat
4205,2010,12708029.47,12708029.47,0.0,12708029.47,0.0,0.0,0.0,0.0,0.0,0.0,0.0,0.0,0.0,0.0,0.0,0.0,Mary Gay Scanlon,Scanlon,Democrat
4205,2011,9756262.798,9756262.798,0.0,9693083.998,0.0,0.0,0.0,0.0,63178.8,0.0,0.0,0.0,0.0,0.0,0.0,0.0,Mary Gay Scanlon,Scanlon,Democrat
4205,2012,56632460.89315999,8151210.08,48481250.81316,8086305.32,0.0,0.0,0.0,0.0,64904.76,0.0,48481250.81316,0.0,0.0,0.0,0.0,0.0,Mary Gay Scanlon,Scanlon,Democrat
4205,2013,76692281.08199999,8675954.082,68016327.0,8589051.882,0.0,0.0,0.0,0.0,86902.2,0.0,68016327.0,0.0,0.0,0.0,0.0,0.0,Mary Gay Scanlon,Scanlon,Democrat
4205,2014,79363741.74494,9158776.780000001,70204964.96494,9068440.9,0.0,0.0,0.0,0.0,90335.88,0.0,70204964.96494,0.0,0.0,0.0,0.0,0.0,Mary Gay Scanlon,Scanlon,Democrat
4205,2015,78424045.454,9403199.454,69020846.0,9325191.534,0.0,0.0,0.0,0.0,78007.92,0.0,69020846.0,0.0,0.0,0.0,0.0,0.0,Mary Gay Scanlon,Scanlon,Democrat
4205,2016,80058775.3824577,9561137.274,70497638.1084577,9498765.594,0.0,0.0,0.0,0.0,62371.68,0.0,70497638.1084577,0.0,0.0,0.0,0.0,0.0,Mary Gay Scanlon,Scanlon,Democrat
4205,2017,78974168.705163,9472938.108000001,69501230.59716299,9429718.428,0.0,0.0,0.0,0.0,43219.68,0.0,69501230.59716299,0.0,0.0,0.0,0.0,0.0,Mary Gay Scanlon,Scanlon,Democrat
4205,2018,75489355.588109,8833370.198,66655985.390109,8776178.678,0.0,0.0,0.0,0.0,57191.52,0.0,66655985.390109,0.0,0.0,0.0,0.0,0.0,Mary Gay Scanlon,Scanlon,Democrat
4205,2019,53888220.695594,7150632.678,46737588.017594,7115707.638,0.0,0.0,0.0,0.0,34925.04,0.0,46737588.017594,0.0,0.0,0.0,0.0,0.0,Mary Gay Scanlon,Scanlon,Democrat
4205,2020,27810636.502024997,5571655.634000001,22238980.868024997,5547309.794000001,0.0,0.0,0.0,0.0,24345.84,0.0,22238980.868024997,0.0,0.0,0.0,0.0,0.0,Mary Gay Scanlon,Scanlon,Democrat
4205,2021,30340445.983401,5911333.8376,24429112.145801,5886047.908,0.0,0.0,0.0,0.0,25285.9296,0.0,24429112.145801,0.0,0.0,0.0,0.0,0.0,Mary Gay Scanlon,Scanlon,Democrat
4205,2022,32516556.609472,5579514.9368,26937041.672672,5567694.14,0.0,0.0,0.0,0.0,11820.7968,0.0,26937041.672672,0.0,0.0,0.0,0.0,0.0,Mary Gay Scanlon,Scanlon,Democrat
4205,2023,30387204.55106,5816873.3736,24570331.17746,5813108.934,0.0,0.0,0.0,0.0,3764.4396,0.0,24570331.17746,0.0,0.0,0.0,0.0,0.0,Mary Gay Scanlon,Scanlon,Democrat
4206,2010,2234610.018,2234610.018,0.0,2234610.018,0.0,0.0,0.0,0.0,0.0,0.0,0.0,0.0,0.0,0.0,0.0,0.0,Chrissy Houlahan,Houlahan,Democrat
4206,2011,1474436.244,1474436.244,0.0,1474436.244,0.0,0.0,0.0,0.0,0.0,0.0,0.0,0.0,0.0,0.0,0.0,0.0,Chrissy Houlahan,Houlahan,Democrat
4206,2012,934257.428,934257.428,0.0,934257.428,0.0,0.0,0.0,0.0,0.0,0.0,0.0,0.0,0.0,0.0,0.0,0.0,Chrissy Houlahan,Houlahan,Democrat
4206,2013,991884.826,991884.826,0.0,991884.826,0.0,0.0,0.0,0.0,0.0,0.0,0.0,0.0,0.0,0.0,0.0,0.0,Chrissy Houlahan,Houlahan,Democrat
4206,2014,670832.148,670832.148,0.0,670832.148,0.0,0.0,0.0,0.0,0.0,0.0,0.0,0.0,0.0,0.0,0.0,0.0,Chrissy Houlahan,Houlahan,Democrat
4206,2015,580627.862,580627.862,0.0,580627.862,0.0,0.0,0.0,0.0,0.0,0.0,0.0,0.0,0.0,0.0,0.0,0.0,Chrissy Houlahan,Houlahan,Democrat
4206,2016,580504.308,580504.308,0.0,580504.308,0.0,0.0,0.0,0.0,0.0,0.0,0.0,0.0,0.0,0.0,0.0,0.0,Chrissy Houlahan,Houlahan,Democrat
4206,2017,663718.5480000001,663718.5480000001,0.0,663718.5480000001,0.0,0.0,0.0,0.0,0.0,0.0,0.0,0.0,0.0,0.0,0.0,0.0,Chrissy Houlahan,Houlahan,Democrat
4206,2018,582785.258,582785.258,0.0,582785.258,0.0,0.0,0.0,0.0,0.0,0.0,0.0,0.0,0.0,0.0,0.0,0.0,Chrissy Houlahan,Houlahan,Democrat
4206,2019,1603119.47,1603119.47,0.0,1401564.568,0.0,201554.902,0.0,0.0,0.0,0.0,0.0,0.0,0.0,0.0,0.0,0.0,Chrissy Houlahan,Houlahan,Democrat
4206,2020,2035265.254,2035265.254,0.0,1818551.0,0.0,216714.254,0.0,0.0,0.0,0.0,0.0,0.0,0.0,0.0,0.0,0.0,Chrissy Houlahan,Houlahan,Democrat
4206,2021,1970999.6739999999,1970999.6739999999,0.0,1794760.014,0.0,176239.66,0.0,0.0,0.0,0.0,0.0,0.0,0.0,0.0,0.0,0.0,Chrissy Houlahan,Houlahan,Democrat
4206,2022,1801208.494,1801208.494,0.0,1590913.076,0.0,210295.418,0.0,0.0,0.0,0.0,0.0,0.0,0.0,0.0,0.0,0.0,Chrissy Houlahan,Houlahan,Democrat
4206,2023,2088762.118,2088762.118,0.0,1878702.456,0.0,210059.662,0.0,0.0,0.0,0.0,0.0,0.0,0.0,0.0,0.0,0.0,Chrissy Houlahan,Houlahan,Democrat
4207,2010,8946076.73264,8946076.73264,0.0,8946076.73264,0.0,0.0,0.0,0.0,0.0,0.0,0.0,0.0,0.0,0.0,0.0,0.0,Ryan Mackenzie,Mackenzie,Republican
4207,2011,9336006.857,9336006.857,0.0,9293815.457,0.0,0.0,0.0,0.0,42191.4,0.0,0.0,0.0,0.0,0.0,0.0,0.0,Ryan Mackenzie,Mackenzie,Republican
4207,2012,9292471.090813,9292471.090813,0.0,9283576.810813,0.0,0.0,0.0,0.0,8894.28,0.0,0.0,0.0,0.0,0.0,0.0,0.0,Ryan Mackenzie,Mackenzie,Republican
4207,2013,8768293.076,8768293.076,0.0,8740451.996,0.0,0.0,0.0,0.0,27841.08,0.0,0.0,0.0,0.0,0.0,0.0,0.0,Ryan Mackenzie,Mackenzie,Republican
4207,2014,9260327.698,9260327.698,0.0,9243993.778,0.0,0.0,0.0,0.0,16333.92,0.0,0.0,0.0,0.0,0.0,0.0,0.0,Ryan Mackenzie,Mackenzie,Republican
4207,2015,10572097.7,10572097.7,0.0,10555729.58,0.0,0.0,0.0,0.0,16368.12,0.0,0.0,0.0,0.0,0.0,0.0,0.0,Ryan Mackenzie,Mackenzie,Republican
4207,2016,9676121.172,9676121.172,0.0,9667411.572,0.0,0.0,0.0,0.0,8709.6,0.0,0.0,0.0,0.0,0.0,0.0,0.0,Ryan Mackenzie,Mackenzie,Republican
4207,2017,7063251.058,7063251.058,0.0,7060344.058,0.0,0.0,0.0,0.0,2907.0,0.0,0.0,0.0,0.0,0.0,0.0,0.0,Ryan Mackenzie,Mackenzie,Republican
4207,2018,6779538.38,6779538.38,0.0,6774385.58,0.0,0.0,0.0,0.0,5152.8,0.0,0.0,0.0,0.0,0.0,0.0,0.0,Ryan Mackenzie,Mackenzie,Republican
4207,2019,6252647.75,6252647.75,0.0,6246338.99,0.0,0.0,0.0,0.0,6308.76,0.0,0.0,0.0,0.0,0.0,0.0,0.0,Ryan Mackenzie,Mackenzie,Republican
4207,2020,6171214.322,6171214.322,0.0,6169962.944,0.0,0.0,0.0,0.0,1251.378,0.0,0.0,0.0,0.0,0.0,0.0,0.0,Ryan Mackenzie,Mackenzie,Republican
4207,2021,6416818.838,6416818.838,0.0,6412659.32,0.0,0.0,0.0,0.0,4159.518,0.0,0.0,0.0,0.0,0.0,0.0,0.0,Ryan Mackenzie,Mackenzie,Republican
4207,2022,7627492.956,7627492.956,0.0,7627492.956,0.0,0.0,0.0,0.0,0.0,0.0,0.0,0.0,0.0,0.0,0.0,0.0,Ryan Mackenzie,Mackenzie,Republican
4207,2023,8444832.738,8444832.738,0.0,8444832.738,0.0,0.0,0.0,0.0,0.0,0.0,0.0,0.0,0.0,0.0,0.0,0.0,Ryan Mackenzie,Mackenzie,Republican
4208,2010,340891.266284,340891.266284,0.0,340891.266284,0.0,0.0,0.0,0.0,0.0,0.0,0.0,0.0,0.0,0.0,0.0,0.0,"Robert P. Bresnahan, Jr.",Bresnahan,Republican
4208,2011,387921.444,387921.444,0.0,387921.444,0.0,0.0,0.0,0.0,0.0,0.0,0.0,0.0,0.0,0.0,0.0,0.0,"Robert P. Bresnahan, Jr.",Bresnahan,Republican
4208,2012,378638.182148,378638.182148,0.0,378638.182148,0.0,0.0,0.0,0.0,0.0,0.0,0.0,0.0,0.0,0.0,0.0,0.0,"Robert P. Bresnahan, Jr.",Bresnahan,Republican
4208,2013,437678.98,437678.98,0.0,437678.98,0.0,0.0,0.0,0.0,0.0,0.0,0.0,0.0,0.0,0.0,0.0,0.0,"Robert P. Bresnahan, Jr.",Bresnahan,Republican
4208,2014,480711.866,480711.866,0.0,480711.866,0.0,0.0,0.0,0.0,0.0,0.0,0.0,0.0,0.0,0.0,0.0,0.0,"Robert P. Bresnahan, Jr.",Bresnahan,Republican
4208,2015,399285.52173000004,399285.52173000004,0.0,399285.52173000004,0.0,0.0,0.0,0.0,0.0,0.0,0.0,0.0,0.0,0.0,0.0,0.0,"Robert P. Bresnahan, Jr.",Bresnahan,Republican
4208,2016,578927.20176,578927.20176,0.0,578927.20176,0.0,0.0,0.0,0.0,0.0,0.0,0.0,0.0,0.0,0.0,0.0,0.0,"Robert P. Bresnahan, Jr.",Bresnahan,Republican
4208,2017,597575.4177,597575.4177,0.0,597575.4177,0.0,0.0,0.0,0.0,0.0,0.0,0.0,0.0,0.0,0.0,0.0,0.0,"Robert P. Bresnahan, Jr.",Bresnahan,Republican
4208,2018,1734532.5785909998,1734532.5785909998,0.0,1734532.5785909998,0.0,0.0,0.0,0.0,0.0,0.0,0.0,0.0,0.0,0.0,0.0,0.0,"Robert P. Bresnahan, Jr.",Bresnahan,Republican
4208,2019,4170430.63397,4170430.63397,0.0,4170430.63397,0.0,0.0,0.0,0.0,0.0,0.0,0.0,0.0,0.0,0.0,0.0,0.0,"Robert P. Bresnahan, Jr.",Bresnahan,Republican
4208,2020,3946678.71194,3946678.71194,0.0,3946678.71194,0.0,0.0,0.0,0.0,0.0,0.0,0.0,0.0,0.0,0.0,0.0,0.0,"Robert P. Bresnahan, Jr.",Bresnahan,Republican
4208,2021,4156186.20197,4156186.20197,0.0,4156186.20197,0.0,0.0,0.0,0.0,0.0,0.0,0.0,0.0,0.0,0.0,0.0,0.0,"Robert P. Bresnahan, Jr.",Bresnahan,Republican
4208,2022,3680656.21997,3680656.21997,0.0,3680656.21997,0.0,0.0,0.0,0.0,0.0,0.0,0.0,0.0,0.0,0.0,0.0,0.0,"Robert P. Bresnahan, Jr.",Bresnahan,Republican
4208,2023,4043351.31397,4043351.31397,0.0,4043351.31397,0.0,0.0,0.0,0.0,0.0,0.0,0.0,0.0,0.0,0.0,0.0,0.0,"Robert P. Bresnahan, Jr.",Bresnahan,Republican
4209,2010,15166999.47675,15166999.47675,0.0,15166999.47675,0.0,0.0,0.0,0.0,0.0,0.0,0.0,0.0,0.0,0.0,0.0,0.0,Daniel Meuser,Meuser,Republican
4209,2011,16572518.324,16572518.324,0.0,15866972.477999998,704800.896,0.0,0.0,744.95,0.0,0.0,0.0,0.0,0.0,0.0,0.0,0.0,Daniel Meuser,Meuser,Republican
4209,2012,15286898.865355,15286898.865355,0.0,15102946.393355,183180.872,0.0,0.0,771.6,0.0,0.0,0.0,0.0,0.0,0.0,0.0,0.0,Daniel Meuser,Meuser,Republican
4209,2013,15128560.684,15128560.684,0.0,14952824.332,175063.152,0.0,0.0,673.2,0.0,0.0,0.0,0.0,0.0,0.0,0.0,0.0,Daniel Meuser,Meuser,Republican
4209,2014,15259657.189,15259657.189,0.0,15116448.354999999,142526.13400000002,0.0,0.0,682.7,0.0,0.0,0.0,0.0,0.0,0.0,0.0,0.0,Daniel Meuser,Meuser,Republican
4209,2015,14963269.602,14963269.602,0.0,14856613.3,106656.302,0.0,0.0,0.0,0.0,0.0,0.0,0.0,0.0,0.0,0.0,0.0,Daniel Meuser,Meuser,Republican
4209,2016,14183103.105,14183103.105,0.0,13483183.652999999,107081.618,592837.834,0.0,0.0,0.0,0.0,0.0,0.0,0.0,0.0,0.0,0.0,Daniel Meuser,Meuser,Republican
4209,2017,15354298.817,15354298.817,0.0,14624499.823,83198.568,646600.426,0.0,0.0,0.0,0.0,0.0,0.0,0.0,0.0,0.0,0.0,Daniel Meuser,Meuser,Republican
4209,2018,16149874.963,16149874.963,0.0,15273586.789,82243.828,794044.346,0.0,0.0,0.0,0.0,0.0,0.0,0.0,0.0,0.0,0.0,Daniel Meuser,Meuser,Republican
4209,2019,14935953.657,14935953.657,0.0,13976891.719,122764.534,836297.404,0.0,0.0,0.0,0.0,0.0,0.0,0.0,0.0,0.0,0.0,Daniel Meuser,Meuser,Republican
4209,2020,14436023.106,14436023.106,0.0,13412246.324000001,130253.462,893523.3200000001,0.0,0.0,0.0,0.0,0.0,0.0,0.0,0.0,0.0,0.0,Daniel Meuser,Meuser,Republican
4209,2021,15350333.23,15350333.23,0.0,14320744.03,109214.76,920374.44,0.0,0.0,0.0,0.0,0.0,0.0,0.0,0.0,0.0,0.0,Daniel Meuser,Meuser,Republican
4209,2022,15776735.963000001,15776735.963000001,0.0,14764183.661,106938.53,905613.772,0.0,0.0,0.0,0.0,0.0,0.0,0.0,0.0,0.0,0.0,Daniel Meuser,Meuser,Republican
4209,2023,15124837.87,15124837.87,0.0,14311302.022,37742.622,775793.226,0.0,0.0,0.0,0.0,0.0,0.0,0.0,0.0,0.0,0.0,Daniel Meuser,Meuser,Republican
4210,2010,10546661.813664,10546661.813664,0.0,10546661.813664,0.0,0.0,0.0,0.0,0.0,0.0,0.0,0.0,0.0,0.0,0.0,0.0,Scott Perry,Perry,Republican
4210,2011,9895042.801,9895042.801,0.0,9895042.801,0.0,0.0,0.0,0.0,0.0,0.0,0.0,0.0,0.0,0.0,0.0,0.0,Scott Perry,Perry,Republican
4210,2012,8082886.280492,6920573.380492001,1162312.9,6854677.4804920005,0.0,0.0,0.0,65895.9,0.0,0.0,0.0,0.0,0.0,1162312.9,0.0,0.0,Scott Perry,Perry,Republican
4210,2013,8571408.0822,7553206.731,1018201.3512,7495902.231,0.0,0.0,0.0,57304.5,0.0,0.0,0.0,0.0,0.0,1018201.3512,0.0,0.0,Scott Perry,Perry,Republican
4210,2014,8311782.0694,6939001.119,1372780.9504,6885970.769,0.0,0.0,0.0,53030.35,0.0,0.0,0.0,0.0,0.0,1372780.9504,0.0,0.0,Scott Perry,Perry,Republican
4210,2015,7398644.618000001,5942695.118000001,1455949.5,5886628.4180000005,0.0,0.0,0.0,56066.7,0.0,0.0,0.0,0.0,0.0,1455949.5,0.0,0.0,Scott Perry,Perry,Republican
4210,2016,5891211.455,4588061.955,1303149.5,4534875.205,0.0,0.0,0.0,53186.75,0.0,0.0,0.0,0.0,0.0,1303149.5,0.0,0.0,Scott Perry,Perry,Republican
4210,2017,5004961.74,3751931.24,1253030.5,3691284.24,0.0,0.0,0.0,60647.0,0.0,0.0,0.0,0.0,0.0,1253030.5,0.0,0.0,Scott Perry,Perry,Republican
4210,2018,4176596.79,2939473.39,1237123.4,2887327.09,0.0,0.0,0.0,52146.3,0.0,0.0,0.0,0.0,0.0,1237123.4,0.0,0.0,Scott Perry,Perry,Republican
4210,2019,4580419.148,3389515.4480000003,1190903.7,3338201.148,0.0,0.0,0.0,51314.3,0.0,0.0,0.0,0.0,0.0,1190903.7,0.0,0.0,Scott Perry,Perry,Republican
4210,2020,3441532.7180000003,2430156.018,1011376.7,2379277.9680000003,0.0,0.0,0.0,50878.05,0.0,0.0,0.0,0.0,0.0,1011376.7,0.0,0.0,Scott Perry,Perry,Republican
4210,2021,4537721.915999999,3546545.4159999997,991176.5,3499057.716,0.0,0.0,0.0,47487.7,0.0,0.0,0.0,0.0,0.0,991176.5,0.0,0.0,Scott Perry,Perry,Republican
4210,2022,5033373.308,3962666.7079999996,1070706.6,3916862.108,0.0,0.0,0.0,45804.6,0.0,0.0,0.0,0.0,0.0,1070706.6,0.0,0.0,Scott Perry,Perry,Republican
4210,2023,2807979.87,2807979.87,0.0,2807979.87,0.0,0.0,0.0,0.0,0.0,0.0,0.0,0.0,0.0,0.0,0.0,0.0,Scott Perry,Perry,Republican
4211,2010,1588785.506,1588785.506,0.0,1588785.506,0.0,0.0,0.0,0.0,0.0,0.0,0.0,0.0,0.0,0.0,0.0,0.0,Lloyd Smucker,Smucker,Republican
4211,2011,1924022.486,1924022.486,0.0,1924022.486,0.0,0.0,0.0,0.0,0.0,0.0,0.0,0.0,0.0,0.0,0.0,0.0,Lloyd Smucker,Smucker,Republican
4211,2012,2719711.668,2719711.668,0.0,2719711.668,0.0,0.0,0.0,0.0,0.0,0.0,0.0,0.0,0.0,0.0,0.0,0.0,Lloyd Smucker,Smucker,Republican
4211,2013,2110457.636,2110457.636,0.0,2110457.636,0.0,0.0,0.0,0.0,0.0,0.0,0.0,0.0,0.0,0.0,0.0,0.0,Lloyd Smucker,Smucker,Republican
4211,2014,2352319.638,2352319.638,0.0,2352319.638,0.0,0.0,0.0,0.0,0.0,0.0,0.0,0.0,0.0,0.0,0.0,0.0,Lloyd Smucker,Smucker,Republican
4211,2015,2117057.75,2117057.75,0.0,2117057.75,0.0,0.0,0.0,0.0,0.0,0.0,0.0,0.0,0.0,0.0,0.0,0.0,Lloyd Smucker,Smucker,Republican
4211,2016,1943730.226,1943730.226,0.0,1943730.226,0.0,0.0,0.0,0.0,0.0,0.0,0.0,0.0,0.0,0.0,0.0,0.0,Lloyd Smucker,Smucker,Republican
4211,2017,1727602.348,1727602.348,0.0,1727602.348,0.0,0.0,0.0,0.0,0.0,0.0,0.0,0.0,0.0,0.0,0.0,0.0,Lloyd Smucker,Smucker,Republican
4211,2018,1855797.716,1855797.716,0.0,1855797.716,0.0,0.0,0.0,0.0,0.0,0.0,0.0,0.0,0.0,0.0,0.0,0.0,Lloyd Smucker,Smucker,Republican
4211,2019,2823263.996,2823263.996,0.0,2823263.996,0.0,0.0,0.0,0.0,0.0,0.0,0.0,0.0,0.0,0.0,0.0,0.0,Lloyd Smucker,Smucker,Republican
4211,2020,4471251.422,4471251.422,0.0,4471251.422,0.0,0.0,0.0,0.0,0.0,0.0,0.0,0.0,0.0,0.0,0.0,0.0,Lloyd Smucker,Smucker,Republican
4211,2021,4114681.6659999997,4114681.6659999997,0.0,4114681.6659999997,0.0,0.0,0.0,0.0,0.0,0.0,0.0,0.0,0.0,0.0,0.0,0.0,Lloyd Smucker,Smucker,Republican
4211,2022,3931604.192,3931604.192,0.0,3931604.192,0.0,0.0,0.0,0.0,0.0,0.0,0.0,0.0,0.0,0.0,0.0,0.0,Lloyd Smucker,Smucker,Republican
4211,2023,4533691.43,4533691.43,0.0,4533691.43,0.0,0.0,0.0,0.0,0.0,0.0,0.0,0.0,0.0,0.0,0.0,0.0,Lloyd Smucker,Smucker,Republican
4212,2010,14969809.881967,5145383.681967,9824426.2,5145383.681967,0.0,0.0,0.0,0.0,0.0,0.0,0.0,0.0,0.0,9824426.2,0.0,0.0,Summer L. Lee,Lee,Democrat
4212,2011,15581499.637,7499433.737,8082065.9,5376795.805000001,1746372.672,0.0,0.0,300245.5,76019.76,0.0,0.0,0.0,0.0,8082065.9,0.0,0.0,Summer L. Lee,Lee,Democrat
4212,2012,12358170.07564,6051782.375639999,6306387.7,5466046.5756399995,267938.38,0.0,0.0,307927.3,9870.12,0.0,0.0,0.0,0.0,6306387.7,0.0,0.0,Summer L. Lee,Lee,Democrat
4212,2013,13548903.01712,6430364.384,7118538.633119999,5572871.75,583036.974,0.0,0.0,253452.30000000002,21003.36,0.0,0.0,0.0,0.0,7118538.633119999,0.0,0.0,Summer L. Lee,Lee,Democrat
4212,2014,12680789.8548,5551917.858,7128871.9968,4956982.876,331249.332,0.0,0.0,256275.65,7410.0,0.0,0.0,0.0,0.0,7128871.9968,0.0,0.0,Summer L. Lee,Lee,Democrat
4212,2015,11906526.954,5231684.954,6674842.0,4511530.08,455876.984,0.0,0.0,251092.65,13185.24,0.0,0.0,0.0,0.0,6674842.0,0.0,0.0,Summer L. Lee,Lee,Democrat
4212,2016,13301726.771,6691935.171,6609791.600000001,5045375.476,336142.918,1003918.9060000001,48003.751,245432.0,13062.12,0.0,0.0,0.0,0.0,6609791.600000001,0.0,0.0,Summer L. Lee,Lee,Democrat
4212,2017,13544301.192434799,7115385.8924348,6428915.3,5033469.33,705443.2779999999,1106777.17,25832.0144348,243864.1,0.0,0.0,0.0,0.0,0.0,6428915.3,0.0,0.0,Summer L. Lee,Lee,Democrat
4212,2018,14034483.0393782,6845940.8393782,7188542.2,5297780.1959999995,642542.3459999999,667614.644,7940.9033782,230062.75,0.0,0.0,0.0,0.0,0.0,7188542.2,0.0,0.0,Summer L. Lee,Lee,Democrat
4212,2019,14203621.552521901,6985768.5525219,7217853.0,5452828.822000001,546598.96,741027.92,21579.2005219,223733.65,0.0,0.0,0.0,0.0,0.0,7217853.0,0.0,0.0,Summer L. Lee,Lee,Democrat
4212,2020,13201072.4111851,6528254.4111851,6672818.0,4905993.184,679003.9800000001,713395.5920000001,5501.0551851,224360.6,0.0,0.0,0.0,0.0,0.0,6672818.0,0.0,0.0,Summer L. Lee,Lee,Democrat
4212,2021,13647376.7726976,6998859.7726976,6648517.0,5154939.84,611569.266,1008767.5079999999,10266.1086976,213317.05,0.0,0.0,0.0,0.0,0.0,6648517.0,0.0,0.0,Summer L. Lee,Lee,Democrat
4212,2022,13099044.7761047,6044617.6761047,7054427.1,4451480.556,443402.962,948357.402,826.0061047,200550.75,0.0,0.0,0.0,0.0,0.0,7054427.1,0.0,0.0,Summer L. Lee,Lee,Democrat
4212,2023,13610234.854,6565057.754000001,7045177.1,5056200.204,399934.49000000005,874531.1100000001,0.0,234391.95,0.0,0.0,0.0,0.0,0.0,7045177.1,0.0,0.0,Summer L. Lee,Lee,Democrat
4213,2010,4574340.564278999,4514242.464279,60098.1,4514242.464279,0.0,0.0,0.0,0.0,0.0,0.0,0.0,0.0,0.0,60098.1,0.0,0.0,John Joyce,Joyce,Republican
4213,2011,5224513.695,5169675.195,54838.5,5169675.195,0.0,0.0,0.0,0.0,0.0,0.0,0.0,0.0,0.0,54838.5,0.0,0.0,John Joyce,Joyce,Republican
4213,2012,5239075.6592069995,5239075.6592069995,0.0,5235071.1592069995,0.0,0.0,0.0,4004.5,0.0,0.0,0.0,0.0,0.0,0.0,0.0,0.0,John Joyce,Joyce,Republican
4213,2013,5394225.272,5394225.272,0.0,5391104.272,0.0,0.0,0.0,3121.0,0.0,0.0,0.0,0.0,0.0,0.0,0.0,0.0,John Joyce,Joyce,Republican
4213,2014,5234399.85,5234399.85,0.0,5163298.85,0.0,0.0,0.0,71101.0,0.0,0.0,0.0,0.0,0.0,0.0,0.0,0.0,John Joyce,Joyce,Republican
4213,2015,5297672.288,5236680.888,60991.4,5236680.888,0.0,0.0,0.0,0.0,0.0,0.0,0.0,0.0,0.0,60991.4,0.0,0.0,John Joyce,Joyce,Republican
4213,2016,5013785.854,4952574.854,61211.0,4952574.854,0.0,0.0,0.0,0.0,0.0,0.0,0.0,0.0,0.0,61211.0,0.0,0.0,John Joyce,Joyce,Republican
4213,2017,5310449.932,5251210.732,59239.2,5251210.732,0.0,0.0,0.0,0.0,0.0,0.0,0.0,0.0,0.0,59239.2,0.0,0.0,John Joyce,Joyce,Republican
4213,2018,5573217.5819999995,5506227.0819999995,66990.5,5506227.0819999995,0.0,0.0,0.0,0.0,0.0,0.0,0.0,0.0,0.0,66990.5,0.0,0.0,John Joyce,Joyce,Republican
4213,2019,4998732.907000001,4935328.407000001,63404.5,4935328.407000001,0.0,0.0,0.0,0.0,0.0,0.0,0.0,0.0,0.0,63404.5,0.0,0.0,John Joyce,Joyce,Republican
4213,2020,7095109.445,7035937.244999999,59172.2,7035937.244999999,0.0,0.0,0.0,0.0,0.0,0.0,0.0,0.0,0.0,59172.2,0.0,0.0,John Joyce,Joyce,Republican
4213,2021,6947541.74,6880266.84,67274.9,6880266.84,0.0,0.0,0.0,0.0,0.0,0.0,0.0,0.0,0.0,67274.9,0.0,0.0,John Joyce,Joyce,Republican
4213,2022,7117842.672,7035722.272,82120.4,7035722.272,0.0,0.0,0.0,0.0,0.0,0.0,0.0,0.0,0.0,82120.4,0.0,0.0,John Joyce,Joyce,Republican
4213,2023,6466340.3379999995,6400951.138,65389.2,6400951.138,0.0,0.0,0.0,0.0,0.0,0.0,0.0,0.0,0.0,65389.2,0.0,0.0,John Joyce,Joyce,Republican
4214,2010,42576938.584416,38131801.684415996,4445136.9,38131801.684415996,0.0,0.0,0.0,0.0,0.0,0.0,0.0,0.0,0.0,4445136.9,0.0,0.0,Guy Reschenthaler,Reschenthaler,Republican
4214,2011,49310913.855436,43779756.455436,5531157.4,42899730.169436,689473.3859999999,0.0,0.0,190552.9,0.0,0.0,0.0,0.0,0.0,4462779.6,1068377.8,0.0,Guy Reschenthaler,Reschenthaler,Republican
4214,2012,48281351.983396,41833692.883396,6447659.1,41102277.817396,506749.316,0.0,0.0,224665.75,0.0,0.0,0.0,0.0,0.0,4110133.8,2337525.3,0.0,Guy Reschenthaler,Reschenthaler,Republican
4214,2013,50969934.0956,43570477.414,7399456.681600001,41983450.230000004,1403373.284,0.0,0.0,183653.9,0.0,0.0,0.0,0.0,0.0,4681444.5816,2718012.1,0.0,Guy Reschenthaler,Reschenthaler,Republican
4214,2014,46384826.4454,35204514.031,11180312.4144,34272472.815,756453.5160000001,0.0,0.0,175587.7,0.0,0.0,0.0,0.0,0.0,4976680.5144,6203631.9,0.0,Guy Reschenthaler,Reschenthaler,Republican
4214,2015,45067533.568,33799489.268,11268044.3,32783681.414,848693.154,0.0,0.0,167114.7,0.0,0.0,0.0,0.0,0.0,4553996.3,6714048.0,0.0,Guy Reschenthaler,Reschenthaler,Republican
4214,2016,42433838.811,30005354.511,12428484.3,28643668.097,852615.966,343313.348,0.0,165757.1,0.0,0.0,0.0,0.0,0.0,4415069.0,8013415.3,0.0,Guy Reschenthaler,Reschenthaler,Republican
4214,2017,43511875.971,30692234.871,12819641.100000001,29549194.529,402883.66000000003,592951.732,0.0,147204.95,0.0,0.0,0.0,0.0,0.0,4541618.300000001,8278022.8,0.0,Guy Reschenthaler,Reschenthaler,Republican
4214,2018,44679804.478,31609165.978,13070638.5,30401262.144,721592.434,343156.0,0.0,143155.4,0.0,0.0,0.0,0.0,0.0,4971531.8,8099106.7,0.0,Guy Reschenthaler,Reschenthaler,Republican
4214,2019,46793226.964,33798977.064,12994249.899999999,32595424.304,608249.748,460652.662,0.0,134650.35,0.0,0.0,0.0,0.0,0.0,4775404.6,8218845.3,0.0,Guy Reschenthaler,Reschenthaler,Republican
4214,2020,36784771.239,24951659.939,11833111.3,23954314.061,414996.986,453249.74199999997,0.0,129099.15,0.0,0.0,0.0,0.0,0.0,4426796.4,7406314.9,0.0,Guy Reschenthaler,Reschenthaler,Republican
4214,2021,40049236.87014,27436269.77014,12612967.1,26306400.22814,454630.98400000005,551377.958,0.0,123860.6,0.0,0.0,0.0,0.0,0.0,4461954.8,8151012.3,0.0,Guy Reschenthaler,Reschenthaler,Republican
4214,2022,37968473.46069,25000324.16069,12968149.3,23976713.83669,405080.918,504451.856,0.0,114077.55,0.0,0.0,0.0,0.0,0.0,4819904.3,8148245.0,0.0,Guy Reschenthaler,Reschenthaler,Republican
4214,2023,32979989.582000002,20514931.682,12465057.9,19609557.314,235903.524,561900.594,0.0,107570.25,0.0,0.0,0.0,0.0,0.0,4205768.1,8259289.8,0.0,Guy Reschenthaler,Reschenthaler,Republican
4215,2010,23779006.54,23779006.54,0.0,23779006.54,0.0,0.0,0.0,0.0,0.0,0.0,0.0,0.0,0.0,0.0,0.0,0.0,Glenn Thompson,Thompson,Republican
4215,2011,20256225.716,20256225.716,0.0,19843202.689999998,413023.026,0.0,0.0,0.0,0.0,0.0,0.0,0.0,0.0,0.0,0.0,0.0,Glenn Thompson,Thompson,Republican
4215,2012,27560724.3109586,16435072.966000002,11125651.344958602,16077160.216000002,357912.75,0.0,0.0,0.0,0.0,0.0,10960157.6111915,0.0,58944.4337671,106549.3,0.0,0.0,Glenn Thompson,Thompson,Republican
4215,2013,28997745.762,18147043.062,10850702.7,17743751.4,403291.662,0.0,0.0,0.0,0.0,0.0,10762919.2,0.0,57766.2,30017.3,0.0,0.0,Glenn Thompson,Thompson,Republican
4215,2014,29116939.888,18903867.688,10213072.2,18339958.518,563909.1699999999,0.0,0.0,0.0,0.0,0.0,10118616.5,0.0,62074.0,32381.7,0.0,0.0,Glenn Thompson,Thompson,Republican
4215,2015,26561591.014,15481000.114,11080590.9,15105799.024,375201.08999999997,0.0,0.0,0.0,0.0,0.0,10993869.5,0.0,59904.6,26816.8,0.0,0.0,Glenn Thompson,Thompson,Republican
4215,2016,26270791.558,15566857.458,10703934.100000001,15054411.288,302309.45800000004,210136.712,0.0,0.0,0.0,0.0,10609777.8,0.0,66320.8,27835.5,0.0,0.0,Glenn Thompson,Thompson,Republican
4215,2017,28382050.6241359,17482416.578,10899634.0461359,16947303.818,262095.442,273017.318,0.0,0.0,0.0,0.0,10805966.675898,0.0,69016.2702379,24651.1,0.0,0.0,Glenn Thompson,Thompson,Republican
4215,2018,28895300.310294002,18651591.289,10243709.021294,18010764.887000002,331372.87,309453.532,0.0,0.0,0.0,0.0,10130434.1484378,0.0,81210.3728562,32064.5,0.0,0.0,Glenn Thompson,Thompson,Republican
4215,2019,29342808.7728557,17962012.278,11380796.4948557,17355264.606,298772.42600000004,307975.246,0.0,0.0,0.0,0.0,11267758.0951145,0.0,81108.2997412,31930.1,0.0,0.0,Glenn Thompson,Thompson,Republican
4215,2020,26668524.642667502,15366409.535,11302115.1076675,14621257.197,224325.224,520827.114,0.0,0.0,0.0,0.0,11195043.7413322,0.0,80622.1663353,26449.2,0.0,0.0,Glenn Thompson,Thompson,Republican
4215,2021,27293671.5238495,16110128.492,11183543.0318495,15260714.666000001,306958.946,542454.88,0.0,0.0,0.0,0.0,11073364.7262118,0.0,80883.9056377,29294.4,0.0,0.0,Glenn Thompson,Thompson,Republican
4215,2022,24851688.0113494,14593977.1896,10257710.8217494,13680953.004,338771.528,574045.816,0.0,0.0,206.8416,0.0,10145646.4563165,0.0,81401.1654329,30663.2,0.0,0.0,Glenn Thompson,Thompson,Republican
4215,2023,24379596.661134098,12879814.760752799,11499781.9003813,12028482.0847528,270159.082,581173.5939999999,0.0,0.0,0.0,0.0,11385059.1587232,0.0,86445.6416581,28277.1,0.0,0.0,Glenn Thompson,Thompson,Republican
4216,2010,2525035.404483,2525035.404483,0.0,2525035.404483,0.0,0.0,0.0,0.0,0.0,0.0,0.0,0.0,0.0,0.0,0.0,0.0,Mike Kelly,Kelly,Republican
4216,2011,2557844.501652,2557844.501652,0.0,2343515.459652,214329.042,0.0,0.0,0.0,0.0,0.0,0.0,0.0,0.0,0.0,0.0,0.0,Mike Kelly,Kelly,Republican
4216,2012,2743159.168706,2743159.168706,0.0,2171093.808706,572065.36,0.0,0.0,0.0,0.0,0.0,0.0,0.0,0.0,0.0,0.0,0.0,Mike Kelly,Kelly,Republican
4216,2013,2703260.666,2703260.666,0.0,2279645.338,423615.32800000004,0.0,0.0,0.0,0.0,0.0,0.0,0.0,0.0,0.0,0.0,0.0,Mike Kelly,Kelly,Republican
4216,2014,2896157.316,2412036.516,484120.8,2241647.838,170388.678,0.0,0.0,0.0,0.0,0.0,0.0,0.0,0.0,0.0,484120.8,0.0,Mike Kelly,Kelly,Republican
4216,2015,3528771.292,2292033.962,1236737.33,2145916.462,146117.5,0.0,0.0,0.0,0.0,0.0,0.0,0.0,85120.53,0.0,1151616.8,0.0,Mike Kelly,Kelly,Republican
4216,2016,4795212.53,2759042.23,2036170.3,2259660.01,32469.798,466912.422,0.0,0.0,0.0,0.0,0.0,0.0,53254.0,0.0,1982916.3,0.0,Mike Kelly,Kelly,Republican
4216,2017,6512571.468,3315932.968,3196638.5,1919251.984,886207.7100000001,510473.274,0.0,0.0,0.0,0.0,0.0,0.0,501564.0,0.0,2695074.5,0.0,Mike Kelly,Kelly,Republican
4216,2018,7942136.446,3978966.846,3963169.6,1861679.8460000001,822383.146,1294903.854,0.0,0.0,0.0,0.0,0.0,0.0,516642.0,0.0,3369494.7,77032.9,Mike Kelly,Kelly,Republican
4216,2019,6889730.2217729995,3441499.821773,3448230.4,1781114.033773,814486.514,845899.274,0.0,0.0,0.0,0.0,0.0,0.0,0.0,0.0,3448230.4,0.0,Mike Kelly,Kelly,Republican
4216,2020,8588684.372,5052927.172,3535757.2,3211672.116,902456.736,938798.3200000001,0.0,0.0,0.0,0.0,0.0,0.0,0.0,0.0,3535757.2,0.0,Mike Kelly,Kelly,Republican
4216,2021,9056854.232,5700341.932,3356512.3,3978623.182,946142.128,775576.622,0.0,0.0,0.0,0.0,0.0,0.0,0.0,0.0,3356512.3,0.0,Mike Kelly,Kelly,Republican
4216,2022,8695483.512,5570349.9120000005,3125133.6,3965345.876,863149.512,741854.524,0.0,0.0,0.0,0.0,0.0,0.0,0.0,0.0,3125133.6,0.0,Mike Kelly,Kelly,Republican
4216,2023,8861094.122,5807060.222,3054033.9,4272444.966,809047.89,725567.366,0.0,0.0,0.0,0.0,0.0,0.0,0.0,0.0,3054033.9,0.0,Mike Kelly,Kelly,Republican
4217,2010,21217989.970000003,21217989.970000003,0.0,21217989.970000003,0.0,0.0,0.0,0.0,0.0,0.0,0.0,0.0,0.0,0.0,0.0,0.0,Christopher R. Deluzio,Deluzio,Democrat
4217,2011,22332010.82,22332010.82,0.0,21662039.366,669971.4539999999,0.0,0.0,0.0,0.0,0.0,0.0,0.0,0.0,0.0,0.0,0.0,Christopher R. Deluzio,Deluzio,Democrat
4217,2012,22994745.145999998,22994745.145999998,0.0,22109161.827999998,885583.318,0.0,0.0,0.0,0.0,0.0,0.0,0.0,0.0,0.0,0.0,0.0,Christopher R. Deluzio,Deluzio,Democrat
4217,2013,22586961.42,22586961.42,0.0,21427722.73,1159238.69,0.0,0.0,0.0,0.0,0.0,0.0,0.0,0.0,0.0,0.0,0.0,Christopher R. Deluzio,Deluzio,Democrat
4217,2014,22226088.336,22226088.336,0.0,20944407.774,1281680.562,0.0,0.0,0.0,0.0,0.0,0.0,0.0,0.0,0.0,0.0,0.0,Christopher R. Deluzio,Deluzio,Democrat
4217,2015,17923559.880000003,17923559.880000003,0.0,17015886.148000002,907673.7320000001,0.0,0.0,0.0,0.0,0.0,0.0,0.0,0.0,0.0,0.0,0.0,Christopher R. Deluzio,Deluzio,Democrat
4217,2016,16113993.655499998,16113993.655499998,0.0,15023659.911999999,822072.8674999999,268260.876,0.0,0.0,0.0,0.0,0.0,0.0,0.0,0.0,0.0,0.0,Christopher R. Deluzio,Deluzio,Democrat
4217,2017,12015091.0373,12015091.0373,0.0,11085100.696,485015.0773,444975.264,0.0,0.0,0.0,0.0,0.0,0.0,0.0,0.0,0.0,0.0,Christopher R. Deluzio,Deluzio,Democrat
4217,2018,7874354.8108,7874354.8108,0.0,6688058.013,617029.2158,569267.582,0.0,0.0,0.0,0.0,0.0,0.0,0.0,0.0,0.0,0.0,Christopher R. Deluzio,Deluzio,Democrat
4217,2019,5178871.493,5178871.493,0.0,3991968.595,538988.918,647913.98,0.0,0.0,0.0,0.0,0.0,0.0,0.0,0.0,0.0,0.0,Christopher R. Deluzio,Deluzio,Democrat
4217,2020,3662798.4469999997,3662798.4469999997,0.0,2634639.145,344968.652,683190.65,0.0,0.0,0.0,0.0,0.0,0.0,0.0,0.0,0.0,0.0,Christopher R. Deluzio,Deluzio,Democrat
4217,2021,4037831.2835999997,4037831.2835999997,0.0,3338512.5056,287346.978,411971.8,0.0,0.0,0.0,0.0,0.0,0.0,0.0,0.0,0.0,0.0,Christopher R. Deluzio,Deluzio,Democrat
4217,2022,4685732.8166,4685732.8166,0.0,4165562.1366,139246.64,380924.04,0.0,0.0,0.0,0.0,0.0,0.0,0.0,0.0,0.0,0.0,Christopher R. Deluzio,Deluzio,Democrat
4217,2023,4341387.6106,4341387.6106,0.0,3897916.8885999997,111998.60399999999,331472.118,0.0,0.0,0.0,0.0,0.0,0.0,0.0,0.0,0.0,0.0,Christopher R. Deluzio,Deluzio,Democrat
4401,2010,3536007.942,1394693.142,2141314.8,1394693.142,0.0,0.0,0.0,0.0,0.0,0.0,0.0,0.0,0.0,2141314.8,0.0,0.0,Gabe Amo,Amo,Democrat
4401,2011,3959855.784,1961051.6840000001,1998804.1,1777334.034,0.0,0.0,0.0,183717.65,0.0,0.0,0.0,0.0,0.0,1998804.1,0.0,0.0,Gabe Amo,Amo,Democrat
4401,2012,3902630.9359999998,1997475.5359999998,1905155.4,1819616.586,0.0,0.0,0.0,177858.95,0.0,0.0,0.0,0.0,0.0,1905155.4,0.0,0.0,Gabe Amo,Amo,Democrat
4401,2013,3546114.558,1385631.158,2160483.4,1213717.658,0.0,0.0,0.0,171913.5,0.0,0.0,0.0,0.0,0.0,2160483.4,0.0,0.0,Gabe Amo,Amo,Democrat
4401,2014,3817133.934,1550646.334,2266487.6,1384439.034,0.0,0.0,0.0,166207.3,0.0,0.0,0.0,0.0,0.0,2266487.6,0.0,0.0,Gabe Amo,Amo,Democrat
4401,2015,3962139.432,1668569.032,2293570.4,1509748.832,0.0,0.0,0.0,158820.2,0.0,0.0,0.0,0.0,0.0,2293570.4,0.0,0.0,Gabe Amo,Amo,Democrat
4401,2016,3658710.046,1500140.346,2158569.7,1346653.796,0.0,0.0,0.0,153486.55,0.0,0.0,0.0,0.0,0.0,2158569.7,0.0,0.0,Gabe Amo,Amo,Democrat
4401,2017,3346950.858,1494003.358,1852947.5,1345586.158,0.0,0.0,0.0,148417.2,0.0,0.0,0.0,0.0,0.0,1852947.5,0.0,0.0,Gabe Amo,Amo,Democrat
4401,2018,3752409.9960000003,1637780.096,2114629.9,1493966.746,0.0,0.0,0.0,143813.35,0.0,0.0,0.0,0.0,0.0,2114629.9,0.0,0.0,Gabe Amo,Amo,Democrat
4401,2019,3417977.2879999997,1296095.488,2121881.8,1153590.138,0.0,0.0,0.0,142505.35,0.0,0.0,0.0,0.0,0.0,2121881.8,0.0,0.0,Gabe Amo,Amo,Democrat
4401,2020,3441581.813,1507047.913,1934533.9,1369654.513,0.0,0.0,0.0,137393.4,0.0,0.0,0.0,0.0,0.0,1934533.9,0.0,0.0,Gabe Amo,Amo,Democrat
4401,2021,3378036.182,1379873.282,1998162.9,1246522.282,0.0,0.0,0.0,133351.0,0.0,0.0,0.0,0.0,0.0,1998162.9,0.0,0.0,Gabe Amo,Amo,Democrat
4401,2022,3222555.2630000003,1020935.463,2201619.8,894382.313,0.0,0.0,0.0,126553.15,0.0,0.0,0.0,0.0,0.0,2201619.8,0.0,0.0,Gabe Amo,Amo,Democrat
4401,2023,3657216.467,1592686.467,2064530.0,1471325.8669999999,0.0,0.0,0.0,121360.6,0.0,0.0,0.0,0.0,0.0,2064530.0,0.0,0.0,Gabe Amo,Amo,Democrat
4402,2010,2248306.24,2248306.24,0.0,2248306.24,0.0,0.0,0.0,0.0,0.0,0.0,0.0,0.0,0.0,0.0,0.0,0.0,Seth Magaziner,Magaziner,Democrat
4402,2011,2125774.584,2125774.584,0.0,2125774.584,0.0,0.0,0.0,0.0,0.0,0.0,0.0,0.0,0.0,0.0,0.0,0.0,Seth Magaziner,Magaziner,Democrat
4402,2012,2016063.596,2016063.596,0.0,2016063.596,0.0,0.0,0.0,0.0,0.0,0.0,0.0,0.0,0.0,0.0,0.0,0.0,Seth Magaziner,Magaziner,Democrat
4402,2013,1645246.136,1645246.136,0.0,1645246.136,0.0,0.0,0.0,0.0,0.0,0.0,0.0,0.0,0.0,0.0,0.0,0.0,Seth Magaziner,Magaziner,Democrat
4402,2014,1443553.716,1443553.716,0.0,1443553.716,0.0,0.0,0.0,0.0,0.0,0.0,0.0,0.0,0.0,0.0,0.0,0.0,Seth Magaziner,Magaziner,Democrat
4402,2015,1630877.76,1630877.76,0.0,1630877.76,0.0,0.0,0.0,0.0,0.0,0.0,0.0,0.0,0.0,0.0,0.0,0.0,Seth Magaziner,Magaziner,Democrat
4402,2016,1529281.454,1529281.454,0.0,1529281.454,0.0,0.0,0.0,0.0,0.0,0.0,0.0,0.0,0.0,0.0,0.0,0.0,Seth Magaziner,Magaziner,Democrat
4402,2017,1895202.415,1895202.415,0.0,1895202.415,0.0,0.0,0.0,0.0,0.0,0.0,0.0,0.0,0.0,0.0,0.0,0.0,Seth Magaziner,Magaziner,Democrat
4402,2018,2044260.7789999999,2044260.7789999999,0.0,2044260.7789999999,0.0,0.0,0.0,0.0,0.0,0.0,0.0,0.0,0.0,0.0,0.0,0.0,Seth Magaziner,Magaziner,Democrat
4402,2019,2065198.835,2065198.835,0.0,2065198.835,0.0,0.0,0.0,0.0,0.0,0.0,0.0,0.0,0.0,0.0,0.0,0.0,Seth Magaziner,Magaziner,Democrat
4402,2020,2127918.873,2127918.873,0.0,2127918.873,0.0,0.0,0.0,0.0,0.0,0.0,0.0,0.0,0.0,0.0,0.0,0.0,Seth Magaziner,Magaziner,Democrat
4402,2021,2451606.3140000002,2451606.3140000002,0.0,2451606.3140000002,0.0,0.0,0.0,0.0,0.0,0.0,0.0,0.0,0.0,0.0,0.0,0.0,Seth Magaziner,Magaziner,Democrat
4402,2022,2138063.108,2138063.108,0.0,2138063.108,0.0,0.0,0.0,0.0,0.0,0.0,0.0,0.0,0.0,0.0,0.0,0.0,Seth Magaziner,Magaziner,Democrat
4402,2023,2645713.133,2645713.133,0.0,2645713.133,0.0,0.0,0.0,0.0,0.0,0.0,0.0,0.0,0.0,0.0,0.0,0.0,Seth Magaziner,Magaziner,Democrat
4501,2010,19893613.031999998,19893613.031999998,0.0,19893613.031999998,0.0,0.0,0.0,0.0,0.0,0.0,0.0,0.0,0.0,0.0,0.0,0.0,Nancy Mace,Mace,Republican
4501,2011,18389133.311,18389133.311,0.0,18383187.071,0.0,0.0,0.0,0.0,5946.24,0.0,0.0,0.0,0.0,0.0,0.0,0.0,Nancy Mace,Mace,Republican
4501,2012,17963229.155,17963229.155,0.0,17951851.955,0.0,0.0,0.0,0.0,11377.2,0.0,0.0,0.0,0.0,0.0,0.0,0.0,Nancy Mace,Mace,Republican
4501,2013,16709678.282,16709678.282,0.0,16697908.921999998,0.0,0.0,0.0,0.0,11769.36,0.0,0.0,0.0,0.0,0.0,0.0,0.0,Nancy Mace,Mace,Republican
4501,2014,16379525.527,16379525.527,0.0,16360950.367,0.0,0.0,0.0,0.0,18575.16,0.0,0.0,0.0,0.0,0.0,0.0,0.0,Nancy Mace,Mace,Republican
4501,2015,13873910.263,13873910.263,0.0,13862316.463,0.0,0.0,0.0,0.0,11593.8,0.0,0.0,0.0,0.0,0.0,0.0,0.0,Nancy Mace,Mace,Republican
4501,2016,14344165.396,14344165.396,0.0,14344165.396,0.0,0.0,0.0,0.0,0.0,0.0,0.0,0.0,0.0,0.0,0.0,0.0,Nancy Mace,Mace,Republican
4501,2017,12167892.526,12167892.526,0.0,12167892.526,0.0,0.0,0.0,0.0,0.0,0.0,0.0,0.0,0.0,0.0,0.0,0.0,Nancy Mace,Mace,Republican
4501,2018,13744496.898999998,13744496.898999998,0.0,13744496.898999998,0.0,0.0,0.0,0.0,0.0,0.0,0.0,0.0,0.0,0.0,0.0,0.0,Nancy Mace,Mace,Republican
4501,2019,12126930.248,12126930.248,0.0,12126930.248,0.0,0.0,0.0,0.0,0.0,0.0,0.0,0.0,0.0,0.0,0.0,0.0,Nancy Mace,Mace,Republican
4501,2020,10416023.759,10416023.759,0.0,10416023.759,0.0,0.0,0.0,0.0,0.0,0.0,0.0,0.0,0.0,0.0,0.0,0.0,Nancy Mace,Mace,Republican
4501,2021,11350344.838,11350344.838,0.0,11350344.838,0.0,0.0,0.0,0.0,0.0,0.0,0.0,0.0,0.0,0.0,0.0,0.0,Nancy Mace,Mace,Republican
4501,2022,10739486.778,10739486.778,0.0,10739486.778,0.0,0.0,0.0,0.0,0.0,0.0,0.0,0.0,0.0,0.0,0.0,0.0,Nancy Mace,Mace,Republican
4501,2023,11846228.674999999,11846228.674999999,0.0,11846228.674999999,0.0,0.0,0.0,0.0,0.0,0.0,0.0,0.0,0.0,0.0,0.0,0.0,Nancy Mace,Mace,Republican
4502,2010,9186366.577127,5791745.7771270005,3394620.8,5791745.7771270005,0.0,0.0,0.0,0.0,0.0,0.0,0.0,0.0,0.0,3394620.8,0.0,0.0,Joe Wilson,Wilson,Republican
4502,2011,8571768.964,5358297.2639999995,3213471.7,5315829.424,0.0,0.0,0.0,36806.6,5661.24,0.0,0.0,0.0,0.0,3213471.7,0.0,0.0,Joe Wilson,Wilson,Republican
4502,2012,7976948.351437001,4324293.951437,3652654.4,4276743.211437,0.0,0.0,0.0,39700.7,7850.04,0.0,0.0,0.0,0.0,3652654.4,0.0,0.0,Joe Wilson,Wilson,Republican
4502,2013,7222895.176,4040477.476,3182417.7,3995599.456,0.0,0.0,0.0,38439.3,6438.72,0.0,0.0,0.0,0.0,3182417.7,0.0,0.0,Joe Wilson,Wilson,Republican
4502,2014,8769514.51,5194147.41,3575367.1,5146923.53,0.0,0.0,0.0,39617.8,7606.08,0.0,0.0,0.0,0.0,3575367.1,0.0,0.0,Joe Wilson,Wilson,Republican
4502,2015,7461796.29,4096219.29,3365577.0,4055306.74,0.0,0.0,0.0,40912.55,0.0,0.0,0.0,0.0,0.0,3365577.0,0.0,0.0,Joe Wilson,Wilson,Republican
4502,2016,7329939.516,3842344.5160000003,3487595.0,3801738.366,0.0,0.0,0.0,40606.15,0.0,0.0,0.0,0.0,0.0,3487595.0,0.0,0.0,Joe Wilson,Wilson,Republican
4502,2017,7422601.3440000005,3907903.444,3514697.9,3865435.994,0.0,0.0,0.0,42467.45,0.0,0.0,0.0,0.0,0.0,3514697.9,0.0,0.0,Joe Wilson,Wilson,Republican
4502,2018,7093835.285999999,3433586.886,3660248.4,3390670.1859999998,0.0,0.0,0.0,42916.7,0.0,0.0,0.0,0.0,0.0,3660248.4,0.0,0.0,Joe Wilson,Wilson,Republican
4502,2019,6681281.688,3132867.188,3548414.5,3089522.488,0.0,0.0,0.0,43344.7,0.0,0.0,0.0,0.0,0.0,3548414.5,0.0,0.0,Joe Wilson,Wilson,Republican
4502,2020,6288764.24,2772692.44,3516071.8,2724996.636,0.0,0.0,0.0,43949.65,3746.154,0.0,0.0,0.0,0.0,3516071.8,0.0,0.0,Joe Wilson,Wilson,Republican
4502,2021,7494419.736,3572955.836,3921463.9,3506159.992,0.0,0.0,0.0,44885.5,21910.344,0.0,0.0,0.0,0.0,3921463.9,0.0,0.0,Joe Wilson,Wilson,Republican
4502,2022,7230110.4672,3514917.2672,3715193.2,3446121.682,0.0,0.0,0.0,46312.3,22483.2852,0.0,0.0,0.0,0.0,3715193.2,0.0,0.0,Joe Wilson,Wilson,Republican
4502,2023,6629867.29,3114234.9899999998,3515632.3,3046992.164,0.0,0.0,0.0,46411.15,20831.676,0.0,0.0,0.0,0.0,3515632.3,0.0,0.0,Joe Wilson,Wilson,Republican
4503,2010,3408844.246,2707931.946,700912.2999999999,2707931.946,0.0,0.0,0.0,0.0,0.0,0.0,0.0,0.0,0.0,700912.2999999999,0.0,0.0,Sheri Biggs,Biggs,Republican
4503,2011,3348891.242,2702683.542,646207.7,2702683.542,0.0,0.0,0.0,0.0,0.0,0.0,0.0,0.0,0.0,646207.7,0.0,0.0,Sheri Biggs,Biggs,Republican
4503,2012,3373973.634,2787327.134,586646.5,2787327.134,0.0,0.0,0.0,0.0,0.0,0.0,0.0,0.0,0.0,586646.5,0.0,0.0,Sheri Biggs,Biggs,Republican
4503,2013,3012688.3540000003,2350238.654,662449.7000000001,2350238.654,0.0,0.0,0.0,0.0,0.0,0.0,0.0,0.0,0.0,662449.7000000001,0.0,0.0,Sheri Biggs,Biggs,Republican
4503,2014,3232264.836,2532644.336,699620.5,2532644.336,0.0,0.0,0.0,0.0,0.0,0.0,0.0,0.0,0.0,699620.5,0.0,0.0,Sheri Biggs,Biggs,Republican
4503,2015,4336615.476,3677082.676,659532.8,3677082.676,0.0,0.0,0.0,0.0,0.0,0.0,0.0,0.0,0.0,659532.8,0.0,0.0,Sheri Biggs,Biggs,Republican
4503,2016,3683342.36,3036653.56,646688.8,3036653.56,0.0,0.0,0.0,0.0,0.0,0.0,0.0,0.0,0.0,646688.8,0.0,0.0,Sheri Biggs,Biggs,Republican
4503,2017,4037681.644,3384892.5439999998,652789.1,3384892.5439999998,0.0,0.0,0.0,0.0,0.0,0.0,0.0,0.0,0.0,652789.1,0.0,0.0,Sheri Biggs,Biggs,Republican
4503,2018,5100073.572,4384532.272,715541.3,4384532.272,0.0,0.0,0.0,0.0,0.0,0.0,0.0,0.0,0.0,715541.3,0.0,0.0,Sheri Biggs,Biggs,Republican
4503,2019,5837631.268,5158057.268,679574.0,5158057.268,0.0,0.0,0.0,0.0,0.0,0.0,0.0,0.0,0.0,679574.0,0.0,0.0,Sheri Biggs,Biggs,Republican
4503,2020,6175474.63,5478599.83,696874.8,5476781.18,0.0,0.0,0.0,1818.65,0.0,0.0,0.0,0.0,0.0,696874.8,0.0,0.0,Sheri Biggs,Biggs,Republican
4503,2021,6092552.416,5325499.716,767052.7,5322496.966,0.0,0.0,0.0,3002.75,0.0,0.0,0.0,0.0,0.0,767052.7,0.0,0.0,Sheri Biggs,Biggs,Republican
4503,2022,6119816.88,5302807.38,817009.5,5301321.430000001,0.0,0.0,0.0,1485.95,0.0,0.0,0.0,0.0,0.0,817009.5,0.0,0.0,Sheri Biggs,Biggs,Republican
4503,2023,6623111.898,5854152.098,768959.8,5852666.148,0.0,0.0,0.0,1485.95,0.0,0.0,0.0,0.0,0.0,768959.8,0.0,0.0,Sheri Biggs,Biggs,Republican
4504,2010,799769.7813,617541.5813,182228.2,617541.5813,0.0,0.0,0.0,0.0,0.0,0.0,0.0,0.0,0.0,182228.2,0.0,0.0,William R. Timmons IV,Timmons ,Republican
4504,2011,758378.2660000001,578792.366,179585.9,578792.366,0.0,0.0,0.0,0.0,0.0,0.0,0.0,0.0,0.0,179585.9,0.0,0.0,William R. Timmons IV,Timmons ,Republican
4504,2012,856930.993675,670884.393675,186046.6,670884.393675,0.0,0.0,0.0,0.0,0.0,0.0,0.0,0.0,0.0,186046.6,0.0,0.0,William R. Timmons IV,Timmons ,Republican
4504,2013,636303.172,454114.372,182188.8,454114.372,0.0,0.0,0.0,0.0,0.0,0.0,0.0,0.0,0.0,182188.8,0.0,0.0,William R. Timmons IV,Timmons ,Republican
4504,2014,720087.882,506600.882,213487.0,506600.882,0.0,0.0,0.0,0.0,0.0,0.0,0.0,0.0,0.0,213487.0,0.0,0.0,William R. Timmons IV,Timmons ,Republican
4504,2015,683527.34,493191.14,190336.2,493191.14,0.0,0.0,0.0,0.0,0.0,0.0,0.0,0.0,0.0,190336.2,0.0,0.0,William R. Timmons IV,Timmons ,Republican
4504,2016,669204.758,472876.858,196327.9,472876.858,0.0,0.0,0.0,0.0,0.0,0.0,0.0,0.0,0.0,196327.9,0.0,0.0,William R. Timmons IV,Timmons ,Republican
4504,2017,595457.028,397222.628,198234.4,397222.628,0.0,0.0,0.0,0.0,0.0,0.0,0.0,0.0,0.0,198234.4,0.0,0.0,William R. Timmons IV,Timmons ,Republican
4504,2018,655575.728,427042.128,228533.6,427042.128,0.0,0.0,0.0,0.0,0.0,0.0,0.0,0.0,0.0,228533.6,0.0,0.0,William R. Timmons IV,Timmons ,Republican
4504,2019,395900.858,395900.858,0.0,395900.858,0.0,0.0,0.0,0.0,0.0,0.0,0.0,0.0,0.0,0.0,0.0,0.0,William R. Timmons IV,Timmons ,Republican
4504,2020,320559.91599999997,320559.91599999997,0.0,320559.91599999997,0.0,0.0,0.0,0.0,0.0,0.0,0.0,0.0,0.0,0.0,0.0,0.0,William R. Timmons IV,Timmons ,Republican
4504,2021,349169.488,349169.488,0.0,349169.488,0.0,0.0,0.0,0.0,0.0,0.0,0.0,0.0,0.0,0.0,0.0,0.0,William R. Timmons IV,Timmons ,Republican
4504,2022,399287.152,399287.152,0.0,399287.152,0.0,0.0,0.0,0.0,0.0,0.0,0.0,0.0,0.0,0.0,0.0,0.0,William R. Timmons IV,Timmons ,Republican
4504,2023,428400.834,428400.834,0.0,428400.834,0.0,0.0,0.0,0.0,0.0,0.0,0.0,0.0,0.0,0.0,0.0,0.0,William R. Timmons IV,Timmons ,Republican
4505,2010,2812800.382,2154016.982,658783.4,2154016.982,0.0,0.0,0.0,0.0,0.0,0.0,0.0,0.0,0.0,658783.4,0.0,0.0,Ralph Norman,Norman,Republican
4505,2011,2477905.204,1850390.004,627515.2,1850390.004,0.0,0.0,0.0,0.0,0.0,0.0,0.0,0.0,0.0,627515.2,0.0,0.0,Ralph Norman,Norman,Republican
4505,2012,2726071.324,2136922.224,589149.1000000001,2136922.224,0.0,0.0,0.0,0.0,0.0,0.0,0.0,0.0,0.0,589149.1000000001,0.0,0.0,Ralph Norman,Norman,Republican
4505,2013,2312509.65,1649705.55,662804.1,1649705.55,0.0,0.0,0.0,0.0,0.0,0.0,0.0,0.0,0.0,662804.1,0.0,0.0,Ralph Norman,Norman,Republican
4505,2014,2424279.986,1725045.786,699234.2,1720534.186,0.0,0.0,0.0,4511.6,0.0,0.0,0.0,0.0,0.0,699234.2,0.0,0.0,Ralph Norman,Norman,Republican
4505,2015,2525187.917,1870619.117,654568.8,1868564.617,0.0,0.0,0.0,2054.5,0.0,0.0,0.0,0.0,0.0,654568.8,0.0,0.0,Ralph Norman,Norman,Republican
4505,2016,2870160.353,2188276.453,681883.9,2186390.353,0.0,0.0,0.0,1886.1,0.0,0.0,0.0,0.0,0.0,681883.9,0.0,0.0,Ralph Norman,Norman,Republican
4505,2017,2284722.9560000002,1633745.656,650977.3,1631938.206,0.0,0.0,0.0,1807.45,0.0,0.0,0.0,0.0,0.0,650977.3,0.0,0.0,Ralph Norman,Norman,Republican
4505,2018,3329503.5549999997,2597635.9549999996,731867.6000000001,2595861.605,0.0,0.0,0.0,1774.35,0.0,0.0,0.0,0.0,0.0,731867.6000000001,0.0,0.0,Ralph Norman,Norman,Republican
4505,2019,2212774.233,1483508.633,729265.6,1481723.533,0.0,0.0,0.0,1785.1,0.0,0.0,0.0,0.0,0.0,729265.6,0.0,0.0,Ralph Norman,Norman,Republican
4505,2020,1881970.591,1223009.6909999999,658960.8999999999,1221204.241,0.0,0.0,0.0,1805.45,0.0,0.0,0.0,0.0,0.0,658960.8999999999,0.0,0.0,Ralph Norman,Norman,Republican
4505,2021,2019010.04,1285430.94,733579.1,1283627.49,0.0,0.0,0.0,1803.45,0.0,0.0,0.0,0.0,0.0,733579.1,0.0,0.0,Ralph Norman,Norman,Republican
4505,2022,2629054.429,1855912.229,773142.2,1854108.779,0.0,0.0,0.0,1803.45,0.0,0.0,0.0,0.0,0.0,773142.2,0.0,0.0,Ralph Norman,Norman,Republican
4505,2023,1921163.366,1160898.5659999999,760264.8,1159060.616,0.0,0.0,0.0,1837.95,0.0,0.0,0.0,0.0,0.0,760264.8,0.0,0.0,Ralph Norman,Norman,Republican
4506,2010,10618788.440156,10510277.840156,108510.6,10510277.840156,0.0,0.0,0.0,0.0,0.0,0.0,0.0,0.0,0.0,108510.6,0.0,0.0,James E. Clyburn,Clyburn,Democrat
4506,2011,11723697.634,11618082.034,105615.6,11618082.034,0.0,0.0,0.0,0.0,0.0,0.0,0.0,0.0,0.0,105615.6,0.0,0.0,James E. Clyburn,Clyburn,Democrat
4506,2012,11509117.839300001,11408825.9393,100291.9,11408825.9393,0.0,0.0,0.0,0.0,0.0,0.0,0.0,0.0,0.0,100291.9,0.0,0.0,James E. Clyburn,Clyburn,Democrat
4506,2013,10167556.774,10063852.274,103704.5,10063852.274,0.0,0.0,0.0,0.0,0.0,0.0,0.0,0.0,0.0,103704.5,0.0,0.0,James E. Clyburn,Clyburn,Democrat
4506,2014,9983691.122,9876079.922,107611.2,9876079.922,0.0,0.0,0.0,0.0,0.0,0.0,0.0,0.0,0.0,107611.2,0.0,0.0,James E. Clyburn,Clyburn,Democrat
4506,2015,10084412.619,9986202.819,98209.8,9986202.819,0.0,0.0,0.0,0.0,0.0,0.0,0.0,0.0,0.0,98209.8,0.0,0.0,James E. Clyburn,Clyburn,Democrat
4506,2016,9918167.581,9800878.881,117288.7,9800878.881,0.0,0.0,0.0,0.0,0.0,0.0,0.0,0.0,0.0,117288.7,0.0,0.0,James E. Clyburn,Clyburn,Democrat
4506,2017,10091674.473,9971708.473,119966.0,9971708.473,0.0,0.0,0.0,0.0,0.0,0.0,0.0,0.0,0.0,119966.0,0.0,0.0,James E. Clyburn,Clyburn,Democrat
4506,2018,10376562.158,10252589.758,123972.4,10252589.758,0.0,0.0,0.0,0.0,0.0,0.0,0.0,0.0,0.0,123972.4,0.0,0.0,James E. Clyburn,Clyburn,Democrat
4506,2019,9494960.902,9366336.402,128624.5,9366336.402,0.0,0.0,0.0,0.0,0.0,0.0,0.0,0.0,0.0,128624.5,0.0,0.0,James E. Clyburn,Clyburn,Democrat
4506,2020,8053591.1559999995,7925921.056,127670.1,7925921.056,0.0,0.0,0.0,0.0,0.0,0.0,0.0,0.0,0.0,127670.1,0.0,0.0,James E. Clyburn,Clyburn,Democrat
4506,2021,8571227.562,8436038.862,135188.7,8436038.862,0.0,0.0,0.0,0.0,0.0,0.0,0.0,0.0,0.0,135188.7,0.0,0.0,James E. Clyburn,Clyburn,Democrat
4506,2022,9265834.528,9129149.028,136685.5,9129149.028,0.0,0.0,0.0,0.0,0.0,0.0,0.0,0.0,0.0,136685.5,0.0,0.0,James E. Clyburn,Clyburn,Democrat
4506,2023,8532645.63,8399569.53,133076.1,8399569.53,0.0,0.0,0.0,0.0,0.0,0.0,0.0,0.0,0.0,133076.1,0.0,0.0,James E. Clyburn,Clyburn,Democrat
4507,2010,9268767.188000001,9268767.188000001,0.0,9268767.188000001,0.0,0.0,0.0,0.0,0.0,0.0,0.0,0.0,0.0,0.0,0.0,0.0,Russell Fry,Fry,Republican
4507,2011,7755510.982000001,7755510.982000001,0.0,7755510.982000001,0.0,0.0,0.0,0.0,0.0,0.0,0.0,0.0,0.0,0.0,0.0,0.0,Russell Fry,Fry,Republican
4507,2012,4556105.26,4556105.26,0.0,4556105.26,0.0,0.0,0.0,0.0,0.0,0.0,0.0,0.0,0.0,0.0,0.0,0.0,Russell Fry,Fry,Republican
4507,2013,2935381.65,2935381.65,0.0,2935381.65,0.0,0.0,0.0,0.0,0.0,0.0,0.0,0.0,0.0,0.0,0.0,0.0,Russell Fry,Fry,Republican
4507,2014,6579631.018,6579631.018,0.0,6579631.018,0.0,0.0,0.0,0.0,0.0,0.0,0.0,0.0,0.0,0.0,0.0,0.0,Russell Fry,Fry,Republican
4507,2015,5640435.342000001,5640435.342000001,0.0,5640435.342000001,0.0,0.0,0.0,0.0,0.0,0.0,0.0,0.0,0.0,0.0,0.0,0.0,Russell Fry,Fry,Republican
4507,2016,3945215.9940000004,3945215.9940000004,0.0,3945215.9940000004,0.0,0.0,0.0,0.0,0.0,0.0,0.0,0.0,0.0,0.0,0.0,0.0,Russell Fry,Fry,Republican
4507,2017,2701158.79,2701158.79,0.0,2701158.79,0.0,0.0,0.0,0.0,0.0,0.0,0.0,0.0,0.0,0.0,0.0,0.0,Russell Fry,Fry,Republican
4507,2018,3302073.948,3302073.948,0.0,3302073.948,0.0,0.0,0.0,0.0,0.0,0.0,0.0,0.0,0.0,0.0,0.0,0.0,Russell Fry,Fry,Republican
4507,2019,2219622.612,2219622.612,0.0,2219622.612,0.0,0.0,0.0,0.0,0.0,0.0,0.0,0.0,0.0,0.0,0.0,0.0,Russell Fry,Fry,Republican
4507,2020,3955509.45,3955509.45,0.0,3955509.45,0.0,0.0,0.0,0.0,0.0,0.0,0.0,0.0,0.0,0.0,0.0,0.0,Russell Fry,Fry,Republican
4507,2021,4762433.074,4762433.074,0.0,4762433.074,0.0,0.0,0.0,0.0,0.0,0.0,0.0,0.0,0.0,0.0,0.0,0.0,Russell Fry,Fry,Republican
4507,2022,4103121.154,4103121.154,0.0,4103121.154,0.0,0.0,0.0,0.0,0.0,0.0,0.0,0.0,0.0,0.0,0.0,0.0,Russell Fry,Fry,Republican
4507,2023,4403966.988000001,4403966.988000001,0.0,4403966.988000001,0.0,0.0,0.0,0.0,0.0,0.0,0.0,0.0,0.0,0.0,0.0,0.0,Russell Fry,Fry,Republican
4600,2010,6550805.312,6320014.212,230791.1,6320014.212,0.0,0.0,0.0,0.0,0.0,0.0,0.0,0.0,0.0,230791.1,0.0,0.0,Dusty Johnson,Johnson,Republican
4600,2011,6034918.0879999995,5806623.5879999995,228294.5,5804968.308,0.0,0.0,0.0,0.0,1655.28,0.0,0.0,0.0,0.0,228294.5,0.0,0.0,Dusty Johnson,Johnson,Republican
4600,2012,6139470.994,5919645.094,219825.9,5917989.814,0.0,0.0,0.0,0.0,1655.28,0.0,0.0,0.0,0.0,219825.9,0.0,0.0,Dusty Johnson,Johnson,Republican
4600,2013,6517336.906,6274275.506,243061.4,6273349.826,0.0,0.0,0.0,0.0,925.68,0.0,0.0,0.0,0.0,243061.4,0.0,0.0,Dusty Johnson,Johnson,Republican
4600,2014,6713752.678,6459469.678,254283.0,6458343.358,0.0,0.0,0.0,0.0,1126.32,0.0,0.0,0.0,0.0,254283.0,0.0,0.0,Dusty Johnson,Johnson,Republican
4600,2015,5392913.69,5159020.69,233893.0,5158861.09,0.0,0.0,0.0,0.0,159.6,0.0,0.0,0.0,0.0,233893.0,0.0,0.0,Dusty Johnson,Johnson,Republican
4600,2016,6142270.7360000005,5907039.2360000005,235231.5,5907039.2360000005,0.0,0.0,0.0,0.0,0.0,0.0,0.0,0.0,0.0,235231.5,0.0,0.0,Dusty Johnson,Johnson,Republican
4600,2017,6058502.754000001,5819632.254000001,238870.5,5819632.254000001,0.0,0.0,0.0,0.0,0.0,0.0,0.0,0.0,0.0,238870.5,0.0,0.0,Dusty Johnson,Johnson,Republican
4600,2018,6431154.9180000005,6158116.518,273038.4,6158116.518,0.0,0.0,0.0,0.0,0.0,0.0,0.0,0.0,0.0,273038.4,0.0,0.0,Dusty Johnson,Johnson,Republican
4600,2019,6968234.702,6712451.202,255783.5,6712451.202,0.0,0.0,0.0,0.0,0.0,0.0,0.0,0.0,0.0,255783.5,0.0,0.0,Dusty Johnson,Johnson,Republican
4600,2020,5735338.884,5489379.684,245959.2,5489379.684,0.0,0.0,0.0,0.0,0.0,0.0,0.0,0.0,0.0,245959.2,0.0,0.0,Dusty Johnson,Johnson,Republican
4600,2021,6173639.974,5929019.474,244620.5,5929019.474,0.0,0.0,0.0,0.0,0.0,0.0,0.0,0.0,0.0,244620.5,0.0,0.0,Dusty Johnson,Johnson,Republican
4600,2022,6702829.724,6435534.824,267294.9,6435534.824,0.0,0.0,0.0,0.0,0.0,0.0,0.0,0.0,0.0,267294.9,0.0,0.0,Dusty Johnson,Johnson,Republican
4600,2023,6863790.876,6611933.576,251857.3,6611933.576,0.0,0.0,0.0,0.0,0.0,0.0,0.0,0.0,0.0,251857.3,0.0,0.0,Dusty Johnson,Johnson,Republican
4701,2010,9143441.931904001,8853307.731904,290134.2,8853307.731904,0.0,0.0,0.0,0.0,0.0,0.0,0.0,0.0,0.0,290134.2,0.0,0.0,Diana Harshbarger,Harshbarger,Republican
4701,2011,8079972.978,7810665.878,269307.1,7810665.878,0.0,0.0,0.0,0.0,0.0,0.0,0.0,0.0,0.0,269307.1,0.0,0.0,Diana Harshbarger,Harshbarger,Republican
4701,2012,7601402.926,7350947.126,250455.8,7350947.126,0.0,0.0,0.0,0.0,0.0,0.0,0.0,0.0,0.0,250455.8,0.0,0.0,Diana Harshbarger,Harshbarger,Republican
4701,2013,6577532.994000001,6292000.494000001,285532.5,6292000.494000001,0.0,0.0,0.0,0.0,0.0,0.0,0.0,0.0,0.0,285532.5,0.0,0.0,Diana Harshbarger,Harshbarger,Republican
4701,2014,7047999.41,6744772.3100000005,303227.1,6744772.3100000005,0.0,0.0,0.0,0.0,0.0,0.0,0.0,0.0,0.0,303227.1,0.0,0.0,Diana Harshbarger,Harshbarger,Republican
4701,2015,7539180.957,7254066.957,285114.0,7254066.957,0.0,0.0,0.0,0.0,0.0,0.0,0.0,0.0,0.0,285114.0,0.0,0.0,Diana Harshbarger,Harshbarger,Republican
4701,2016,7620280.751,7333815.951,286464.8,7333815.951,0.0,0.0,0.0,0.0,0.0,0.0,0.0,0.0,0.0,286464.8,0.0,0.0,Diana Harshbarger,Harshbarger,Republican
4701,2017,7093870.7069999995,6815544.007,278326.7,6815544.007,0.0,0.0,0.0,0.0,0.0,0.0,0.0,0.0,0.0,278326.7,0.0,0.0,Diana Harshbarger,Harshbarger,Republican
4701,2018,7041349.849,6740945.149,300404.7,6740945.149,0.0,0.0,0.0,0.0,0.0,0.0,0.0,0.0,0.0,300404.7,0.0,0.0,Diana Harshbarger,Harshbarger,Republican
4701,2019,6801976.144,6517236.444,284739.7,6517236.444,0.0,0.0,0.0,0.0,0.0,0.0,0.0,0.0,0.0,284739.7,0.0,0.0,Diana Harshbarger,Harshbarger,Republican
4701,2020,6600767.879000001,6318486.479,282281.4,6318486.479,0.0,0.0,0.0,0.0,0.0,0.0,0.0,0.0,0.0,282281.4,0.0,0.0,Diana Harshbarger,Harshbarger,Republican
4701,2021,6612310.797,6306805.097,305505.7,6306805.097,0.0,0.0,0.0,0.0,0.0,0.0,0.0,0.0,0.0,305505.7,0.0,0.0,Diana Harshbarger,Harshbarger,Republican
4701,2022,6509305.87925475,6209109.979254751,300195.9,6209109.979254751,0.0,0.0,0.0,0.0,0.0,0.0,0.0,0.0,0.0,300195.9,0.0,0.0,Diana Harshbarger,Harshbarger,Republican
4701,2023,6509575.321,6236000.421,273574.9,6236000.421,0.0,0.0,0.0,0.0,0.0,0.0,0.0,0.0,0.0,273574.9,0.0,0.0,Diana Harshbarger,Harshbarger,Republican
4702,2010,2495537.042802,1816029.742802,679507.3,1816029.742802,0.0,0.0,0.0,0.0,0.0,0.0,0.0,0.0,0.0,679507.3,0.0,0.0,Tim Burchett,Burchett,Republican
4702,2011,2225871.767056,1616076.367056,609795.4,1616076.367056,0.0,0.0,0.0,0.0,0.0,0.0,0.0,0.0,0.0,609795.4,0.0,0.0,Tim Burchett,Burchett,Republican
4702,2012,2196529.568,1625971.968,570557.6,1625971.968,0.0,0.0,0.0,0.0,0.0,0.0,0.0,0.0,0.0,570557.6,0.0,0.0,Tim Burchett,Burchett,Republican
4702,2013,2382216.714,1735572.414,646644.3,1735572.414,0.0,0.0,0.0,0.0,0.0,0.0,0.0,0.0,0.0,646644.3,0.0,0.0,Tim Burchett,Burchett,Republican
4702,2014,2495646.728,1830052.328,665594.4,1830052.328,0.0,0.0,0.0,0.0,0.0,0.0,0.0,0.0,0.0,665594.4,0.0,0.0,Tim Burchett,Burchett,Republican
4702,2015,2334964.906,1720162.306,614802.6,1720162.306,0.0,0.0,0.0,0.0,0.0,0.0,0.0,0.0,0.0,614802.6,0.0,0.0,Tim Burchett,Burchett,Republican
4702,2016,2459966.6,1849476.5,610490.1,1849476.5,0.0,0.0,0.0,0.0,0.0,0.0,0.0,0.0,0.0,610490.1,0.0,0.0,Tim Burchett,Burchett,Republican
4702,2017,2429588.43,1854868.93,574719.5,1854868.93,0.0,0.0,0.0,0.0,0.0,0.0,0.0,0.0,0.0,574719.5,0.0,0.0,Tim Burchett,Burchett,Republican
4702,2018,2537311.914,1849691.814,687620.1,1849691.814,0.0,0.0,0.0,0.0,0.0,0.0,0.0,0.0,0.0,687620.1,0.0,0.0,Tim Burchett,Burchett,Republican
4702,2019,2385189.106,1773712.106,611477.0,1773712.106,0.0,0.0,0.0,0.0,0.0,0.0,0.0,0.0,0.0,611477.0,0.0,0.0,Tim Burchett,Burchett,Republican
4702,2020,2381864.458,1740934.558,640929.9,1740934.558,0.0,0.0,0.0,0.0,0.0,0.0,0.0,0.0,0.0,640929.9,0.0,0.0,Tim Burchett,Burchett,Republican
4702,2021,3197502.264,1828046.764,1369455.5,1828046.764,0.0,0.0,0.0,0.0,0.0,0.0,0.0,0.0,722287.0,647168.5,0.0,0.0,Tim Burchett,Burchett,Republican
4702,2022,7656308.364,1777409.864,5878898.5,1777409.864,0.0,0.0,0.0,0.0,0.0,0.0,0.0,0.0,5177852.5,701046.0,0.0,0.0,Tim Burchett,Burchett,Republican
4702,2023,5943212.678,1765767.178,4177445.5,1765767.178,0.0,0.0,0.0,0.0,0.0,0.0,0.0,0.0,3519494.1,657951.4,0.0,0.0,Tim Burchett,Burchett,Republican
4703,2010,9335291.5,8409624.4,925667.1,8409624.4,0.0,0.0,0.0,0.0,0.0,0.0,0.0,0.0,0.0,925667.1,0.0,0.0,Charles J. “Chuck” Fleischmann,Fleischmann,Republican
4703,2011,10573579.41,9671260.809999999,902318.6,9453903.729999999,0.0,0.0,0.0,12029.4,205327.68,0.0,0.0,0.0,0.0,902318.6,0.0,0.0,Charles J. “Chuck” Fleischmann,Fleischmann,Republican
4703,2012,9174391.848,8361516.948,812874.9,8143592.158,0.0,0.0,0.0,11532.35,206392.44,0.0,0.0,0.0,0.0,812874.9,0.0,0.0,Charles J. “Chuck” Fleischmann,Fleischmann,Republican
4703,2013,8391795.894,7432449.194,959346.7,7315047.454,0.0,0.0,0.0,9824.5,107577.24,0.0,0.0,0.0,0.0,959346.7,0.0,0.0,Charles J. “Chuck” Fleischmann,Fleischmann,Republican
4703,2014,11521417.624,10555933.324,965484.3,10460524.753999999,0.0,0.0,0.0,8884.85,86523.72,0.0,0.0,0.0,0.0,965484.3,0.0,0.0,Charles J. “Chuck” Fleischmann,Fleischmann,Republican
4703,2015,9812163.981999999,8953672.682,858491.3,8844645.741999999,0.0,0.0,0.0,8118.7,100908.24,0.0,0.0,0.0,0.0,858491.3,0.0,0.0,Charles J. “Chuck” Fleischmann,Fleischmann,Republican
4703,2016,10854687.607,9989537.607,865150.0,9861559.747000001,0.0,0.0,0.0,10074.5,117903.36,0.0,0.0,0.0,0.0,865150.0,0.0,0.0,Charles J. “Chuck” Fleischmann,Fleischmann,Republican
4703,2017,11098488.788,10277319.288,821169.5,10109908.468,0.0,0.0,0.0,8086.7,159324.12,0.0,0.0,0.0,0.0,821169.5,0.0,0.0,Charles J. “Chuck” Fleischmann,Fleischmann,Republican
4703,2018,8239823.746,7288688.946,951134.8,7162859.276,0.0,0.0,0.0,7967.35,117862.32,0.0,0.0,0.0,0.0,951134.8,0.0,0.0,Charles J. “Chuck” Fleischmann,Fleischmann,Republican
4703,2019,8908992.129999999,8036513.93,872478.2,7703699.359999999,0.0,0.0,0.0,7825.65,324988.92,0.0,0.0,0.0,0.0,872478.2,0.0,0.0,Charles J. “Chuck” Fleischmann,Fleischmann,Republican
4703,2020,5546764.492000001,4695684.992000001,851079.5,4652429.562,0.0,0.0,0.0,7707.95,35547.48,0.0,0.0,0.0,0.0,851079.5,0.0,0.0,Charles J. “Chuck” Fleischmann,Fleischmann,Republican
4703,2021,7130580.0536,6245732.0536,884848.0,6161813.244,0.0,0.0,0.0,9299.95,74618.8596,0.0,0.0,0.0,0.0,884848.0,0.0,0.0,Charles J. “Chuck” Fleischmann,Fleischmann,Republican
4703,2022,7963676.862,7048343.762,915333.1,6978358.534,0.0,0.0,0.0,7852.15,62133.078,0.0,0.0,0.0,0.0,915333.1,0.0,0.0,Charles J. “Chuck” Fleischmann,Fleischmann,Republican
4703,2023,6446392.714199999,5650549.214199999,795843.5,5561404.907,0.0,0.0,0.0,7908.5,81235.8072,0.0,0.0,0.0,0.0,795843.5,0.0,0.0,Charles J. “Chuck” Fleischmann,Fleischmann,Republican
4704,2010,920012.19,672752.99,247259.19999999998,672752.99,0.0,0.0,0.0,0.0,0.0,0.0,0.0,0.0,0.0,247259.19999999998,0.0,0.0,Scott DesJarlais,DesJarlais,Republican
4704,2011,800691.7604,578772.7604,221919.0,576598.9104,0.0,0.0,0.0,2173.85,0.0,0.0,0.0,0.0,0.0,221919.0,0.0,0.0,Scott DesJarlais,DesJarlais,Republican
4704,2012,799211.784825,595464.284825,203747.5,592395.334825,0.0,0.0,0.0,3068.95,0.0,0.0,0.0,0.0,0.0,203747.5,0.0,0.0,Scott DesJarlais,DesJarlais,Republican
4704,2013,973457.146,599425.946,374031.2,596356.746,0.0,0.0,0.0,3069.2,0.0,0.0,0.0,0.0,0.0,374031.2,0.0,0.0,Scott DesJarlais,DesJarlais,Republican
4704,2014,969028.548,572541.648,396486.9,569419.098,0.0,0.0,0.0,3122.55,0.0,0.0,0.0,0.0,0.0,396486.9,0.0,0.0,Scott DesJarlais,DesJarlais,Republican
4704,2015,888721.994,531559.994,357162.0,528428.694,0.0,0.0,0.0,3131.3,0.0,0.0,0.0,0.0,0.0,357162.0,0.0,0.0,Scott DesJarlais,DesJarlais,Republican
4704,2016,876387.658,527617.558,348770.1,523174.25800000003,0.0,0.0,0.0,4443.3,0.0,0.0,0.0,0.0,0.0,348770.1,0.0,0.0,Scott DesJarlais,DesJarlais,Republican
4704,2017,858141.876,523103.976,335037.9,518637.226,0.0,0.0,0.0,4466.75,0.0,0.0,0.0,0.0,0.0,335037.9,0.0,0.0,Scott DesJarlais,DesJarlais,Republican
4704,2018,963489.056,579354.256,384134.8,574720.656,0.0,0.0,0.0,4633.6,0.0,0.0,0.0,0.0,0.0,384134.8,0.0,0.0,Scott DesJarlais,DesJarlais,Republican
4704,2019,1039495.086,686795.986,352699.1,682137.886,0.0,0.0,0.0,4658.1,0.0,0.0,0.0,0.0,0.0,352699.1,0.0,0.0,Scott DesJarlais,DesJarlais,Republican
4704,2020,924587.812,575733.312,348854.5,569934.562,0.0,0.0,0.0,5798.75,0.0,0.0,0.0,0.0,0.0,348854.5,0.0,0.0,Scott DesJarlais,DesJarlais,Republican
4704,2021,987734.5260000001,621518.726,366215.8,616607.726,0.0,0.0,0.0,4911.0,0.0,0.0,0.0,0.0,0.0,366215.8,0.0,0.0,Scott DesJarlais,DesJarlais,Republican
4704,2022,1039653.344,657645.344,382008.0,652695.594,0.0,0.0,0.0,4949.75,0.0,0.0,0.0,0.0,0.0,382008.0,0.0,0.0,Scott DesJarlais,DesJarlais,Republican
4704,2023,1009044.834,651904.834,357140.0,646917.334,0.0,0.0,0.0,4987.5,0.0,0.0,0.0,0.0,0.0,357140.0,0.0,0.0,Scott DesJarlais,DesJarlais,Republican
4705,2010,150807.875257,113051.675257,37756.2,113051.675257,0.0,0.0,0.0,0.0,0.0,0.0,0.0,0.0,0.0,37756.2,0.0,0.0,Andrew Ogles,Ogles,Republican
4705,2011,142595.986,105938.686,36657.3,105938.686,0.0,0.0,0.0,0.0,0.0,0.0,0.0,0.0,0.0,36657.3,0.0,0.0,Andrew Ogles,Ogles,Republican
4705,2012,110810.184,73585.184,37225.0,73585.184,0.0,0.0,0.0,0.0,0.0,0.0,0.0,0.0,0.0,37225.0,0.0,0.0,Andrew Ogles,Ogles,Republican
4705,2013,119383.38,76038.68,43344.7,76038.68,0.0,0.0,0.0,0.0,0.0,0.0,0.0,0.0,0.0,43344.7,0.0,0.0,Andrew Ogles,Ogles,Republican
4705,2014,135435.738,87800.438,47635.3,87800.438,0.0,0.0,0.0,0.0,0.0,0.0,0.0,0.0,0.0,47635.3,0.0,0.0,Andrew Ogles,Ogles,Republican
4705,2015,130458.212,84736.812,45721.4,84736.812,0.0,0.0,0.0,0.0,0.0,0.0,0.0,0.0,0.0,45721.4,0.0,0.0,Andrew Ogles,Ogles,Republican
4705,2016,180378.24,136668.03999999998,43710.2,136668.03999999998,0.0,0.0,0.0,0.0,0.0,0.0,0.0,0.0,0.0,43710.2,0.0,0.0,Andrew Ogles,Ogles,Republican
4705,2017,110758.914,64590.514,46168.4,64590.514,0.0,0.0,0.0,0.0,0.0,0.0,0.0,0.0,0.0,46168.4,0.0,0.0,Andrew Ogles,Ogles,Republican
4705,2018,161834.808,110997.908,50836.9,110997.908,0.0,0.0,0.0,0.0,0.0,0.0,0.0,0.0,0.0,50836.9,0.0,0.0,Andrew Ogles,Ogles,Republican
4705,2019,227437.048,180605.548,46831.5,180605.548,0.0,0.0,0.0,0.0,0.0,0.0,0.0,0.0,0.0,46831.5,0.0,0.0,Andrew Ogles,Ogles,Republican
4705,2020,283340.73600000003,251674.53600000002,31666.2,251674.53600000002,0.0,0.0,0.0,0.0,0.0,0.0,0.0,0.0,0.0,31666.2,0.0,0.0,Andrew Ogles,Ogles,Republican
4705,2021,288737.01399999997,255031.614,33705.4,255031.614,0.0,0.0,0.0,0.0,0.0,0.0,0.0,0.0,0.0,33705.4,0.0,0.0,Andrew Ogles,Ogles,Republican
4705,2022,263140.982,224354.582,38786.4,224354.582,0.0,0.0,0.0,0.0,0.0,0.0,0.0,0.0,0.0,38786.4,0.0,0.0,Andrew Ogles,Ogles,Republican
4705,2023,311425.53,276380.83,35044.7,276380.83,0.0,0.0,0.0,0.0,0.0,0.0,0.0,0.0,0.0,35044.7,0.0,0.0,Andrew Ogles,Ogles,Republican
4706,2010,7565584.198000001,6805387.598,760196.6,6805387.598,0.0,0.0,0.0,0.0,0.0,0.0,0.0,0.0,0.0,760196.6,0.0,0.0,John W. Rose,Rose,Republican
4706,2011,8342676.54,7630120.24,712556.3,7597884.44,0.0,0.0,0.0,32235.8,0.0,0.0,0.0,0.0,0.0,712556.3,0.0,0.0,John W. Rose,Rose,Republican
4706,2012,7815198.51,7148543.71,666654.8,7010003.66,0.0,0.0,0.0,138540.05,0.0,0.0,0.0,0.0,0.0,666654.8,0.0,0.0,John W. Rose,Rose,Republican
4706,2013,7884904.85236,7185583.6280000005,699321.22436,7072397.6280000005,0.0,0.0,0.0,113186.0,0.0,0.0,0.0,0.0,0.0,699321.22436,0.0,0.0,John W. Rose,Rose,Republican
4706,2014,7288021.92571195,6522421.72,765600.20571195,6422696.72,0.0,0.0,0.0,99725.0,0.0,0.0,0.0,0.0,0.0,765600.20571195,0.0,0.0,John W. Rose,Rose,Republican
4706,2015,5557448.839,4854603.339,702845.5,4788851.339,0.0,0.0,0.0,65752.0,0.0,0.0,0.0,0.0,0.0,702845.5,0.0,0.0,John W. Rose,Rose,Republican
4706,2016,7197163.7069999995,6481564.607,715599.1,6414711.607,0.0,0.0,0.0,66853.0,0.0,0.0,0.0,0.0,0.0,715599.1,0.0,0.0,John W. Rose,Rose,Republican
4706,2017,6926431.831,6244959.0309999995,681472.8,6177856.0309999995,0.0,0.0,0.0,67103.0,0.0,0.0,0.0,0.0,0.0,681472.8,0.0,0.0,John W. Rose,Rose,Republican
4706,2018,6866979.578,6131392.578,735587.0,6114103.277999999,0.0,0.0,0.0,17289.3,0.0,0.0,0.0,0.0,0.0,735587.0,0.0,0.0,John W. Rose,Rose,Republican
4706,2019,5792629.220999999,5094307.920999999,698321.3,5077536.920999999,0.0,0.0,0.0,16771.0,0.0,0.0,0.0,0.0,0.0,698321.3,0.0,0.0,John W. Rose,Rose,Republican
4706,2020,3771038.4510000004,3078412.651,692625.8,3061466.651,0.0,0.0,0.0,16946.0,0.0,0.0,0.0,0.0,0.0,692625.8,0.0,0.0,John W. Rose,Rose,Republican
4706,2021,5502142.7700000005,4739922.17,762220.6,4721900.17,0.0,0.0,0.0,18022.0,0.0,0.0,0.0,0.0,0.0,762220.6,0.0,0.0,John W. Rose,Rose,Republican
4706,2022,5963439.423,5171102.523,792336.8999999999,5153505.523,0.0,0.0,0.0,17597.0,0.0,0.0,0.0,0.0,0.0,792336.8999999999,0.0,0.0,John W. Rose,Rose,Republican
4706,2023,5392972.715,4675885.3149999995,717087.4,4657138.3149999995,0.0,0.0,0.0,18747.0,0.0,0.0,0.0,0.0,0.0,717087.4,0.0,0.0,John W. Rose,Rose,Republican
4707,2010,22524492.41815,21756822.41815,767670.0,21756822.41815,0.0,0.0,0.0,0.0,0.0,0.0,0.0,0.0,0.0,767670.0,0.0,0.0,,,Vacant
4707,2011,20385264.04,19630845.34,754418.7,19627220.939999998,0.0,0.0,0.0,3624.4,0.0,0.0,0.0,0.0,0.0,754418.7,0.0,0.0,,,Vacant
4707,2012,20163171.583921,19491827.683920998,671343.9,19488144.283921,0.0,0.0,0.0,3683.4,0.0,0.0,0.0,0.0,0.0,671343.9,0.0,0.0,,,Vacant
4707,2013,19168161.376,18398201.276,769960.1,18394468.776,0.0,0.0,0.0,3732.5,0.0,0.0,0.0,0.0,0.0,769960.1,0.0,0.0,,,Vacant
4707,2014,19226642.369999997,18486201.27,740441.1,18482448.02,0.0,0.0,0.0,3753.25,0.0,0.0,0.0,0.0,0.0,740441.1,0.0,0.0,,,Vacant
4707,2015,18343157.801999997,17630507.502,712650.3,17625326.801999997,0.0,0.0,0.0,5180.7,0.0,0.0,0.0,0.0,0.0,712650.3,0.0,0.0,,,Vacant
4707,2016,17538478.049000002,16761634.349,776843.7,16757789.749,0.0,0.0,0.0,3844.6,0.0,0.0,0.0,0.0,0.0,776843.7,0.0,0.0,,,Vacant
4707,2017,14414175.387000002,13599812.387,814363.0,13596313.687,0.0,0.0,0.0,3498.7,0.0,0.0,0.0,0.0,0.0,814363.0,0.0,0.0,,,Vacant
4707,2018,13136816.195999999,12269103.396,867712.8,12269103.396,0.0,0.0,0.0,0.0,0.0,0.0,0.0,0.0,0.0,867712.8,0.0,0.0,,,Vacant
4707,2019,11977472.261,11170109.161,807363.1,11170109.161,0.0,0.0,0.0,0.0,0.0,0.0,0.0,0.0,0.0,807363.1,0.0,0.0,,,Vacant
4707,2020,12410784.572999999,11607065.072999999,803719.5,11607065.072999999,0.0,0.0,0.0,0.0,0.0,0.0,0.0,0.0,0.0,803719.5,0.0,0.0,,,Vacant
4707,2021,13897602.237,13031162.637,866439.6,13031162.637,0.0,0.0,0.0,0.0,0.0,0.0,0.0,0.0,0.0,866439.6,0.0,0.0,,,Vacant
4707,2022,10964408.265,10056494.865,907913.4,10056494.865,0.0,0.0,0.0,0.0,0.0,0.0,0.0,0.0,0.0,907913.4,0.0,0.0,,,Vacant
4707,2023,12526127.274758207,11669507.974758208,856619.3,11669507.974758208,0.0,0.0,0.0,0.0,0.0,0.0,0.0,0.0,0.0,856619.3,0.0,0.0,,,Vacant
4708,2010,2914164.511625,2050350.011625,863814.5,2050350.011625,0.0,0.0,0.0,0.0,0.0,0.0,0.0,0.0,0.0,863814.5,0.0,0.0,David Kustoff,Kustoff,Republican
4708,2011,3615441.5840249998,2757685.484025,857756.1,2757287.734025,0.0,0.0,0.0,397.75,0.0,0.0,0.0,0.0,0.0,857756.1,0.0,0.0,David Kustoff,Kustoff,Republican
4708,2012,3882971.918,3094990.918,787981.0,3094601.668,0.0,0.0,0.0,389.25,0.0,0.0,0.0,0.0,0.0,787981.0,0.0,0.0,David Kustoff,Kustoff,Republican
4708,2013,3127945.212,2207241.6119999997,920703.6,2206855.212,0.0,0.0,0.0,386.4,0.0,0.0,0.0,0.0,0.0,920703.6,0.0,0.0,David Kustoff,Kustoff,Republican
4708,2014,3266624.673,2272977.373,993647.3,2135129.823,0.0,0.0,0.0,137847.55000000002,0.0,0.0,0.0,0.0,0.0,993647.3,0.0,0.0,David Kustoff,Kustoff,Republican
4708,2015,3555670.904,2685805.604,869865.3,2681497.304,0.0,0.0,0.0,4308.3,0.0,0.0,0.0,0.0,0.0,869865.3,0.0,0.0,David Kustoff,Kustoff,Republican
4708,2016,2909794.514,2061660.014,848134.5,2057677.814,0.0,0.0,0.0,3982.2000000000003,0.0,0.0,0.0,0.0,0.0,848134.5,0.0,0.0,David Kustoff,Kustoff,Republican
4708,2017,3523997.832,2731851.932,792145.9,2727442.982,0.0,0.0,0.0,4408.95,0.0,0.0,0.0,0.0,0.0,792145.9,0.0,0.0,David Kustoff,Kustoff,Republican
4708,2018,4155327.655,3198269.4549999996,957058.2,3193828.5549999997,0.0,0.0,0.0,4440.9,0.0,0.0,0.0,0.0,0.0,957058.2,0.0,0.0,David Kustoff,Kustoff,Republican
4708,2019,4043774.715,3107391.715,936382.9999999999,3102953.915,0.0,0.0,0.0,4437.8,0.0,0.0,0.0,0.0,0.0,936382.9999999999,0.0,0.0,David Kustoff,Kustoff,Republican
4708,2020,3868961.563,2937682.663,931278.9,2933215.463,0.0,0.0,0.0,4467.2,0.0,0.0,0.0,0.0,0.0,931278.9,0.0,0.0,David Kustoff,Kustoff,Republican
4708,2021,3872098.71,2864269.91,1007828.7999999999,2859751.11,0.0,0.0,0.0,4518.8,0.0,0.0,0.0,0.0,0.0,1007828.7999999999,0.0,0.0,David Kustoff,Kustoff,Republican
4708,2022,4382550.504,3359160.104,1023390.4,3354601.704,0.0,0.0,0.0,4558.4,0.0,0.0,0.0,0.0,0.0,1023390.4,0.0,0.0,David Kustoff,Kustoff,Republican
4708,2023,3519368.207,2598941.807,920426.4,2594370.807,0.0,0.0,0.0,4571.0,0.0,0.0,0.0,0.0,0.0,920426.4,0.0,0.0,David Kustoff,Kustoff,Republican
4709,2010,10167301.012,6903528.9120000005,3263772.1,6903528.9120000005,0.0,0.0,0.0,0.0,0.0,0.0,0.0,0.0,0.0,3263772.1,0.0,0.0,Steve Cohen,Cohen,Democrat
4709,2011,9699576.635000002,6711797.9350000005,2987778.7,6673585.085,0.0,0.0,0.0,38212.85,0.0,0.0,0.0,0.0,0.0,2987778.7,0.0,0.0,Steve Cohen,Cohen,Democrat
4709,2012,31190201.938,6708435.3379999995,24481766.6,6669541.0879999995,0.0,0.0,0.0,38894.25,0.0,0.0,21660568.0,0.0,0.0,2821198.6,0.0,0.0,Steve Cohen,Cohen,Democrat
4709,2013,32913147.63528,6743232.193999999,26169915.44128,6712332.994,0.0,0.0,0.0,30899.2,0.0,0.0,22888743.0,0.0,0.0,3281172.44128,0.0,0.0,Steve Cohen,Cohen,Democrat
4709,2014,31381308.966999996,6495332.987,24885975.98,6464804.887,0.0,0.0,0.0,30528.1,0.0,0.0,21222859.0,0.0,0.0,3663116.98,0.0,0.0,Steve Cohen,Cohen,Democrat
4709,2015,32262952.472201496,5249527.1850000005,27013425.287201498,5221397.9350000005,0.0,0.0,0.0,28129.25,0.0,0.0,23869960.8872015,0.0,0.0,3143464.4,0.0,0.0,Steve Cohen,Cohen,Democrat
4709,2016,33713334.0444618,5661177.435,28052156.609461803,5634757.635,0.0,0.0,0.0,26419.8,0.0,0.0,25017312.0094618,0.0,0.0,3034844.6,0.0,0.0,Steve Cohen,Cohen,Democrat
4709,2017,33554276.421482403,5703941.578,27850334.8434824,5678135.228,0.0,0.0,0.0,25806.35,0.0,0.0,24936997.2434824,0.0,0.0,2913337.6,0.0,0.0,Steve Cohen,Cohen,Democrat
4709,2018,33411946.296463903,3922976.343,29488969.9534639,3898460.293,0.0,0.0,0.0,24516.05,0.0,0.0,24921280.2534639,0.0,0.0,4567689.7,0.0,0.0,Steve Cohen,Cohen,Democrat
4709,2019,31651235.5875583,3962527.5160000003,27688708.0715583,3938532.166,0.0,0.0,0.0,23995.35,0.0,0.0,22309958.5715583,0.0,0.0,5378749.5,0.0,0.0,Steve Cohen,Cohen,Democrat
4709,2020,26630545.552999996,3316002.8529999997,23314542.7,3292072.003,0.0,0.0,0.0,23930.85,0.0,0.0,19014799.0,0.0,0.0,4299743.7,0.0,0.0,Steve Cohen,Cohen,Democrat
4709,2021,31227243.332999997,3594189.303,27633054.03,3564607.953,0.0,0.0,0.0,29581.35,0.0,0.0,22849822.03,0.0,0.0,4783232.0,0.0,0.0,Steve Cohen,Cohen,Democrat
4709,2022,31391947.096,4059163.696,27332783.4,4028162.896,0.0,0.0,0.0,31000.8,0.0,0.0,22364627.0,0.0,0.0,4968156.4,0.0,0.0,Steve Cohen,Cohen,Democrat
4709,2023,32493317.933,3923112.4329999997,28570205.5,3898091.833,0.0,0.0,0.0,25020.6,0.0,0.0,23590899.0,0.0,0.0,4979306.5,0.0,0.0,Steve Cohen,Cohen,Democrat
4801,2010,59002392.066747,57419595.308747,1582796.758,57419595.308747,0.0,0.0,0.0,0.0,0.0,0.0,0.0,0.0,0.0,0.0,1582796.758,0.0,Nathaniel Moran,Moran,Republican
4801,2011,58406552.6612,56836771.5102,1569781.151,56216769.4922,620002.018,0.0,0.0,0.0,0.0,0.0,0.0,0.0,0.0,0.0,1569781.151,0.0,Nathaniel Moran,Moran,Republican
4801,2012,57937138.78138,48166497.04838,9770641.733,47292002.87838,874494.17,0.0,0.0,0.0,0.0,0.0,8177735.0,0.0,0.0,0.0,1592906.7330000002,0.0,Nathaniel Moran,Moran,Republican
4801,2013,58356828.655,48457173.608,9899655.047,47201696.57,1255477.038,0.0,0.0,0.0,0.0,0.0,8286120.0,0.0,0.0,0.0,1613535.047,0.0,Nathaniel Moran,Moran,Republican
4801,2014,55485701.484,44687514.088,10798187.396,43589077.089999996,1098436.9980000001,0.0,0.0,0.0,0.0,0.0,8360824.0,0.0,0.0,0.0,2437363.396,0.0,Nathaniel Moran,Moran,Republican
4801,2015,47206328.0888,37620353.7148,9585974.374,36529765.4968,1090588.218,0.0,0.0,0.0,0.0,0.0,7294683.274,0.0,0.0,0.0,2291291.1,0.0,Nathaniel Moran,Moran,Republican
4801,2016,52110694.9452263,40767211.5796,11343483.365626302,38927913.453999996,861689.5636,977608.5619999999,0.0,0.0,0.0,0.0,9379214.0656263,0.0,0.0,0.0,1964269.2999999998,0.0,Nathaniel Moran,Moran,Republican
4801,2017,55365008.5021449,43723880.122999996,11641128.3791449,41905312.988,867078.823,951488.312,0.0,0.0,0.0,0.0,9831704.7791449,0.0,0.0,0.0,1809423.6,0.0,Nathaniel Moran,Moran,Republican
4801,2018,46765524.8313757,35330753.6958,11434771.135575699,33789461.22,902326.7818,638965.694,0.0,0.0,0.0,0.0,9799963.8355757,0.0,0.0,0.0,1634807.3,0.0,Nathaniel Moran,Moran,Republican
4801,2019,43198669.659973204,31652834.006,11545835.6539732,30065136.228,815170.682,772527.096,0.0,0.0,0.0,0.0,9977270.5539732,0.0,0.0,0.0,1568565.1,0.0,Nathaniel Moran,Moran,Republican
4801,2020,41601075.1579865,30279261.888,11321813.2699865,28686424.588,776067.088,816770.212,0.0,0.0,0.0,0.0,9623548.9699865,0.0,0.0,0.0,1698264.3,0.0,Nathaniel Moran,Moran,Republican
4801,2021,42598999.313414,31735611.692,10863387.621414,30199423.906,670533.108,865654.678,0.0,0.0,0.0,0.0,9402842.521414,0.0,0.0,0.0,1460545.0999999999,0.0,Nathaniel Moran,Moran,Republican
4801,2022,43293683.233882725,32066108.526399124,11227574.7074836,30684245.098399125,579834.598,802028.83,0.0,0.0,0.0,0.0,9771935.9074836,0.0,0.0,0.0,1455638.8,0.0,Nathaniel Moran,Moran,Republican
4801,2023,38248978.5246125,28285641.938,9963336.5866125,27071346.838,720089.398,494205.702,0.0,0.0,0.0,0.0,9229789.5866125,0.0,0.0,0.0,733547.0,0.0,Nathaniel Moran,Moran,Republican
4802,2010,7300445.0484,7300445.0484,0.0,7300445.0484,0.0,0.0,0.0,0.0,0.0,0.0,0.0,0.0,0.0,0.0,0.0,0.0,Daniel Crenshaw,Crenshaw,Republican
4802,2011,9289314.336,9289314.336,0.0,7076399.5200000005,2212914.816,0.0,0.0,0.0,0.0,0.0,0.0,0.0,0.0,0.0,0.0,0.0,Daniel Crenshaw,Crenshaw,Republican
4802,2012,9828699.220175,8466805.020175,1361894.2,6688459.448175,1778345.572,0.0,0.0,0.0,0.0,0.0,0.0,0.0,1361894.2,0.0,0.0,0.0,Daniel Crenshaw,Crenshaw,Republican
4802,2013,24460452.114,9345120.114,15115332.0,7621958.938,1723161.176,0.0,0.0,0.0,0.0,0.0,0.0,0.0,15115332.0,0.0,0.0,0.0,Daniel Crenshaw,Crenshaw,Republican
4802,2014,24408151.73,10193334.33,14214817.4,7934322.757999999,2259011.5719999997,0.0,0.0,0.0,0.0,0.0,0.0,0.0,14214817.4,0.0,0.0,0.0,Daniel Crenshaw,Crenshaw,Republican
4802,2015,25773656.91,9864642.61,15909014.3,7776291.984,2088350.626,0.0,0.0,0.0,0.0,0.0,0.0,0.0,15909014.3,0.0,0.0,0.0,Daniel Crenshaw,Crenshaw,Republican
4802,2016,28011426.956,11597409.556,16414017.4,7768638.61,1766096.318,2062674.628,0.0,0.0,0.0,0.0,0.0,0.0,16414017.4,0.0,0.0,0.0,Daniel Crenshaw,Crenshaw,Republican
4802,2017,11440404.678,11440404.678,0.0,7362710.154,2495878.634,1581815.89,0.0,0.0,0.0,0.0,0.0,0.0,0.0,0.0,0.0,0.0,Daniel Crenshaw,Crenshaw,Republican
4802,2018,10949474.688000001,10663054.688000001,286420.0,7402444.7700000005,2027359.97,1233249.9479999999,0.0,0.0,0.0,0.0,0.0,0.0,286420.0,0.0,0.0,0.0,Daniel Crenshaw,Crenshaw,Republican
4802,2019,10901364.467572542,10901364.467572542,0.0,7647745.146,1386029.206,1867590.1155725417,0.0,0.0,0.0,0.0,0.0,0.0,0.0,0.0,0.0,0.0,Daniel Crenshaw,Crenshaw,Republican
4802,2020,11123814.498220237,10348248.498220237,775566.0,7425530.372,1115307.642,1807410.4842202375,0.0,0.0,0.0,0.0,0.0,0.0,775566.0,0.0,0.0,0.0,Daniel Crenshaw,Crenshaw,Republican
4802,2021,10775235.618466344,10775235.618466344,0.0,7573589.104,1387786.416,1813860.098466343,0.0,0.0,0.0,0.0,0.0,0.0,0.0,0.0,0.0,0.0,Daniel Crenshaw,Crenshaw,Republican
4802,2022,27553142.155815706,10664927.355815705,16888214.8,7474673.104,1428204.4300000002,1762049.8218157047,0.0,0.0,0.0,0.0,0.0,0.0,16888214.8,0.0,0.0,0.0,Daniel Crenshaw,Crenshaw,Republican
4802,2023,24481927.47906131,11510114.47906131,12971813.0,7684817.322,1105324.22,2719972.9370613093,0.0,0.0,0.0,0.0,0.0,0.0,12971813.0,0.0,0.0,0.0,Daniel Crenshaw,Crenshaw,Republican
4803,2010,444006.12035,444006.12035,0.0,444006.12035,0.0,0.0,0.0,0.0,0.0,0.0,0.0,0.0,0.0,0.0,0.0,0.0,Keith Self,Self,Republican
4803,2011,664838.038575,664838.038575,0.0,664838.038575,0.0,0.0,0.0,0.0,0.0,0.0,0.0,0.0,0.0,0.0,0.0,0.0,Keith Self,Self,Republican
4803,2012,647620.569,647620.569,0.0,647620.569,0.0,0.0,0.0,0.0,0.0,0.0,0.0,0.0,0.0,0.0,0.0,0.0,Keith Self,Self,Republican
4803,2013,683991.268,683991.268,0.0,683991.268,0.0,0.0,0.0,0.0,0.0,0.0,0.0,0.0,0.0,0.0,0.0,0.0,Keith Self,Self,Republican
4803,2014,626446.764,626446.764,0.0,626446.764,0.0,0.0,0.0,0.0,0.0,0.0,0.0,0.0,0.0,0.0,0.0,0.0,Keith Self,Self,Republican
4803,2015,595428.138,595428.138,0.0,595428.138,0.0,0.0,0.0,0.0,0.0,0.0,0.0,0.0,0.0,0.0,0.0,0.0,Keith Self,Self,Republican
4803,2016,573455.758,573455.758,0.0,573455.758,0.0,0.0,0.0,0.0,0.0,0.0,0.0,0.0,0.0,0.0,0.0,0.0,Keith Self,Self,Republican
4803,2017,578236.476,578236.476,0.0,578236.476,0.0,0.0,0.0,0.0,0.0,0.0,0.0,0.0,0.0,0.0,0.0,0.0,Keith Self,Self,Republican
4803,2018,1034586.216,1034586.216,0.0,1034586.216,0.0,0.0,0.0,0.0,0.0,0.0,0.0,0.0,0.0,0.0,0.0,0.0,Keith Self,Self,Republican
4803,2019,894214.476,894214.476,0.0,894214.476,0.0,0.0,0.0,0.0,0.0,0.0,0.0,0.0,0.0,0.0,0.0,0.0,Keith Self,Self,Republican
4803,2020,811999.4739999999,811999.4739999999,0.0,811999.4739999999,0.0,0.0,0.0,0.0,0.0,0.0,0.0,0.0,0.0,0.0,0.0,0.0,Keith Self,Self,Republican
4803,2021,653846.59,653846.59,0.0,653846.59,0.0,0.0,0.0,0.0,0.0,0.0,0.0,0.0,0.0,0.0,0.0,0.0,Keith Self,Self,Republican
4803,2022,678172.3420000001,678172.3420000001,0.0,678172.3420000001,0.0,0.0,0.0,0.0,0.0,0.0,0.0,0.0,0.0,0.0,0.0,0.0,Keith Self,Self,Republican
4803,2023,1159092.984,1159092.984,0.0,657681.65,501411.334,0.0,0.0,0.0,0.0,0.0,0.0,0.0,0.0,0.0,0.0,0.0,Keith Self,Self,Republican
4804,2010,2282073.9408529997,2282073.9408529997,0.0,2282073.9408529997,0.0,0.0,0.0,0.0,0.0,0.0,0.0,0.0,0.0,0.0,0.0,0.0,Pat Fallon,Fallon,Republican
4804,2011,4169448.43,4169448.43,0.0,2551033.236,1618415.194,0.0,0.0,0.0,0.0,0.0,0.0,0.0,0.0,0.0,0.0,0.0,Pat Fallon,Fallon,Republican
4804,2012,3083545.412459,3083545.412459,0.0,2803773.068459,279772.34400000004,0.0,0.0,0.0,0.0,0.0,0.0,0.0,0.0,0.0,0.0,0.0,Pat Fallon,Fallon,Republican
4804,2013,3148444.375,3148444.375,0.0,2722231.657,426212.71800000005,0.0,0.0,0.0,0.0,0.0,0.0,0.0,0.0,0.0,0.0,0.0,Pat Fallon,Fallon,Republican
4804,2014,4039285.5519399997,4039285.5519399997,0.0,3472965.62994,566319.922,0.0,0.0,0.0,0.0,0.0,0.0,0.0,0.0,0.0,0.0,0.0,Pat Fallon,Fallon,Republican
4804,2015,4990658.774,4990658.774,0.0,4525214.944,465443.83,0.0,0.0,0.0,0.0,0.0,0.0,0.0,0.0,0.0,0.0,0.0,Pat Fallon,Fallon,Republican
4804,2016,4983166.664,4983166.664,0.0,4272474.87,179399.594,531292.2,0.0,0.0,0.0,0.0,0.0,0.0,0.0,0.0,0.0,0.0,Pat Fallon,Fallon,Republican
4804,2017,4852772.61394,4852772.61394,0.0,4207879.65794,131633.406,513259.55,0.0,0.0,0.0,0.0,0.0,0.0,0.0,0.0,0.0,0.0,Pat Fallon,Fallon,Republican
4804,2018,5811482.69394,5811482.69394,0.0,5149367.49194,116155.76999999999,545959.432,0.0,0.0,0.0,0.0,0.0,0.0,0.0,0.0,0.0,0.0,Pat Fallon,Fallon,Republican
4804,2019,5496703.73197,5496703.73197,0.0,4694796.59997,313042.564,488864.56799999997,0.0,0.0,0.0,0.0,0.0,0.0,0.0,0.0,0.0,0.0,Pat Fallon,Fallon,Republican
4804,2020,5105343.42997,5105343.42997,0.0,4394396.17997,215203.5,495743.75,0.0,0.0,0.0,0.0,0.0,0.0,0.0,0.0,0.0,0.0,Pat Fallon,Fallon,Republican
4804,2021,4821042.86594,4821042.86594,0.0,4037021.3459400004,305413.194,478608.326,0.0,0.0,0.0,0.0,0.0,0.0,0.0,0.0,0.0,0.0,Pat Fallon,Fallon,Republican
4804,2022,5078723.2159400005,5078723.2159400005,0.0,4284008.693940001,328331.956,466382.566,0.0,0.0,0.0,0.0,0.0,0.0,0.0,0.0,0.0,0.0,Pat Fallon,Fallon,Republican
4804,2023,5081076.86794,5081076.86794,0.0,4389414.9319400005,230152.57,461509.366,0.0,0.0,0.0,0.0,0.0,0.0,0.0,0.0,0.0,0.0,Pat Fallon,Fallon,Republican
4805,2010,3530850.186,3530850.186,0.0,3530850.186,0.0,0.0,0.0,0.0,0.0,0.0,0.0,0.0,0.0,0.0,0.0,0.0,Lance Gooden,Gooden,Republican
4805,2011,4425529.242000001,4425529.242000001,0.0,4425529.242000001,0.0,0.0,0.0,0.0,0.0,0.0,0.0,0.0,0.0,0.0,0.0,0.0,Lance Gooden,Gooden,Republican
4805,2012,4782755.962,4782755.962,0.0,4782755.962,0.0,0.0,0.0,0.0,0.0,0.0,0.0,0.0,0.0,0.0,0.0,0.0,Lance Gooden,Gooden,Republican
4805,2013,3997170.9600000004,3997170.9600000004,0.0,3997170.9600000004,0.0,0.0,0.0,0.0,0.0,0.0,0.0,0.0,0.0,0.0,0.0,0.0,Lance Gooden,Gooden,Republican
4805,2014,4225368.072,4225368.072,0.0,4225368.072,0.0,0.0,0.0,0.0,0.0,0.0,0.0,0.0,0.0,0.0,0.0,0.0,Lance Gooden,Gooden,Republican
4805,2015,4717771.992,4717771.992,0.0,4717771.992,0.0,0.0,0.0,0.0,0.0,0.0,0.0,0.0,0.0,0.0,0.0,0.0,Lance Gooden,Gooden,Republican
4805,2016,4650602.862,4650602.862,0.0,4650602.862,0.0,0.0,0.0,0.0,0.0,0.0,0.0,0.0,0.0,0.0,0.0,0.0,Lance Gooden,Gooden,Republican
4805,2017,4445682.112,4445682.112,0.0,4445682.112,0.0,0.0,0.0,0.0,0.0,0.0,0.0,0.0,0.0,0.0,0.0,0.0,Lance Gooden,Gooden,Republican
4805,2018,4961674.46,4961674.46,0.0,4961674.46,0.0,0.0,0.0,0.0,0.0,0.0,0.0,0.0,0.0,0.0,0.0,0.0,Lance Gooden,Gooden,Republican
4805,2019,4898025.628,4898025.628,0.0,4898025.628,0.0,0.0,0.0,0.0,0.0,0.0,0.0,0.0,0.0,0.0,0.0,0.0,Lance Gooden,Gooden,Republican
4805,2020,5064812.2700000005,5064812.2700000005,0.0,5064812.2700000005,0.0,0.0,0.0,0.0,0.0,0.0,0.0,0.0,0.0,0.0,0.0,0.0,Lance Gooden,Gooden,Republican
4805,2021,4511435.706,4511435.706,0.0,4511435.706,0.0,0.0,0.0,0.0,0.0,0.0,0.0,0.0,0.0,0.0,0.0,0.0,Lance Gooden,Gooden,Republican
4805,2022,4710260.062,4710260.062,0.0,4710260.062,0.0,0.0,0.0,0.0,0.0,0.0,0.0,0.0,0.0,0.0,0.0,0.0,Lance Gooden,Gooden,Republican
4805,2023,5638141.930000001,5638141.930000001,0.0,5638141.930000001,0.0,0.0,0.0,0.0,0.0,0.0,0.0,0.0,0.0,0.0,0.0,0.0,Lance Gooden,Gooden,Republican
4806,2010,17278507.2789,17278507.2789,0.0,17278507.2789,0.0,0.0,0.0,0.0,0.0,0.0,0.0,0.0,0.0,0.0,0.0,0.0,Jake Ellzey,Ellzey,Republican
4806,2011,17300620.373925,17300620.373925,0.0,16868223.767925,432396.60599999997,0.0,0.0,0.0,0.0,0.0,0.0,0.0,0.0,0.0,0.0,0.0,Jake Ellzey,Ellzey,Republican
4806,2012,17558000.806425,17558000.806425,0.0,17301006.010425,256994.796,0.0,0.0,0.0,0.0,0.0,0.0,0.0,0.0,0.0,0.0,0.0,Jake Ellzey,Ellzey,Republican
4806,2013,18758284.448,18758284.448,0.0,18512300.252,245984.196,0.0,0.0,0.0,0.0,0.0,0.0,0.0,0.0,0.0,0.0,0.0,Jake Ellzey,Ellzey,Republican
4806,2014,17123781.376,17123781.376,0.0,16932619.654,191161.722,0.0,0.0,0.0,0.0,0.0,0.0,0.0,0.0,0.0,0.0,0.0,Jake Ellzey,Ellzey,Republican
4806,2015,18079767.101999998,18079767.101999998,0.0,18079767.101999998,0.0,0.0,0.0,0.0,0.0,0.0,0.0,0.0,0.0,0.0,0.0,0.0,Jake Ellzey,Ellzey,Republican
4806,2016,16981468.208,16981468.208,0.0,16905768.033999998,75700.174,0.0,0.0,0.0,0.0,0.0,0.0,0.0,0.0,0.0,0.0,0.0,Jake Ellzey,Ellzey,Republican
4806,2017,16593134.654000001,16593134.654000001,0.0,16412338.174,117908.238,62888.242,0.0,0.0,0.0,0.0,0.0,0.0,0.0,0.0,0.0,0.0,Jake Ellzey,Ellzey,Republican
4806,2018,11344694.342,11344694.342,0.0,11006843.674,235732.31799999997,102118.35,0.0,0.0,0.0,0.0,0.0,0.0,0.0,0.0,0.0,0.0,Jake Ellzey,Ellzey,Republican
4806,2019,10978034.064,10978034.064,0.0,10711222.566,172923.712,93887.786,0.0,0.0,0.0,0.0,0.0,0.0,0.0,0.0,0.0,0.0,Jake Ellzey,Ellzey,Republican
4806,2020,9521710.478,9521710.478,0.0,9281648.996,157737.314,82324.168,0.0,0.0,0.0,0.0,0.0,0.0,0.0,0.0,0.0,0.0,Jake Ellzey,Ellzey,Republican
4806,2021,9354646.526,9354646.526,0.0,9114450.790000001,175377.156,64818.58,0.0,0.0,0.0,0.0,0.0,0.0,0.0,0.0,0.0,0.0,Jake Ellzey,Ellzey,Republican
4806,2022,10350859.311999999,10350859.311999999,0.0,10048148.086,218519.87,84191.356,0.0,0.0,0.0,0.0,0.0,0.0,0.0,0.0,0.0,0.0,Jake Ellzey,Ellzey,Republican
4806,2023,11213105.654,11213105.654,0.0,10845416.692,258976.586,108712.376,0.0,0.0,0.0,0.0,0.0,0.0,0.0,0.0,0.0,0.0,Jake Ellzey,Ellzey,Republican
4807,2010,33183.524,33183.524,0.0,33183.524,0.0,0.0,0.0,0.0,0.0,0.0,0.0,0.0,0.0,0.0,0.0,0.0,Lizzie Fletcher,Fletcher,Democrat
4807,2011,849744.436,849744.436,0.0,58878.828,790865.608,0.0,0.0,0.0,0.0,0.0,0.0,0.0,0.0,0.0,0.0,0.0,Lizzie Fletcher,Fletcher,Democrat
4807,2012,27420075.861429997,923279.272,26496796.589429997,50024.512,873254.76,0.0,0.0,0.0,0.0,0.0,0.0,0.0,26496796.589429997,0.0,0.0,0.0,Lizzie Fletcher,Fletcher,Democrat
4807,2013,30941710.3170643,885255.022,30056455.2950643,26996.088,858258.934,0.0,0.0,0.0,0.0,0.0,0.0,0.0,30056455.2950643,0.0,0.0,0.0,Lizzie Fletcher,Fletcher,Democrat
4807,2014,32673060.683171898,794368.628,31878692.0551719,46591.176,747777.452,0.0,0.0,0.0,0.0,0.0,0.0,0.0,31878692.0551719,0.0,0.0,0.0,Lizzie Fletcher,Fletcher,Democrat
4807,2015,41671903.6307445,586598.548,41085305.0827445,57120.636,529477.912,0.0,0.0,0.0,0.0,0.0,0.0,0.0,41085305.0827445,0.0,0.0,0.0,Lizzie Fletcher,Fletcher,Democrat
4807,2016,32325789.218805,1703032.176,30622757.042805,51556.002,515880.898,438104.23600000003,697491.04,0.0,0.0,0.0,0.0,0.0,30622757.042805,0.0,0.0,0.0,Lizzie Fletcher,Fletcher,Democrat
4807,2017,35024506.411086,2062698.4719999998,32961807.939086,56080.436,1297002.548,384771.158,324844.33,0.0,0.0,0.0,0.0,0.0,32961807.939086,0.0,0.0,0.0,Lizzie Fletcher,Fletcher,Democrat
4807,2018,46626526.1644241,3186283.854,43440242.310424104,45888.076,1885024.016,1020560.782,234810.97999999998,0.0,0.0,0.0,0.0,0.0,43440242.310424104,0.0,0.0,0.0,Lizzie Fletcher,Fletcher,Democrat
4807,2019,53800099.0063959,5158157.904,48641941.10239589,59749.776,2882442.5500000003,1886863.218,329102.36,0.0,0.0,0.0,0.0,0.0,48641941.10239589,0.0,0.0,0.0,Lizzie Fletcher,Fletcher,Democrat
4807,2020,54122523.558578506,2979566.75,51142956.808578506,53378.25,1276563.846,1405660.614,243964.03999999998,0.0,0.0,0.0,0.0,0.0,51142956.808578506,0.0,0.0,0.0,Lizzie Fletcher,Fletcher,Democrat
4807,2021,38141476.2012743,2804074.846,35337401.3552743,464400.634,708705.328,1491531.144,139437.74,0.0,0.0,0.0,0.0,0.0,35337401.3552743,0.0,0.0,0.0,Lizzie Fletcher,Fletcher,Democrat
4807,2022,31623851.7517107,2561442.112,29062409.6397107,68600.74,1061413.258,1317322.854,114105.26000000001,0.0,0.0,0.0,0.0,0.0,29062409.6397107,0.0,0.0,0.0,Lizzie Fletcher,Fletcher,Democrat
4807,2023,91143915.3578598,2408009.2609698,88735906.09689,45136.632,1164411.76,1150793.942,47666.9269698,0.0,0.0,0.0,0.0,0.0,88735906.09689,0.0,0.0,0.0,Lizzie Fletcher,Fletcher,Democrat
4808,2010,1557424.59,1557424.59,0.0,1557424.59,0.0,0.0,0.0,0.0,0.0,0.0,0.0,0.0,0.0,0.0,0.0,0.0,Morgan Luttrell,Luttrell,Republican
4808,2011,1726069.5439999998,1726069.5439999998,0.0,1577312.0059999998,148757.538,0.0,0.0,0.0,0.0,0.0,0.0,0.0,0.0,0.0,0.0,0.0,Morgan Luttrell,Luttrell,Republican
4808,2012,2055422.6460000002,2055422.6460000002,0.0,1489443.698,565978.948,0.0,0.0,0.0,0.0,0.0,0.0,0.0,0.0,0.0,0.0,0.0,Morgan Luttrell,Luttrell,Republican
4808,2013,2748939.236,2748939.236,0.0,1539507.628,1209431.608,0.0,0.0,0.0,0.0,0.0,0.0,0.0,0.0,0.0,0.0,0.0,Morgan Luttrell,Luttrell,Republican
4808,2014,2443197.53,2443197.53,0.0,1599666.562,843530.968,0.0,0.0,0.0,0.0,0.0,0.0,0.0,0.0,0.0,0.0,0.0,Morgan Luttrell,Luttrell,Republican
4808,2015,2356206.25,2356206.25,0.0,1983883.7539999997,372322.496,0.0,0.0,0.0,0.0,0.0,0.0,0.0,0.0,0.0,0.0,0.0,Morgan Luttrell,Luttrell,Republican
4808,2016,2052204.0620000002,2052204.0620000002,0.0,1932141.8420000002,120062.22,0.0,0.0,0.0,0.0,0.0,0.0,0.0,0.0,0.0,0.0,0.0,Morgan Luttrell,Luttrell,Republican
4808,2017,1735712.116,1735712.116,0.0,1587993.662,147718.454,0.0,0.0,0.0,0.0,0.0,0.0,0.0,0.0,0.0,0.0,0.0,Morgan Luttrell,Luttrell,Republican
4808,2018,1840952.9300000002,1840952.9300000002,0.0,1746212.3900000001,94740.54,0.0,0.0,0.0,0.0,0.0,0.0,0.0,0.0,0.0,0.0,0.0,Morgan Luttrell,Luttrell,Republican
4808,2019,2015637.778,2015637.778,0.0,1865716.302,149921.476,0.0,0.0,0.0,0.0,0.0,0.0,0.0,0.0,0.0,0.0,0.0,Morgan Luttrell,Luttrell,Republican
4808,2020,1950151.124,1950151.124,0.0,1864125.618,86025.506,0.0,0.0,0.0,0.0,0.0,0.0,0.0,0.0,0.0,0.0,0.0,Morgan Luttrell,Luttrell,Republican
4808,2021,3293769.9960000003,3293769.9960000003,0.0,3142824.16,150945.836,0.0,0.0,0.0,0.0,0.0,0.0,0.0,0.0,0.0,0.0,0.0,Morgan Luttrell,Luttrell,Republican
4808,2022,3926190.9239999996,3926190.9239999996,0.0,3800145.6799999997,126045.244,0.0,0.0,0.0,0.0,0.0,0.0,0.0,0.0,0.0,0.0,0.0,Morgan Luttrell,Luttrell,Republican
4808,2023,3817156.408,3817156.408,0.0,3709725.2879999997,107431.12,0.0,0.0,0.0,0.0,0.0,0.0,0.0,0.0,0.0,0.0,0.0,Morgan Luttrell,Luttrell,Republican
4809,2010,310243.346,310243.346,0.0,310243.346,0.0,0.0,0.0,0.0,0.0,0.0,0.0,0.0,0.0,0.0,0.0,0.0,Al Green,Green,Democrat
4809,2011,378126.312,378126.312,0.0,378126.312,0.0,0.0,0.0,0.0,0.0,0.0,0.0,0.0,0.0,0.0,0.0,0.0,Al Green,Green,Democrat
4809,2012,379668.07399999996,379668.07399999996,0.0,379668.07399999996,0.0,0.0,0.0,0.0,0.0,0.0,0.0,0.0,0.0,0.0,0.0,0.0,Al Green,Green,Democrat
4809,2013,368446.41599999997,368446.41599999997,0.0,368446.41599999997,0.0,0.0,0.0,0.0,0.0,0.0,0.0,0.0,0.0,0.0,0.0,0.0,Al Green,Green,Democrat
4809,2014,340466.302,340466.302,0.0,340466.302,0.0,0.0,0.0,0.0,0.0,0.0,0.0,0.0,0.0,0.0,0.0,0.0,Al Green,Green,Democrat
4809,2015,297447.62,297447.62,0.0,297447.62,0.0,0.0,0.0,0.0,0.0,0.0,0.0,0.0,0.0,0.0,0.0,0.0,Al Green,Green,Democrat
4809,2016,335771.086,335771.086,0.0,335771.086,0.0,0.0,0.0,0.0,0.0,0.0,0.0,0.0,0.0,0.0,0.0,0.0,Al Green,Green,Democrat
4809,2017,295377.91599999997,295377.91599999997,0.0,295377.91599999997,0.0,0.0,0.0,0.0,0.0,0.0,0.0,0.0,0.0,0.0,0.0,0.0,Al Green,Green,Democrat
4809,2018,232682.19400000002,232682.19400000002,0.0,232682.19400000002,0.0,0.0,0.0,0.0,0.0,0.0,0.0,0.0,0.0,0.0,0.0,0.0,Al Green,Green,Democrat
4809,2019,550654.474,550654.474,0.0,550654.474,0.0,0.0,0.0,0.0,0.0,0.0,0.0,0.0,0.0,0.0,0.0,0.0,Al Green,Green,Democrat
4809,2020,504627.224,504627.224,0.0,504627.224,0.0,0.0,0.0,0.0,0.0,0.0,0.0,0.0,0.0,0.0,0.0,0.0,Al Green,Green,Democrat
4809,2021,710192.1799999999,710192.1799999999,0.0,710192.1799999999,0.0,0.0,0.0,0.0,0.0,0.0,0.0,0.0,0.0,0.0,0.0,0.0,Al Green,Green,Democrat
4809,2022,768719.968,768719.968,0.0,768719.968,0.0,0.0,0.0,0.0,0.0,0.0,0.0,0.0,0.0,0.0,0.0,0.0,Al Green,Green,Democrat
4809,2023,814558.348,814558.348,0.0,814558.348,0.0,0.0,0.0,0.0,0.0,0.0,0.0,0.0,0.0,0.0,0.0,0.0,Al Green,Green,Democrat
4810,2010,23543263.687,22173606.487,1369657.2,22173606.487,0.0,0.0,0.0,0.0,0.0,0.0,0.0,0.0,0.0,0.0,1369657.2,0.0,Michael T. McCaul,McCaul,Republican
4810,2011,21965641.956,20052540.956,1913101.0,19344056.314,703783.282,0.0,0.0,0.0,4701.36,0.0,0.0,0.0,0.0,0.0,1913101.0,0.0,Michael T. McCaul,McCaul,Republican
4810,2012,20053162.785,16779857.185,3273305.6,15726521.461000001,1050782.1239999998,0.0,0.0,0.0,2553.6,0.0,0.0,0.0,0.0,0.0,3273305.6,0.0,Michael T. McCaul,McCaul,Republican
4810,2013,24325478.911000002,20166735.011,4158743.9,18541701.417000003,1619461.274,0.0,0.0,0.0,5572.32,0.0,0.0,0.0,0.0,0.0,4158743.9,0.0,Michael T. McCaul,McCaul,Republican
4810,2014,22289759.835,17255719.435000002,5034040.4,16288491.625000002,980216.97,0.0,0.0,0.0,-12989.16,0.0,0.0,0.0,0.0,0.0,5034040.4,0.0,Michael T. McCaul,McCaul,Republican
4810,2015,23271721.6273,16628244.727300001,6643476.9,16060419.6673,566662.26,0.0,0.0,0.0,1162.8,0.0,0.0,0.0,0.0,0.0,6643476.9,0.0,Michael T. McCaul,McCaul,Republican
4810,2016,24704472.768,17545778.468,7158694.3,17064090.849999998,366658.78,111604.278,0.0,0.0,3424.56,0.0,0.0,0.0,0.0,0.0,7158694.3,0.0,Michael T. McCaul,McCaul,Republican
4810,2017,24156567.756,17510306.156,6646261.6,16945624.106000002,411781.396,147884.654,0.0,0.0,5016.0,0.0,0.0,0.0,0.0,0.0,6646261.6,0.0,Michael T. McCaul,McCaul,Republican
4810,2018,22342288.452000003,16591351.952000001,5750936.5,15742026.23,630690.1000000001,218526.182,0.0,0.0,109.44,0.0,0.0,0.0,0.0,0.0,5750936.5,0.0,Michael T. McCaul,McCaul,Republican
4810,2019,21282502.318,15608481.018,5674021.3,14648110.345999999,740164.8300000001,218954.122,0.0,0.0,1251.72,0.0,0.0,0.0,0.0,0.0,5674021.3,0.0,Michael T. McCaul,McCaul,Republican
4810,2020,21591548.216,14810410.316,6781137.9,13829307.622,630746.338,348831.036,0.0,0.0,1525.32,0.0,0.0,0.0,0.0,0.0,6781137.9,0.0,Michael T. McCaul,McCaul,Republican
4810,2021,22660042.069199998,15634911.769199999,7025130.3,14725891.027999999,644491.566,262941.178,0.0,0.0,1587.9972,0.0,0.0,0.0,0.0,0.0,7025130.3,0.0,Michael T. McCaul,McCaul,Republican
4810,2022,23181784.494,16399413.094,6782371.4,15409514.28,856213.936,133684.878,0.0,0.0,0.0,0.0,0.0,0.0,0.0,0.0,6782371.4,0.0,Michael T. McCaul,McCaul,Republican
4810,2023,22659495.636,14893091.035999998,7766404.6,13743977.455999998,987192.558,161921.022,0.0,0.0,0.0,0.0,0.0,0.0,0.0,0.0,7766404.6,0.0,Michael T. McCaul,McCaul,Republican
4811,2010,5031168.9374,3445080.0374000003,1586088.9,3445080.0374000003,0.0,0.0,0.0,0.0,0.0,0.0,0.0,0.0,0.0,1450835.9,135253.0,0.0,August Pfluger,Pfluger,Republican
4811,2011,8523880.724975001,6346323.6249750005,2177557.0999999996,3191683.644975,3119263.48,0.0,0.0,35376.5,0.0,0.0,0.0,0.0,0.0,2065776.2,111780.9,0.0,August Pfluger,Pfluger,Republican
4811,2012,9258533.243875,7161776.243875,2096757.0,3579258.741875,3547141.002,0.0,0.0,35376.5,0.0,0.0,0.0,0.0,0.0,1983225.6,113531.4,0.0,August Pfluger,Pfluger,Republican
4811,2013,9872045.927,7880373.527,1991672.4,4242333.711,3602663.316,0.0,0.0,35376.5,0.0,0.0,0.0,0.0,0.0,1892671.9,99000.5,0.0,August Pfluger,Pfluger,Republican
4811,2014,12584857.316,10532712.515999999,2052144.7999999998,4862776.624,5635234.542,0.0,0.0,34701.35,0.0,0.0,0.0,0.0,0.0,1958952.4,93192.4,0.0,August Pfluger,Pfluger,Republican
4811,2015,14076999.99683,12293157.29683,1783842.7,6080924.86283,6176664.634,0.0,0.0,35567.8,0.0,0.0,0.0,0.0,0.0,1707731.9,76110.8,0.0,August Pfluger,Pfluger,Republican
4811,2016,15951174.021,14327623.721,1623550.2999999998,5343409.132,6452925.9690000005,2497656.62,0.0,33632.0,0.0,0.0,0.0,0.0,0.0,1519197.9,104352.4,0.0,August Pfluger,Pfluger,Republican
4811,2017,14513848.0,12818175.2,1695672.8,5522771.678,4551681.824,2709851.398,0.0,33870.3,0.0,0.0,0.0,0.0,0.0,1604168.6,91504.2,0.0,August Pfluger,Pfluger,Republican
4811,2018,21985074.62379919,19929888.12379919,2055186.5,7114742.2013991885,8786161.7904,3959229.262,37094.07,32660.8,0.0,0.0,0.0,0.0,0.0,1996304.7,58881.8,0.0,August Pfluger,Pfluger,Republican
4811,2019,31190307.27572781,28965472.57572781,2224834.7,7586942.785727807,15687740.496,5658601.424,0.0,31950.75,237.12,0.0,0.0,0.0,0.0,2149972.2,74862.5,0.0,August Pfluger,Pfluger,Republican
4811,2020,26680666.141491566,24948450.84149157,1732215.3,7364331.205491567,11980685.466,5572333.6,0.0,31068.65,31.92,0.0,0.0,0.0,0.0,1637242.7,94972.6,0.0,August Pfluger,Pfluger,Republican
4811,2021,25665955.203335594,23993679.603335597,1672275.6,5819342.832103096,11637838.222000001,6503937.392,21.9400325,31463.65,1075.5672,0.0,0.0,0.0,0.0,1552360.5,119915.1,0.0,August Pfluger,Pfluger,Republican
4811,2022,27674483.922296673,25816703.922296673,1857780.0,6978172.234903472,11056703.9,7750842.644993202,12.9,30517.2,455.0424,0.0,0.0,0.0,0.0,1710608.4,147171.6,0.0,August Pfluger,Pfluger,Republican
4811,2023,31794674.143547423,30037765.443547424,1756908.7000000002,8278717.697947425,13083532.362,8638877.304,0.0,29347.05,7291.0296,0.0,0.0,0.0,0.0,1596997.1,159911.6,0.0,August Pfluger,Pfluger,Republican
4812,2010,488477.07,488477.07,0.0,488477.07,0.0,0.0,0.0,0.0,0.0,0.0,0.0,0.0,0.0,0.0,0.0,0.0,Craig A. Goldman,Goldman,Republican
4812,2011,1571477.38,1571477.38,0.0,671713.684,899763.6959999999,0.0,0.0,0.0,0.0,0.0,0.0,0.0,0.0,0.0,0.0,0.0,Craig A. Goldman,Goldman,Republican
4812,2012,3408964.936,3408964.936,0.0,840291.508,2568673.428,0.0,0.0,0.0,0.0,0.0,0.0,0.0,0.0,0.0,0.0,0.0,Craig A. Goldman,Goldman,Republican
4812,2013,3066963.308,3066963.308,0.0,822319.478,2244643.8299999996,0.0,0.0,0.0,0.0,0.0,0.0,0.0,0.0,0.0,0.0,0.0,Craig A. Goldman,Goldman,Republican
4812,2014,1945371.024,1945371.024,0.0,783018.542,1162352.482,0.0,0.0,0.0,0.0,0.0,0.0,0.0,0.0,0.0,0.0,0.0,Craig A. Goldman,Goldman,Republican
4812,2015,1592951.156,1592951.156,0.0,774239.008,818712.148,0.0,0.0,0.0,0.0,0.0,0.0,0.0,0.0,0.0,0.0,0.0,Craig A. Goldman,Goldman,Republican
4812,2016,1441692.75,1441692.75,0.0,316824.05,486780.79,638087.9099999999,0.0,0.0,0.0,0.0,0.0,0.0,0.0,0.0,0.0,0.0,Craig A. Goldman,Goldman,Republican
4812,2017,1552383.536,1552383.536,0.0,277979.784,465253.372,809150.38,0.0,0.0,0.0,0.0,0.0,0.0,0.0,0.0,0.0,0.0,Craig A. Goldman,Goldman,Republican
4812,2018,1704350.848,1704350.848,0.0,231754.53,585354.502,887241.816,0.0,0.0,0.0,0.0,0.0,0.0,0.0,0.0,0.0,0.0,Craig A. Goldman,Goldman,Republican
4812,2019,1884266.456,1884266.456,0.0,229717.122,787717.9040000001,866831.4299999999,0.0,0.0,0.0,0.0,0.0,0.0,0.0,0.0,0.0,0.0,Craig A. Goldman,Goldman,Republican
4812,2020,1898124.6560000002,1898124.6560000002,0.0,209633.1,852870.67,835620.8859999999,0.0,0.0,0.0,0.0,0.0,0.0,0.0,0.0,0.0,0.0,Craig A. Goldman,Goldman,Republican
4812,2021,1621322.932,1621322.932,0.0,187139.908,567706.878,866476.146,0.0,0.0,0.0,0.0,0.0,0.0,0.0,0.0,0.0,0.0,Craig A. Goldman,Goldman,Republican
4812,2022,2188105.7860000003,2188105.7860000003,0.0,194323.914,793029.024,1200752.8480000002,0.0,0.0,0.0,0.0,0.0,0.0,0.0,0.0,0.0,0.0,Craig A. Goldman,Goldman,Republican
4812,2023,2682170.052,2682170.052,0.0,175674.186,1745691.986,760803.88,0.0,0.0,0.0,0.0,0.0,0.0,0.0,0.0,0.0,0.0,Craig A. Goldman,Goldman,Republican
4813,2010,21246871.896,19446868.596,1800003.3,19446868.596,0.0,0.0,0.0,0.0,0.0,0.0,0.0,0.0,0.0,0.0,1800003.3,0.0,Ronny Jackson,Jackson,Republican
4813,2011,22478775.507,20457208.007,2021567.5,20179428.353,277779.654,0.0,0.0,0.0,0.0,0.0,0.0,0.0,0.0,0.0,2021567.5,0.0,Ronny Jackson,Jackson,Republican
4813,2012,62124635.7307294,21336465.956,40788169.7747294,21297414.07,39051.886,0.0,0.0,0.0,0.0,0.0,38426208.2747294,0.0,0.0,0.0,2361961.5,0.0,Ronny Jackson,Jackson,Republican
4813,2013,66475875.05,21896388.25,44579486.8,21883668.314,12719.936,0.0,0.0,0.0,0.0,0.0,42525299.9,0.0,0.0,0.0,2054186.9,0.0,Ronny Jackson,Jackson,Republican
4813,2014,69227076.786,21028010.986,48199065.8,20981828.346,46182.64,0.0,0.0,0.0,0.0,0.0,45552081.4,0.0,0.0,0.0,2646984.4,0.0,Ronny Jackson,Jackson,Republican
4813,2015,69517004.1527826,19965994.691,49551009.461782604,19688665.271,277329.42,0.0,0.0,0.0,0.0,0.0,46557529.1617826,0.0,0.0,0.0,2993480.3,0.0,Ronny Jackson,Jackson,Republican
4813,2016,68612074.3217741,18885310.962,49726763.3597741,18555028.544,232143.818,98138.6,0.0,0.0,0.0,0.0,46992800.759774104,0.0,0.0,0.0,2733962.6,0.0,Ronny Jackson,Jackson,Republican
4813,2017,65506519.941300005,16960658.786,48545861.1553,16611877.93,271845.906,76934.95,0.0,0.0,0.0,0.0,46221895.1553,0.0,0.0,0.0,2323966.0,0.0,Ronny Jackson,Jackson,Republican
4813,2018,67413823.09098794,19571471.732165724,47842351.3588222,19219675.104165725,281086.104,70710.524,0.0,0.0,0.0,0.0,45690881.834078,0.0,0.0,0.0,2151469.5247442,0.0,Ronny Jackson,Jackson,Republican
4813,2019,65675740.259021506,17839176.20891851,47836564.050103,17114576.06891851,619407.9380000001,105192.20199999999,0.0,0.0,0.0,0.0,45796171.640912205,0.0,0.0,0.0,2040392.4091908,0.0,Ronny Jackson,Jackson,Republican
4813,2020,56237620.100013845,14772227.638554642,41465392.461459205,14045420.514554642,585563.51,141243.614,0.0,0.0,0.0,0.0,40193606.6940592,0.0,0.0,0.0,1271785.7674,0.0,Ronny Jackson,Jackson,Republican
4813,2021,58442963.59676831,13786902.815733515,44656060.7810348,13199717.323733514,443523.256,143662.23599999998,0.0,0.0,0.0,0.0,43074426.098628,0.0,0.0,0.0,1581634.6824068,0.0,Ronny Jackson,Jackson,Republican
4813,2022,56463434.63484277,14182519.367742768,42280915.2671,13629364.255742768,411777.326,141377.78600000002,0.0,0.0,0.0,0.0,42280915.2671,0.0,0.0,0.0,0.0,0.0,Ronny Jackson,Jackson,Republican
4813,2023,51781513.4186162,12615626.396431997,39165887.0221842,12021845.624431998,459136.582,134644.19,0.0,0.0,0.0,0.0,39165887.0221842,0.0,0.0,0.0,0.0,0.0,Ronny Jackson,Jackson,Republican
4814,2010,57168528.26725,57136365.56725,32162.7,57136365.56725,0.0,0.0,0.0,0.0,0.0,0.0,0.0,0.0,0.0,0.0,32162.7,0.0,Randy K. Weber Sr.,Weber,Republican
4814,2011,58756578.324,58744043.824,12534.5,58741768.384,0.0,0.0,0.0,0.0,2275.44,0.0,0.0,0.0,0.0,0.0,12534.5,0.0,Randy K. Weber Sr.,Weber,Republican
4814,2012,320045553.35265,58651705.5909,261393847.76174998,58644879.270899996,0.0,0.0,0.0,0.0,6826.32,0.0,261335242.46175,0.0,0.0,0.0,58605.3,0.0,Randy K. Weber Sr.,Weber,Republican
4814,2013,365022893.01366997,61267074.489,303755818.52467,61266039.369,0.0,0.0,0.0,0.0,1035.12,0.0,303704053.02467,0.0,0.0,0.0,51765.5,0.0,Randy K. Weber Sr.,Weber,Republican
4814,2014,405841848.9589758,63413624.105,342428224.8539758,63412588.985,0.0,0.0,0.0,0.0,1035.12,0.0,342374648.9539758,0.0,0.0,0.0,53575.9,0.0,Randy K. Weber Sr.,Weber,Republican
4814,2015,418338886.8403055,62380917.86502,355957968.9752855,62379882.74502,0.0,0.0,0.0,0.0,1035.12,0.0,355911506.1752855,0.0,0.0,0.0,46462.8,0.0,Randy K. Weber Sr.,Weber,Republican
4814,2016,409518036.42345005,62834215.266,346683821.15745,62834215.266,0.0,0.0,0.0,0.0,0.0,0.0,340371343.15745,0.0,0.0,0.0,6312478.0,0.0,Randy K. Weber Sr.,Weber,Republican
4814,2017,416720527.1843092,61148423.594,355572103.5903092,61146779.714,0.0,0.0,0.0,0.0,1643.88,0.0,348486498.4903092,0.0,0.0,0.0,7085605.1,0.0,Randy K. Weber Sr.,Weber,Republican
4814,2018,438498785.106326,62810722.464,375688062.642326,62810154.744,0.0,0.0,0.0,0.0,567.72,0.0,367123476.842326,0.0,0.0,0.0,8564585.8,0.0,Randy K. Weber Sr.,Weber,Republican
4814,2019,416656525.1061255,63133631.986,353522893.12012553,63133631.986,0.0,0.0,0.0,0.0,0.0,0.0,344486040.8201255,0.0,0.0,0.0,9036852.3,0.0,Randy K. Weber Sr.,Weber,Republican
4814,2020,383867530.8451103,62168928.504,321698602.3411103,62168898.864,0.0,0.0,0.0,0.0,29.64,0.0,309405134.8411103,0.0,0.0,0.0,12293467.5,0.0,Randy K. Weber Sr.,Weber,Republican
4814,2021,425886181.8798099,64895461.7608,360990720.1190099,64892802.232,0.0,0.0,0.0,0.0,2659.5288,0.0,330387499.1190099,0.0,0.0,0.0,30603221.0,0.0,Randy K. Weber Sr.,Weber,Republican
4814,2022,455734121.0545516,63760435.6246,391973685.4299516,63755660.575,0.0,0.0,0.0,0.0,4775.0496,0.0,374760331.2299516,0.0,0.0,0.0,17213354.2,0.0,Randy K. Weber Sr.,Weber,Republican
4814,2023,496301135.69347537,64662813.9896,431638321.7038754,64654890.032,0.0,0.0,0.0,0.0,7923.9576,0.0,382780630.1038754,0.0,0.0,0.0,48857691.6,0.0,Randy K. Weber Sr.,Weber,Republican
4815,2010,5447991.879,4969073.876,478918.003,4969073.876,0.0,0.0,0.0,0.0,0.0,0.0,0.0,0.0,0.0,0.0,478918.003,0.0,Monica De La Cruz,De La Cruz,Republican
4815,2011,6939617.031,6401579.07,538037.961,6180557.268,221021.802,0.0,0.0,0.0,0.0,0.0,0.0,0.0,0.0,0.0,538037.961,0.0,Monica De La Cruz,De La Cruz,Republican
4815,2012,19231347.006,7050463.853999999,12180883.152,6584337.4459999995,466126.408,0.0,0.0,0.0,0.0,0.0,11545620.0,0.0,0.0,0.0,635263.152,0.0,Monica De La Cruz,De La Cruz,Republican
4815,2013,18555739.1700724,6301674.1930724,12254064.977,5958022.1770724,343652.016,0.0,0.0,0.0,0.0,0.0,11722597.0,0.0,0.0,0.0,531467.977,0.0,Monica De La Cruz,De La Cruz,Republican
4815,2014,19263918.0545572,6274080.3885572,12989837.666,5895242.5565572,378837.832,0.0,0.0,0.0,0.0,0.0,12415283.0,0.0,0.0,0.0,574554.666,0.0,Monica De La Cruz,De La Cruz,Republican
4815,2015,18977456.2421084,6951061.4195131995,12026394.8225952,6681771.7215132,269289.698,0.0,0.0,0.0,0.0,0.0,11701825.5485952,0.0,0.0,0.0,324569.274,0.0,Monica De La Cruz,De La Cruz,Republican
4815,2016,18371253.5713109,6613740.594101599,11757512.977209302,6428942.3141016,184798.28,0.0,0.0,0.0,0.0,0.0,11628899.6772093,0.0,0.0,0.0,128613.3,0.0,Monica De La Cruz,De La Cruz,Republican
4815,2017,15908709.1457316,6843971.1459252,9064737.9998064,6535405.8459252,308565.3,0.0,0.0,0.0,0.0,0.0,9064737.9998064,0.0,0.0,0.0,0.0,0.0,Monica De La Cruz,De La Cruz,Republican
4815,2018,17209866.437962,7057194.437962,10152672.0,6676401.459962,380792.978,0.0,0.0,0.0,0.0,0.0,10152672.0,0.0,0.0,0.0,0.0,0.0,Monica De La Cruz,De La Cruz,Republican
4815,2019,20191118.5639868,7691971.563986801,12499147.0,7265508.5179868005,426463.04600000003,0.0,0.0,0.0,0.0,0.0,12499147.0,0.0,0.0,0.0,0.0,0.0,Monica De La Cruz,De La Cruz,Republican
4815,2020,17388951.652752,7261137.652752,10127814.0,6873217.7587520005,387919.89400000003,0.0,0.0,0.0,0.0,0.0,10127814.0,0.0,0.0,0.0,0.0,0.0,Monica De La Cruz,De La Cruz,Republican
4815,2021,17031959.966234602,6602811.8079532,10429148.1582814,6442044.0119532,160767.796,0.0,0.0,0.0,0.0,0.0,10429148.1582814,0.0,0.0,0.0,0.0,0.0,Monica De La Cruz,De La Cruz,Republican
4815,2022,18638397.008445702,6891494.6272591995,11746902.3811865,6767255.4712592,124239.15599999999,0.0,0.0,0.0,0.0,0.0,11746902.3811865,0.0,0.0,0.0,0.0,0.0,Monica De La Cruz,De La Cruz,Republican
4815,2023,17280998.740227003,6390925.2415132,10890073.4987138,6243359.4075132,104227.204,43338.63,0.0,0.0,0.0,0.0,10890073.4987138,0.0,0.0,0.0,0.0,0.0,Monica De La Cruz,De La Cruz,Republican
4816,2010,1211376.7519999999,1211376.7519999999,0.0,1211376.7519999999,0.0,0.0,0.0,0.0,0.0,0.0,0.0,0.0,0.0,0.0,0.0,0.0,Veronica Escobar,Escobar,Democrat
4816,2011,1397462.2920000001,1397462.2920000001,0.0,1386048.6120000002,0.0,0.0,0.0,0.0,11413.68,0.0,0.0,0.0,0.0,0.0,0.0,0.0,Veronica Escobar,Escobar,Democrat
4816,2012,16806680.74,1538002.74,15268678.0,1529616.9,0.0,0.0,0.0,0.0,8385.84,0.0,15268678.0,0.0,0.0,0.0,0.0,0.0,Veronica Escobar,Escobar,Democrat
4816,2013,16864324.598,1442447.298,15421877.3,1438144.938,0.0,0.0,0.0,0.0,4302.36,0.0,15421877.3,0.0,0.0,0.0,0.0,0.0,Veronica Escobar,Escobar,Democrat
4816,2014,17146365.66,1470794.46,15675571.2,1458300.06,0.0,0.0,0.0,0.0,12494.4,0.0,15675571.2,0.0,0.0,0.0,0.0,0.0,Veronica Escobar,Escobar,Democrat
4816,2015,18201710.758,1522522.858,16679187.9,1491097.6179999998,0.0,0.0,0.0,0.0,31425.24,0.0,16679187.9,0.0,0.0,0.0,0.0,0.0,Veronica Escobar,Escobar,Democrat
4816,2016,17465561.362,1527264.7619999999,15938296.6,1519006.602,0.0,0.0,0.0,0.0,8258.16,0.0,15938296.6,0.0,0.0,0.0,0.0,0.0,Veronica Escobar,Escobar,Democrat
4816,2017,15836080.882,1480456.7820000001,14355624.1,1476708.462,0.0,0.0,0.0,0.0,3748.32,0.0,14355624.1,0.0,0.0,0.0,0.0,0.0,Veronica Escobar,Escobar,Democrat
4816,2018,17972709.558000002,1554872.8579999998,16417836.7,1552877.8579999998,0.0,0.0,0.0,0.0,1995.0,0.0,16417836.7,0.0,0.0,0.0,0.0,0.0,Veronica Escobar,Escobar,Democrat
4816,2019,20474636.27,1530578.7699999998,18944057.5,1523861.89,0.0,0.0,0.0,0.0,6716.88,0.0,18944057.5,0.0,0.0,0.0,0.0,0.0,Veronica Escobar,Escobar,Democrat
4816,2020,17886443.53,1310231.73,16576211.8,1279102.89,0.0,0.0,0.0,0.0,31128.84,0.0,16576211.8,0.0,0.0,0.0,0.0,0.0,Veronica Escobar,Escobar,Democrat
4816,2021,19949979.5832,1338452.5832,18611527.0,1294606.04,0.0,0.0,0.0,0.0,43846.5432,0.0,18611527.0,0.0,0.0,0.0,0.0,0.0,Veronica Escobar,Escobar,Democrat
4816,2022,19578325.8132,1338855.4132,18239470.4,1292159.668,0.0,0.0,0.0,0.0,46695.7452,0.0,18239470.4,0.0,0.0,0.0,0.0,0.0,Veronica Escobar,Escobar,Democrat
4816,2023,16424906.046804901,1296166.872,15128739.1748049,1272270.876,0.0,0.0,0.0,0.0,23895.996,0.0,15128739.1748049,0.0,0.0,0.0,0.0,0.0,Veronica Escobar,Escobar,Democrat
4817,2010,31518950.997225,31518950.997225,0.0,31518950.997225,0.0,0.0,0.0,0.0,0.0,0.0,0.0,0.0,0.0,0.0,0.0,0.0,Pete Sessions,Sessions,Republican
4817,2011,38583364.26,38583364.26,0.0,38578560.300000004,0.0,0.0,0.0,0.0,4803.96,0.0,0.0,0.0,0.0,0.0,0.0,0.0,Pete Sessions,Sessions,Republican
4817,2012,35272930.16765,35272930.16765,0.0,35269542.08765,0.0,0.0,0.0,0.0,3388.08,0.0,0.0,0.0,0.0,0.0,0.0,0.0,Pete Sessions,Sessions,Republican
4817,2013,41569854.785,41569854.785,0.0,41565709.745,0.0,0.0,0.0,0.0,4145.04,0.0,0.0,0.0,0.0,0.0,0.0,0.0,Pete Sessions,Sessions,Republican
4817,2014,43973070.856,43973070.856,0.0,43969903.936,0.0,0.0,0.0,0.0,3166.92,0.0,0.0,0.0,0.0,0.0,0.0,0.0,Pete Sessions,Sessions,Republican
4817,2015,36987320.506,36987320.506,0.0,36853860.398,131859.548,0.0,0.0,0.0,1600.56,0.0,0.0,0.0,0.0,0.0,0.0,0.0,Pete Sessions,Sessions,Republican
4817,2016,37870672.21,37870672.21,0.0,37763476.83,107195.38,0.0,0.0,0.0,0.0,0.0,0.0,0.0,0.0,0.0,0.0,0.0,Pete Sessions,Sessions,Republican
4817,2017,42294411.164,42294411.164,0.0,42179343.758,115067.40599999999,0.0,0.0,0.0,0.0,0.0,0.0,0.0,0.0,0.0,0.0,0.0,Pete Sessions,Sessions,Republican
4817,2018,32648662.672,32648662.672,0.0,32537549.162,111113.51000000001,0.0,0.0,0.0,0.0,0.0,0.0,0.0,0.0,0.0,0.0,0.0,Pete Sessions,Sessions,Republican
4817,2019,30669533.264000002,30669533.264000002,0.0,30568017.340000004,101515.924,0.0,0.0,0.0,0.0,0.0,0.0,0.0,0.0,0.0,0.0,0.0,Pete Sessions,Sessions,Republican
4817,2020,28136190.772,28136190.772,0.0,28048153.621999998,88037.15,0.0,0.0,0.0,0.0,0.0,0.0,0.0,0.0,0.0,0.0,0.0,Pete Sessions,Sessions,Republican
4817,2021,28348006.798,28348006.798,0.0,28190496.552,104991.622,52518.624,0.0,0.0,0.0,0.0,0.0,0.0,0.0,0.0,0.0,0.0,Pete Sessions,Sessions,Republican
4817,2022,28986592.65,28986592.65,0.0,28958674.342,27918.308,0.0,0.0,0.0,0.0,0.0,0.0,0.0,0.0,0.0,0.0,0.0,Pete Sessions,Sessions,Republican
4817,2023,26580003.436,26580003.436,0.0,26580003.436,0.0,0.0,0.0,0.0,0.0,0.0,0.0,0.0,0.0,0.0,0.0,0.0,Pete Sessions,Sessions,Republican
4818,2010,15584990.493999999,848595.694,14736394.799999999,848595.694,0.0,0.0,0.0,0.0,0.0,0.0,0.0,0.0,0.0,14736394.799999999,0.0,0.0,Sylvester Turner,Turner,Democrat
4818,2011,28038491.554,13870665.754,14167825.8,1037574.672,12463443.582,0.0,0.0,369647.5,0.0,0.0,0.0,0.0,0.0,14167825.8,0.0,0.0,Sylvester Turner,Turner,Democrat
4818,2012,109166186.8095949,14624268.218,94541918.5915949,654145.938,13582382.43,0.0,0.0,387739.85,0.0,0.0,0.0,0.0,82207072.2915949,12334846.3,0.0,0.0,Sylvester Turner,Turner,Democrat
4818,2013,142776902.2177018,16101349.75,126675552.4677018,448806.436,15280096.913999999,0.0,0.0,372446.39999999997,0.0,0.0,0.0,0.0,112062631.4677018,14612921.0,0.0,0.0,Sylvester Turner,Turner,Democrat
4818,2014,206460715.8484716,19264010.716000002,187196705.1324716,413913.98199999996,18481931.084,0.0,0.0,368165.65,0.0,0.0,0.0,0.0,171809421.9324716,15387283.2,0.0,0.0,Sylvester Turner,Turner,Democrat
4818,2015,180216355.8732617,21410571.602,158805784.2712617,733190.064,20318169.788,0.0,0.0,359211.75,0.0,0.0,0.0,0.0,144473586.9712617,14332197.3,0.0,0.0,Sylvester Turner,Turner,Democrat
4818,2016,236595781.55662078,30777314.48743,205818467.0691908,560948.6680000001,15389180.984,13186500.401999999,1290953.48343,349730.94999999995,0.0,0.0,0.0,0.0,193012673.6691908,12805793.399999999,0.0,0.0,Sylvester Turner,Turner,Democrat
4818,2017,260133454.1538245,30934635.6548525,229198818.498972,613511.324,16488941.948,12652795.852,836261.5308525,343125.0,0.0,0.0,0.0,0.0,216795391.098972,12403427.4,0.0,0.0,Sylvester Turner,Turner,Democrat
4818,2018,229167541.0719272,33088902.2066693,196078638.86525792,664622.622,17361301.14291619,13981836.950427407,740727.0913256999,340414.4,0.0,0.0,0.0,0.0,180736871.6652579,15341767.2,0.0,0.0,Sylvester Turner,Turner,Democrat
4818,2019,267722091.18171537,34723027.27657716,232999063.9051382,1005068.7799999999,17209994.525698494,14946268.460736163,1240181.2601425,321514.25,0.0,0.0,0.0,0.0,217939462.7051382,15059601.2,0.0,0.0,Sylvester Turner,Turner,Democrat
4818,2020,249280441.58045337,30793975.493776165,218486466.0866772,905878.246,12992528.702874575,14660229.73999959,1913650.1049020002,321688.7,0.0,0.0,0.0,0.0,204940810.5866772,13545655.5,0.0,0.0,Sylvester Turner,Turner,Democrat
4818,2021,207805572.33722255,28262354.669591453,179543217.6676311,1422059.582,10534843.64639562,14594400.718352932,1419077.2228429,291973.5,0.0,0.0,0.0,0.0,164426500.9676311,15116716.7,0.0,0.0,Sylvester Turner,Turner,Democrat
4818,2022,236744806.7232935,27131085.6513158,209613721.0719777,1570209.902,9338451.480256287,15214800.69453801,711163.8245215,296459.75,0.0,0.0,0.0,0.0,194973346.2719777,14640374.8,0.0,0.0,Sylvester Turner,Turner,Democrat
4818,2023,243480310.33441374,26286494.45164903,217193815.8827647,1259471.03,8613226.706998264,15329248.450021164,802179.7646296,282368.5,0.0,0.0,0.0,0.0,203223389.58276471,13970426.299999999,0.0,0.0,Sylvester Turner,Turner,Democrat
4819,2010,26935542.969,13895395.069,13040147.899999999,13895395.069,0.0,0.0,0.0,0.0,0.0,0.0,0.0,0.0,0.0,44486.1,12995661.8,0.0,Jodey C. Arrington,Arrington,Republican
4819,2011,29079247.673,15678386.373,13400861.3,15677345.973,1040.4,0.0,0.0,0.0,0.0,0.0,0.0,0.0,0.0,502.4,13400358.899999999,0.0,Jodey C. Arrington,Arrington,Republican
4819,2012,43623827.1384,16253884.137,27369943.0014,16252841.237,1042.9,0.0,0.0,0.0,0.0,0.0,13825849.7014,0.0,0.0,10938.5,13533154.8,0.0,Jodey C. Arrington,Arrington,Republican
4819,2013,37465534.811000004,15990413.55,21475121.261,15989434.15,979.4,0.0,0.0,0.0,0.0,0.0,10237583.561,0.0,0.0,52618.2,11184919.5,0.0,Jodey C. Arrington,Arrington,Republican
4819,2014,33823664.413167,13880764.674167,19942899.739,13880764.674167,0.0,0.0,0.0,0.0,0.0,0.0,9429378.139,0.0,0.0,0.0,10513521.6,0.0,Jodey C. Arrington,Arrington,Republican
4819,2015,38525271.781252,13292771.703276,25232500.077976,13292771.703276,0.0,0.0,0.0,0.0,0.0,0.0,15691536.077976,0.0,0.0,0.0,9540964.0,0.0,Jodey C. Arrington,Arrington,Republican
4819,2016,34199628.715167,12347036.325167,21852592.39,12347036.325167,0.0,0.0,0.0,0.0,0.0,0.0,13484087.89,0.0,0.0,0.0,8368504.5,0.0,Jodey C. Arrington,Arrington,Republican
4819,2017,35213640.710758,11418048.810758,23795591.9,11387020.510758,31028.3,0.0,0.0,0.0,0.0,0.0,14708316.5,0.0,0.0,0.0,9087275.4,0.0,Jodey C. Arrington,Arrington,Republican
4819,2018,39276149.08176404,12701812.341764044,26574336.74,12642022.813764045,59789.528000000006,0.0,0.0,0.0,0.0,0.0,16191228.84,0.0,0.0,0.0,10383107.9,0.0,Jodey C. Arrington,Arrington,Republican
4819,2019,42353943.55036067,15082049.542345269,27271894.0080154,15058542.46834527,23507.074,0.0,0.0,0.0,0.0,0.0,17963834.5080154,0.0,0.0,0.0,9308059.5,0.0,Jodey C. Arrington,Arrington,Republican
4819,2020,50073770.23754167,12096453.361410968,37977316.8761307,12080396.329410968,16057.032,0.0,0.0,0.0,0.0,0.0,28470580.3761307,0.0,0.0,0.0,9506736.5,0.0,Jodey C. Arrington,Arrington,Republican
4819,2021,50472487.80545611,10391832.135456111,40080655.67,10370610.667456111,21221.468,0.0,0.0,0.0,0.0,0.0,30721638.27,0.0,0.0,0.0,9359017.4,0.0,Jodey C. Arrington,Arrington,Republican
4819,2022,59490935.77850572,11921130.928205717,47569804.85030001,11742225.424205719,16627.136,162278.368,0.0,0.0,0.0,0.0,38573491.0503,0.0,0.0,0.0,8996313.8,0.0,Jodey C. Arrington,Arrington,Republican
4819,2023,71108384.85912995,12413133.361632546,58695251.4974974,12224008.001632547,14483.478,174641.88199999998,0.0,0.0,0.0,0.0,49227139.6974974,0.0,0.0,0.0,9468111.8,0.0,Jodey C. Arrington,Arrington,Republican
4820,2010,410112.753975,410112.753975,0.0,410112.753975,0.0,0.0,0.0,0.0,0.0,0.0,0.0,0.0,0.0,0.0,0.0,0.0,Joaquin Castro,Castro,Democrat
4820,2011,850799.0705,850799.0705,0.0,507067.33849999995,343731.732,0.0,0.0,0.0,0.0,0.0,0.0,0.0,0.0,0.0,0.0,0.0,Joaquin Castro,Castro,Democrat
4820,2012,40935404.0047561,1033633.93735,39901770.0674061,399712.88735,633921.05,0.0,0.0,0.0,0.0,0.0,0.0,0.0,39901770.0674061,0.0,0.0,0.0,Joaquin Castro,Castro,Democrat
4820,2013,62432225.600346796,1115019.8003468,61317205.8,392840.8683468,722178.932,0.0,0.0,0.0,0.0,0.0,0.0,0.0,61317205.8,0.0,0.0,0.0,Joaquin Castro,Castro,Democrat
4820,2014,87107816.7551392,1237693.7551392,85870123.0,247567.6351392,990126.12,0.0,0.0,0.0,0.0,0.0,0.0,0.0,85870123.0,0.0,0.0,0.0,Joaquin Castro,Castro,Democrat
4820,2015,90706310.91932,1288297.4687236,89418013.4505964,236628.9987236,1051668.47,0.0,0.0,0.0,0.0,0.0,0.0,0.0,89418013.4505964,0.0,0.0,0.0,Joaquin Castro,Castro,Democrat
4820,2016,69912931.6297744,1124721.03924,68788210.5905344,270671.65724000003,854049.3820000001,0.0,0.0,0.0,0.0,0.0,0.0,0.0,68788210.5905344,0.0,0.0,0.0,Joaquin Castro,Castro,Democrat
4820,2017,60300868.6078624,1204983.6078624,59095885.0,272213.4518624,932770.156,0.0,0.0,0.0,0.0,0.0,0.0,0.0,59095885.0,0.0,0.0,0.0,Joaquin Castro,Castro,Democrat
4820,2018,84641927.18427129,1313427.1745558,83328500.0097155,348982.1725558,964445.002,0.0,0.0,0.0,0.0,0.0,0.0,0.0,83328500.0097155,0.0,0.0,0.0,Joaquin Castro,Castro,Democrat
4820,2019,73222162.92019612,1145665.6644176,72076497.2557785,381190.7024176,764474.962,0.0,0.0,0.0,0.0,0.0,0.0,0.0,72076497.2557785,0.0,0.0,0.0,Joaquin Castro,Castro,Democrat
4820,2020,62102718.5879421,887940.0402480001,61214778.5476941,408440.508248,479499.532,0.0,0.0,0.0,0.0,0.0,0.0,0.0,61214778.5476941,0.0,0.0,0.0,Joaquin Castro,Castro,Democrat
4820,2021,97000243.778988,981939.1421648,96018304.6368232,400343.8821648,581595.26,0.0,0.0,0.0,0.0,0.0,0.0,0.0,96018304.6368232,0.0,0.0,0.0,Joaquin Castro,Castro,Democrat
4820,2022,170517565.52653593,1081537.5464567998,169436027.9800791,300902.4144568,780635.132,0.0,0.0,0.0,0.0,0.0,0.0,0.0,169436027.9800791,0.0,0.0,0.0,Joaquin Castro,Castro,Democrat
4820,2023,239325793.0275057,945439.0615248,238380353.9659809,331314.9175248,614124.1440000001,0.0,0.0,0.0,0.0,0.0,0.0,0.0,238380353.9659809,0.0,0.0,0.0,Joaquin Castro,Castro,Democrat
4821,2010,4334640.056,4334640.056,0.0,4334640.056,0.0,0.0,0.0,0.0,0.0,0.0,0.0,0.0,0.0,0.0,0.0,0.0,Chip Roy,Roy,Republican
4821,2011,5018397.0540000005,5018397.0540000005,0.0,4752910.2,265486.854,0.0,0.0,0.0,0.0,0.0,0.0,0.0,0.0,0.0,0.0,0.0,Chip Roy,Roy,Republican
4821,2012,5885315.4952,5885315.4952,0.0,5227126.0172,658189.478,0.0,0.0,0.0,0.0,0.0,0.0,0.0,0.0,0.0,0.0,0.0,Chip Roy,Roy,Republican
4821,2013,6347126.9829,6347126.9829,0.0,5312441.9549,1034518.588,0.0,0.0,0.0,166.44,0.0,0.0,0.0,0.0,0.0,0.0,0.0,Chip Roy,Roy,Republican
4821,2014,7178176.1437,7178176.1437,0.0,5717871.8597,1460304.284,0.0,0.0,0.0,0.0,0.0,0.0,0.0,0.0,0.0,0.0,0.0,Chip Roy,Roy,Republican
4821,2015,6530310.07349,6530310.07349,0.0,5875994.37549,654315.698,0.0,0.0,0.0,0.0,0.0,0.0,0.0,0.0,0.0,0.0,0.0,Chip Roy,Roy,Republican
4821,2016,6170773.20552,6170773.20552,0.0,5491235.89352,425647.45200000005,253889.86000000002,0.0,0.0,0.0,0.0,0.0,0.0,0.0,0.0,0.0,0.0,Chip Roy,Roy,Republican
4821,2017,6222587.626974,6222587.626974,0.0,5511335.208974,493170.018,218082.4,0.0,0.0,0.0,0.0,0.0,0.0,0.0,0.0,0.0,0.0,Chip Roy,Roy,Republican
4821,2018,6526537.370655,6526537.370655,0.0,5577747.318655,657086.072,291703.98,0.0,0.0,0.0,0.0,0.0,0.0,0.0,0.0,0.0,0.0,Chip Roy,Roy,Republican
4821,2019,7095320.195036,7095320.195036,0.0,5886503.2850359995,925860.0260000001,282956.884,0.0,0.0,0.0,0.0,0.0,0.0,0.0,0.0,0.0,0.0,Chip Roy,Roy,Republican
4821,2020,6704234.113867,6704234.113867,0.0,5804979.109867,615193.756,284061.248,0.0,0.0,0.0,0.0,0.0,0.0,0.0,0.0,0.0,0.0,Chip Roy,Roy,Republican
4821,2021,6908626.026867,6908626.026867,0.0,5934879.368867,709423.4739999999,264323.184,0.0,0.0,0.0,0.0,0.0,0.0,0.0,0.0,0.0,0.0,Chip Roy,Roy,Republican
4821,2022,6637713.658932,6637713.658932,0.0,5395947.4889320005,833851.768,407914.402,0.0,0.0,0.0,0.0,0.0,0.0,0.0,0.0,0.0,0.0,Chip Roy,Roy,Republican
4821,2023,6439035.554969,6439035.554969,0.0,5424522.098968999,570114.428,444399.02800000005,0.0,0.0,0.0,0.0,0.0,0.0,0.0,0.0,0.0,0.0,Chip Roy,Roy,Republican
4822,2010,18725401.649,18725401.649,0.0,18725401.649,0.0,0.0,0.0,0.0,0.0,0.0,0.0,0.0,0.0,0.0,0.0,0.0,Troy Nehls,Nehls,Republican
4822,2011,20503677.386,20503677.386,0.0,20257225.166,246452.22,0.0,0.0,0.0,0.0,0.0,0.0,0.0,0.0,0.0,0.0,0.0,Troy Nehls,Nehls,Republican
4822,2012,17462706.63,17462706.63,0.0,17163982.282,298724.348,0.0,0.0,0.0,0.0,0.0,0.0,0.0,0.0,0.0,0.0,0.0,Troy Nehls,Nehls,Republican
4822,2013,18685695.156999998,18685695.156999998,0.0,18381987.493,303707.664,0.0,0.0,0.0,0.0,0.0,0.0,0.0,0.0,0.0,0.0,0.0,Troy Nehls,Nehls,Republican
4822,2014,18831555.498,18831555.498,0.0,18567962.906,263592.592,0.0,0.0,0.0,0.0,0.0,0.0,0.0,0.0,0.0,0.0,0.0,Troy Nehls,Nehls,Republican
4822,2015,19105905.573999997,19105905.573999997,0.0,18253271.104,852634.47,0.0,0.0,0.0,0.0,0.0,0.0,0.0,0.0,0.0,0.0,0.0,Troy Nehls,Nehls,Republican
4822,2016,17065096.821999997,17065096.821999997,0.0,16385322.775999999,679774.046,0.0,0.0,0.0,0.0,0.0,0.0,0.0,0.0,0.0,0.0,0.0,Troy Nehls,Nehls,Republican
4822,2017,19093193.748,19093193.748,0.0,19093193.748,0.0,0.0,0.0,0.0,0.0,0.0,0.0,0.0,0.0,0.0,0.0,0.0,Troy Nehls,Nehls,Republican
4822,2018,19198175.514,19198175.514,0.0,19198175.514,0.0,0.0,0.0,0.0,0.0,0.0,0.0,0.0,0.0,0.0,0.0,0.0,Troy Nehls,Nehls,Republican
4822,2019,17987131.014000002,17987131.014000002,0.0,17903046.864,84084.15,0.0,0.0,0.0,0.0,0.0,0.0,0.0,0.0,0.0,0.0,0.0,Troy Nehls,Nehls,Republican
4822,2020,16029492.866,16029492.866,0.0,15942351.532,87141.334,0.0,0.0,0.0,0.0,0.0,0.0,0.0,0.0,0.0,0.0,0.0,Troy Nehls,Nehls,Republican
4822,2021,19552228.102,19552228.102,0.0,19448279.196,103948.906,0.0,0.0,0.0,0.0,0.0,0.0,0.0,0.0,0.0,0.0,0.0,Troy Nehls,Nehls,Republican
4822,2022,18453895.416,18453895.416,0.0,18329039.27,124856.146,0.0,0.0,0.0,0.0,0.0,0.0,0.0,0.0,0.0,0.0,0.0,Troy Nehls,Nehls,Republican
4822,2023,17122183.5592,17122183.5592,0.0,17011975.5592,110208.0,0.0,0.0,0.0,0.0,0.0,0.0,0.0,0.0,0.0,0.0,0.0,Troy Nehls,Nehls,Republican
4823,2010,5377370.556,5021060.88,356309.676,5021060.88,0.0,0.0,0.0,0.0,0.0,0.0,0.0,0.0,0.0,44062.7,312246.976,0.0,Tony Gonzales,Gonzales,Republican
4823,2011,5393114.84,5133018.725,260096.115,5117076.231,15942.494,0.0,0.0,0.0,0.0,0.0,0.0,0.0,0.0,51070.0,209026.115,0.0,Tony Gonzales,Gonzales,Republican
4823,2012,5831424.644,5622603.163,208821.481,5622603.163,0.0,0.0,0.0,0.0,0.0,0.0,0.0,0.0,0.0,46575.4,162246.081,0.0,Tony Gonzales,Gonzales,Republican
4823,2013,6469598.557,6259663.805,209934.752,6259663.805,0.0,0.0,0.0,0.0,0.0,0.0,0.0,0.0,0.0,58924.4,151010.352,0.0,Tony Gonzales,Gonzales,Republican
4823,2014,7639385.153,7009275.554,630109.5989999999,7009275.554,0.0,0.0,0.0,0.0,0.0,0.0,0.0,0.0,335503.6,67895.6,226710.399,0.0,Tony Gonzales,Gonzales,Republican
4823,2015,7538306.7875,7194296.1075,344010.68000000005,7194296.1075,0.0,0.0,0.0,0.0,0.0,0.0,0.0,0.0,274094.08,69916.6,0.0,0.0,Tony Gonzales,Gonzales,Republican
4823,2016,6081004.2,5933475.3,147528.90000000002,5692043.626,0.0,241431.674,0.0,0.0,0.0,0.0,0.0,0.0,86574.6,60954.3,0.0,0.0,Tony Gonzales,Gonzales,Republican
4823,2017,7151303.708,7094470.608,56833.1,6578320.114,0.0,516150.49399999995,0.0,0.0,0.0,0.0,0.0,0.0,0.0,56833.1,0.0,0.0,Tony Gonzales,Gonzales,Republican
4823,2018,10676114.575122206,10514576.175122205,161538.4,8630930.905122206,891016.536,992628.734,0.0,0.0,0.0,0.0,0.0,0.0,0.0,66052.4,95486.0,0.0,Tony Gonzales,Gonzales,Republican
4823,2019,13447984.389960378,13379517.08996038,68467.3,11091440.03196038,1091345.3760000002,1196731.682,0.0,0.0,0.0,0.0,0.0,0.0,0.0,68467.3,0.0,0.0,Tony Gonzales,Gonzales,Republican
4823,2020,12359495.581467701,12008296.281467702,351199.3,10386845.599467702,664973.752,956476.9299999999,0.0,0.0,0.0,0.0,0.0,0.0,0.0,63054.1,288145.2,0.0,Tony Gonzales,Gonzales,Republican
4823,2021,11978547.623885602,11915493.523885602,63054.1,10608690.835885601,451209.632,855593.056,0.0,0.0,0.0,0.0,0.0,0.0,0.0,63054.1,0.0,0.0,Tony Gonzales,Gonzales,Republican
4823,2022,13293338.721661342,13219785.121661343,73553.6,11778651.788431583,409184.938,1031948.39522976,0.0,0.0,0.0,0.0,0.0,0.0,0.0,73553.6,0.0,0.0,Tony Gonzales,Gonzales,Republican
4823,2023,14664450.40263662,14602210.002636619,62240.4,12945446.524636619,401008.838,1255754.64,0.0,0.0,0.0,0.0,0.0,0.0,0.0,62240.4,0.0,0.0,Tony Gonzales,Gonzales,Republican
4824,2010,25037627.332000002,271229.93200000003,24766397.400000002,271229.93200000003,0.0,0.0,0.0,0.0,0.0,0.0,0.0,0.0,0.0,24766397.400000002,0.0,0.0,Beth Van Duyne,Van Duyne,Republican
4824,2011,24710510.662,1148720.362,23561790.3,294361.098,21437.314,0.0,0.0,832921.95,0.0,0.0,0.0,0.0,0.0,23561790.3,0.0,0.0,Beth Van Duyne,Van Duyne,Republican
4824,2012,23085549.003999997,1366429.904,21719119.1,347562.746,149357.20799999998,0.0,0.0,869509.95,0.0,0.0,0.0,0.0,0.0,21719119.1,0.0,0.0,Beth Van Duyne,Van Duyne,Republican
4824,2013,26114239.636000004,1236710.936,24877528.7,349658.68,185367.606,0.0,0.0,701684.6499999999,0.0,0.0,0.0,0.0,0.0,24877528.7,0.0,0.0,Beth Van Duyne,Van Duyne,Republican
4824,2014,28302234.346,1251927.246,27050307.099999998,330081.078,247500.26799999998,0.0,0.0,674345.9,0.0,0.0,0.0,0.0,0.0,27050307.099999998,0.0,0.0,Beth Van Duyne,Van Duyne,Republican
4824,2015,26870109.654,1907841.054,24962268.6,335660.058,484125.14599999995,0.0,0.0,1088055.85,0.0,0.0,0.0,0.0,0.0,24962268.6,0.0,0.0,Beth Van Duyne,Van Duyne,Republican
4824,2016,29689040.5869488,6919527.7869488,22769512.8,140038.618,656740.46,4639139.374,435057.3349488,1048552.0,0.0,0.0,0.0,0.0,0.0,22769512.8,0.0,0.0,Beth Van Duyne,Van Duyne,Republican
4824,2017,30987830.4001339,7766667.0001339,23221163.4,115738.386,1580056.006,4860318.886,486060.02213389997,724493.7,0.0,0.0,0.0,0.0,0.0,23221163.4,0.0,0.0,Beth Van Duyne,Van Duyne,Republican
4824,2018,35321367.5834564,8273100.4834564,27048267.1,133204.574,1685918.362,4530787.074,1245178.9234564,678011.55,0.0,0.0,0.0,0.0,0.0,27048267.1,0.0,0.0,Beth Van Duyne,Van Duyne,Republican
4824,2019,34159749.335124105,7345101.7351241,26814647.6,277247.19,1325483.206,4610163.064,463376.2251241,668832.05,0.0,0.0,0.0,0.0,0.0,26814647.6,0.0,0.0,Beth Van Duyne,Van Duyne,Republican
4824,2020,32761280.5533357,7221348.253335699,25539932.3,216193.46,1267253.106,4415037.748,693367.7893357,629496.15,0.0,0.0,0.0,0.0,0.0,25539932.3,0.0,0.0,Beth Van Duyne,Van Duyne,Republican
4824,2021,32730043.3181637,6559302.6181637,26170740.7,223811.462,1072526.864,4129298.09,535948.3521637,597717.85,0.0,0.0,0.0,0.0,0.0,26170740.7,0.0,0.0,Beth Van Duyne,Van Duyne,Republican
4824,2022,36498465.6957322,8504051.2957322,27994414.4,218028.086,943025.886,6323025.712,420443.9617322,599527.65,0.0,0.0,0.0,0.0,0.0,27994414.4,0.0,0.0,Beth Van Duyne,Van Duyne,Republican
4824,2023,35033037.1841884,9643674.7841884,25389362.400000002,197680.892,960171.01,7487089.948,416427.78418839996,582305.15,0.0,0.0,0.0,0.0,0.0,25389362.400000002,0.0,0.0,Beth Van Duyne,Van Duyne,Republican
4825,2010,5346448.334925001,5346448.334925001,0.0,5346448.334925001,0.0,0.0,0.0,0.0,0.0,0.0,0.0,0.0,0.0,0.0,0.0,0.0,Roger Williams,Williams,Republican
4825,2011,5937579.711925,5937579.711925,0.0,5937579.711925,0.0,0.0,0.0,0.0,0.0,0.0,0.0,0.0,0.0,0.0,0.0,0.0,Roger Williams,Williams,Republican
4825,2012,5997258.60235,5997258.60235,0.0,5997258.60235,0.0,0.0,0.0,0.0,0.0,0.0,0.0,0.0,0.0,0.0,0.0,0.0,Roger Williams,Williams,Republican
4825,2013,5905436.58,5905436.58,0.0,5905436.58,0.0,0.0,0.0,0.0,0.0,0.0,0.0,0.0,0.0,0.0,0.0,0.0,Roger Williams,Williams,Republican
4825,2014,6504915.165,6504915.165,0.0,6504915.165,0.0,0.0,0.0,0.0,0.0,0.0,0.0,0.0,0.0,0.0,0.0,0.0,Roger Williams,Williams,Republican
4825,2015,5905830.34,5905830.34,0.0,5867577.478,38252.862,0.0,0.0,0.0,0.0,0.0,0.0,0.0,0.0,0.0,0.0,0.0,Roger Williams,Williams,Republican
4825,2016,4942127.178,4942127.178,0.0,4881196.056,60931.122,0.0,0.0,0.0,0.0,0.0,0.0,0.0,0.0,0.0,0.0,0.0,Roger Williams,Williams,Republican
4825,2017,5265032.17,5265032.17,0.0,5223191.1899999995,41840.98,0.0,0.0,0.0,0.0,0.0,0.0,0.0,0.0,0.0,0.0,0.0,Roger Williams,Williams,Republican
4825,2018,5799372.85,5799372.85,0.0,5766204.618,33168.232,0.0,0.0,0.0,0.0,0.0,0.0,0.0,0.0,0.0,0.0,0.0,Roger Williams,Williams,Republican
4825,2019,6932203.478,6932203.478,0.0,6901169.786,31033.692,0.0,0.0,0.0,0.0,0.0,0.0,0.0,0.0,0.0,0.0,0.0,Roger Williams,Williams,Republican
4825,2020,5978388.8440000005,5978388.8440000005,0.0,5900452.24,77936.60399999999,0.0,0.0,0.0,0.0,0.0,0.0,0.0,0.0,0.0,0.0,0.0,Roger Williams,Williams,Republican
4825,2021,7080501.752,7080501.752,0.0,6239730.56,738702.8859999999,102068.30600000001,0.0,0.0,0.0,0.0,0.0,0.0,0.0,0.0,0.0,0.0,Roger Williams,Williams,Republican
4825,2022,8892689.954,8892689.954,0.0,7541516.446,1133258.82,217914.688,0.0,0.0,0.0,0.0,0.0,0.0,0.0,0.0,0.0,0.0,Roger Williams,Williams,Republican
4825,2023,10091063.013,10091063.013,0.0,8922736.101,922340.8,245986.112,0.0,0.0,0.0,0.0,0.0,0.0,0.0,0.0,0.0,0.0,Roger Williams,Williams,Republican
4826,2010,3767099.525486,2524473.625486,1242625.9,2524473.625486,0.0,0.0,0.0,0.0,0.0,0.0,0.0,0.0,0.0,0.0,1242625.9,0.0,Brandon Gill,Gill,Republican
4826,2011,4225604.844188,2972005.444188,1253599.4,2691176.136188,277320.38800000004,0.0,0.0,0.0,3508.92,0.0,0.0,0.0,0.0,0.0,1253599.4,0.0,Brandon Gill,Gill,Republican
4826,2012,4185762.002209,3024894.402209,1160867.6,2766348.752209,256363.69,0.0,0.0,0.0,2181.96,0.0,0.0,0.0,0.0,0.0,1160867.6,0.0,Brandon Gill,Gill,Republican
4826,2013,4110263.15,3219439.4499999997,890823.7,2877024.356,337843.694,0.0,0.0,0.0,4571.4,0.0,0.0,0.0,0.0,0.0,890823.7,0.0,Brandon Gill,Gill,Republican
4826,2014,4044098.2679999997,3599496.068,444602.2,3000175.354,596219.914,0.0,0.0,0.0,3100.8,0.0,0.0,0.0,0.0,0.0,444602.2,0.0,Brandon Gill,Gill,Republican
4826,2015,3786301.628,3259999.628,526302.0,2908118.23,351507.478,0.0,0.0,0.0,373.92,0.0,0.0,0.0,0.0,0.0,526302.0,0.0,Brandon Gill,Gill,Republican
4826,2016,2913686.9560000002,2258041.256,655645.7,2054868.882,202055.174,0.0,0.0,0.0,1117.2,0.0,0.0,0.0,0.0,0.0,655645.7,0.0,Brandon Gill,Gill,Republican
4826,2017,2046047.324,1398780.824,647266.5,1194917.308,203514.676,0.0,0.0,0.0,348.84,0.0,0.0,0.0,0.0,0.0,647266.5,0.0,Brandon Gill,Gill,Republican
4826,2018,2055166.5080000001,1379294.608,675871.9,1191302.686,187711.48200000002,0.0,0.0,0.0,280.44,0.0,0.0,0.0,0.0,0.0,675871.9,0.0,Brandon Gill,Gill,Republican
4826,2019,3176011.288,2378464.488,797546.8,1832915.3,541618.468,0.0,0.0,0.0,3930.72,0.0,0.0,0.0,0.0,0.0,797546.8,0.0,Brandon Gill,Gill,Republican
4826,2020,3026001.496,2214015.8959999997,811985.6,1687124.162,522400.134,0.0,0.0,0.0,4491.6,0.0,0.0,0.0,0.0,0.0,811985.6,0.0,Brandon Gill,Gill,Republican
4826,2021,3202849.9776,2244529.3776,958320.6,1669171.296,559432.806,0.0,0.0,0.0,15925.2756,0.0,0.0,0.0,0.0,0.0,958320.6,0.0,Brandon Gill,Gill,Republican
4826,2022,3378731.4556,2501676.9556,877054.5,1922257.396,564755.466,0.0,0.0,0.0,14664.0936,0.0,0.0,0.0,0.0,0.0,877054.5,0.0,Brandon Gill,Gill,Republican
4826,2023,3627301.656,2730112.956,897188.7,2081304.5359999998,585655.6120000001,0.0,0.0,0.0,63152.808,0.0,0.0,0.0,0.0,0.0,897188.7,0.0,Brandon Gill,Gill,Republican
4827,2010,44286860.615,31140346.276,13146514.339,31140346.276,0.0,0.0,0.0,0.0,0.0,0.0,0.0,0.0,0.0,189384.7,12957129.639,0.0,Michael Cloud,Cloud,Republican
4827,2011,49213538.229825,33623596.740825,15589941.489,33150246.614825,473350.126,0.0,0.0,0.0,0.0,0.0,0.0,0.0,0.0,181169.8,15408771.689,0.0,Michael Cloud,Cloud,Republican
4827,2012,125243664.19767499,36098067.874675,89145596.323,35809208.044675,288859.83,0.0,0.0,0.0,0.0,0.0,70028302.7,0.0,0.0,159814.0,18957479.623,0.0,Michael Cloud,Cloud,Republican
4827,2013,126553591.0360941,35458028.836,91095562.2000941,35143128.796000004,314900.04,0.0,0.0,0.0,0.0,0.0,77321822.3530941,0.0,0.0,189109.9,13584629.947,0.0,Michael Cloud,Cloud,Republican
4827,2014,127062779.169266,35800309.365,91262469.804266,35562772.541,237536.824,0.0,0.0,0.0,0.0,0.0,76972629.39126599,0.0,0.0,207881.4,14081959.013,0.0,Michael Cloud,Cloud,Republican
4827,2015,134153447.7551951,34815072.31984,99338375.4353551,34608640.63184,206431.688,0.0,0.0,0.0,0.0,0.0,84353173.1493551,0.0,0.0,208268.2,14776934.086000001,0.0,Michael Cloud,Cloud,Republican
4827,2016,141798902.261735,31399250.0596,110399652.202135,31063079.3156,162850.858,173319.886,0.0,0.0,0.0,0.0,96953188.50213501,0.0,0.0,178702.4,13267761.3,0.0,Michael Cloud,Cloud,Republican
4827,2017,145350382.4990466,31547524.831,113802857.6680466,31173640.943,164901.31199999998,208982.576,0.0,0.0,0.0,0.0,101021334.9680466,0.0,0.0,173363.4,12608159.299999999,0.0,Michael Cloud,Cloud,Republican
4827,2018,162902976.48147735,33625788.87010856,129277187.6113688,33261908.94810856,144353.104,219526.818,0.0,0.0,0.0,0.0,113521196.0113688,0.0,0.0,199332.5,15556659.1,0.0,Michael Cloud,Cloud,Republican
4827,2019,160336161.39449865,34474591.42009774,125861569.9744009,34089319.14809774,122064.54800000001,263207.724,0.0,0.0,0.0,0.0,110783085.77440089,0.0,0.0,197112.2,14881372.0,0.0,Michael Cloud,Cloud,Republican
4827,2020,169901491.0516084,32738531.75887091,137162959.2927375,32356281.69487091,112523.436,269726.628,0.0,0.0,0.0,0.0,109013166.41033751,0.0,13351646.7824,173802.6,14624343.5,0.0,Michael Cloud,Cloud,Republican
4827,2021,178018655.7326041,36785540.41690429,141233115.31569982,36356284.48690429,117118.07,312137.86,0.0,0.0,0.0,0.0,109919039.4407998,0.0,17678233.7749,186759.6,13449082.5,0.0,Michael Cloud,Cloud,Republican
4827,2022,208128460.34149235,37409349.87280086,170719110.4686915,37169117.95880085,32904.142,207327.772,0.0,0.0,0.0,0.0,124325852.4400915,0.0,29014556.5286,201652.0,17177049.5,0.0,Michael Cloud,Cloud,Republican
4827,2023,180173872.5106273,37890077.586463496,142283794.9241638,37639661.7784635,37135.656,213280.152,0.0,0.0,0.0,0.0,121562504.42416379,0.0,0.0,173192.4,20548098.1,0.0,Michael Cloud,Cloud,Republican
4828,2010,19867075.114,19867075.114,0.0,19867075.114,0.0,0.0,0.0,0.0,0.0,0.0,0.0,0.0,0.0,0.0,0.0,0.0,Henry Cuellar,Cuellar,Democrat
4828,2011,22747046.48,22747046.48,0.0,22747046.48,0.0,0.0,0.0,0.0,0.0,0.0,0.0,0.0,0.0,0.0,0.0,0.0,Henry Cuellar,Cuellar,Democrat
4828,2012,21733450.919,20094147.919,1639303.0,20094147.919,0.0,0.0,0.0,0.0,0.0,0.0,1639303.0,0.0,0.0,0.0,0.0,0.0,Henry Cuellar,Cuellar,Democrat
4828,2013,20946145.47083034,19383790.18863034,1562355.2822,19383790.18863034,0.0,0.0,0.0,0.0,0.0,0.0,1562355.2822,0.0,0.0,0.0,0.0,0.0,Henry Cuellar,Cuellar,Democrat
4828,2014,24378494.28769949,22381575.517599493,1996918.7701,22381575.517599493,0.0,0.0,0.0,0.0,0.0,0.0,1996918.7701,0.0,0.0,0.0,0.0,0.0,Henry Cuellar,Cuellar,Democrat
4828,2015,19311545.9373991,17033179.7025991,2278366.2348,17033179.7025991,0.0,0.0,0.0,0.0,0.0,0.0,2278366.2348,0.0,0.0,0.0,0.0,0.0,Henry Cuellar,Cuellar,Democrat
4828,2016,19463386.63470351,16872596.53470351,2590790.1,16872596.53470351,0.0,0.0,0.0,0.0,0.0,0.0,2590790.1,0.0,0.0,0.0,0.0,0.0,Henry Cuellar,Cuellar,Democrat
4828,2017,21125433.12276752,18716571.454367522,2408861.6684,18716571.454367522,0.0,0.0,0.0,0.0,0.0,0.0,2408861.6684,0.0,0.0,0.0,0.0,0.0,Henry Cuellar,Cuellar,Democrat
4828,2018,24575920.460149035,22181798.260149036,2394122.2,22020578.420149032,161219.84,0.0,0.0,0.0,0.0,0.0,2394122.2,0.0,0.0,0.0,0.0,0.0,Henry Cuellar,Cuellar,Democrat
4828,2019,19073058.423150066,16256066.923150068,2816991.5,16040946.425150068,215120.498,0.0,0.0,0.0,0.0,0.0,2816991.5,0.0,0.0,0.0,0.0,0.0,Henry Cuellar,Cuellar,Democrat
4828,2020,18014405.619362578,15239037.619362578,2775368.0,14937169.235362578,301868.384,0.0,0.0,0.0,0.0,0.0,2775368.0,0.0,0.0,0.0,0.0,0.0,Henry Cuellar,Cuellar,Democrat
4828,2021,18456472.99630822,16270558.50730302,2185914.4890052,16035133.69330302,235424.81399999998,0.0,0.0,0.0,0.0,0.0,2185914.4890052,0.0,0.0,0.0,0.0,0.0,Henry Cuellar,Cuellar,Democrat
4828,2022,19248438.965896234,16420640.033396233,2827798.9325,16182431.611396233,140888.002,97320.42,0.0,0.0,0.0,0.0,2827798.9325,0.0,0.0,0.0,0.0,0.0,Henry Cuellar,Cuellar,Democrat
4828,2023,18011772.848968755,15123839.444668755,2887933.4043,14819984.526668753,197365.654,106489.264,0.0,0.0,0.0,0.0,2887933.4043,0.0,0.0,0.0,0.0,0.0,Henry Cuellar,Cuellar,Democrat
4829,2010,8816748.798749,8816748.798749,0.0,8816748.798749,0.0,0.0,0.0,0.0,0.0,0.0,0.0,0.0,0.0,0.0,0.0,0.0,Sylvia R. Garcia,Garcia,Democrat
4829,2011,10996977.947,10996977.947,0.0,9084561.317,1912416.63,0.0,0.0,0.0,0.0,0.0,0.0,0.0,0.0,0.0,0.0,0.0,Sylvia R. Garcia,Garcia,Democrat
4829,2012,80821989.0463,11291069.0463,69530920.0,9232702.6703,2058366.376,0.0,0.0,0.0,0.0,0.0,69530920.0,0.0,0.0,0.0,0.0,0.0,Sylvia R. Garcia,Garcia,Democrat
4829,2013,76341836.85789901,11003918.774,65337918.083899006,8949662.424,2054256.35,0.0,0.0,0.0,0.0,0.0,65337918.083899006,0.0,0.0,0.0,0.0,0.0,Sylvia R. Garcia,Garcia,Democrat
4829,2014,80013914.1314584,11452301.469,68561612.66245839,9256796.473000001,2195504.9960000003,0.0,0.0,0.0,0.0,0.0,68561612.66245839,0.0,0.0,0.0,0.0,0.0,Sylvia R. Garcia,Garcia,Democrat
4829,2015,85719316.7940413,12979917.526,72739399.2680413,10503864.212,2476053.314,0.0,0.0,0.0,0.0,0.0,72739399.2680413,0.0,0.0,0.0,0.0,0.0,Sylvia R. Garcia,Garcia,Democrat
4829,2016,89331166.6926174,12621097.78,76710068.9126174,10329280.898,2151347.6,140469.282,0.0,0.0,0.0,0.0,76710068.9126174,0.0,0.0,0.0,0.0,0.0,Sylvia R. Garcia,Garcia,Democrat
4829,2017,101139825.1862417,12386744.418,88753080.7682417,9878483.682,2351071.26,157189.476,0.0,0.0,0.0,0.0,88753080.7682417,0.0,0.0,0.0,0.0,0.0,Sylvia R. Garcia,Garcia,Democrat
4829,2018,127027467.0831424,13363744.996,113663722.08714241,10466470.452,2600894.81,296379.734,0.0,0.0,0.0,0.0,95008159.4601424,0.0,18655562.627,0.0,0.0,0.0,Sylvia R. Garcia,Garcia,Democrat
4829,2019,133563366.9848863,13733845.172,119829521.8128863,10578920.778,2548233.902,606690.492,0.0,0.0,0.0,0.0,97991823.8788863,0.0,21837697.934,0.0,0.0,0.0,Sylvia R. Garcia,Garcia,Democrat
4829,2020,124311648.1293374,12886372.284,111425275.8453374,9982138.914,1934689.74,969543.63,0.0,0.0,0.0,0.0,86805337.8453374,0.0,24619938.0,0.0,0.0,0.0,Sylvia R. Garcia,Garcia,Democrat
4829,2021,139751561.8532409,12887392.946,126864168.9072409,10061707.06,1944130.7240000002,881555.162,0.0,0.0,0.0,0.0,97523948.9072409,0.0,29340220.0,0.0,0.0,0.0,Sylvia R. Garcia,Garcia,Democrat
4829,2022,138379732.2135933,12182220.192,126197512.0215933,10255266.976,1870540.212,56413.004,0.0,0.0,0.0,0.0,97040152.0215933,0.0,29157360.0,0.0,0.0,0.0,Sylvia R. Garcia,Garcia,Democrat
4829,2023,142232172.93954068,12277223.09,129954949.8495407,10118556.202,2158666.8880000003,0.0,0.0,0.0,0.0,0.0,95905042.8495407,0.0,34049907.0,0.0,0.0,0.0,Sylvia R. Garcia,Garcia,Democrat
4830,2010,795271.836384,795271.836384,0.0,795271.836384,0.0,0.0,0.0,0.0,0.0,0.0,0.0,0.0,0.0,0.0,0.0,0.0,Jasmine Crockett,Crockett,Democrat
4830,2011,1169384.267472,1169384.267472,0.0,989911.8454720001,99205.022,0.0,0.0,0.0,80267.4,0.0,0.0,0.0,0.0,0.0,0.0,0.0,Jasmine Crockett,Crockett,Democrat
4830,2012,1187209.958504,1187209.958504,0.0,888758.770504,240504.98799999998,0.0,0.0,0.0,57946.2,0.0,0.0,0.0,0.0,0.0,0.0,0.0,Jasmine Crockett,Crockett,Democrat
4830,2013,1881302.456,1081747.856,799554.6,793328.59,221569.666,0.0,0.0,0.0,66849.6,0.0,0.0,0.0,799554.6,0.0,0.0,0.0,Jasmine Crockett,Crockett,Democrat
4830,2014,1338120.732,1338120.732,0.0,810375.304,430004.108,0.0,0.0,0.0,97741.32,0.0,0.0,0.0,0.0,0.0,0.0,0.0,Jasmine Crockett,Crockett,Democrat
4830,2015,1679190.356,1200637.556,478552.8,887716.548,274338.848,0.0,0.0,0.0,38582.16,0.0,0.0,0.0,478552.8,0.0,0.0,0.0,Jasmine Crockett,Crockett,Democrat
4830,2016,5814536.454,4620148.854,1194387.6,1121557.088,229295.77,3236935.9560000002,0.0,0.0,32360.04,0.0,0.0,0.0,1194387.6,0.0,0.0,0.0,Jasmine Crockett,Crockett,Democrat
4830,2017,5929958.5462504,4482946.336,1447012.2102504,837040.49,279572.498,3363918.828,0.0,0.0,2414.52,0.0,0.0,0.0,1447012.2102504,0.0,0.0,0.0,Jasmine Crockett,Crockett,Democrat
4830,2018,6103974.7709449995,4446374.368,1657600.402945,962024.024,532424.59,2932117.114,0.0,0.0,19808.64,0.0,0.0,0.0,1657600.402945,0.0,0.0,0.0,Jasmine Crockett,Crockett,Democrat
4830,2019,6373417.8424468,5045223.892,1328193.9504468,1043451.764,971531.752,3008306.776,0.0,0.0,21933.6,0.0,0.0,0.0,1328193.9504468,0.0,0.0,0.0,Jasmine Crockett,Crockett,Democrat
4830,2020,5283275.5025726,4772693.85,510581.6525726,841157.6039999999,695401.696,3209080.07,0.0,0.0,27054.48,0.0,0.0,0.0,510581.6525726,0.0,0.0,0.0,Jasmine Crockett,Crockett,Democrat
4830,2021,5638737.6890321,4893823.966,744913.7230321,765001.2679999999,545717.202,3558538.838,0.0,0.0,24566.658,0.0,0.0,0.0,744913.7230321,0.0,0.0,0.0,Jasmine Crockett,Crockett,Democrat
4830,2022,5045562.8035271,4356748.5664,688814.2371271,869726.856,716001.772,2744088.51,0.0,0.0,26931.4284,0.0,0.0,0.0,688814.2371271,0.0,0.0,0.0,Jasmine Crockett,Crockett,Democrat
4830,2023,5715047.9275596,4721967.996,993079.9315596,804125.868,755385.768,3097819.386,0.0,0.0,64636.974,0.0,0.0,0.0,993079.9315596,0.0,0.0,0.0,Jasmine Crockett,Crockett,Democrat
4831,2010,1130229.7983,1130229.7983,0.0,1130229.7983,0.0,0.0,0.0,0.0,0.0,0.0,0.0,0.0,0.0,0.0,0.0,0.0,John R. Carter,Carter,Republican
4831,2011,1472533.114,1472533.114,0.0,1472533.114,0.0,0.0,0.0,0.0,0.0,0.0,0.0,0.0,0.0,0.0,0.0,0.0,John R. Carter,Carter,Republican
4831,2012,1702481.9065999999,1702481.9065999999,0.0,1702481.9065999999,0.0,0.0,0.0,0.0,0.0,0.0,0.0,0.0,0.0,0.0,0.0,0.0,John R. Carter,Carter,Republican
4831,2013,2283591.468,2283591.468,0.0,2283591.468,0.0,0.0,0.0,0.0,0.0,0.0,0.0,0.0,0.0,0.0,0.0,0.0,John R. Carter,Carter,Republican
4831,2014,3109116.156,3109116.156,0.0,3109116.156,0.0,0.0,0.0,0.0,0.0,0.0,0.0,0.0,0.0,0.0,0.0,0.0,John R. Carter,Carter,Republican
4831,2015,5326839.874,5326839.874,0.0,5326839.874,0.0,0.0,0.0,0.0,0.0,0.0,0.0,0.0,0.0,0.0,0.0,0.0,John R. Carter,Carter,Republican
4831,2016,4440464.0,4440464.0,0.0,4440464.0,0.0,0.0,0.0,0.0,0.0,0.0,0.0,0.0,0.0,0.0,0.0,0.0,John R. Carter,Carter,Republican
4831,2017,4049930.126,4049930.126,0.0,4049930.126,0.0,0.0,0.0,0.0,0.0,0.0,0.0,0.0,0.0,0.0,0.0,0.0,John R. Carter,Carter,Republican
4831,2018,4884507.852,4884507.852,0.0,4884507.852,0.0,0.0,0.0,0.0,0.0,0.0,0.0,0.0,0.0,0.0,0.0,0.0,John R. Carter,Carter,Republican
4831,2019,4578393.956,4578393.956,0.0,4578393.956,0.0,0.0,0.0,0.0,0.0,0.0,0.0,0.0,0.0,0.0,0.0,0.0,John R. Carter,Carter,Republican
4831,2020,4981190.344,4981190.344,0.0,4981190.344,0.0,0.0,0.0,0.0,0.0,0.0,0.0,0.0,0.0,0.0,0.0,0.0,John R. Carter,Carter,Republican
4831,2021,5120862.396,5120862.396,0.0,5120862.396,0.0,0.0,0.0,0.0,0.0,0.0,0.0,0.0,0.0,0.0,0.0,0.0,John R. Carter,Carter,Republican
4831,2022,5918348.626,5918348.626,0.0,5918348.626,0.0,0.0,0.0,0.0,0.0,0.0,0.0,0.0,0.0,0.0,0.0,0.0,John R. Carter,Carter,Republican
4831,2023,6043879.48,6043879.48,0.0,6043879.48,0.0,0.0,0.0,0.0,0.0,0.0,0.0,0.0,0.0,0.0,0.0,0.0,John R. Carter,Carter,Republican
4832,2010,49318.562,49318.562,0.0,49318.562,0.0,0.0,0.0,0.0,0.0,0.0,0.0,0.0,0.0,0.0,0.0,0.0,Julie Johnson,Johnson,Democrat
4832,2011,2043462.836504,2043462.836504,0.0,750283.144504,1293179.692,0.0,0.0,0.0,0.0,0.0,0.0,0.0,0.0,0.0,0.0,0.0,Julie Johnson,Johnson,Democrat
4832,2012,1808570.080914,1808570.080914,0.0,639462.006914,1169108.074,0.0,0.0,0.0,0.0,0.0,0.0,0.0,0.0,0.0,0.0,0.0,Julie Johnson,Johnson,Democrat
4832,2013,1707560.2373,1707560.2373,0.0,672575.2113,1034985.026,0.0,0.0,0.0,0.0,0.0,0.0,0.0,0.0,0.0,0.0,0.0,Julie Johnson,Johnson,Democrat
4832,2014,1953890.1541607,1953890.1541607,0.0,819726.2341607,1134163.92,0.0,0.0,0.0,0.0,0.0,0.0,0.0,0.0,0.0,0.0,0.0,Julie Johnson,Johnson,Democrat
4832,2015,1825236.9758132,1825236.9758132,0.0,868841.5858132001,956395.39,0.0,0.0,0.0,0.0,0.0,0.0,0.0,0.0,0.0,0.0,0.0,Julie Johnson,Johnson,Democrat
4832,2016,2990528.754878,2990528.754878,0.0,860615.916878,1644407.632,485505.206,0.0,0.0,0.0,0.0,0.0,0.0,0.0,0.0,0.0,0.0,Julie Johnson,Johnson,Democrat
4832,2017,3685275.5428522,3685275.5428522,0.0,901230.2148522,1817186.304,966859.0240000001,0.0,0.0,0.0,0.0,0.0,0.0,0.0,0.0,0.0,0.0,Julie Johnson,Johnson,Democrat
4832,2018,4540113.2969771,4540113.2969771,0.0,957828.5029771001,2546071.232,1036213.562,0.0,0.0,0.0,0.0,0.0,0.0,0.0,0.0,0.0,0.0,Julie Johnson,Johnson,Democrat
4832,2019,5445132.0265871,5445132.0265871,0.0,844956.2465871,3087646.434,1512529.346,0.0,0.0,0.0,0.0,0.0,0.0,0.0,0.0,0.0,0.0,Julie Johnson,Johnson,Democrat
4832,2020,5064563.149702,5064563.149702,0.0,810607.599702,2337556.0100000002,1916399.54,0.0,0.0,0.0,0.0,0.0,0.0,0.0,0.0,0.0,0.0,Julie Johnson,Johnson,Democrat
4832,2021,4967873.6995104,4967873.6995104,0.0,876726.8515104,1924259.3499999999,2166887.498,0.0,0.0,0.0,0.0,0.0,0.0,0.0,0.0,0.0,0.0,Julie Johnson,Johnson,Democrat
4832,2022,4770770.131069,4770770.131069,0.0,863425.353069,1815584.03,2091760.7480000001,0.0,0.0,0.0,0.0,0.0,0.0,0.0,0.0,0.0,0.0,Julie Johnson,Johnson,Democrat
4832,2023,4355801.5568996,4355801.5568996,0.0,852537.8608996,1606261.814,1897001.882,0.0,0.0,0.0,0.0,0.0,0.0,0.0,0.0,0.0,0.0,Julie Johnson,Johnson,Democrat
4833,2010,1017892.4969,1017892.4969,0.0,1017892.4969,0.0,0.0,0.0,0.0,0.0,0.0,0.0,0.0,0.0,0.0,0.0,0.0,Marc A. Veasey,Veasey,Democrat
4833,2011,2002951.252,2002951.252,0.0,1065695.9239999999,937255.328,0.0,0.0,0.0,0.0,0.0,0.0,0.0,0.0,0.0,0.0,0.0,Marc A. Veasey,Veasey,Democrat
4833,2012,2345456.6054,2345456.6054,0.0,1320781.6874,1024674.9180000001,0.0,0.0,0.0,0.0,0.0,0.0,0.0,0.0,0.0,0.0,0.0,Marc A. Veasey,Veasey,Democrat
4833,2013,1500171.726,1500171.726,0.0,712872.566,787299.1599999999,0.0,0.0,0.0,0.0,0.0,0.0,0.0,0.0,0.0,0.0,0.0,Marc A. Veasey,Veasey,Democrat
4833,2014,1465503.662,1465503.662,0.0,687531.936,777971.726,0.0,0.0,0.0,0.0,0.0,0.0,0.0,0.0,0.0,0.0,0.0,Marc A. Veasey,Veasey,Democrat
4833,2015,1745667.614,1745667.614,0.0,994325.41,751342.204,0.0,0.0,0.0,0.0,0.0,0.0,0.0,0.0,0.0,0.0,0.0,Marc A. Veasey,Veasey,Democrat
4833,2016,2426754.9448,2426754.9448,0.0,1158479.844,466198.1548,802076.9459999999,0.0,0.0,0.0,0.0,0.0,0.0,0.0,0.0,0.0,0.0,Marc A. Veasey,Veasey,Democrat
4833,2017,1938119.2074,1938119.2074,0.0,678713.084,534346.4494,725059.674,0.0,0.0,0.0,0.0,0.0,0.0,0.0,0.0,0.0,0.0,Marc A. Veasey,Veasey,Democrat
4833,2018,2283199.5969000002,2283199.5969000002,0.0,1100612.256,734298.3369,448289.0040000001,0.0,0.0,0.0,0.0,0.0,0.0,0.0,0.0,0.0,0.0,Marc A. Veasey,Veasey,Democrat
4833,2019,2340598.6057,2340598.6057,0.0,1043141.576,708676.6077,588780.422,0.0,0.0,0.0,0.0,0.0,0.0,0.0,0.0,0.0,0.0,Marc A. Veasey,Veasey,Democrat
4833,2020,2181196.253,2181196.253,0.0,961040.704,683373.467,536782.0819999999,0.0,0.0,0.0,0.0,0.0,0.0,0.0,0.0,0.0,0.0,Marc A. Veasey,Veasey,Democrat
4833,2021,2625073.2484,2625073.2484,0.0,1371669.196,662678.6444,590725.408,0.0,0.0,0.0,0.0,0.0,0.0,0.0,0.0,0.0,0.0,Marc A. Veasey,Veasey,Democrat
4833,2022,1781773.324,1781773.324,0.0,1393768.976,137267.176,250737.172,0.0,0.0,0.0,0.0,0.0,0.0,0.0,0.0,0.0,0.0,Marc A. Veasey,Veasey,Democrat
4833,2023,2078893.994,2078893.994,0.0,1702480.8939999999,120835.332,255577.768,0.0,0.0,0.0,0.0,0.0,0.0,0.0,0.0,0.0,0.0,Marc A. Veasey,Veasey,Democrat
4834,2010,2275660.052,529444.8520000001,1746215.2,529444.8520000001,0.0,0.0,0.0,0.0,0.0,0.0,0.0,0.0,0.0,0.0,1746215.2,0.0,Vicente Gonzalez,Gonzalez,Democrat
4834,2011,2810064.1040000003,535293.104,2274771.0,535293.104,0.0,0.0,0.0,0.0,0.0,0.0,0.0,0.0,0.0,0.0,2274771.0,0.0,Vicente Gonzalez,Gonzalez,Democrat
4834,2012,3223060.794,562963.294,2660097.5,562963.294,0.0,0.0,0.0,0.0,0.0,0.0,0.0,0.0,0.0,0.0,2660097.5,0.0,Vicente Gonzalez,Gonzalez,Democrat
4834,2013,2587480.4220000003,483571.722,2103908.7,483571.722,0.0,0.0,0.0,0.0,0.0,0.0,0.0,0.0,0.0,0.0,2103908.7,0.0,Vicente Gonzalez,Gonzalez,Democrat
4834,2014,491800.82,273169.62,218631.2,273169.62,0.0,0.0,0.0,0.0,0.0,0.0,0.0,0.0,0.0,0.0,218631.2,0.0,Vicente Gonzalez,Gonzalez,Democrat
4834,2015,3195860.1920000003,429714.19200000004,2766146.0,429714.19200000004,0.0,0.0,0.0,0.0,0.0,0.0,0.0,0.0,0.0,0.0,2766146.0,0.0,Vicente Gonzalez,Gonzalez,Democrat
4834,2016,2062014.8699999999,433272.77,1628742.1,433272.77,0.0,0.0,0.0,0.0,0.0,0.0,0.0,0.0,0.0,0.0,1628742.1,0.0,Vicente Gonzalez,Gonzalez,Democrat
4834,2017,2292536.2860000003,474842.886,1817693.4,474842.886,0.0,0.0,0.0,0.0,0.0,0.0,0.0,0.0,0.0,0.0,1817693.4,0.0,Vicente Gonzalez,Gonzalez,Democrat
4834,2018,2167200.238,445827.338,1721372.9,445827.338,0.0,0.0,0.0,0.0,0.0,0.0,0.0,0.0,0.0,0.0,1721372.9,0.0,Vicente Gonzalez,Gonzalez,Democrat
4834,2019,2241093.0379999997,489578.038,1751515.0,489578.038,0.0,0.0,0.0,0.0,0.0,0.0,0.0,0.0,0.0,0.0,1751515.0,0.0,Vicente Gonzalez,Gonzalez,Democrat
4834,2020,2108741.306,517816.006,1590925.3,517816.006,0.0,0.0,0.0,0.0,0.0,0.0,0.0,0.0,0.0,0.0,1590925.3,0.0,Vicente Gonzalez,Gonzalez,Democrat
4834,2021,1795409.0358,520006.7358,1275402.3,520006.7358,0.0,0.0,0.0,0.0,0.0,0.0,0.0,0.0,0.0,0.0,1275402.3,0.0,Vicente Gonzalez,Gonzalez,Democrat
4834,2022,2211910.8831429,503921.447,1707989.4361429,503921.447,0.0,0.0,0.0,0.0,0.0,0.0,0.0,0.0,181025.7361429,0.0,1526963.7,0.0,Vicente Gonzalez,Gonzalez,Democrat
4834,2023,3778680.4138,578337.6938,3200342.7199999997,578337.6938,0.0,0.0,0.0,0.0,0.0,0.0,0.0,0.0,1673741.52,0.0,1526601.2,0.0,Vicente Gonzalez,Gonzalez,Democrat
4835,2010,5952794.169797,3322964.869797,2629829.3,3322964.869797,0.0,0.0,0.0,0.0,0.0,0.0,0.0,0.0,0.0,2629829.3,0.0,0.0,Greg Casar,Casar,Democrat
4835,2011,6874327.1252694,3957420.8252694,2916906.3,3941727.5852694,0.0,0.0,0.0,0.0,15693.24,0.0,0.0,0.0,0.0,2916906.3,0.0,0.0,Greg Casar,Casar,Democrat
4835,2012,5972912.7298246,3160329.6298246,2812583.1,3159246.6298246,0.0,0.0,0.0,0.0,1083.0,0.0,0.0,0.0,0.0,2812583.1,0.0,0.0,Greg Casar,Casar,Democrat
4835,2013,5732056.03113,2823186.8311300003,2908869.2,2786954.85113,0.0,0.0,0.0,27337.7,8894.28,0.0,0.0,0.0,0.0,2908869.2,0.0,0.0,Greg Casar,Casar,Democrat
4835,2014,5433073.181082,2595474.281082,2837598.9,2562365.161082,0.0,0.0,0.0,27958.6,5150.52,0.0,0.0,0.0,0.0,2837598.9,0.0,0.0,Greg Casar,Casar,Democrat
4835,2015,6926607.2227813,3855499.4227813003,3071107.8,3827849.4727813,0.0,0.0,0.0,27649.95,0.0,0.0,0.0,0.0,0.0,3071107.8,0.0,0.0,Greg Casar,Casar,Democrat
4835,2016,4995219.5536769,3699699.5536769,1295520.0,3671835.8036769,0.0,0.0,0.0,27863.75,0.0,0.0,0.0,0.0,0.0,1295520.0,0.0,0.0,Greg Casar,Casar,Democrat
4835,2017,4406288.604863,3105201.704863,1301086.9,3077120.404863,0.0,0.0,0.0,28081.3,0.0,0.0,0.0,0.0,0.0,1301086.9,0.0,0.0,Greg Casar,Casar,Democrat
4835,2018,5319021.0905821,3777785.7905821,1541235.3,3749106.7905821,0.0,0.0,0.0,28679.0,0.0,0.0,0.0,0.0,0.0,1541235.3,0.0,0.0,Greg Casar,Casar,Democrat
4835,2019,5240202.8284908,3653849.1284908,1586353.7,3624765.1284908,0.0,0.0,0.0,29084.0,0.0,0.0,0.0,0.0,0.0,1586353.7,0.0,0.0,Greg Casar,Casar,Democrat
4835,2020,4797287.8384335,3347746.3384335,1449541.5,3318566.9884335,0.0,0.0,0.0,29179.35,0.0,0.0,0.0,0.0,0.0,1449541.5,0.0,0.0,Greg Casar,Casar,Democrat
4835,2021,4869432.645594601,3419375.6455946,1450057.0,3390209.7955946,0.0,0.0,0.0,29165.85,0.0,0.0,0.0,0.0,0.0,1450057.0,0.0,0.0,Greg Casar,Casar,Democrat
4835,2022,5146316.6043085,3516210.0043085,1630106.6,3486688.0043085,0.0,0.0,0.0,29522.0,0.0,0.0,0.0,0.0,0.0,1630106.6,0.0,0.0,Greg Casar,Casar,Democrat
4835,2023,5466751.589738,3965152.489738,1501599.1,3935272.989738,0.0,0.0,0.0,29879.5,0.0,0.0,0.0,0.0,0.0,1501599.1,0.0,0.0,Greg Casar,Casar,Democrat
4836,2010,99247038.13505,37380478.53505,61866559.6,37380478.53505,0.0,0.0,0.0,0.0,0.0,0.0,0.0,0.0,0.0,0.0,61866559.6,0.0,Brian Babin,Babin,Republican
4836,2011,109648246.12,37964287.02,71683959.1,37948835.46,0.0,0.0,0.0,0.0,15451.56,0.0,0.0,0.0,0.0,0.0,71683959.1,0.0,Brian Babin,Babin,Republican
4836,2012,238480100.774425,39593722.874425,198886377.9,39582653.474425,0.0,0.0,0.0,0.0,11069.4,0.0,113916596.2,0.0,0.0,0.0,84969781.7,0.0,Brian Babin,Babin,Republican
4836,2013,266800403.119698,38715346.658,228085056.461698,38705134.538,0.0,0.0,0.0,0.0,10212.12,0.0,134169477.561698,0.0,0.0,0.0,93915578.9,0.0,Brian Babin,Babin,Republican
4836,2014,288855741.2451554,38079434.894,250776306.3511554,38069920.454,0.0,0.0,0.0,0.0,9514.44,0.0,130106834.3511554,0.0,0.0,0.0,120669472.0,0.0,Brian Babin,Babin,Republican
4836,2015,288243434.2964339,41124166.238,247119268.05843392,41099870.558,0.0,0.0,0.0,0.0,24295.68,0.0,118744901.45843391,0.0,0.0,0.0,128374366.60000001,0.0,Brian Babin,Babin,Republican
4836,2016,305030614.7592534,41372499.398,263658115.3612534,41338390.598,0.0,0.0,0.0,0.0,34108.8,0.0,119874490.4612534,0.0,0.0,0.0,143783624.9,0.0,Brian Babin,Babin,Republican
4836,2017,301774802.9844272,40342993.856,261431809.1284272,40330604.336,0.0,0.0,0.0,0.0,12389.52,0.0,111566600.7284272,0.0,0.0,0.0,149865208.4,0.0,Brian Babin,Babin,Republican
4836,2018,339304086.788181,45576530.82880701,293727555.959374,45575477.46880701,0.0,0.0,0.0,0.0,1053.36,0.0,119600229.647605,0.0,0.0,0.0,174127326.311769,0.0,Brian Babin,Babin,Republican
4836,2019,357821668.9436461,45951480.959809385,311870187.9838367,45947855.75980938,0.0,0.0,0.0,0.0,3625.2,0.0,109203117.0226091,0.0,0.0,0.0,202667070.9612276,0.0,Brian Babin,Babin,Republican
4836,2020,400746148.3531935,45972717.959291935,354773430.3939016,45948084.83929193,0.0,0.0,0.0,0.0,24633.12,0.0,117534619.56626679,0.0,0.0,0.0,237238810.82763478,0.0,Brian Babin,Babin,Republican
4836,2021,396057391.3168391,46254244.44888853,349803146.8679506,46152923.84808853,0.0,0.0,0.0,0.0,101320.6008,0.0,109057157.63232581,0.0,0.0,0.0,240745989.2356248,0.0,Brian Babin,Babin,Republican
4836,2022,430543850.5871828,47401734.90988462,383142115.6772982,47378664.524684615,0.0,0.0,0.0,0.0,23070.3852,0.0,122169724.18936521,0.0,0.0,0.0,260972391.487933,0.0,Brian Babin,Babin,Republican
4836,2023,463824699.074329,48188878.78321438,415635820.29111457,48157101.64801439,0.0,0.0,0.0,0.0,31777.1352,0.0,124771009.01370579,0.0,0.0,0.0,290864811.2774088,0.0,Brian Babin,Babin,Republican
4837,2010,3318600.944,597262.844,2721338.1,597262.844,0.0,0.0,0.0,0.0,0.0,0.0,0.0,0.0,0.0,2721338.1,0.0,0.0,Lloyd Doggett,Doggett,Democrat
4837,2011,3547975.522,631531.522,2916444.0,484700.364,46729.128,0.0,0.0,89782.75,10319.28,0.0,0.0,0.0,0.0,2916444.0,0.0,0.0,Lloyd Doggett,Doggett,Democrat
4837,2012,3382967.8780000005,720716.7779999999,2662251.1,498779.556,112798.50200000001,0.0,0.0,95723.2,13415.52,0.0,0.0,0.0,0.0,2662251.1,0.0,0.0,Lloyd Doggett,Doggett,Democrat
4837,2013,3557416.7856,669440.012,2887976.7736,487334.64400000003,74596.678,0.0,0.0,92681.85,14826.84,0.0,0.0,0.0,0.0,2887976.7736,0.0,0.0,Lloyd Doggett,Doggett,Democrat
4837,2014,3883844.9496,989837.636,2894007.3136,561659.3559999999,309981.41000000003,0.0,0.0,88593.35,29603.52,0.0,0.0,0.0,0.0,2894007.3136,0.0,0.0,Lloyd Doggett,Doggett,Democrat
4837,2015,3689076.148,834428.548,2854647.6,430861.76599999995,280153.612,0.0,0.0,86958.25,36454.92,0.0,0.0,0.0,0.0,2854647.6,0.0,0.0,Lloyd Doggett,Doggett,Democrat
4837,2016,3236852.49,609459.49,2627393.0,213099.458,267331.862,0.0,0.0,83601.45,45426.72,0.0,0.0,0.0,0.0,2627393.0,0.0,0.0,Lloyd Doggett,Doggett,Democrat
4837,2017,3406871.59,900004.6900000001,2506866.9,405081.672,328556.108,0.0,0.0,121184.15,45182.76,0.0,0.0,0.0,0.0,2506866.9,0.0,0.0,Lloyd Doggett,Doggett,Democrat
4837,2018,3787689.5380000006,887951.338,2899738.2,424472.03,317667.71800000005,0.0,0.0,125045.35,20766.24,0.0,0.0,0.0,0.0,2899738.2,0.0,0.0,Lloyd Doggett,Doggett,Democrat
4837,2019,3972156.56,1002113.96,2970042.6,468540.37600000005,360745.234,0.0,0.0,122463.15,50365.2,0.0,0.0,0.0,0.0,2970042.6,0.0,0.0,Lloyd Doggett,Doggett,Democrat
4837,2020,3875089.282,1069227.482,2805861.8,424536.02,500828.88200000004,0.0,0.0,120718.3,23144.28,0.0,0.0,0.0,0.0,2805861.8,0.0,0.0,Lloyd Doggett,Doggett,Democrat
4837,2021,4010212.9896,1228671.8895999999,2781541.1,430318.418,525860.28,95916.916,0.0,119995.75,56580.5256,0.0,0.0,0.0,0.0,2781541.1,0.0,0.0,Lloyd Doggett,Doggett,Democrat
4837,2022,5010625.5880217,1938888.9880217002,3071736.6,436700.49199999997,823224.2779999999,107054.674,410903.4248217,118138.95,42867.1692,0.0,0.0,0.0,0.0,3071736.6,0.0,0.0,Lloyd Doggett,Doggett,Democrat
4837,2023,4125327.4632,1236839.4631999999,2888488.0,470101.41599999997,535630.894,106266.174,1711.2,114235.75,8894.0292,0.0,0.0,0.0,0.0,2888488.0,0.0,0.0,Lloyd Doggett,Doggett,Democrat
4838,2010,58664.06,58664.06,0.0,58664.06,0.0,0.0,0.0,0.0,0.0,0.0,0.0,0.0,0.0,0.0,0.0,0.0,Wesley Hunt,Hunt,Republican
4838,2011,9070969.024,9070969.024,0.0,48080.33,9022888.694,0.0,0.0,0.0,0.0,0.0,0.0,0.0,0.0,0.0,0.0,0.0,Wesley Hunt,Hunt,Republican
4838,2012,17859794.21,7608584.71,10251209.5,131359.978,7477224.732,0.0,0.0,0.0,0.0,0.0,0.0,0.0,10251209.5,0.0,0.0,0.0,Wesley Hunt,Hunt,Republican
4838,2013,28532145.698,7424018.698,21108127.0,0.0,7424018.698,0.0,0.0,0.0,0.0,0.0,0.0,0.0,21108127.0,0.0,0.0,0.0,Wesley Hunt,Hunt,Republican
4838,2014,33049066.0145,7374415.464,25674650.5505,0.0,7374415.464,0.0,0.0,0.0,0.0,0.0,0.0,0.0,25674650.5505,0.0,0.0,0.0,Wesley Hunt,Hunt,Republican
4838,2015,33839175.626,7070490.325999999,26768685.3,40476.048,7030014.278,0.0,0.0,0.0,0.0,0.0,0.0,0.0,26768685.3,0.0,0.0,0.0,Wesley Hunt,Hunt,Republican
4838,2016,43420407.084927,9649750.338,33770656.746927,0.0,6755289.718,2894460.62,0.0,0.0,0.0,0.0,0.0,0.0,33770656.746927,0.0,0.0,0.0,Wesley Hunt,Hunt,Republican
4838,2017,61370856.272,9185467.722,52185388.55,0.0,6396616.064,2788851.6580000003,0.0,0.0,0.0,0.0,0.0,0.0,52185388.55,0.0,0.0,0.0,Wesley Hunt,Hunt,Republican
4838,2018,59154654.484,10068233.324000001,49086421.160000004,0.0,6963666.3780000005,3104566.946,0.0,0.0,0.0,0.0,0.0,0.0,49086421.160000004,0.0,0.0,0.0,Wesley Hunt,Hunt,Republican
4838,2019,64986666.75851501,10852805.418515012,54133861.34,0.0,6615868.686515012,4236936.732,0.0,0.0,0.0,0.0,0.0,0.0,54133861.34,0.0,0.0,0.0,Wesley Hunt,Hunt,Republican
4838,2020,65201586.514,9077957.384,56123629.129999995,0.0,5910021.0600000005,3167936.324,0.0,0.0,0.0,0.0,0.0,0.0,56123629.129999995,0.0,0.0,0.0,Wesley Hunt,Hunt,Republican
4838,2021,67123021.608,9078278.008,58044743.6,0.0,6211271.966,2867006.042,0.0,0.0,0.0,0.0,0.0,0.0,58044743.6,0.0,0.0,0.0,Wesley Hunt,Hunt,Republican
4838,2022,79359199.74074501,9519449.928,69839749.81274499,0.0,6365471.32,3153978.608,0.0,0.0,0.0,0.0,0.0,0.0,69839749.81274499,0.0,0.0,0.0,Wesley Hunt,Hunt,Republican
4838,2023,78485753.258,11334725.198,67151028.06,0.0,7636042.346,3698682.852,0.0,0.0,0.0,0.0,0.0,0.0,67151028.06,0.0,0.0,0.0,Wesley Hunt,Hunt,Republican
4901,2010,1171897.646,1171897.646,0.0,1171897.646,0.0,0.0,0.0,0.0,0.0,0.0,0.0,0.0,0.0,0.0,0.0,0.0,Blake Moore,Moore,Republican
4901,2011,1387501.568,1387501.568,0.0,1358803.23,28698.338,0.0,0.0,0.0,0.0,0.0,0.0,0.0,0.0,0.0,0.0,0.0,Blake Moore,Moore,Republican
4901,2012,1473961.838,1473961.838,0.0,1437643.6739999999,36318.164,0.0,0.0,0.0,0.0,0.0,0.0,0.0,0.0,0.0,0.0,0.0,Blake Moore,Moore,Republican
4901,2013,1367390.636,1367390.636,0.0,1344905.122,22485.514,0.0,0.0,0.0,0.0,0.0,0.0,0.0,0.0,0.0,0.0,0.0,Blake Moore,Moore,Republican
4901,2014,1523507.78,1523507.78,0.0,1482813.882,40693.898,0.0,0.0,0.0,0.0,0.0,0.0,0.0,0.0,0.0,0.0,0.0,Blake Moore,Moore,Republican
4901,2015,1543122.364,1543122.364,0.0,1498514.774,44607.59,0.0,0.0,0.0,0.0,0.0,0.0,0.0,0.0,0.0,0.0,0.0,Blake Moore,Moore,Republican
4901,2016,1447229.928,1447229.928,0.0,1421173.416,26056.512,0.0,0.0,0.0,0.0,0.0,0.0,0.0,0.0,0.0,0.0,0.0,Blake Moore,Moore,Republican
4901,2017,1616643.56,1616643.56,0.0,1528423.174,88220.386,0.0,0.0,0.0,0.0,0.0,0.0,0.0,0.0,0.0,0.0,0.0,Blake Moore,Moore,Republican
4901,2018,1713442.94,1713442.94,0.0,1657981.456,55461.484,0.0,0.0,0.0,0.0,0.0,0.0,0.0,0.0,0.0,0.0,0.0,Blake Moore,Moore,Republican
4901,2019,1759491.566,1759491.566,0.0,1651983.108,107508.458,0.0,0.0,0.0,0.0,0.0,0.0,0.0,0.0,0.0,0.0,0.0,Blake Moore,Moore,Republican
4901,2020,1679692.64,1679692.64,0.0,1602370.578,77322.062,0.0,0.0,0.0,0.0,0.0,0.0,0.0,0.0,0.0,0.0,0.0,Blake Moore,Moore,Republican
4901,2021,1765025.962,1765025.962,0.0,1635848.3760000002,129177.586,0.0,0.0,0.0,0.0,0.0,0.0,0.0,0.0,0.0,0.0,0.0,Blake Moore,Moore,Republican
4901,2022,1787607.826,1787607.826,0.0,1608236.036,179371.78999999998,0.0,0.0,0.0,0.0,0.0,0.0,0.0,0.0,0.0,0.0,0.0,Blake Moore,Moore,Republican
4901,2023,1704803.5119999999,1704803.5119999999,0.0,1515130.7719999999,189672.74,0.0,0.0,0.0,0.0,0.0,0.0,0.0,0.0,0.0,0.0,0.0,Blake Moore,Moore,Republican
4902,2010,25399555.805025,16306754.205025,9092801.6,16306754.205025,0.0,0.0,0.0,0.0,0.0,0.0,0.0,0.0,0.0,9092801.6,0.0,0.0,Celeste Maloy,Maloy,Republican
4902,2011,26530993.0869,17427620.1869,9103372.9,16706134.4309,467580.196,0.0,0.0,78899.6,175005.96,0.0,0.0,0.0,0.0,9103372.9,0.0,0.0,Celeste Maloy,Maloy,Republican
4902,2012,47025578.201221496,14677146.033563998,32348432.167657502,14034304.411563998,436852.042,0.0,0.0,80496.1,125493.48,0.0,23677192.867657498,0.0,0.0,8671239.3,0.0,0.0,Celeste Maloy,Maloy,Republican
4902,2013,50054511.9384878,17510876.202,32543635.736487802,16836649.612,431574.48199999996,0.0,0.0,81941.748,160710.36,0.0,22830036.8364878,0.0,0.0,9713598.9,0.0,0.0,Celeste Maloy,Maloy,Republican
4902,2014,51297000.301709905,16911155.868,34385844.4337099,16279131.464000002,394455.124,0.0,0.0,83245.2,154324.08000000002,0.0,24432370.3337099,0.0,0.0,9953474.1,0.0,0.0,Celeste Maloy,Maloy,Republican
4902,2015,48789280.483381696,16043398.134999998,32745882.3483817,15542588.397,342543.578,0.0,0.0,85404.2,72861.95999999999,0.0,23715071.9483817,0.0,0.0,9030810.4,0.0,0.0,Celeste Maloy,Maloy,Republican
4902,2016,48899941.5915434,13276032.616,35623908.9755434,12700139.214,338502.452,28853.922,0.0,87101.948,121435.08,0.0,25538521.1755434,0.0,0.0,10085387.8,0.0,0.0,Celeste Maloy,Maloy,Republican
4902,2017,49766232.665938996,13406482.423,36359750.242938995,12808719.307,393841.9,24363.136,0.0,90038.44,89519.64,0.0,26915606.142939,0.0,0.0,9444144.1,0.0,0.0,Celeste Maloy,Maloy,Republican
4902,2018,49321254.6236202,13407541.6824328,35913712.941187404,12801722.213000001,368900.30799999996,34730.142,41588.0934328,93356.886,67244.04,0.0,25688447.2411874,0.0,0.0,10225265.700000001,0.0,0.0,Celeste Maloy,Maloy,Republican
4902,2019,51339332.9816453,12399077.652,38940255.3296453,11871012.155,379369.41,28042.802,5071.743,96520.74200000001,19060.8,0.0,28148671.229645297,0.0,0.0,10791584.1,0.0,0.0,Celeste Maloy,Maloy,Republican
4902,2020,44403719.1766129,11386709.0905941,33017010.0860188,10791555.978,392873.668,75600.694,4307.4825941,97168.148,25203.12,0.0,22834662.6860188,0.0,0.0,10182347.4,0.0,0.0,Celeste Maloy,Maloy,Republican
4902,2021,54403413.6720205,12197771.680364,42205641.9916565,11532673.541,356317.118,72519.216,12697.814164,98985.498,124578.4932,0.0,30944207.1916565,0.0,0.0,11261434.799999999,0.0,0.0,Celeste Maloy,Maloy,Republican
4902,2022,54815050.618920006,10634495.0474,44180555.57152,10018033.731,363786.14,85198.852,0.0,98195.948,69280.3764,0.0,32313925.671520002,0.0,0.0,11866629.9,0.0,0.0,Celeste Maloy,Maloy,Republican
4902,2023,53309269.1663975,9524839.6992,43784429.4671975,9222887.352,74135.21800000001,50246.374,0.0,100105.498,77465.2572,0.0,31672561.6671975,0.0,0.0,12111867.8,0.0,0.0,Celeste Maloy,Maloy,Republican
4903,2010,23059982.265,21491054.765,1568927.5,21491054.765,0.0,0.0,0.0,0.0,0.0,0.0,0.0,0.0,0.0,0.0,1568927.5,0.0,Mike Kennedy,Kennedy,Republican
4903,2011,24453465.9981983,22742910.1981983,1710555.7999999998,22698286.0681983,44624.13,0.0,0.0,0.0,0.0,0.0,0.0,0.0,0.0,0.0,1710555.7999999998,0.0,Mike Kennedy,Kennedy,Republican
4903,2012,25636390.2932574,23695682.3932574,1940707.9000000001,23634592.9552574,61089.438,0.0,0.0,0.0,0.0,0.0,0.0,0.0,0.0,0.0,1940707.9000000001,0.0,Mike Kennedy,Kennedy,Republican
4903,2013,25878096.015722297,24015905.9157223,1862190.1,23976739.8197223,39166.096,0.0,0.0,0.0,0.0,0.0,0.0,0.0,0.0,0.0,1862190.1,0.0,Mike Kennedy,Kennedy,Republican
4903,2014,25736573.2712803,23588100.8712803,2148472.4,23522799.373280298,65301.498,0.0,0.0,0.0,0.0,0.0,0.0,0.0,0.0,0.0,2148472.4,0.0,Mike Kennedy,Kennedy,Republican
4903,2015,23534598.1592677,23057727.0592677,476871.1,23057727.0592677,0.0,0.0,0.0,0.0,0.0,0.0,0.0,0.0,0.0,0.0,476871.1,0.0,Mike Kennedy,Kennedy,Republican
4903,2016,21212180.8822896,20781989.782289598,430191.1,20088256.052289598,0.0,693733.73,0.0,0.0,0.0,0.0,0.0,0.0,0.0,0.0,430191.1,0.0,Mike Kennedy,Kennedy,Republican
4903,2017,20786819.8606545,20319291.9606545,467527.9,19959725.3626545,0.0,359566.598,0.0,0.0,0.0,0.0,0.0,0.0,0.0,0.0,467527.9,0.0,Mike Kennedy,Kennedy,Republican
4903,2018,21270434.3289373,20779631.4289373,490802.9,20188359.5269373,293625.02,297646.882,0.0,0.0,0.0,0.0,0.0,0.0,0.0,0.0,490802.9,0.0,Mike Kennedy,Kennedy,Republican
4903,2019,21636747.5927561,21152484.9927561,484262.60000000003,20781899.0707561,207469.5,163116.422,0.0,0.0,0.0,0.0,0.0,0.0,0.0,0.0,484262.60000000003,0.0,Mike Kennedy,Kennedy,Republican
4903,2020,20121064.609849002,19604424.009849,516640.60000000003,19130548.259849,196311.15399999998,277564.596,0.0,0.0,0.0,0.0,0.0,0.0,0.0,0.0,516640.60000000003,0.0,Mike Kennedy,Kennedy,Republican
4903,2021,23212326.7768085,22704110.4768085,508216.3,22184314.1828085,211529.064,308267.23,0.0,0.0,0.0,0.0,0.0,0.0,0.0,0.0,508216.3,0.0,Mike Kennedy,Kennedy,Republican
4903,2022,21963197.56343546,21341050.963435464,622146.6,20511488.2596023,471117.91983316344,358444.784,0.0,0.0,0.0,0.0,0.0,0.0,0.0,0.0,622146.6,0.0,Mike Kennedy,Kennedy,Republican
4903,2023,16905710.0566694,16138660.1566694,767049.9,15382987.8666694,511554.09,244118.19999999998,0.0,0.0,0.0,0.0,0.0,0.0,0.0,0.0,767049.9,0.0,Mike Kennedy,Kennedy,Republican
4904,2010,2570390.058,2570390.058,0.0,2570390.058,0.0,0.0,0.0,0.0,0.0,0.0,0.0,0.0,0.0,0.0,0.0,0.0,Burgess Owens,Owens,Republican
4904,2011,2041509.7,2041509.7,0.0,2041509.7,0.0,0.0,0.0,0.0,0.0,0.0,0.0,0.0,0.0,0.0,0.0,0.0,Burgess Owens,Owens,Republican
4904,2012,2086120.226,2086120.226,0.0,2086120.226,0.0,0.0,0.0,0.0,0.0,0.0,0.0,0.0,0.0,0.0,0.0,0.0,Burgess Owens,Owens,Republican
4904,2013,2256790.009,2256790.009,0.0,2256790.009,0.0,0.0,0.0,0.0,0.0,0.0,0.0,0.0,0.0,0.0,0.0,0.0,Burgess Owens,Owens,Republican
4904,2014,2258023.154122,2258023.154122,0.0,2258023.154122,0.0,0.0,0.0,0.0,0.0,0.0,0.0,0.0,0.0,0.0,0.0,0.0,Burgess Owens,Owens,Republican
4904,2015,2179792.176,2179792.176,0.0,2179792.176,0.0,0.0,0.0,0.0,0.0,0.0,0.0,0.0,0.0,0.0,0.0,0.0,Burgess Owens,Owens,Republican
4904,2016,1901023.294,1901023.294,0.0,1901023.294,0.0,0.0,0.0,0.0,0.0,0.0,0.0,0.0,0.0,0.0,0.0,0.0,Burgess Owens,Owens,Republican
4904,2017,1437850.47,1437850.47,0.0,1437850.47,0.0,0.0,0.0,0.0,0.0,0.0,0.0,0.0,0.0,0.0,0.0,0.0,Burgess Owens,Owens,Republican
4904,2018,1703172.2280000001,1703172.2280000001,0.0,1703172.2280000001,0.0,0.0,0.0,0.0,0.0,0.0,0.0,0.0,0.0,0.0,0.0,0.0,Burgess Owens,Owens,Republican
4904,2019,1928262.492,1928262.492,0.0,1928262.492,0.0,0.0,0.0,0.0,0.0,0.0,0.0,0.0,0.0,0.0,0.0,0.0,Burgess Owens,Owens,Republican
4904,2020,1695357.154,1695357.154,0.0,1695357.154,0.0,0.0,0.0,0.0,0.0,0.0,0.0,0.0,0.0,0.0,0.0,0.0,Burgess Owens,Owens,Republican
4904,2021,1952474.356,1952474.356,0.0,1952474.356,0.0,0.0,0.0,0.0,0.0,0.0,0.0,0.0,0.0,0.0,0.0,0.0,Burgess Owens,Owens,Republican
4904,2022,1980499.154,1980499.154,0.0,1980499.154,0.0,0.0,0.0,0.0,0.0,0.0,0.0,0.0,0.0,0.0,0.0,0.0,Burgess Owens,Owens,Republican
4904,2023,2155063.8219999997,2155063.8219999997,0.0,2155063.8219999997,0.0,0.0,0.0,0.0,0.0,0.0,0.0,0.0,0.0,0.0,0.0,0.0,Burgess Owens,Owens,Republican
5000,2010,753579.95,288909.25,464670.7,288909.25,0.0,0.0,0.0,0.0,0.0,0.0,0.0,0.0,0.0,464670.7,0.0,0.0,Becca Balint,Balint,Democrat
5000,2011,1134745.4096,663797.6096,470947.8,662926.6496,0.0,0.0,0.0,0.0,870.96,0.0,0.0,0.0,0.0,470947.8,0.0,0.0,Becca Balint,Balint,Democrat
5000,2012,1065902.9169,615030.3169,450872.6,611884.4669,0.0,0.0,0.0,2735.45,410.4,0.0,0.0,0.0,0.0,450872.6,0.0,0.0,Becca Balint,Balint,Democrat
5000,2013,1059281.1842,532414.8842,526866.3,531110.7241999999,0.0,0.0,0.0,0.0,1304.16,0.0,0.0,0.0,0.0,526866.3,0.0,0.0,Becca Balint,Balint,Democrat
5000,2014,1073229.4888799998,504407.08888,568822.4,500645.06888,0.0,0.0,0.0,2920.7,841.32,0.0,0.0,0.0,0.0,568822.4,0.0,0.0,Becca Balint,Balint,Democrat
5000,2015,1150400.709242,509491.20924199995,640909.5,503411.549242,0.0,0.0,0.0,3646.9,2432.76,0.0,0.0,0.0,0.0,640909.5,0.0,0.0,Becca Balint,Balint,Democrat
5000,2016,1119374.165228,458215.365228,661158.8,453655.005228,0.0,0.0,0.0,3792.0,768.36,0.0,0.0,0.0,0.0,661158.8,0.0,0.0,Becca Balint,Balint,Democrat
5000,2017,435206.6993,435206.6993,0.0,434819.0993,0.0,0.0,0.0,0.0,387.6,0.0,0.0,0.0,0.0,0.0,0.0,0.0,Becca Balint,Balint,Democrat
5000,2018,1185826.800627,440835.80062700005,744991.0,440286.320627,0.0,0.0,0.0,0.0,549.48,0.0,0.0,0.0,0.0,744991.0,0.0,0.0,Becca Balint,Balint,Democrat
5000,2019,1227597.0416559998,467825.341656,759771.7,462945.49165599997,0.0,0.0,0.0,4047.65,832.2,0.0,0.0,0.0,0.0,759771.7,0.0,0.0,Becca Balint,Balint,Democrat
5000,2020,1141010.629342,437124.92934200005,703885.7,432738.579342,0.0,0.0,0.0,4067.15,319.2,0.0,0.0,0.0,0.0,703885.7,0.0,0.0,Becca Balint,Balint,Democrat
5000,2021,1174867.265097,446168.465097,728698.8,441022.527097,0.0,0.0,0.0,4100.9,1045.038,0.0,0.0,0.0,0.0,728698.8,0.0,0.0,Becca Balint,Balint,Democrat
5000,2022,1166901.491299,422093.191299,744808.3,417155.462899,0.0,0.0,0.0,4100.9,836.8284,0.0,0.0,0.0,0.0,744808.3,0.0,0.0,Becca Balint,Balint,Democrat
5000,2023,991550.3027720001,293263.30277199997,698287.0,288825.145172,0.0,0.0,0.0,4100.9,337.2576,0.0,0.0,0.0,0.0,698287.0,0.0,0.0,Becca Balint,Balint,Democrat
5101,2010,4459857.2369,3178752.2369,1281105.0,3178752.2369,0.0,0.0,0.0,0.0,0.0,0.0,0.0,0.0,0.0,1281105.0,0.0,0.0,Robert J. Wittman,Wittman,Republican
5101,2011,3617104.184856,2515498.184856,1101606.0,2466427.434856,0.0,0.0,0.0,49070.75,0.0,0.0,0.0,0.0,0.0,1101606.0,0.0,0.0,Robert J. Wittman,Wittman,Republican
5101,2012,3332177.173512,1978124.173512,1354053.0,1936927.823512,0.0,0.0,0.0,41196.35,0.0,0.0,0.0,0.0,0.0,1354053.0,0.0,0.0,Robert J. Wittman,Wittman,Republican
5101,2013,2997554.748,1925139.148,1072415.6,1895020.448,0.0,0.0,0.0,30118.7,0.0,0.0,0.0,0.0,0.0,1072415.6,0.0,0.0,Robert J. Wittman,Wittman,Republican
5101,2014,3009145.904,1917262.004,1091883.9,1889341.504,0.0,0.0,0.0,27920.5,0.0,0.0,0.0,0.0,0.0,1091883.9,0.0,0.0,Robert J. Wittman,Wittman,Republican
5101,2015,2908567.764,1413255.764,1495312.0,1381272.514,0.0,0.0,0.0,31983.25,0.0,0.0,0.0,0.0,0.0,1495312.0,0.0,0.0,Robert J. Wittman,Wittman,Republican
5101,2016,2726270.338,1368174.838,1358095.5,1338027.788,0.0,0.0,0.0,30147.05,0.0,0.0,0.0,0.0,0.0,1358095.5,0.0,0.0,Robert J. Wittman,Wittman,Republican
5101,2017,2067739.612,1077906.012,989833.6,1048841.512,0.0,0.0,0.0,29064.5,0.0,0.0,0.0,0.0,0.0,989833.6,0.0,0.0,Robert J. Wittman,Wittman,Republican
5101,2018,2449249.472,1449023.472,1000226.0,1420612.422,0.0,0.0,0.0,28411.05,0.0,0.0,0.0,0.0,0.0,1000226.0,0.0,0.0,Robert J. Wittman,Wittman,Republican
5101,2019,1995591.8260000001,974563.326,1021028.5,947562.326,0.0,0.0,0.0,27001.0,0.0,0.0,0.0,0.0,0.0,1021028.5,0.0,0.0,Robert J. Wittman,Wittman,Republican
5101,2020,2157838.79,987011.7899999999,1170827.0,960780.94,0.0,0.0,0.0,26230.85,0.0,0.0,0.0,0.0,0.0,1170827.0,0.0,0.0,Robert J. Wittman,Wittman,Republican
5101,2021,2251553.3619999997,1011389.862,1240163.5,985862.662,0.0,0.0,0.0,25527.2,0.0,0.0,0.0,0.0,0.0,1240163.5,0.0,0.0,Robert J. Wittman,Wittman,Republican
5101,2022,2221484.974,925168.6739999999,1296316.3,899945.274,0.0,0.0,0.0,25223.4,0.0,0.0,0.0,0.0,0.0,1296316.3,0.0,0.0,Robert J. Wittman,Wittman,Republican
5101,2023,2074295.748,907310.748,1166985.0,883338.848,0.0,0.0,0.0,23971.9,0.0,0.0,0.0,0.0,0.0,1166985.0,0.0,0.0,Robert J. Wittman,Wittman,Republican
5102,2010,561479.392,561479.392,0.0,561479.392,0.0,0.0,0.0,0.0,0.0,0.0,0.0,0.0,0.0,0.0,0.0,0.0,Jennifer A. Kiggans,Kiggans,Republican
5102,2011,667864.8899999999,667864.8899999999,0.0,667864.8899999999,0.0,0.0,0.0,0.0,0.0,0.0,0.0,0.0,0.0,0.0,0.0,0.0,Jennifer A. Kiggans,Kiggans,Republican
5102,2012,644671.942,644671.942,0.0,644671.942,0.0,0.0,0.0,0.0,0.0,0.0,0.0,0.0,0.0,0.0,0.0,0.0,Jennifer A. Kiggans,Kiggans,Republican
5102,2013,510052.324,510052.324,0.0,510052.324,0.0,0.0,0.0,0.0,0.0,0.0,0.0,0.0,0.0,0.0,0.0,0.0,Jennifer A. Kiggans,Kiggans,Republican
5102,2014,548834.198,548834.198,0.0,548834.198,0.0,0.0,0.0,0.0,0.0,0.0,0.0,0.0,0.0,0.0,0.0,0.0,Jennifer A. Kiggans,Kiggans,Republican
5102,2015,517487.852,517487.852,0.0,517487.852,0.0,0.0,0.0,0.0,0.0,0.0,0.0,0.0,0.0,0.0,0.0,0.0,Jennifer A. Kiggans,Kiggans,Republican
5102,2016,868655.5800000001,868655.5800000001,0.0,868655.5800000001,0.0,0.0,0.0,0.0,0.0,0.0,0.0,0.0,0.0,0.0,0.0,0.0,Jennifer A. Kiggans,Kiggans,Republican
5102,2017,884542.566,884542.566,0.0,884542.566,0.0,0.0,0.0,0.0,0.0,0.0,0.0,0.0,0.0,0.0,0.0,0.0,Jennifer A. Kiggans,Kiggans,Republican
5102,2018,516139.376,516139.376,0.0,516139.376,0.0,0.0,0.0,0.0,0.0,0.0,0.0,0.0,0.0,0.0,0.0,0.0,Jennifer A. Kiggans,Kiggans,Republican
5102,2019,438828.204,438828.204,0.0,438828.204,0.0,0.0,0.0,0.0,0.0,0.0,0.0,0.0,0.0,0.0,0.0,0.0,Jennifer A. Kiggans,Kiggans,Republican
5102,2020,413392.578,413392.578,0.0,413392.578,0.0,0.0,0.0,0.0,0.0,0.0,0.0,0.0,0.0,0.0,0.0,0.0,Jennifer A. Kiggans,Kiggans,Republican
5102,2021,419838.4,419838.4,0.0,419838.4,0.0,0.0,0.0,0.0,0.0,0.0,0.0,0.0,0.0,0.0,0.0,0.0,Jennifer A. Kiggans,Kiggans,Republican
5102,2022,397013.596,397013.596,0.0,397013.596,0.0,0.0,0.0,0.0,0.0,0.0,0.0,0.0,0.0,0.0,0.0,0.0,Jennifer A. Kiggans,Kiggans,Republican
5102,2023,381969.778,381969.778,0.0,381969.778,0.0,0.0,0.0,0.0,0.0,0.0,0.0,0.0,0.0,0.0,0.0,0.0,Jennifer A. Kiggans,Kiggans,Republican
5103,2010,8942190.323665,4541452.423665,4400737.9,4541452.423665,0.0,0.0,0.0,0.0,0.0,0.0,0.0,0.0,0.0,4400737.9,0.0,0.0,Robert C. “Bobby” Scott,Scott,Democrat
5103,2011,7691292.528385,3658668.928385,4032623.6,3592301.678385,0.0,0.0,0.0,66367.25,0.0,0.0,0.0,0.0,0.0,4032623.6,0.0,0.0,Robert C. “Bobby” Scott,Scott,Democrat
5103,2012,6423960.462970999,2169223.362971,4254737.1,2110744.012971,0.0,0.0,0.0,58479.35,0.0,0.0,0.0,0.0,0.0,4254737.1,0.0,0.0,Robert C. “Bobby” Scott,Scott,Democrat
5103,2013,7198045.986,2293292.386,4904753.6,2238211.286,0.0,0.0,0.0,55081.1,0.0,0.0,0.0,0.0,0.0,4904753.6,0.0,0.0,Robert C. “Bobby” Scott,Scott,Democrat
5103,2014,7540040.836,2211608.236,5328432.6,2154134.786,0.0,0.0,0.0,57473.45,0.0,0.0,0.0,0.0,0.0,5328432.6,0.0,0.0,Robert C. “Bobby” Scott,Scott,Democrat
5103,2015,6656615.791999999,769497.992,5887117.8,713462.892,0.0,0.0,0.0,56035.1,0.0,0.0,0.0,0.0,0.0,5887117.8,0.0,0.0,Robert C. “Bobby” Scott,Scott,Democrat
5103,2016,6397786.802,701074.902,5696711.9,646436.802,0.0,0.0,0.0,54638.1,0.0,0.0,0.0,0.0,0.0,5696711.9,0.0,0.0,Robert C. “Bobby” Scott,Scott,Democrat
5103,2017,6175580.422,597728.422,5577852.0,546856.9720000001,0.0,0.0,0.0,50871.45,0.0,0.0,0.0,0.0,0.0,5577852.0,0.0,0.0,Robert C. “Bobby” Scott,Scott,Democrat
5103,2018,6791402.791999999,691119.292,6100283.5,642444.692,0.0,0.0,0.0,48674.6,0.0,0.0,0.0,0.0,0.0,6100283.5,0.0,0.0,Robert C. “Bobby” Scott,Scott,Democrat
5103,2019,6685595.590000001,592531.39,6093064.2,544493.0900000001,0.0,0.0,0.0,48038.3,0.0,0.0,0.0,0.0,0.0,6093064.2,0.0,0.0,Robert C. “Bobby” Scott,Scott,Democrat
5103,2020,6661066.544,590509.044,6070557.5,542828.744,0.0,0.0,0.0,47680.3,0.0,0.0,0.0,0.0,0.0,6070557.5,0.0,0.0,Robert C. “Bobby” Scott,Scott,Democrat
5103,2021,5916570.262,559200.662,5357369.6,508386.762,0.0,0.0,0.0,50813.9,0.0,0.0,0.0,0.0,0.0,5357369.6,0.0,0.0,Robert C. “Bobby” Scott,Scott,Democrat
5103,2022,6152164.188,581793.888,5570370.3,532833.888,0.0,0.0,0.0,48960.0,0.0,0.0,0.0,0.0,0.0,5570370.3,0.0,0.0,Robert C. “Bobby” Scott,Scott,Democrat
5103,2023,6494479.824,467363.924,6027115.9,418790.698,0.0,0.0,0.0,48573.226,0.0,0.0,0.0,0.0,0.0,6027115.9,0.0,0.0,Robert C. “Bobby” Scott,Scott,Democrat
5104,2010,19671241.96048,13748635.76048,5922606.2,13748635.76048,0.0,0.0,0.0,0.0,0.0,0.0,0.0,0.0,0.0,5922606.2,0.0,0.0,Jennifer McClellan,McClellan,Democrat
5104,2011,18422659.418,12023143.518,6399515.9,11869097.018,0.0,0.0,0.0,37173.7,116872.8,0.0,0.0,0.0,0.0,6399515.9,0.0,0.0,Jennifer McClellan,McClellan,Democrat
5104,2012,17632843.820236,9915257.320236,7717586.5,9831781.910236,0.0,0.0,0.0,35716.25,47759.16,0.0,0.0,0.0,0.0,7717586.5,0.0,0.0,Jennifer McClellan,McClellan,Democrat
5104,2013,19241785.966,11637471.265999999,7604314.7,11559605.116,0.0,0.0,0.0,34523.35,43342.8,0.0,0.0,0.0,0.0,7604314.7,0.0,0.0,Jennifer McClellan,McClellan,Democrat
5104,2014,19642490.316,11818271.116,7824219.2,11708947.646,0.0,0.0,0.0,33652.55,75670.92,0.0,0.0,0.0,0.0,7824219.2,0.0,0.0,Jennifer McClellan,McClellan,Democrat
5104,2015,21617159.246,12573376.246000001,9043783.0,12486811.946,0.0,0.0,0.0,32744.9,53819.4,0.0,0.0,0.0,0.0,9043783.0,0.0,0.0,Jennifer McClellan,McClellan,Democrat
5104,2016,22438298.418,13865257.318,8573041.1,13789671.658,0.0,0.0,0.0,32739.9,42845.76,0.0,0.0,0.0,0.0,8573041.1,0.0,0.0,Jennifer McClellan,McClellan,Democrat
5104,2017,19835049.44,11858392.64,7976656.8,11783681.65,0.0,0.0,0.0,32444.35,42266.64,0.0,0.0,0.0,0.0,7976656.8,0.0,0.0,Jennifer McClellan,McClellan,Democrat
5104,2018,19874859.2808,10806711.1808,9068148.1,10733945.884,0.0,0.0,0.0,32843.5,39921.7968,0.0,0.0,0.0,0.0,9068148.1,0.0,0.0,Jennifer McClellan,McClellan,Democrat
5104,2019,21471446.03,12715059.53,8756386.5,12644477.53,0.0,0.0,0.0,32243.8,38338.2,0.0,0.0,0.0,0.0,8756386.5,0.0,0.0,Jennifer McClellan,McClellan,Democrat
5104,2020,23290673.06,13751761.86,9538911.2,13688411.06,0.0,0.0,0.0,32377.0,30973.8,0.0,0.0,0.0,0.0,9538911.2,0.0,0.0,Jennifer McClellan,McClellan,Democrat
5104,2021,20638043.628000002,12432153.628,8205890.0,12380523.858,0.0,0.0,0.0,32297.65,19332.12,0.0,0.0,0.0,0.0,8205890.0,0.0,0.0,Jennifer McClellan,McClellan,Democrat
5104,2022,19563104.252800003,11749811.3528,7813292.9,11657513.38,0.0,0.0,0.0,31544.5,60753.4728,0.0,0.0,0.0,0.0,7813292.9,0.0,0.0,Jennifer McClellan,McClellan,Democrat
5104,2023,18566447.3552,10452755.8552,8113691.5,10309532.228,0.0,0.0,0.0,30796.85,112426.7772,0.0,0.0,0.0,0.0,8113691.5,0.0,0.0,Jennifer McClellan,McClellan,Democrat
5105,2010,12398978.796083,12058070.796083,340908.0,12058070.796083,0.0,0.0,0.0,0.0,0.0,0.0,0.0,0.0,0.0,340908.0,0.0,0.0,John J. McGuire III,McGuire,Republican
5105,2011,11956284.289,11646367.489,309916.8,11644927.489,0.0,0.0,0.0,1440.0,0.0,0.0,0.0,0.0,0.0,309916.8,0.0,0.0,John J. McGuire III,McGuire,Republican
5105,2012,12046482.970274,11727342.170273999,319140.80000000005,11725982.170273999,0.0,0.0,0.0,1360.0,0.0,0.0,0.0,0.0,0.0,319140.80000000005,0.0,0.0,John J. McGuire III,McGuire,Republican
5105,2013,13335239.208,12982936.608000001,352302.6,12981716.608000001,0.0,0.0,0.0,1220.0,0.0,0.0,0.0,0.0,0.0,352302.6,0.0,0.0,John J. McGuire III,McGuire,Republican
5105,2014,12654756.996000001,12298546.596,356210.4,12297318.596,0.0,0.0,0.0,1228.0,0.0,0.0,0.0,0.0,0.0,356210.4,0.0,0.0,John J. McGuire III,McGuire,Republican
5105,2015,13263271.355999999,12915396.756,347874.6,12915396.756,0.0,0.0,0.0,0.0,0.0,0.0,0.0,0.0,0.0,347874.6,0.0,0.0,John J. McGuire III,McGuire,Republican
5105,2016,13492732.282000002,13157319.382000001,335412.9,13126167.382000001,0.0,0.0,0.0,31152.0,0.0,0.0,0.0,0.0,0.0,335412.9,0.0,0.0,John J. McGuire III,McGuire,Republican
5105,2017,10596854.532,10275158.532,321696.0,10273603.982,0.0,0.0,0.0,1554.55,0.0,0.0,0.0,0.0,0.0,321696.0,0.0,0.0,John J. McGuire III,McGuire,Republican
5105,2018,11273353.882,10931957.082,341396.80000000005,10930392.282,0.0,0.0,0.0,1564.8,0.0,0.0,0.0,0.0,0.0,341396.80000000005,0.0,0.0,John J. McGuire III,McGuire,Republican
5105,2019,9756266.384,9421101.784,335164.6,9419526.984,0.0,0.0,0.0,1574.8,0.0,0.0,0.0,0.0,0.0,335164.6,0.0,0.0,John J. McGuire III,McGuire,Republican
5105,2020,9585636.788,9286168.488,299468.3,9284587.938000001,0.0,0.0,0.0,1580.55,0.0,0.0,0.0,0.0,0.0,299468.3,0.0,0.0,John J. McGuire III,McGuire,Republican
5105,2021,8057459.206,7723866.006,333593.19999999995,7722276.706,0.0,0.0,0.0,1589.3,0.0,0.0,0.0,0.0,0.0,333593.19999999995,0.0,0.0,John J. McGuire III,McGuire,Republican
5105,2022,7367793.183999999,7015588.284,352204.9,7013993.233999999,0.0,0.0,0.0,1595.05,0.0,0.0,0.0,0.0,0.0,352204.9,0.0,0.0,John J. McGuire III,McGuire,Republican
5105,2023,7526563.998,7210872.698,315691.30000000005,7209270.897999999,0.0,0.0,0.0,1601.8,0.0,0.0,0.0,0.0,0.0,315691.30000000005,0.0,0.0,John J. McGuire III,McGuire,Republican
5106,2010,3693518.7060000002,3172925.406,520593.3,3172925.406,0.0,0.0,0.0,0.0,0.0,0.0,0.0,0.0,0.0,520593.3,0.0,0.0,Ben Cline,Cline,Republican
5106,2011,3827825.774,3332865.474,494960.3,3332865.474,0.0,0.0,0.0,0.0,0.0,0.0,0.0,0.0,0.0,494960.3,0.0,0.0,Ben Cline,Cline,Republican
5106,2012,3791939.2,3333937.7,458001.5,3333937.7,0.0,0.0,0.0,0.0,0.0,0.0,0.0,0.0,0.0,458001.5,0.0,0.0,Ben Cline,Cline,Republican
5106,2013,3749634.0239999997,3241004.324,508629.7,3241004.324,0.0,0.0,0.0,0.0,0.0,0.0,0.0,0.0,0.0,508629.7,0.0,0.0,Ben Cline,Cline,Republican
5106,2014,3811246.618,3270205.918,541040.7,3270205.918,0.0,0.0,0.0,0.0,0.0,0.0,0.0,0.0,0.0,541040.7,0.0,0.0,Ben Cline,Cline,Republican
5106,2015,5740102.316,5246247.115999999,493855.2,5246247.115999999,0.0,0.0,0.0,0.0,0.0,0.0,0.0,0.0,0.0,493855.2,0.0,0.0,Ben Cline,Cline,Republican
5106,2016,6846526.420000001,6370003.5200000005,476522.9,6370003.5200000005,0.0,0.0,0.0,0.0,0.0,0.0,0.0,0.0,0.0,476522.9,0.0,0.0,Ben Cline,Cline,Republican
5106,2017,6940764.223999999,6483910.424,456853.8,6483910.424,0.0,0.0,0.0,0.0,0.0,0.0,0.0,0.0,0.0,456853.8,0.0,0.0,Ben Cline,Cline,Republican
5106,2018,6836154.146000001,6331447.246,504706.9,6331447.246,0.0,0.0,0.0,0.0,0.0,0.0,0.0,0.0,0.0,504706.9,0.0,0.0,Ben Cline,Cline,Republican
5106,2019,6967573.188,6466722.388,500850.8,6466722.388,0.0,0.0,0.0,0.0,0.0,0.0,0.0,0.0,0.0,500850.8,0.0,0.0,Ben Cline,Cline,Republican
5106,2020,6863628.872,6356691.372,506937.5,6356691.372,0.0,0.0,0.0,0.0,0.0,0.0,0.0,0.0,0.0,506937.5,0.0,0.0,Ben Cline,Cline,Republican
5106,2021,6273516.772000001,5789558.972,483957.8,5789558.972,0.0,0.0,0.0,0.0,0.0,0.0,0.0,0.0,0.0,483957.8,0.0,0.0,Ben Cline,Cline,Republican
5106,2022,6406133.386,5851032.686,555100.7,5851032.686,0.0,0.0,0.0,0.0,0.0,0.0,0.0,0.0,0.0,555100.7,0.0,0.0,Ben Cline,Cline,Republican
5106,2023,6337726.038,5848242.438,489483.6,5848242.438,0.0,0.0,0.0,0.0,0.0,0.0,0.0,0.0,0.0,489483.6,0.0,0.0,Ben Cline,Cline,Republican
5107,2010,3673610.386605,3673610.386605,0.0,3673610.386605,0.0,0.0,0.0,0.0,0.0,0.0,0.0,0.0,0.0,0.0,0.0,0.0,Eugene Simon Vindman,Vindman,Democrat
5107,2011,2527632.472,2527632.472,0.0,2527632.472,0.0,0.0,0.0,0.0,0.0,0.0,0.0,0.0,0.0,0.0,0.0,0.0,Eugene Simon Vindman,Vindman,Democrat
5107,2012,2942148.02368,2942148.02368,0.0,2942148.02368,0.0,0.0,0.0,0.0,0.0,0.0,0.0,0.0,0.0,0.0,0.0,0.0,Eugene Simon Vindman,Vindman,Democrat
5107,2013,3013171.058,3013171.058,0.0,3013171.058,0.0,0.0,0.0,0.0,0.0,0.0,0.0,0.0,0.0,0.0,0.0,0.0,Eugene Simon Vindman,Vindman,Democrat
5107,2014,3270685.274,3270685.274,0.0,3270685.274,0.0,0.0,0.0,0.0,0.0,0.0,0.0,0.0,0.0,0.0,0.0,0.0,Eugene Simon Vindman,Vindman,Democrat
5107,2015,2834495.266,2834495.266,0.0,2834495.266,0.0,0.0,0.0,0.0,0.0,0.0,0.0,0.0,0.0,0.0,0.0,0.0,Eugene Simon Vindman,Vindman,Democrat
5107,2016,2765828.074,2765828.074,0.0,2765828.074,0.0,0.0,0.0,0.0,0.0,0.0,0.0,0.0,0.0,0.0,0.0,0.0,Eugene Simon Vindman,Vindman,Democrat
5107,2017,2473661.764,2473661.764,0.0,2473661.764,0.0,0.0,0.0,0.0,0.0,0.0,0.0,0.0,0.0,0.0,0.0,0.0,Eugene Simon Vindman,Vindman,Democrat
5107,2018,2846504.798,2846504.798,0.0,2846504.798,0.0,0.0,0.0,0.0,0.0,0.0,0.0,0.0,0.0,0.0,0.0,0.0,Eugene Simon Vindman,Vindman,Democrat
5107,2019,2061944.718,2061944.718,0.0,2061944.718,0.0,0.0,0.0,0.0,0.0,0.0,0.0,0.0,0.0,0.0,0.0,0.0,Eugene Simon Vindman,Vindman,Democrat
5107,2020,2636896.168,2636896.168,0.0,2636896.168,0.0,0.0,0.0,0.0,0.0,0.0,0.0,0.0,0.0,0.0,0.0,0.0,Eugene Simon Vindman,Vindman,Democrat
5107,2021,1751056.656,1751056.656,0.0,1751056.656,0.0,0.0,0.0,0.0,0.0,0.0,0.0,0.0,0.0,0.0,0.0,0.0,Eugene Simon Vindman,Vindman,Democrat
5107,2022,1676402.58,1676402.58,0.0,1676402.58,0.0,0.0,0.0,0.0,0.0,0.0,0.0,0.0,0.0,0.0,0.0,0.0,Eugene Simon Vindman,Vindman,Democrat
5107,2023,1734252.438,1734252.438,0.0,1734252.438,0.0,0.0,0.0,0.0,0.0,0.0,0.0,0.0,0.0,0.0,0.0,0.0,Eugene Simon Vindman,Vindman,Democrat
5108,2010,11613972.302000001,1188220.902,10425751.4,1188220.902,0.0,0.0,0.0,0.0,0.0,0.0,0.0,0.0,0.0,10425751.4,0.0,0.0,"Donald S. Beyer, Jr.",Beyer,Democrat
5108,2011,10408902.082,750475.782,9658426.3,548175.732,0.0,0.0,0.0,202300.05,0.0,0.0,0.0,0.0,0.0,9658426.3,0.0,0.0,"Donald S. Beyer, Jr.",Beyer,Democrat
5108,2012,11044907.498,759640.8979999999,10285266.6,561394.048,0.0,0.0,0.0,198246.84999999998,0.0,0.0,0.0,0.0,0.0,10285266.6,0.0,0.0,"Donald S. Beyer, Jr.",Beyer,Democrat
5108,2013,10867412.036,340798.936,10526613.100000001,139790.41,0.0,0.0,0.0,201008.526,0.0,0.0,0.0,0.0,0.0,10526613.100000001,0.0,0.0,"Donald S. Beyer, Jr.",Beyer,Democrat
5108,2014,11073676.332,347651.732,10726024.6,151680.032,0.0,0.0,0.0,195971.7,0.0,0.0,0.0,0.0,0.0,10726024.6,0.0,0.0,"Donald S. Beyer, Jr.",Beyer,Democrat
5108,2015,10809524.554000001,345396.154,10464128.4,156125.68,0.0,0.0,0.0,189270.474,0.0,0.0,0.0,0.0,0.0,10464128.4,0.0,0.0,"Donald S. Beyer, Jr.",Beyer,Democrat
5108,2016,11008809.384,329417.184,10679392.200000001,151983.28399999999,0.0,0.0,0.0,177433.9,0.0,0.0,0.0,0.0,0.0,10679392.200000001,0.0,0.0,"Donald S. Beyer, Jr.",Beyer,Democrat
5108,2017,9761389.8,317769.9,9443619.9,137690.12,0.0,0.0,0.0,180079.78,0.0,0.0,0.0,0.0,0.0,9443619.9,0.0,0.0,"Donald S. Beyer, Jr.",Beyer,Democrat
5108,2018,11141229.974,338234.774,10802995.2,158668.55,0.0,0.0,0.0,179566.22400000002,0.0,0.0,0.0,0.0,0.0,10802995.2,0.0,0.0,"Donald S. Beyer, Jr.",Beyer,Democrat
5108,2019,10225325.694,314152.594,9911173.1,135582.468,0.0,0.0,0.0,178570.126,0.0,0.0,0.0,0.0,0.0,9911173.1,0.0,0.0,"Donald S. Beyer, Jr.",Beyer,Democrat
5108,2020,9366016.766,302107.666,9063909.1,121618.89000000001,0.0,0.0,0.0,180488.776,0.0,0.0,0.0,0.0,0.0,9063909.1,0.0,0.0,"Donald S. Beyer, Jr.",Beyer,Democrat
5108,2021,9756430.466,324403.566,9432026.9,147331.788,0.0,0.0,0.0,177071.778,0.0,0.0,0.0,0.0,0.0,9432026.9,0.0,0.0,"Donald S. Beyer, Jr.",Beyer,Democrat
5108,2022,10264509.792,315735.692,9948774.1,142277.66,0.0,0.0,0.0,173458.032,0.0,0.0,0.0,0.0,0.0,9948774.1,0.0,0.0,"Donald S. Beyer, Jr.",Beyer,Democrat
5108,2023,9487819.896,321715.29600000003,9166104.6,148259.368,0.0,0.0,0.0,173455.928,0.0,0.0,0.0,0.0,0.0,9166104.6,0.0,0.0,"Donald S. Beyer, Jr.",Beyer,Democrat
5109,2010,4271931.8780000005,4195727.978,76203.9,4195727.978,0.0,0.0,0.0,0.0,0.0,0.0,0.0,0.0,0.0,76203.9,0.0,0.0,H. Morgan Griffith,Griffith,Republican
5109,2011,8045543.956,7973961.1559999995,71582.8,7832325.262,141635.894,0.0,0.0,0.0,0.0,0.0,0.0,0.0,0.0,71582.8,0.0,0.0,H. Morgan Griffith,Griffith,Republican
5109,2012,8320432.254,8249655.754,70776.5,8097084.566,152571.188,0.0,0.0,0.0,0.0,0.0,0.0,0.0,0.0,70776.5,0.0,0.0,H. Morgan Griffith,Griffith,Republican
5109,2013,10705936.22,10626183.12,79753.1,10536182.516,90000.604,0.0,0.0,0.0,0.0,0.0,0.0,0.0,0.0,79753.1,0.0,0.0,H. Morgan Griffith,Griffith,Republican
5109,2014,9923732.73,9839291.93,84440.8,9707717.77,131574.16,0.0,0.0,0.0,0.0,0.0,0.0,0.0,0.0,84440.8,0.0,0.0,H. Morgan Griffith,Griffith,Republican
5109,2015,9111416.412,9035288.212,76128.2,8759961.71,275326.502,0.0,0.0,0.0,0.0,0.0,0.0,0.0,0.0,76128.2,0.0,0.0,H. Morgan Griffith,Griffith,Republican
5109,2016,9129253.902,9049337.702,79916.2,8905164.502,144173.2,0.0,0.0,0.0,0.0,0.0,0.0,0.0,0.0,79916.2,0.0,0.0,H. Morgan Griffith,Griffith,Republican
5109,2017,8998152.468,8909413.768000001,88738.7,8604437.14,304976.628,0.0,0.0,0.0,0.0,0.0,0.0,0.0,0.0,88738.7,0.0,0.0,H. Morgan Griffith,Griffith,Republican
5109,2018,8712554.902,8610779.402,101775.5,8317793.884,292985.518,0.0,0.0,0.0,0.0,0.0,0.0,0.0,0.0,101775.5,0.0,0.0,H. Morgan Griffith,Griffith,Republican
5109,2019,7200770.6280000005,7097334.228,103436.4,6841515.286,255818.942,0.0,0.0,0.0,0.0,0.0,0.0,0.0,0.0,103436.4,0.0,0.0,H. Morgan Griffith,Griffith,Republican
5109,2020,6691785.991,6599848.991,91937.0,6420193.063,179655.928,0.0,0.0,0.0,0.0,0.0,0.0,0.0,0.0,91937.0,0.0,0.0,H. Morgan Griffith,Griffith,Republican
5109,2021,6245330.245,6153542.945,91787.3,5949687.813,203855.132,0.0,0.0,0.0,0.0,0.0,0.0,0.0,0.0,91787.3,0.0,0.0,H. Morgan Griffith,Griffith,Republican
5109,2022,5954835.085,5861580.185,93254.9,5670882.563,190697.622,0.0,0.0,0.0,0.0,0.0,0.0,0.0,0.0,93254.9,0.0,0.0,H. Morgan Griffith,Griffith,Republican
5109,2023,5359102.396101933,5259460.696101933,99641.7,5059502.936101933,199957.76,0.0,0.0,0.0,0.0,0.0,0.0,0.0,0.0,99641.7,0.0,0.0,H. Morgan Griffith,Griffith,Republican
5110,2010,756018.608,756018.608,0.0,756018.608,0.0,0.0,0.0,0.0,0.0,0.0,0.0,0.0,0.0,0.0,0.0,0.0,Suhas Subramanyam,Subramanyam,Democrat
5110,2011,748814.4061922,748814.4061922,0.0,748814.4061922,0.0,0.0,0.0,0.0,0.0,0.0,0.0,0.0,0.0,0.0,0.0,0.0,Suhas Subramanyam,Subramanyam,Democrat
5110,2012,596127.1843882999,596127.1843882999,0.0,596127.1843882999,0.0,0.0,0.0,0.0,0.0,0.0,0.0,0.0,0.0,0.0,0.0,0.0,Suhas Subramanyam,Subramanyam,Democrat
5110,2013,855307.7463457,855307.7463457,0.0,855307.7463457,0.0,0.0,0.0,0.0,0.0,0.0,0.0,0.0,0.0,0.0,0.0,0.0,Suhas Subramanyam,Subramanyam,Democrat
5110,2014,811524.6467204,811524.6467204,0.0,811524.6467204,0.0,0.0,0.0,0.0,0.0,0.0,0.0,0.0,0.0,0.0,0.0,0.0,Suhas Subramanyam,Subramanyam,Democrat
5110,2015,1228318.0678391,1228318.0678391,0.0,1228318.0678391,0.0,0.0,0.0,0.0,0.0,0.0,0.0,0.0,0.0,0.0,0.0,0.0,Suhas Subramanyam,Subramanyam,Democrat
5110,2016,1053685.3983108,1053685.3983108,0.0,1053685.3983108,0.0,0.0,0.0,0.0,0.0,0.0,0.0,0.0,0.0,0.0,0.0,0.0,Suhas Subramanyam,Subramanyam,Democrat
5110,2017,2265990.1235713,2265990.1235713,0.0,2265990.1235713,0.0,0.0,0.0,0.0,0.0,0.0,0.0,0.0,0.0,0.0,0.0,0.0,Suhas Subramanyam,Subramanyam,Democrat
5110,2018,3048978.1738213003,3048978.1738213003,0.0,3048978.1738213003,0.0,0.0,0.0,0.0,0.0,0.0,0.0,0.0,0.0,0.0,0.0,0.0,Suhas Subramanyam,Subramanyam,Democrat
5110,2019,2402714.5592668997,2402714.5592668997,0.0,2402714.5592668997,0.0,0.0,0.0,0.0,0.0,0.0,0.0,0.0,0.0,0.0,0.0,0.0,Suhas Subramanyam,Subramanyam,Democrat
5110,2020,2885758.9776992,2885758.9776992,0.0,2885758.9776992,0.0,0.0,0.0,0.0,0.0,0.0,0.0,0.0,0.0,0.0,0.0,0.0,Suhas Subramanyam,Subramanyam,Democrat
5110,2021,2889652.8270268003,2889652.8270268003,0.0,2889652.8270268003,0.0,0.0,0.0,0.0,0.0,0.0,0.0,0.0,0.0,0.0,0.0,0.0,Suhas Subramanyam,Subramanyam,Democrat
5110,2022,2248389.0585568,2248389.0585568,0.0,2248389.0585568,0.0,0.0,0.0,0.0,0.0,0.0,0.0,0.0,0.0,0.0,0.0,0.0,Suhas Subramanyam,Subramanyam,Democrat
5110,2023,2254179.1754487,2254179.1754487,0.0,2254179.1754487,0.0,0.0,0.0,0.0,0.0,0.0,0.0,0.0,0.0,0.0,0.0,0.0,Suhas Subramanyam,Subramanyam,Democrat
5111,2010,341846.114,341846.114,0.0,341846.114,0.0,0.0,0.0,0.0,0.0,0.0,0.0,0.0,0.0,0.0,0.0,0.0,James R. Walkinshaw,Walkinshaw,Democrat
5111,2011,423769.08,423769.08,0.0,423769.08,0.0,0.0,0.0,0.0,0.0,0.0,0.0,0.0,0.0,0.0,0.0,0.0,James R. Walkinshaw,Walkinshaw,Democrat
5111,2012,21783242.654000003,408145.054,21375097.6,408145.054,0.0,0.0,0.0,0.0,0.0,0.0,0.0,0.0,21375097.6,0.0,0.0,0.0,James R. Walkinshaw,Walkinshaw,Democrat
5111,2013,18116002.084,446427.684,17669574.4,446427.684,0.0,0.0,0.0,0.0,0.0,0.0,0.0,0.0,17669574.4,0.0,0.0,0.0,James R. Walkinshaw,Walkinshaw,Democrat
5111,2014,20117409.472000003,428705.872,19688703.6,428705.872,0.0,0.0,0.0,0.0,0.0,0.0,0.0,0.0,19688703.6,0.0,0.0,0.0,James R. Walkinshaw,Walkinshaw,Democrat
5111,2015,27492611.126000002,383728.326,27108882.8,383728.326,0.0,0.0,0.0,0.0,0.0,0.0,0.0,0.0,27108882.8,0.0,0.0,0.0,James R. Walkinshaw,Walkinshaw,Democrat
5111,2016,28274919.666,389419.566,27885500.1,389419.566,0.0,0.0,0.0,0.0,0.0,0.0,0.0,0.0,27885500.1,0.0,0.0,0.0,James R. Walkinshaw,Walkinshaw,Democrat
5111,2017,36150703.5719861,73567.486,36077136.0859861,73567.486,0.0,0.0,0.0,0.0,0.0,0.0,0.0,0.0,36077136.0859861,0.0,0.0,0.0,James R. Walkinshaw,Walkinshaw,Democrat
5111,2018,44836041.144,373680.044,44462361.1,373680.044,0.0,0.0,0.0,0.0,0.0,0.0,0.0,0.0,44462361.1,0.0,0.0,0.0,James R. Walkinshaw,Walkinshaw,Democrat
5111,2019,49145107.839999996,487303.98,48657803.86,487303.98,0.0,0.0,0.0,0.0,0.0,0.0,0.0,0.0,48657803.86,0.0,0.0,0.0,James R. Walkinshaw,Walkinshaw,Democrat
5111,2020,45355822.9961929,522759.86,44833063.1361929,522759.86,0.0,0.0,0.0,0.0,0.0,0.0,0.0,0.0,44833063.1361929,0.0,0.0,0.0,James R. Walkinshaw,Walkinshaw,Democrat
5111,2021,51582143.369616695,368468.418,51213674.9516167,368468.418,0.0,0.0,0.0,0.0,0.0,0.0,0.0,0.0,51213674.9516167,0.0,0.0,0.0,James R. Walkinshaw,Walkinshaw,Democrat
5111,2022,58894848.1033895,411695.298,58483152.8053895,411695.298,0.0,0.0,0.0,0.0,0.0,0.0,0.0,0.0,58483152.8053895,0.0,0.0,0.0,James R. Walkinshaw,Walkinshaw,Democrat
5111,2023,52312790.4066794,423779.772,51889010.6346794,423779.772,0.0,0.0,0.0,0.0,0.0,0.0,0.0,0.0,51889010.6346794,0.0,0.0,0.0,James R. Walkinshaw,Walkinshaw,Democrat
5301,2010,4692989.95,65232.149999999994,4627757.8,65232.149999999994,0.0,0.0,0.0,0.0,0.0,0.0,0.0,0.0,0.0,4627757.8,0.0,0.0,Suzan K. DelBene,DelBene,Democrat
5301,2011,5091760.638,146191.038,4945569.6,66874.738,0.0,0.0,0.0,76306.7,3009.6,0.0,0.0,0.0,0.0,4945569.6,0.0,0.0,Suzan K. DelBene,DelBene,Democrat
5301,2012,6200308.448000001,132856.548,6067451.9,59110.187999999995,0.0,0.0,0.0,61475.4,12270.96,0.0,0.0,0.0,0.0,6067451.9,0.0,0.0,Suzan K. DelBene,DelBene,Democrat
5301,2013,5987809.218,130990.518,5856818.7,57066.628,0.0,0.0,0.0,61069.25,12854.64,0.0,0.0,0.0,0.0,5856818.7,0.0,0.0,Suzan K. DelBene,DelBene,Democrat
5301,2014,5811204.796,141676.396,5669528.4,60961.756,0.0,0.0,0.0,60381.6,20333.04,0.0,0.0,0.0,0.0,5669528.4,0.0,0.0,Suzan K. DelBene,DelBene,Democrat
5301,2015,5874746.142,167877.042,5706869.1,90062.952,0.0,0.0,0.0,58609.65,19204.44,0.0,0.0,0.0,0.0,5706869.1,0.0,0.0,Suzan K. DelBene,DelBene,Democrat
5301,2016,6102708.399999999,130436.3,5972272.1,69751.32,0.0,0.0,0.0,58710.5,1974.48,0.0,0.0,0.0,0.0,5972272.1,0.0,0.0,Suzan K. DelBene,DelBene,Democrat
5301,2017,6831917.718,146935.818,6684981.9,86133.508,0.0,0.0,0.0,60615.35,186.96,0.0,0.0,0.0,0.0,6684981.9,0.0,0.0,Suzan K. DelBene,DelBene,Democrat
5301,2018,6542334.171200001,144146.7712,6398187.4,72486.768,0.0,0.0,0.0,61071.25,10588.7532,0.0,0.0,0.0,0.0,6398187.4,0.0,0.0,Suzan K. DelBene,DelBene,Democrat
5301,2019,6645789.798,128231.298,6517558.5,58413.258,0.0,0.0,0.0,61437.9,8380.14,0.0,0.0,0.0,0.0,6517558.5,0.0,0.0,Suzan K. DelBene,DelBene,Democrat
5301,2020,6232984.64,111730.04000000001,6121254.6,45149.676,0.0,0.0,0.0,64321.796,2258.568,0.0,0.0,0.0,0.0,6121254.6,0.0,0.0,Suzan K. DelBene,DelBene,Democrat
5301,2021,6556836.0864,131297.9864,6425538.1,55734.76,0.0,0.0,0.0,64595.446,10967.7804,0.0,0.0,0.0,0.0,6425538.1,0.0,0.0,Suzan K. DelBene,DelBene,Democrat
5301,2022,6149790.252,143937.852,6005852.4,70157.356,0.0,0.0,0.0,66913.478,6867.018,0.0,0.0,0.0,0.0,6005852.4,0.0,0.0,Suzan K. DelBene,DelBene,Democrat
5301,2023,5918499.174000001,170286.774,5748212.4,91939.774,0.0,0.0,0.0,67478.696,10868.304,0.0,0.0,0.0,0.0,5748212.4,0.0,0.0,Suzan K. DelBene,DelBene,Democrat
5302,2010,7919762.398,7919762.398,0.0,7919762.398,0.0,0.0,0.0,0.0,0.0,0.0,0.0,0.0,0.0,0.0,0.0,0.0,Rick Larsen,Larsen,Democrat
5302,2011,8356102.744,8356102.744,0.0,8356102.744,0.0,0.0,0.0,0.0,0.0,0.0,0.0,0.0,0.0,0.0,0.0,0.0,Rick Larsen,Larsen,Democrat
5302,2012,96206598.006,8047702.806,88158895.2,8047702.806,0.0,0.0,0.0,0.0,0.0,0.0,71665925.3,0.0,16492969.899999999,0.0,0.0,0.0,Rick Larsen,Larsen,Democrat
5302,2013,105078154.10489069,8914781.216,96163372.8888907,8914781.216,0.0,0.0,0.0,0.0,0.0,0.0,78688220.6888907,0.0,17475152.200000003,0.0,0.0,0.0,Rick Larsen,Larsen,Democrat
5302,2014,108670587.52769871,8593589.828,100076997.6996987,8593589.828,0.0,0.0,0.0,0.0,0.0,0.0,81114009.9996987,0.0,18962987.700000003,0.0,0.0,0.0,Rick Larsen,Larsen,Democrat
5302,2015,104688338.801,8593144.201,96095194.6,8593144.201,0.0,0.0,0.0,0.0,0.0,0.0,77238384.1,0.0,18856810.5,0.0,0.0,0.0,Rick Larsen,Larsen,Democrat
5302,2016,116030081.3660418,9034538.504999999,106995542.8610418,9034538.504999999,0.0,0.0,0.0,0.0,0.0,0.0,83763018.3207313,0.0,23232524.540310502,0.0,0.0,0.0,Rick Larsen,Larsen,Democrat
5302,2017,108397654.8832583,8375027.776000001,100022627.1072583,8375027.776000001,0.0,0.0,0.0,0.0,0.0,0.0,78388605.4072583,0.0,21634021.7,0.0,0.0,0.0,Rick Larsen,Larsen,Democrat
5302,2018,94529803.06758,8334215.095,86195587.97258,8334215.095,0.0,0.0,0.0,0.0,0.0,0.0,78458009.4,0.0,7737578.57258,0.0,0.0,0.0,Rick Larsen,Larsen,Democrat
5302,2019,99368790.0784173,8887220.034,90481570.04441729,8887220.034,0.0,0.0,0.0,0.0,0.0,0.0,83428509.04441729,0.0,7053061.0,0.0,0.0,0.0,Rick Larsen,Larsen,Democrat
5302,2020,81060964.4820253,7906827.731000001,73154136.7510253,7906827.731000001,0.0,0.0,0.0,0.0,0.0,0.0,70165932.7510253,0.0,2988204.0,0.0,0.0,0.0,Rick Larsen,Larsen,Democrat
5302,2021,88464356.49109451,7933826.948,80530529.5430945,7933826.948,0.0,0.0,0.0,0.0,0.0,0.0,76727362.5430945,0.0,3803167.0,0.0,0.0,0.0,Rick Larsen,Larsen,Democrat
5302,2022,90546135.33430861,7720053.42,82826081.9143086,7720053.42,0.0,0.0,0.0,0.0,0.0,0.0,79307176.2623086,0.0,3518905.652,0.0,0.0,0.0,Rick Larsen,Larsen,Democrat
5302,2023,91435343.30764121,9046731.088,82388612.21964121,9046731.088,0.0,0.0,0.0,0.0,0.0,0.0,78675495.6556412,0.0,3713116.564,0.0,0.0,0.0,Rick Larsen,Larsen,Democrat
5303,2010,12594272.617999999,12594272.617999999,0.0,12594272.617999999,0.0,0.0,0.0,0.0,0.0,0.0,0.0,0.0,0.0,0.0,0.0,0.0,Marie Gluesenkamp Perez,Perez,Democrat
5303,2011,7936831.3985,7936831.3985,0.0,7897831.998500001,0.0,0.0,0.0,0.0,38999.4,0.0,0.0,0.0,0.0,0.0,0.0,0.0,Marie Gluesenkamp Perez,Perez,Democrat
5303,2012,6659329.4922,6659329.4922,0.0,6585927.1722,0.0,0.0,0.0,0.0,73402.32,0.0,0.0,0.0,0.0,0.0,0.0,0.0,Marie Gluesenkamp Perez,Perez,Democrat
5303,2013,10966133.011300001,10966133.011300001,0.0,10853571.691300001,0.0,0.0,0.0,0.0,112561.32,0.0,0.0,0.0,0.0,0.0,0.0,0.0,Marie Gluesenkamp Perez,Perez,Democrat
5303,2014,10968074.91199,10968074.91199,0.0,10934524.711989999,0.0,0.0,0.0,0.0,33550.2,0.0,0.0,0.0,0.0,0.0,0.0,0.0,Marie Gluesenkamp Perez,Perez,Democrat
5303,2015,8899098.814669,8899098.814669,0.0,8862541.294669,0.0,0.0,0.0,0.0,36557.52,0.0,0.0,0.0,0.0,0.0,0.0,0.0,Marie Gluesenkamp Perez,Perez,Democrat
5303,2016,8080892.483972001,8080892.483972001,0.0,8046459.923972,0.0,0.0,0.0,0.0,34432.56,0.0,0.0,0.0,0.0,0.0,0.0,0.0,Marie Gluesenkamp Perez,Perez,Democrat
5303,2017,8952584.345296001,8952584.345296001,0.0,8890128.305296,0.0,0.0,0.0,0.0,62456.04,0.0,0.0,0.0,0.0,0.0,0.0,0.0,Marie Gluesenkamp Perez,Perez,Democrat
5303,2018,9075180.864335999,9075180.864335999,0.0,9049341.624336,0.0,0.0,0.0,0.0,25839.24,0.0,0.0,0.0,0.0,0.0,0.0,0.0,Marie Gluesenkamp Perez,Perez,Democrat
5303,2019,11696389.230329,11696389.230329,0.0,11671498.470329,0.0,0.0,0.0,0.0,24890.76,0.0,0.0,0.0,0.0,0.0,0.0,0.0,Marie Gluesenkamp Perez,Perez,Democrat
5303,2020,9452090.410863,9452090.410863,0.0,9426071.050863,0.0,0.0,0.0,0.0,26019.36,0.0,0.0,0.0,0.0,0.0,0.0,0.0,Marie Gluesenkamp Perez,Perez,Democrat
5303,2021,7274148.185251,7274148.185251,0.0,7245780.356851,0.0,0.0,0.0,0.0,28367.8284,0.0,0.0,0.0,0.0,0.0,0.0,0.0,Marie Gluesenkamp Perez,Perez,Democrat
5303,2022,7517160.074751,7517160.074751,0.0,7508648.697951,0.0,0.0,0.0,0.0,8511.3768,0.0,0.0,0.0,0.0,0.0,0.0,0.0,Marie Gluesenkamp Perez,Perez,Democrat
5303,2023,8342049.541935,8342049.541935,0.0,8288706.023535,0.0,0.0,0.0,0.0,53343.5184,0.0,0.0,0.0,0.0,0.0,0.0,0.0,Marie Gluesenkamp Perez,Perez,Democrat
5304,2010,7965221.983775,1497430.4837749999,6467791.5,1497430.4837749999,0.0,0.0,0.0,0.0,0.0,0.0,0.0,0.0,0.0,6467791.5,0.0,0.0,Dan Newhouse,Newhouse,Republican
5304,2011,7274669.54,1349209.8399999999,5925459.699999999,1331101.5899999999,0.0,0.0,0.0,18108.25,0.0,0.0,0.0,0.0,0.0,5925459.699999999,0.0,0.0,Dan Newhouse,Newhouse,Republican
5304,2012,7561226.784624999,1546319.0846250001,6014907.7,1541607.234625,0.0,0.0,0.0,4711.85,0.0,0.0,0.0,0.0,0.0,6014907.7,0.0,0.0,Dan Newhouse,Newhouse,Republican
5304,2013,8743637.928000001,1785401.028,6958236.9,1785401.028,0.0,0.0,0.0,0.0,0.0,0.0,0.0,0.0,0.0,6958236.9,0.0,0.0,Dan Newhouse,Newhouse,Republican
5304,2014,8252908.52,1538002.02,6714906.5,1538002.02,0.0,0.0,0.0,0.0,0.0,0.0,0.0,0.0,0.0,6714906.5,0.0,0.0,Dan Newhouse,Newhouse,Republican
5304,2015,8482572.700000001,1689369.0,6793203.699999999,1689369.0,0.0,0.0,0.0,0.0,0.0,0.0,0.0,0.0,0.0,6793203.699999999,0.0,0.0,Dan Newhouse,Newhouse,Republican
5304,2016,7959174.066000001,1452834.666,6506339.4,1452834.666,0.0,0.0,0.0,0.0,0.0,0.0,0.0,0.0,0.0,6506339.4,0.0,0.0,Dan Newhouse,Newhouse,Republican
5304,2017,8168387.674,1554610.874,6613776.8,1528383.824,0.0,0.0,0.0,26227.05,0.0,0.0,0.0,0.0,0.0,6613776.8,0.0,0.0,Dan Newhouse,Newhouse,Republican
5304,2018,8312467.81,1612160.8099999998,6700307.0,1588187.76,0.0,0.0,0.0,23973.05,0.0,0.0,0.0,0.0,0.0,6700307.0,0.0,0.0,Dan Newhouse,Newhouse,Republican
5304,2019,9664586.088,1947479.588,7717106.5,1924121.538,0.0,0.0,0.0,23358.05,0.0,0.0,0.0,0.0,0.0,7717106.5,0.0,0.0,Dan Newhouse,Newhouse,Republican
5304,2020,9319358.534,1937252.034,7382106.5,1913687.8860000002,0.0,0.0,0.0,23564.148,0.0,0.0,0.0,0.0,0.0,7382106.5,0.0,0.0,Dan Newhouse,Newhouse,Republican
5304,2021,10143770.731999999,2038961.932,8104808.8,2014543.684,0.0,0.0,0.0,24418.248,0.0,0.0,0.0,0.0,0.0,8104808.8,0.0,0.0,Dan Newhouse,Newhouse,Republican
5304,2022,9665695.702,1950245.902,7715449.8,1925229.204,0.0,0.0,0.0,25016.698,0.0,0.0,0.0,0.0,0.0,7715449.8,0.0,0.0,Dan Newhouse,Newhouse,Republican
5304,2023,10751715.218,1905004.018,8846711.2,1877806.0299999998,0.0,0.0,0.0,27197.988,0.0,0.0,0.0,0.0,0.0,8846711.2,0.0,0.0,Dan Newhouse,Newhouse,Republican
5305,2010,3050348.402,642133.102,2408215.3,642133.102,0.0,0.0,0.0,0.0,0.0,0.0,0.0,0.0,0.0,2408215.3,0.0,0.0,Michael Baumgartner,Baumgartner,Republican
5305,2011,3388686.828,722767.428,2665919.4,690949.878,0.0,0.0,0.0,25216.95,6600.6,0.0,0.0,0.0,0.0,2665919.4,0.0,0.0,Michael Baumgartner,Baumgartner,Republican
5305,2012,3297680.068,754873.568,2542806.5,721599.178,0.0,0.0,0.0,25013.95,8260.44,0.0,0.0,0.0,0.0,2542806.5,0.0,0.0,Michael Baumgartner,Baumgartner,Republican
5305,2013,3424005.364,746549.964,2677455.4,720195.7540000001,0.0,0.0,0.0,25050.05,1304.16,0.0,0.0,0.0,0.0,2677455.4,0.0,0.0,Michael Baumgartner,Baumgartner,Republican
5305,2014,3304010.0360000003,742959.936,2561050.1,716163.226,0.0,0.0,0.0,25150.55,1646.16,0.0,0.0,0.0,0.0,2561050.1,0.0,0.0,Michael Baumgartner,Baumgartner,Republican
5305,2015,3239770.7260000003,783004.626,2456766.1,756550.996,0.0,0.0,0.0,15347.75,11105.88,0.0,0.0,0.0,0.0,2456766.1,0.0,0.0,Michael Baumgartner,Baumgartner,Republican
5305,2016,3451173.118,860777.4180000001,2590395.6999999997,838571.698,0.0,0.0,0.0,15470.6,6735.12,0.0,0.0,0.0,0.0,2590395.6999999997,0.0,0.0,Michael Baumgartner,Baumgartner,Republican
5305,2017,3857109.5100000002,936095.11,2921014.4,917397.75,0.0,0.0,0.0,15614.8,3082.56,0.0,0.0,0.0,0.0,2921014.4,0.0,0.0,Michael Baumgartner,Baumgartner,Republican
5305,2018,3677856.5812,914369.8812,2763486.7,886612.298,0.0,0.0,0.0,15761.5,11996.0832,0.0,0.0,0.0,0.0,2763486.7,0.0,0.0,Michael Baumgartner,Baumgartner,Republican
5305,2019,4078618.5127999997,1024894.8128,3053723.7,1004085.12,0.0,0.0,0.0,15892.85,4916.8428,0.0,0.0,0.0,0.0,3053723.7,0.0,0.0,Michael Baumgartner,Baumgartner,Republican
5305,2020,3931187.0464,1018693.8464,2912493.1999999997,1001642.5800000001,0.0,0.0,0.0,16035.8,1015.4664,0.0,0.0,0.0,0.0,2912493.1999999997,0.0,0.0,Michael Baumgartner,Baumgartner,Republican
5305,2021,3907289.7648,1036690.8648,2870598.9000000004,1010219.658,0.0,0.0,0.0,16107.9,10363.3068,0.0,0.0,0.0,0.0,2870598.9000000004,0.0,0.0,Michael Baumgartner,Baumgartner,Republican
5305,2022,4239668.1212,1160397.8212,3079270.3,1144174.97,0.0,0.0,0.0,16212.5,10.3512,0.0,0.0,0.0,0.0,3079270.3,0.0,0.0,Michael Baumgartner,Baumgartner,Republican
5305,2023,3982901.0076,1057040.8076,2925860.2,1039334.4160000001,0.0,0.0,0.0,16268.35,1438.0416,0.0,0.0,0.0,0.0,2925860.2,0.0,0.0,Michael Baumgartner,Baumgartner,Republican
5306,2010,1200729.6785,1200729.6785,0.0,1200729.6785,0.0,0.0,0.0,0.0,0.0,0.0,0.0,0.0,0.0,0.0,0.0,0.0,Emily Randall,Randall,Democrat
5306,2011,816984.8,816984.8,0.0,816984.8,0.0,0.0,0.0,0.0,0.0,0.0,0.0,0.0,0.0,0.0,0.0,0.0,Emily Randall,Randall,Democrat
5306,2012,6327373.308824999,715591.708825,5611781.6,715591.708825,0.0,0.0,0.0,0.0,0.0,0.0,5611781.6,0.0,0.0,0.0,0.0,0.0,Emily Randall,Randall,Democrat
5306,2013,6470068.868,1195208.068,5274860.8,1195208.068,0.0,0.0,0.0,0.0,0.0,0.0,5274860.8,0.0,0.0,0.0,0.0,0.0,Emily Randall,Randall,Democrat
5306,2014,6153068.884000001,1253059.584,4900009.3,1253059.584,0.0,0.0,0.0,0.0,0.0,0.0,4900009.3,0.0,0.0,0.0,0.0,0.0,Emily Randall,Randall,Democrat
5306,2015,6329396.53445,1713395.568,4616000.96645,1713395.568,0.0,0.0,0.0,0.0,0.0,0.0,4616000.96645,0.0,0.0,0.0,0.0,0.0,Emily Randall,Randall,Democrat
5306,2016,7450013.768,1601948.368,5848065.4,1601948.368,0.0,0.0,0.0,0.0,0.0,0.0,5848065.4,0.0,0.0,0.0,0.0,0.0,Emily Randall,Randall,Democrat
5306,2017,7275696.721999999,1574048.122,5701648.6,1574048.122,0.0,0.0,0.0,0.0,0.0,0.0,5701648.6,0.0,0.0,0.0,0.0,0.0,Emily Randall,Randall,Democrat
5306,2018,7246394.9740315,1449579.3860000002,5796815.5880315,1449579.3860000002,0.0,0.0,0.0,0.0,0.0,0.0,5796815.5880315,0.0,0.0,0.0,0.0,0.0,Emily Randall,Randall,Democrat
5306,2019,8123813.756410601,1841092.532,6282721.2244106,1841092.532,0.0,0.0,0.0,0.0,0.0,0.0,6282721.2244106,0.0,0.0,0.0,0.0,0.0,Emily Randall,Randall,Democrat
5306,2020,7553830.9626465,1487240.9239999999,6066590.0386465,1487240.9239999999,0.0,0.0,0.0,0.0,0.0,0.0,6066590.0386465,0.0,0.0,0.0,0.0,0.0,Emily Randall,Randall,Democrat
5306,2021,7580392.8819356,1895245.604,5685147.2779356,1895245.604,0.0,0.0,0.0,0.0,0.0,0.0,5685147.2779356,0.0,0.0,0.0,0.0,0.0,Emily Randall,Randall,Democrat
5306,2022,7673546.1906894995,1711127.9300000002,5962418.2606895,1711127.9300000002,0.0,0.0,0.0,0.0,0.0,0.0,5962418.2606895,0.0,0.0,0.0,0.0,0.0,Emily Randall,Randall,Democrat
5306,2023,7821009.03906634,1844615.4683858398,5976393.5706805,1844615.4683858398,0.0,0.0,0.0,0.0,0.0,0.0,5976393.5706805,0.0,0.0,0.0,0.0,0.0,Emily Randall,Randall,Democrat
5307,2010,824288.2880000001,824288.2880000001,0.0,824288.2880000001,0.0,0.0,0.0,0.0,0.0,0.0,0.0,0.0,0.0,0.0,0.0,0.0,Pramila Jayapal,Jayapal,Democrat
5307,2011,725459.118,725459.118,0.0,725103.4380000001,0.0,0.0,0.0,0.0,355.68,0.0,0.0,0.0,0.0,0.0,0.0,0.0,Pramila Jayapal,Jayapal,Democrat
5307,2012,705992.618,705992.618,0.0,703853.978,0.0,0.0,0.0,0.0,2138.64,0.0,0.0,0.0,0.0,0.0,0.0,0.0,Pramila Jayapal,Jayapal,Democrat
5307,2013,765784.018,765784.018,0.0,764703.298,0.0,0.0,0.0,0.0,1080.72,0.0,0.0,0.0,0.0,0.0,0.0,0.0,Pramila Jayapal,Jayapal,Democrat
5307,2014,949988.192,949988.192,0.0,948326.072,0.0,0.0,0.0,0.0,1662.12,0.0,0.0,0.0,0.0,0.0,0.0,0.0,Pramila Jayapal,Jayapal,Democrat
5307,2015,879629.216,879629.216,0.0,876585.416,0.0,0.0,0.0,0.0,3043.8,0.0,0.0,0.0,0.0,0.0,0.0,0.0,Pramila Jayapal,Jayapal,Democrat
5307,2016,764775.7139999999,764775.7139999999,0.0,762320.9519999999,0.0,0.0,0.0,0.0,2454.762,0.0,0.0,0.0,0.0,0.0,0.0,0.0,Pramila Jayapal,Jayapal,Democrat
5307,2017,818064.1036,818064.1036,0.0,816992.686,0.0,0.0,0.0,0.0,1071.4176,0.0,0.0,0.0,0.0,0.0,0.0,0.0,Pramila Jayapal,Jayapal,Democrat
5307,2018,792481.2104,792481.2104,0.0,791356.418,0.0,0.0,0.0,0.0,1124.7924,0.0,0.0,0.0,0.0,0.0,0.0,0.0,Pramila Jayapal,Jayapal,Democrat
5307,2019,819899.8412,819899.8412,0.0,819120.674,0.0,0.0,0.0,0.0,779.1672,0.0,0.0,0.0,0.0,0.0,0.0,0.0,Pramila Jayapal,Jayapal,Democrat
5307,2020,725485.0588,725485.0588,0.0,725432.938,0.0,0.0,0.0,0.0,52.1208,0.0,0.0,0.0,0.0,0.0,0.0,0.0,Pramila Jayapal,Jayapal,Democrat
5307,2021,728123.23,728123.23,0.0,725675.308,0.0,0.0,0.0,0.0,2447.922,0.0,0.0,0.0,0.0,0.0,0.0,0.0,Pramila Jayapal,Jayapal,Democrat
5307,2022,668911.7644,668911.7644,0.0,667530.7000000001,0.0,0.0,0.0,0.0,1381.0644,0.0,0.0,0.0,0.0,0.0,0.0,0.0,Pramila Jayapal,Jayapal,Democrat
5307,2023,700504.436,700504.436,0.0,699642.0260000001,0.0,0.0,0.0,0.0,862.41,0.0,0.0,0.0,0.0,0.0,0.0,0.0,Pramila Jayapal,Jayapal,Democrat
5308,2010,432297.512,391331.512,40966.0,391331.512,0.0,0.0,0.0,0.0,0.0,0.0,0.0,0.0,0.0,40966.0,0.0,0.0,Kim Schrier ,Schrier ,Democrat
5308,2011,525944.826,483552.12600000005,42392.7,483552.12600000005,0.0,0.0,0.0,0.0,0.0,0.0,0.0,0.0,0.0,42392.7,0.0,0.0,Kim Schrier ,Schrier ,Democrat
5308,2012,390161.582,326389.582,63772.0,326389.582,0.0,0.0,0.0,0.0,0.0,0.0,0.0,0.0,0.0,63772.0,0.0,0.0,Kim Schrier ,Schrier ,Democrat
5308,2013,368556.49799999996,327971.49799999996,40585.0,327971.49799999996,0.0,0.0,0.0,0.0,0.0,0.0,0.0,0.0,0.0,40585.0,0.0,0.0,Kim Schrier ,Schrier ,Democrat
5308,2014,430654.774,391521.174,39133.6,391521.174,0.0,0.0,0.0,0.0,0.0,0.0,0.0,0.0,0.0,39133.6,0.0,0.0,Kim Schrier ,Schrier ,Democrat
5308,2015,425439.027,388960.427,36478.6,388960.427,0.0,0.0,0.0,0.0,0.0,0.0,0.0,0.0,0.0,36478.6,0.0,0.0,Kim Schrier ,Schrier ,Democrat
5308,2016,169398.418,132136.818,37261.6,132136.818,0.0,0.0,0.0,0.0,0.0,0.0,0.0,0.0,0.0,37261.6,0.0,0.0,Kim Schrier ,Schrier ,Democrat
5308,2017,159806.758,116318.158,43488.6,116318.158,0.0,0.0,0.0,0.0,0.0,0.0,0.0,0.0,0.0,43488.6,0.0,0.0,Kim Schrier ,Schrier ,Democrat
5308,2018,148117.512,110119.612,37997.9,110119.612,0.0,0.0,0.0,0.0,0.0,0.0,0.0,0.0,0.0,37997.9,0.0,0.0,Kim Schrier ,Schrier ,Democrat
5308,2019,139593.092,94747.79199999999,44845.3,94747.79199999999,0.0,0.0,0.0,0.0,0.0,0.0,0.0,0.0,0.0,44845.3,0.0,0.0,Kim Schrier ,Schrier ,Democrat
5308,2020,184155.362,145804.862,38350.5,145804.862,0.0,0.0,0.0,0.0,0.0,0.0,0.0,0.0,0.0,38350.5,0.0,0.0,Kim Schrier ,Schrier ,Democrat
5308,2021,318515.896,278064.496,40451.4,278064.496,0.0,0.0,0.0,0.0,0.0,0.0,0.0,0.0,0.0,40451.4,0.0,0.0,Kim Schrier ,Schrier ,Democrat
5308,2022,318900.412,273913.712,44986.7,273913.712,0.0,0.0,0.0,0.0,0.0,0.0,0.0,0.0,0.0,44986.7,0.0,0.0,Kim Schrier ,Schrier ,Democrat
5308,2023,345663.04,305852.44,39810.6,305852.44,0.0,0.0,0.0,0.0,0.0,0.0,0.0,0.0,0.0,39810.6,0.0,0.0,Kim Schrier ,Schrier ,Democrat
5309,2010,37245.26,37245.26,0.0,37245.26,0.0,0.0,0.0,0.0,0.0,0.0,0.0,0.0,0.0,0.0,0.0,0.0,Adam Smith,Smith,Democrat
5309,2011,39583.2,39583.2,0.0,39583.2,0.0,0.0,0.0,0.0,0.0,0.0,0.0,0.0,0.0,0.0,0.0,0.0,Adam Smith,Smith,Democrat
5309,2012,38932.404,38932.404,0.0,38932.404,0.0,0.0,0.0,0.0,0.0,0.0,0.0,0.0,0.0,0.0,0.0,0.0,Adam Smith,Smith,Democrat
5309,2013,38558.304,38558.304,0.0,38558.304,0.0,0.0,0.0,0.0,0.0,0.0,0.0,0.0,0.0,0.0,0.0,0.0,Adam Smith,Smith,Democrat
5309,2014,36691.012,36691.012,0.0,36691.012,0.0,0.0,0.0,0.0,0.0,0.0,0.0,0.0,0.0,0.0,0.0,0.0,Adam Smith,Smith,Democrat
5309,2015,36057.964,36057.964,0.0,36057.964,0.0,0.0,0.0,0.0,0.0,0.0,0.0,0.0,0.0,0.0,0.0,0.0,Adam Smith,Smith,Democrat
5309,2016,36032.964,36032.964,0.0,36032.964,0.0,0.0,0.0,0.0,0.0,0.0,0.0,0.0,0.0,0.0,0.0,0.0,Adam Smith,Smith,Democrat
5309,2017,38096.156,38096.156,0.0,38096.156,0.0,0.0,0.0,0.0,0.0,0.0,0.0,0.0,0.0,0.0,0.0,0.0,Adam Smith,Smith,Democrat
5309,2018,37028.16,37028.16,0.0,37028.16,0.0,0.0,0.0,0.0,0.0,0.0,0.0,0.0,0.0,0.0,0.0,0.0,Adam Smith,Smith,Democrat
5309,2019,36795.412,36795.412,0.0,36795.412,0.0,0.0,0.0,0.0,0.0,0.0,0.0,0.0,0.0,0.0,0.0,0.0,Adam Smith,Smith,Democrat
5309,2020,34963.802,34963.802,0.0,34963.802,0.0,0.0,0.0,0.0,0.0,0.0,0.0,0.0,0.0,0.0,0.0,0.0,Adam Smith,Smith,Democrat
5309,2021,34746.02,34746.02,0.0,34746.02,0.0,0.0,0.0,0.0,0.0,0.0,0.0,0.0,0.0,0.0,0.0,0.0,Adam Smith,Smith,Democrat
5309,2022,34665.12,34665.12,0.0,34665.12,0.0,0.0,0.0,0.0,0.0,0.0,0.0,0.0,0.0,0.0,0.0,0.0,Adam Smith,Smith,Democrat
5309,2023,33303.224,33303.224,0.0,33303.224,0.0,0.0,0.0,0.0,0.0,0.0,0.0,0.0,0.0,0.0,0.0,0.0,Adam Smith,Smith,Democrat
5310,2010,632528.282,632528.282,0.0,632528.282,0.0,0.0,0.0,0.0,0.0,0.0,0.0,0.0,0.0,0.0,0.0,0.0,Marilyn Strickland,Strickland,Democrat
5310,2011,211637.378,211637.378,0.0,211637.378,0.0,0.0,0.0,0.0,0.0,0.0,0.0,0.0,0.0,0.0,0.0,0.0,Marilyn Strickland,Strickland,Democrat
5310,2012,261431.846,261431.846,0.0,261431.846,0.0,0.0,0.0,0.0,0.0,0.0,0.0,0.0,0.0,0.0,0.0,0.0,Marilyn Strickland,Strickland,Democrat
5310,2013,495979.178,495979.178,0.0,495979.178,0.0,0.0,0.0,0.0,0.0,0.0,0.0,0.0,0.0,0.0,0.0,0.0,Marilyn Strickland,Strickland,Democrat
5310,2014,436415.578,436415.578,0.0,436415.578,0.0,0.0,0.0,0.0,0.0,0.0,0.0,0.0,0.0,0.0,0.0,0.0,Marilyn Strickland,Strickland,Democrat
5310,2015,673899.4619999999,673899.4619999999,0.0,673899.4619999999,0.0,0.0,0.0,0.0,0.0,0.0,0.0,0.0,0.0,0.0,0.0,0.0,Marilyn Strickland,Strickland,Democrat
5310,2016,551691.54,551691.54,0.0,551691.54,0.0,0.0,0.0,0.0,0.0,0.0,0.0,0.0,0.0,0.0,0.0,0.0,Marilyn Strickland,Strickland,Democrat
5310,2017,608151.186,608151.186,0.0,608151.186,0.0,0.0,0.0,0.0,0.0,0.0,0.0,0.0,0.0,0.0,0.0,0.0,Marilyn Strickland,Strickland,Democrat
5310,2018,577046.3300000001,577046.3300000001,0.0,577046.3300000001,0.0,0.0,0.0,0.0,0.0,0.0,0.0,0.0,0.0,0.0,0.0,0.0,Marilyn Strickland,Strickland,Democrat
5310,2019,931101.1,931101.1,0.0,931101.1,0.0,0.0,0.0,0.0,0.0,0.0,0.0,0.0,0.0,0.0,0.0,0.0,Marilyn Strickland,Strickland,Democrat
5310,2020,542537.566,542537.566,0.0,542537.566,0.0,0.0,0.0,0.0,0.0,0.0,0.0,0.0,0.0,0.0,0.0,0.0,Marilyn Strickland,Strickland,Democrat
5310,2021,691641.5059999999,691641.5059999999,0.0,691641.5059999999,0.0,0.0,0.0,0.0,0.0,0.0,0.0,0.0,0.0,0.0,0.0,0.0,Marilyn Strickland,Strickland,Democrat
5310,2022,703242.7779999999,703242.7779999999,0.0,703242.7779999999,0.0,0.0,0.0,0.0,0.0,0.0,0.0,0.0,0.0,0.0,0.0,0.0,Marilyn Strickland,Strickland,Democrat
5310,2023,1017940.046,1017940.046,0.0,1017940.046,0.0,0.0,0.0,0.0,0.0,0.0,0.0,0.0,0.0,0.0,0.0,0.0,Marilyn Strickland,Strickland,Democrat
5401,2010,30431317.799623,27783265.599623002,2648052.2,27783265.599623002,0.0,0.0,0.0,0.0,0.0,0.0,0.0,0.0,0.0,2543013.7,0.0,105038.5,Carol D. Miller,Miller,Republican
5401,2011,34577940.896675,32097797.796675,2480143.1,31794390.360675,148227.986,0.0,0.0,155179.45,0.0,0.0,0.0,0.0,0.0,2383727.3,0.0,96415.8,Carol D. Miller,Miller,Republican
5401,2012,30347628.329499997,28035019.7295,2312608.6,27840368.6375,39744.442,0.0,0.0,154906.65,0.0,0.0,0.0,0.0,0.0,2312608.6,0.0,0.0,Carol D. Miller,Miller,Republican
5401,2013,29536058.0688,27000218.908,2535839.1607999997,26808666.81,35617.448,0.0,0.0,155934.65,0.0,0.0,0.0,0.0,0.0,2535839.1607999997,0.0,0.0,Carol D. Miller,Miller,Republican
5401,2014,32391319.9912,29585050.356,2806269.6352000004,29386241.612,40922.894,0.0,0.0,157885.85,0.0,0.0,0.0,0.0,0.0,2718384.2352000005,0.0,87885.4,Carol D. Miller,Miller,Republican
5401,2015,30110540.158,27551485.158,2559055.0,27352675.878000002,44151.08,0.0,0.0,154658.2,0.0,0.0,0.0,0.0,0.0,2454271.0999999996,0.0,104783.9,Carol D. Miller,Miller,Republican
5401,2016,29418015.346,26765298.946,2652716.4000000004,26521101.398000002,95278.398,988.8,0.0,147930.35,0.0,0.0,0.0,0.0,0.0,2559774.6,0.0,92941.8,Carol D. Miller,Miller,Republican
5401,2017,29073708.150000002,26439854.85,2633853.3,25956847.886,150308.358,187306.006,0.0,145392.6,0.0,0.0,0.0,0.0,0.0,2550088.8,0.0,83764.5,Carol D. Miller,Miller,Republican
5401,2018,26490684.58,23720543.38,2770141.2,23440292.322,134340.108,1058.55,0.0,144852.4,0.0,0.0,0.0,0.0,0.0,2770141.2,0.0,0.0,Carol D. Miller,Miller,Republican
5401,2019,25298834.582,22625468.682,2673365.9,22383399.428,99077.304,1058.55,0.0,141933.4,0.0,0.0,0.0,0.0,0.0,2673365.9,0.0,0.0,Carol D. Miller,Miller,Republican
5401,2020,23083286.308000002,20778400.308,2304886.0,20501716.25,136895.408,1014.55,0.0,138774.1,0.0,0.0,0.0,0.0,0.0,2245209.0,0.0,59677.0,Carol D. Miller,Miller,Republican
5401,2021,26894470.522,24149650.522,2744820.0,23406393.424,485175.204,126408.644,0.0,131673.25,0.0,0.0,0.0,0.0,0.0,2677072.6999999997,0.0,67747.3,Carol D. Miller,Miller,Republican
5401,2022,20229502.61,17418079.21,2811423.4,17124553.422,133878.102,32469.136,0.0,127178.55,0.0,0.0,0.0,0.0,0.0,2767133.5,0.0,44289.9,Carol D. Miller,Miller,Republican
5401,2023,21687555.533999998,18780316.234,2907239.3000000003,18473308.866,112106.072,69169.946,0.0,125731.35,0.0,0.0,0.0,0.0,0.0,2898936.4,0.0,8302.9,Carol D. Miller,Miller,Republican
5402,2010,53874557.055982,51680746.355982006,2193810.7,51680746.355982006,0.0,0.0,0.0,0.0,0.0,0.0,0.0,0.0,0.0,1183382.7,1010428.0,0.0,Riley M. Moore,Moore,Republican
5402,2011,62089523.1560982,59687709.9560982,2401813.2,59273921.1680982,113430.038,0.0,0.0,300358.75,0.0,0.0,0.0,0.0,0.0,1271457.1,1130356.1,0.0,Riley M. Moore,Moore,Republican
5402,2012,63093257.6656957,58086629.7601886,5006627.9055071,57760924.632188596,145729.878,0.0,0.0,179975.25,0.0,0.0,2618195.7055071,0.0,0.0,1124718.8,1263713.4,0.0,Riley M. Moore,Moore,Republican
5402,2013,67290037.6749132,61581623.912913196,5708413.762,61275169.4709132,171853.44199999998,0.0,0.0,134601.0,0.0,0.0,2595364.39,0.0,0.0,1216550.372,1896499.0,0.0,Riley M. Moore,Moore,Republican
5402,2014,73858067.319753,65672118.920298204,8185948.3994548,65472770.9022982,87942.01800000001,0.0,0.0,111406.0,0.0,0.0,2789152.6362548,0.0,0.0,1395983.1632,4000812.5999999996,0.0,Riley M. Moore,Moore,Republican
5402,2015,71817904.61706,61155808.41706,10662096.2,61005276.29106,49039.17600000001,0.0,0.0,101492.95,0.0,0.0,2859542.0,0.0,0.0,1609015.0,6193539.2,0.0,Riley M. Moore,Moore,Republican
5402,2016,74617748.2399027,63644253.6399027,10973494.6,63121928.376465,65610.158,171530.874,208548.9314377,76635.3,0.0,0.0,3009621.0,0.0,0.0,1727299.2,6236574.4,0.0,Riley M. Moore,Moore,Republican
5402,2017,72499030.5786051,61100609.4234313,11398421.1551738,60383491.339320004,241450.43,209309.902,190645.3021113,75712.45,0.0,0.0,2876134.1551738,0.0,0.0,1953318.4,6568968.6,0.0,Riley M. Moore,Moore,Republican
5402,2018,68223632.6286185,56596438.328618504,11627194.3,55841574.282755,264558.75800000003,264984.95,152153.4878635,73166.85,0.0,0.0,3387026.0,0.0,0.0,2014016.0,6226152.3,0.0,Riley M. Moore,Moore,Republican
5402,2019,67567039.4569236,53243667.7618974,14323371.6950262,52664958.125845,212123.514,221663.284,71248.1380524,73674.7,0.0,0.0,2968986.6950262,0.0,0.0,2267056.8,9087328.2,0.0,Riley M. Moore,Moore,Republican
5402,2020,63157006.8625644,47469909.5064977,15687097.3560667,46893040.157195,191698.046,250099.35599999997,65325.1973027,69746.75,0.0,0.0,3033859.3560667,0.0,0.0,1752579.4,10900658.600000001,0.0,Riley M. Moore,Moore,Republican
5402,2021,69384692.1998746,53506449.3659752,15878242.833899401,52793845.732994996,277967.77,264605.534,103736.5289802,66293.8,0.0,0.0,2997301.8338994,0.0,0.0,1892339.0,10988602.0,0.0,Riley M. Moore,Moore,Republican
5402,2022,66263662.3278879,51431950.5078879,14831711.82,50752231.009316,287671.856,260569.764,67950.8285719,63527.05,0.0,0.0,2615815.72,0.0,0.0,1871199.2,10344696.899999999,0.0,Riley M. Moore,Moore,Republican
5402,2023,63455217.0947041,46944920.3123089,16510296.782395199,46085634.048675,312411.17600000004,443172.392,34282.5956339,69420.1,0.0,0.0,2885781.6823952,0.0,0.0,1839794.3,11784720.8,0.0,Riley M. Moore,Moore,Republican
5501,2010,16401663.652613,16328590.852612998,73072.8,16328590.852612998,0.0,0.0,0.0,0.0,0.0,0.0,0.0,0.0,0.0,73072.8,0.0,0.0,Bryan Steil,Steil,Republican
5501,2011,18389820.947111,18310454.847111,79366.1,18310454.847111,0.0,0.0,0.0,0.0,0.0,0.0,0.0,0.0,0.0,79366.1,0.0,0.0,Bryan Steil,Steil,Republican
5501,2012,13569113.084979,13499052.084979,70061.0,13499052.084979,0.0,0.0,0.0,0.0,0.0,0.0,0.0,0.0,0.0,70061.0,0.0,0.0,Bryan Steil,Steil,Republican
5501,2013,17988111.364,17902446.664,85664.7,17902446.664,0.0,0.0,0.0,0.0,0.0,0.0,0.0,0.0,0.0,85664.7,0.0,0.0,Bryan Steil,Steil,Republican
5501,2014,19093153.552,19001921.752,91231.8,19001921.752,0.0,0.0,0.0,0.0,0.0,0.0,0.0,0.0,0.0,91231.8,0.0,0.0,Bryan Steil,Steil,Republican
5501,2015,20937904.298,20858502.798,79401.5,20858502.798,0.0,0.0,0.0,0.0,0.0,0.0,0.0,0.0,0.0,79401.5,0.0,0.0,Bryan Steil,Steil,Republican
5501,2016,19294066.676,19217915.476,76151.2,19217915.476,0.0,0.0,0.0,0.0,0.0,0.0,0.0,0.0,0.0,76151.2,0.0,0.0,Bryan Steil,Steil,Republican
5501,2017,19527087.75,19446419.75,80668.0,19446419.75,0.0,0.0,0.0,0.0,0.0,0.0,0.0,0.0,0.0,80668.0,0.0,0.0,Bryan Steil,Steil,Republican
5501,2018,15933137.163999999,15844174.964,88962.2,15844174.964,0.0,0.0,0.0,0.0,0.0,0.0,0.0,0.0,0.0,88962.2,0.0,0.0,Bryan Steil,Steil,Republican
5501,2019,12820375.606,12730492.306,89883.3,12729683.156,0.0,0.0,0.0,809.15,0.0,0.0,0.0,0.0,0.0,89883.3,0.0,0.0,Bryan Steil,Steil,Republican
5501,2020,11032601.91,10953686.51,78915.4,10952709.66,0.0,0.0,0.0,976.85,0.0,0.0,0.0,0.0,0.0,78915.4,0.0,0.0,Bryan Steil,Steil,Republican
5501,2021,12680143.726,12602170.626,77973.1,12601342.476,0.0,0.0,0.0,828.15,0.0,0.0,0.0,0.0,0.0,77973.1,0.0,0.0,Bryan Steil,Steil,Republican
5501,2022,9993756.736,9907548.636,86208.1,9906727.636,0.0,0.0,0.0,821.0,0.0,0.0,0.0,0.0,0.0,86208.1,0.0,0.0,Bryan Steil,Steil,Republican
5501,2023,10678502.636,10604897.036,73605.6,10604070.036,0.0,0.0,0.0,827.0,0.0,0.0,0.0,0.0,0.0,73605.6,0.0,0.0,Bryan Steil,Steil,Republican
5502,2010,4780993.048,1075908.348,3705084.7,1075908.348,0.0,0.0,0.0,0.0,0.0,0.0,0.0,0.0,0.0,3705084.7,0.0,0.0,Mark Pocan,Pocan,Democrat
5502,2011,5060503.64,1157090.8399999999,3903412.8,1139528.542,0.0,0.0,0.0,17562.298,0.0,0.0,0.0,0.0,0.0,3903412.8,0.0,0.0,Mark Pocan,Pocan,Democrat
5502,2012,5165389.342,1279471.542,3885917.8,1261450.442,0.0,0.0,0.0,18021.1,0.0,0.0,0.0,0.0,0.0,3885917.8,0.0,0.0,Mark Pocan,Pocan,Democrat
5502,2013,5557354.226,1168602.226,4388752.0,1150317.126,0.0,0.0,0.0,18285.1,0.0,0.0,0.0,0.0,0.0,4388752.0,0.0,0.0,Mark Pocan,Pocan,Democrat
5502,2014,6035475.71,1325998.71,4709477.0,1308362.21,0.0,0.0,0.0,17636.5,0.0,0.0,0.0,0.0,0.0,4709477.0,0.0,0.0,Mark Pocan,Pocan,Democrat
5502,2015,6514670.9520000005,1765719.952,4748951.0,1746455.752,0.0,0.0,0.0,19264.2,0.0,0.0,0.0,0.0,0.0,4748951.0,0.0,0.0,Mark Pocan,Pocan,Democrat
5502,2016,7036857.638,1980779.438,5056078.2,1961207.7380000001,0.0,0.0,0.0,19571.7,0.0,0.0,0.0,0.0,0.0,5056078.2,0.0,0.0,Mark Pocan,Pocan,Democrat
5502,2017,6274600.198,1419561.398,4855038.8,1399756.398,0.0,0.0,0.0,19805.0,0.0,0.0,0.0,0.0,0.0,4855038.8,0.0,0.0,Mark Pocan,Pocan,Democrat
5502,2018,8033057.98,2140027.08,5893030.899999999,2119758.43,0.0,0.0,0.0,20268.65,0.0,0.0,0.0,0.0,0.0,5893030.899999999,0.0,0.0,Mark Pocan,Pocan,Democrat
5502,2019,8884929.36,2525306.6599999997,6359622.7,2503878.26,0.0,0.0,0.0,21428.4,0.0,0.0,0.0,0.0,0.0,6359622.7,0.0,0.0,Mark Pocan,Pocan,Democrat
5502,2020,8838051.554,2580425.554,6257626.0,2559052.7539999997,0.0,0.0,0.0,21372.8,0.0,0.0,0.0,0.0,0.0,6257626.0,0.0,0.0,Mark Pocan,Pocan,Democrat
5502,2021,9594197.264,2972097.864,6622099.4,2949906.764,0.0,0.0,0.0,22191.1,0.0,0.0,0.0,0.0,0.0,6622099.4,0.0,0.0,Mark Pocan,Pocan,Democrat
5502,2022,10529102.052000001,3207970.052,7321132.0,3185092.802,0.0,0.0,0.0,22877.25,0.0,0.0,0.0,0.0,0.0,7321132.0,0.0,0.0,Mark Pocan,Pocan,Democrat
5502,2023,11455305.136,3827263.636,7628041.5,3803772.236,0.0,0.0,0.0,23491.4,0.0,0.0,0.0,0.0,0.0,7628041.5,0.0,0.0,Mark Pocan,Pocan,Democrat
5503,2010,8697851.074000001,7514616.674000001,1183234.4000000001,7514616.674000001,0.0,0.0,0.0,0.0,0.0,0.0,0.0,0.0,0.0,1183234.4000000001,0.0,0.0,Derrick Van Orden,Van Orden,Republican
5503,2011,7709787.659999999,6480830.66,1228957.0,6480830.66,0.0,0.0,0.0,0.0,0.0,0.0,0.0,0.0,0.0,1228957.0,0.0,0.0,Derrick Van Orden,Van Orden,Republican
5503,2012,7429911.688,6248330.188,1181581.5,6248330.188,0.0,0.0,0.0,0.0,0.0,0.0,0.0,0.0,0.0,1181581.5,0.0,0.0,Derrick Van Orden,Van Orden,Republican
5503,2013,8680512.15,7254245.75,1426266.4000000001,7254245.75,0.0,0.0,0.0,0.0,0.0,0.0,0.0,0.0,0.0,1426266.4000000001,0.0,0.0,Derrick Van Orden,Van Orden,Republican
5503,2014,7739727.112,6248984.012,1490743.0999999999,6248984.012,0.0,0.0,0.0,0.0,0.0,0.0,0.0,0.0,0.0,1490743.0999999999,0.0,0.0,Derrick Van Orden,Van Orden,Republican
5503,2015,7405147.204,6125073.004,1280074.2,6125073.004,0.0,0.0,0.0,0.0,0.0,0.0,0.0,0.0,0.0,1280074.2,0.0,0.0,Derrick Van Orden,Van Orden,Republican
5503,2016,5918047.1899999995,4692747.49,1225299.7000000002,4692747.49,0.0,0.0,0.0,0.0,0.0,0.0,0.0,0.0,0.0,1225299.7000000002,0.0,0.0,Derrick Van Orden,Van Orden,Republican
5503,2017,6344844.29,4942812.99,1402031.3,4942812.99,0.0,0.0,0.0,0.0,0.0,0.0,0.0,0.0,0.0,1402031.3,0.0,0.0,Derrick Van Orden,Van Orden,Republican
5503,2018,6988944.888,5559021.0879999995,1429923.8,5559021.0879999995,0.0,0.0,0.0,0.0,0.0,0.0,0.0,0.0,0.0,1429923.8,0.0,0.0,Derrick Van Orden,Van Orden,Republican
5503,2019,6151574.16,4709896.46,1441677.7000000002,4709896.46,0.0,0.0,0.0,0.0,0.0,0.0,0.0,0.0,0.0,1441677.7000000002,0.0,0.0,Derrick Van Orden,Van Orden,Republican
5503,2020,5556194.638,4222399.138,1333795.5,4222399.138,0.0,0.0,0.0,0.0,0.0,0.0,0.0,0.0,0.0,1333795.5,0.0,0.0,Derrick Van Orden,Van Orden,Republican
5503,2021,5272171.858,3873139.158,1399032.7,3873139.158,0.0,0.0,0.0,0.0,0.0,0.0,0.0,0.0,0.0,1399032.7,0.0,0.0,Derrick Van Orden,Van Orden,Republican
5503,2022,5150952.752,3648241.352,1502711.4000000001,3648241.352,0.0,0.0,0.0,0.0,0.0,0.0,0.0,0.0,0.0,1502711.4000000001,0.0,0.0,Derrick Van Orden,Van Orden,Republican
5503,2023,4158698.546,2845326.5459999996,1313372.0000000002,2845326.5459999996,0.0,0.0,0.0,0.0,0.0,0.0,0.0,0.0,0.0,1313372.0000000002,0.0,0.0,Derrick Van Orden,Van Orden,Republican
5504,2010,12942633.086,1559563.786,11383069.3,1559563.786,0.0,0.0,0.0,0.0,0.0,0.0,0.0,0.0,0.0,11383069.3,0.0,0.0,Gwen Moore,Moore,Democrat
5504,2011,13078929.646,1553524.746,11525404.899999999,1461491.946,0.0,0.0,0.0,92032.79999999999,0.0,0.0,0.0,0.0,0.0,11525404.899999999,0.0,0.0,Gwen Moore,Moore,Democrat
5504,2012,13099804.926,1334499.8260000001,11765305.100000001,1243819.626,0.0,0.0,0.0,90680.2,0.0,0.0,0.0,0.0,0.0,11765305.100000001,0.0,0.0,Gwen Moore,Moore,Democrat
5504,2013,14290398.988,1375264.088,12915134.9,1283136.188,0.0,0.0,0.0,92127.9,0.0,0.0,0.0,0.0,0.0,12915134.9,0.0,0.0,Gwen Moore,Moore,Democrat
5504,2014,14730513.508,1377266.5080000001,13353247.0,1284155.908,0.0,0.0,0.0,93110.6,0.0,0.0,0.0,0.0,0.0,13353247.0,0.0,0.0,Gwen Moore,Moore,Democrat
5504,2015,14000070.409999998,1071571.71,12928498.7,978742.86,0.0,0.0,0.0,92828.85,0.0,0.0,0.0,0.0,0.0,12928498.7,0.0,0.0,Gwen Moore,Moore,Democrat
5504,2016,14382057.348,874725.748,13507331.6,775817.148,0.0,0.0,0.0,98908.6,0.0,0.0,0.0,0.0,0.0,13507331.6,0.0,0.0,Gwen Moore,Moore,Democrat
5504,2017,14399476.644,783351.544,13616125.1,675023.394,0.0,0.0,0.0,108328.15,0.0,0.0,0.0,0.0,0.0,13616125.1,0.0,0.0,Gwen Moore,Moore,Democrat
5504,2018,15583575.154,730975.554,14852599.6,618388.804,0.0,0.0,0.0,112586.75,0.0,0.0,0.0,0.0,0.0,14852599.6,0.0,0.0,Gwen Moore,Moore,Democrat
5504,2019,16544543.44,737077.8400000001,15807465.6,623240.74,0.0,0.0,0.0,113837.1,0.0,0.0,0.0,0.0,0.0,15807465.6,0.0,0.0,Gwen Moore,Moore,Democrat
5504,2020,15629101.11,780836.8099999999,14848264.299999999,687148.26,0.0,0.0,0.0,93688.54999999999,0.0,0.0,0.0,0.0,0.0,14848264.299999999,0.0,0.0,Gwen Moore,Moore,Democrat
5504,2021,15087380.338,718466.638,14368913.7,624911.938,0.0,0.0,0.0,93554.7,0.0,0.0,0.0,0.0,0.0,14368913.7,0.0,0.0,Gwen Moore,Moore,Democrat
5504,2022,16692054.472000001,773054.8720000001,15918999.6,678510.9720000001,0.0,0.0,0.0,94543.9,0.0,0.0,0.0,0.0,0.0,15918999.6,0.0,0.0,Gwen Moore,Moore,Democrat
5504,2023,15452462.324000001,715622.024,14736840.3,618467.8740000001,0.0,0.0,0.0,97154.15,0.0,0.0,0.0,0.0,0.0,14736840.3,0.0,0.0,Gwen Moore,Moore,Democrat
5505,2010,728772.3667,728772.3667,0.0,728772.3667,0.0,0.0,0.0,0.0,0.0,0.0,0.0,0.0,0.0,0.0,0.0,0.0,Scott Fitzgerald,Fitzgerald,Republican
5505,2011,645308.084939,645308.084939,0.0,634448.444939,0.0,0.0,0.0,0.0,10859.64,0.0,0.0,0.0,0.0,0.0,0.0,0.0,Scott Fitzgerald,Fitzgerald,Republican
5505,2012,848522.913568,848522.913568,0.0,815004.6335679999,0.0,0.0,0.0,0.0,33518.28,0.0,0.0,0.0,0.0,0.0,0.0,0.0,Scott Fitzgerald,Fitzgerald,Republican
5505,2013,645677.5260000001,645677.5260000001,0.0,634115.6460000001,0.0,0.0,0.0,0.0,11561.88,0.0,0.0,0.0,0.0,0.0,0.0,0.0,Scott Fitzgerald,Fitzgerald,Republican
5505,2014,651328.2899999999,651328.2899999999,0.0,648669.8099999999,0.0,0.0,0.0,0.0,2658.48,0.0,0.0,0.0,0.0,0.0,0.0,0.0,Scott Fitzgerald,Fitzgerald,Republican
5505,2015,635339.66,635339.66,0.0,630405.74,0.0,0.0,0.0,0.0,4933.92,0.0,0.0,0.0,0.0,0.0,0.0,0.0,Scott Fitzgerald,Fitzgerald,Republican
5505,2016,746187.6479999999,746187.6479999999,0.0,746187.6479999999,0.0,0.0,0.0,0.0,0.0,0.0,0.0,0.0,0.0,0.0,0.0,0.0,Scott Fitzgerald,Fitzgerald,Republican
5505,2017,649113.4439999999,649113.4439999999,0.0,649113.4439999999,0.0,0.0,0.0,0.0,0.0,0.0,0.0,0.0,0.0,0.0,0.0,0.0,Scott Fitzgerald,Fitzgerald,Republican
5505,2018,744435.118,744435.118,0.0,744435.118,0.0,0.0,0.0,0.0,0.0,0.0,0.0,0.0,0.0,0.0,0.0,0.0,Scott Fitzgerald,Fitzgerald,Republican
5505,2019,739264.6340000001,739264.6340000001,0.0,739264.6340000001,0.0,0.0,0.0,0.0,0.0,0.0,0.0,0.0,0.0,0.0,0.0,0.0,Scott Fitzgerald,Fitzgerald,Republican
5505,2020,659712.5,659712.5,0.0,659712.5,0.0,0.0,0.0,0.0,0.0,0.0,0.0,0.0,0.0,0.0,0.0,0.0,Scott Fitzgerald,Fitzgerald,Republican
5505,2021,688643.688,688643.688,0.0,688643.688,0.0,0.0,0.0,0.0,0.0,0.0,0.0,0.0,0.0,0.0,0.0,0.0,Scott Fitzgerald,Fitzgerald,Republican
5505,2022,714896.052,714896.052,0.0,714896.052,0.0,0.0,0.0,0.0,0.0,0.0,0.0,0.0,0.0,0.0,0.0,0.0,Scott Fitzgerald,Fitzgerald,Republican
5505,2023,537298.282,537298.282,0.0,537298.282,0.0,0.0,0.0,0.0,0.0,0.0,0.0,0.0,0.0,0.0,0.0,0.0,Scott Fitzgerald,Fitzgerald,Republican
5506,2010,14973902.457177,14973902.457177,0.0,14973902.457177,0.0,0.0,0.0,0.0,0.0,0.0,0.0,0.0,0.0,0.0,0.0,0.0,Glenn Grothman,Grothman,Republican
5506,2011,14662554.029285,14662554.029285,0.0,14662554.029285,0.0,0.0,0.0,0.0,0.0,0.0,0.0,0.0,0.0,0.0,0.0,0.0,Glenn Grothman,Grothman,Republican
5506,2012,15347025.631982,15347025.631982,0.0,15347025.631982,0.0,0.0,0.0,0.0,0.0,0.0,0.0,0.0,0.0,0.0,0.0,0.0,Glenn Grothman,Grothman,Republican
5506,2013,15101035.552000001,15101035.552000001,0.0,15101035.552000001,0.0,0.0,0.0,0.0,0.0,0.0,0.0,0.0,0.0,0.0,0.0,0.0,Glenn Grothman,Grothman,Republican
5506,2014,12453093.328,12453093.328,0.0,12453093.328,0.0,0.0,0.0,0.0,0.0,0.0,0.0,0.0,0.0,0.0,0.0,0.0,Glenn Grothman,Grothman,Republican
5506,2015,13027791.504,13027791.504,0.0,13027791.504,0.0,0.0,0.0,0.0,0.0,0.0,0.0,0.0,0.0,0.0,0.0,0.0,Glenn Grothman,Grothman,Republican
5506,2016,13372432.406,13372432.406,0.0,13372432.406,0.0,0.0,0.0,0.0,0.0,0.0,0.0,0.0,0.0,0.0,0.0,0.0,Glenn Grothman,Grothman,Republican
5506,2017,15290791.926,15290791.926,0.0,15290791.926,0.0,0.0,0.0,0.0,0.0,0.0,0.0,0.0,0.0,0.0,0.0,0.0,Glenn Grothman,Grothman,Republican
5506,2018,15082752.914,15082752.914,0.0,15082752.914,0.0,0.0,0.0,0.0,0.0,0.0,0.0,0.0,0.0,0.0,0.0,0.0,Glenn Grothman,Grothman,Republican
5506,2019,12397501.864,12397501.864,0.0,12397501.864,0.0,0.0,0.0,0.0,0.0,0.0,0.0,0.0,0.0,0.0,0.0,0.0,Glenn Grothman,Grothman,Republican
5506,2020,12076501.806,12076501.806,0.0,12076501.806,0.0,0.0,0.0,0.0,0.0,0.0,0.0,0.0,0.0,0.0,0.0,0.0,Glenn Grothman,Grothman,Republican
5506,2021,13783576.502,13783576.502,0.0,13783576.502,0.0,0.0,0.0,0.0,0.0,0.0,0.0,0.0,0.0,0.0,0.0,0.0,Glenn Grothman,Grothman,Republican
5506,2022,11686690.634,11686690.634,0.0,11686690.634,0.0,0.0,0.0,0.0,0.0,0.0,0.0,0.0,0.0,0.0,0.0,0.0,Glenn Grothman,Grothman,Republican
5506,2023,12138028.064,12138028.064,0.0,12138028.064,0.0,0.0,0.0,0.0,0.0,0.0,0.0,0.0,0.0,0.0,0.0,0.0,Glenn Grothman,Grothman,Republican
5507,2010,8978266.288505,8875153.088505,103113.2,8875153.088505,0.0,0.0,0.0,0.0,0.0,0.0,0.0,0.0,0.0,103113.2,0.0,0.0,Thomas P. Tiffany,Tiffany,Republican
5507,2011,7994737.244164,7880192.744164,114544.5,7880192.744164,0.0,0.0,0.0,0.0,0.0,0.0,0.0,0.0,0.0,114544.5,0.0,0.0,Thomas P. Tiffany,Tiffany,Republican
5507,2012,11804897.133611,6634278.356610999,5170618.777,6634278.356610999,0.0,0.0,0.0,0.0,0.0,0.0,5043331.077,0.0,0.0,127287.7,0.0,0.0,Thomas P. Tiffany,Tiffany,Republican
5507,2013,12691808.7,7668000.7,5023808.0,7668000.7,0.0,0.0,0.0,0.0,0.0,0.0,4869968.1,0.0,0.0,153839.9,0.0,0.0,Thomas P. Tiffany,Tiffany,Republican
5507,2014,12550429.171500001,6768509.12,5781920.0515,6768509.12,0.0,0.0,0.0,0.0,0.0,0.0,5631040.7515,0.0,0.0,150879.3,0.0,0.0,Thomas P. Tiffany,Tiffany,Republican
5507,2015,11477239.852,5972809.352,5504430.5,5972809.352,0.0,0.0,0.0,0.0,0.0,0.0,5397036.5,0.0,0.0,107394.0,0.0,0.0,Thomas P. Tiffany,Tiffany,Republican
5507,2016,11196608.1635,5479046.804,5717561.3595,5479046.804,0.0,0.0,0.0,0.0,0.0,0.0,5519318.8595,0.0,0.0,198242.5,0.0,0.0,Thomas P. Tiffany,Tiffany,Republican
5507,2017,11538968.828,6091131.016,5447837.812,6091131.016,0.0,0.0,0.0,0.0,0.0,0.0,5236122.212,0.0,0.0,211715.6,0.0,0.0,Thomas P. Tiffany,Tiffany,Republican
5507,2018,8360597.49,6110701.59,2249895.9,6110701.59,0.0,0.0,0.0,0.0,0.0,0.0,2069556.5,0.0,0.0,180339.4,0.0,0.0,Thomas P. Tiffany,Tiffany,Republican
5507,2019,5836203.2552,5623970.784,212232.47119999997,5623970.784,0.0,0.0,0.0,0.0,0.0,0.0,42051.1712,0.0,0.0,170181.3,0.0,0.0,Thomas P. Tiffany,Tiffany,Republican
5507,2020,5404959.066000001,5240807.166,164151.9,5240807.166,0.0,0.0,0.0,0.0,0.0,0.0,7575.1,0.0,0.0,156576.8,0.0,0.0,Thomas P. Tiffany,Tiffany,Republican
5507,2021,5903757.791999999,5757336.291999999,146421.5,5757336.291999999,0.0,0.0,0.0,0.0,0.0,0.0,760.7,0.0,0.0,145660.8,0.0,0.0,Thomas P. Tiffany,Tiffany,Republican
5507,2022,5589108.180000001,5423920.58,165187.6,5423920.58,0.0,0.0,0.0,0.0,0.0,0.0,6964.0,0.0,0.0,158223.6,0.0,0.0,Thomas P. Tiffany,Tiffany,Republican
5507,2023,8362850.3662412,4843565.214,3519285.1522412,4843565.214,0.0,0.0,0.0,0.0,0.0,0.0,3300278.6522412,0.0,0.0,219006.5,0.0,0.0,Thomas P. Tiffany,Tiffany,Republican
5508,2010,8851643.658,5027582.658,3824061.0,5027582.658,0.0,0.0,0.0,0.0,0.0,0.0,0.0,0.0,0.0,3824061.0,0.0,0.0,Tony Wied,Wied,Republican
5508,2011,9011160.586,4923832.586,4087328.0,4889053.0879999995,0.0,0.0,0.0,34779.498,0.0,0.0,0.0,0.0,0.0,4087328.0,0.0,0.0,Tony Wied,Wied,Republican
5508,2012,8943833.91,4790965.81,4152868.1,4755632.112,0.0,0.0,0.0,35333.698,0.0,0.0,0.0,0.0,276079.9,3876788.2,0.0,0.0,Tony Wied,Wied,Republican
5508,2013,9069451.66458,4596278.95,4473172.71458,4560916.752,0.0,0.0,0.0,35362.198,0.0,0.0,0.0,0.0,18924.41458,4454248.3,0.0,0.0,Tony Wied,Wied,Republican
5508,2014,9215466.986,4509438.486,4706028.5,4474071.288,0.0,0.0,0.0,35367.198,0.0,0.0,0.0,0.0,54767.7,4651260.8,0.0,0.0,Tony Wied,Wied,Republican
5508,2015,8708765.17,4425760.97,4283004.2,4390031.6219999995,0.0,0.0,0.0,35729.348,0.0,0.0,0.0,0.0,0.0,4283004.2,0.0,0.0,Tony Wied,Wied,Republican
5508,2016,8726677.556,3964087.116,4762590.4399999995,3927119.018,0.0,0.0,0.0,36968.098,0.0,0.0,0.0,0.0,140016.34,4622574.1,0.0,0.0,Tony Wied,Wied,Republican
5508,2017,8901801.326000001,4014318.226,4887483.100000001,3976770.428,0.0,0.0,0.0,37547.798,0.0,0.0,0.0,0.0,0.0,4887483.100000001,0.0,0.0,Tony Wied,Wied,Republican
5508,2018,9674682.112,4481465.512,5193216.6,4442802.712,0.0,0.0,0.0,38662.8,0.0,0.0,0.0,0.0,50150.5,5143066.1,0.0,0.0,Tony Wied,Wied,Republican
5508,2019,9590339.268000001,3998022.808,5592316.46,3958012.2600000002,0.0,0.0,0.0,40010.548,0.0,0.0,0.0,0.0,598343.86,4993972.6,0.0,0.0,Tony Wied,Wied,Republican
5508,2020,8713654.666000001,3928880.306,4784774.36,3889083.308,0.0,0.0,0.0,39796.998,0.0,0.0,0.0,0.0,76877.56,4707896.800000001,0.0,0.0,Tony Wied,Wied,Republican
5508,2021,9106772.596,4142717.9960000003,4964054.600000001,4103002.348,0.0,0.0,0.0,39715.648,0.0,0.0,0.0,0.0,0.0,4964054.600000001,0.0,0.0,Tony Wied,Wied,Republican
5508,2022,9510813.188000001,4179431.988,5331381.2,4139525.64,0.0,0.0,0.0,39906.348,0.0,0.0,0.0,0.0,0.0,5331381.2,0.0,0.0,Tony Wied,Wied,Republican
5508,2023,8927071.91551832,4004431.415518319,4922640.5,3964099.467518319,0.0,0.0,0.0,40331.948,0.0,0.0,0.0,0.0,0.0,4922640.5,0.0,0.0,Tony Wied,Wied,Republican
5600,2010,64175201.757,60085247.457,4089954.3000000003,60085247.457,0.0,0.0,0.0,0.0,0.0,0.0,0.0,0.0,0.0,848069.1,3241885.2,0.0,Harriet M. Hageman,Hageman,Republican
5600,2011,69030191.284,65145578.484,3884612.8,64629934.66,515643.824,0.0,0.0,0.0,0.0,0.0,0.0,0.0,0.0,915681.5,2968931.3,0.0,Harriet M. Hageman,Hageman,Republican
5600,2012,95203980.9337468,67590424.792,27613556.1417468,67233337.85599999,357086.936,0.0,0.0,0.0,0.0,0.0,23950724.2417468,0.0,0.0,928701.2,2734130.6999999997,0.0,Harriet M. Hageman,Hageman,Republican
5600,2013,93075467.39967,68002326.082,25073141.31767,67567058.406,435267.67600000004,0.0,0.0,0.0,0.0,0.0,21319723.517669998,0.0,0.0,927654.6000000001,2825763.2,0.0,Harriet M. Hageman,Hageman,Republican
5600,2014,89195262.1379752,63197741.21,25997520.9279752,62918823.842,278917.368,0.0,0.0,0.0,0.0,0.0,22141924.1279752,0.0,0.0,919446.8,2936150.0,0.0,Harriet M. Hageman,Hageman,Republican
5600,2015,90706441.0926451,63601734.402,27104706.6906451,63244596.828,357137.57399999996,0.0,0.0,0.0,0.0,0.0,24006153.1906451,0.0,0.0,945305.1,2153248.4,0.0,Harriet M. Hageman,Hageman,Republican
5600,2016,87022407.9238,59565369.13,27457038.7938,57567892.764,537376.848,1460099.5180000002,0.0,0.0,0.0,0.0,24088492.2938,0.0,0.0,1172344.1,2196202.4,0.0,Harriet M. Hageman,Hageman,Republican
5600,2017,88738957.97131,62348655.388,26390302.58331,60349182.932000004,716853.4299999999,1282619.026,0.0,0.0,0.0,0.0,23347154.08331,0.0,0.0,1036493.0,2006655.5,0.0,Harriet M. Hageman,Hageman,Republican
5600,2018,87241850.158,61463503.168000005,25778346.99,59333022.244,935096.362,1195384.562,0.0,0.0,0.0,0.0,22691988.39,0.0,0.0,1087094.4000000001,1999264.2,0.0,Harriet M. Hageman,Hageman,Republican
5600,2019,82672186.3364084,56754838.052,25917348.2844084,54589336.278,964905.54,1200596.234,0.0,0.0,0.0,0.0,23026434.7844084,0.0,0.0,1044902.7000000001,1846010.8,0.0,Harriet M. Hageman,Hageman,Republican
5600,2020,77379675.138,54613924.998,22765750.14,52659427.496,821875.1140000001,1132622.388,0.0,0.0,0.0,0.0,18911791.54,0.0,0.0,1850527.2999999998,2003431.3,0.0,Harriet M. Hageman,Hageman,Republican
5600,2021,71775819.326,52703554.626,19072264.7,51074882.148,695933.338,932739.14,0.0,0.0,0.0,0.0,15758358.1,0.0,0.0,1570260.9000000001,1743645.7,0.0,Harriet M. Hageman,Hageman,Republican
5600,2022,75164743.957945,54660305.438,20504438.519945,52723035.412,1081699.054,855570.972,0.0,0.0,0.0,0.0,16964475.419945,0.0,0.0,1788053.8,1751909.3,0.0,Harriet M. Hageman,Hageman,Republican
5600,2023,74343968.13352042,51505864.09405912,22838104.0394613,50054464.65805912,800228.4920000001,651170.944,0.0,0.0,0.0,0.0,19385771.5394613,0.0,0.0,1759704.1,1692628.4,0.0,Harriet M. Hageman,Hageman,Republican
6098,2010,0.0,0.0,0.0,0.0,0.0,0.0,0.0,0.0,0.0,0.0,0.0,0.0,0.0,0.0,0.0,0.0,Aumua Amata Coleman Radewagen,Radewagen,Republican
6098,2011,0.0,0.0,0.0,0.0,0.0,0.0,0.0,0.0,0.0,0.0,0.0,0.0,0.0,0.0,0.0,0.0,Aumua Amata Coleman Radewagen,Radewagen,Republican
6098,2012,0.0,0.0,0.0,0.0,0.0,0.0,0.0,0.0,0.0,0.0,0.0,0.0,0.0,0.0,0.0,0.0,Aumua Amata Coleman Radewagen,Radewagen,Republican
6098,2013,0.0,0.0,0.0,0.0,0.0,0.0,0.0,0.0,0.0,0.0,0.0,0.0,0.0,0.0,0.0,0.0,Aumua Amata Coleman Radewagen,Radewagen,Republican
6098,2014,0.0,0.0,0.0,0.0,0.0,0.0,0.0,0.0,0.0,0.0,0.0,0.0,0.0,0.0,0.0,0.0,Aumua Amata Coleman Radewagen,Radewagen,Republican
6098,2015,0.0,0.0,0.0,0.0,0.0,0.0,0.0,0.0,0.0,0.0,0.0,0.0,0.0,0.0,0.0,0.0,Aumua Amata Coleman Radewagen,Radewagen,Republican
6098,2016,0.0,0.0,0.0,0.0,0.0,0.0,0.0,0.0,0.0,0.0,0.0,0.0,0.0,0.0,0.0,0.0,Aumua Amata Coleman Radewagen,Radewagen,Republican
6098,2017,0.0,0.0,0.0,0.0,0.0,0.0,0.0,0.0,0.0,0.0,0.0,0.0,0.0,0.0,0.0,0.0,Aumua Amata Coleman Radewagen,Radewagen,Republican
6098,2018,0.0,0.0,0.0,0.0,0.0,0.0,0.0,0.0,0.0,0.0,0.0,0.0,0.0,0.0,0.0,0.0,Aumua Amata Coleman Radewagen,Radewagen,Republican
6098,2019,0.0,0.0,0.0,0.0,0.0,0.0,0.0,0.0,0.0,0.0,0.0,0.0,0.0,0.0,0.0,0.0,Aumua Amata Coleman Radewagen,Radewagen,Republican
6098,2020,0.0,0.0,0.0,0.0,0.0,0.0,0.0,0.0,0.0,0.0,0.0,0.0,0.0,0.0,0.0,0.0,Aumua Amata Coleman Radewagen,Radewagen,Republican
6098,2021,0.0,0.0,0.0,0.0,0.0,0.0,0.0,0.0,0.0,0.0,0.0,0.0,0.0,0.0,0.0,0.0,Aumua Amata Coleman Radewagen,Radewagen,Republican
6098,2022,0.0,0.0,0.0,0.0,0.0,0.0,0.0,0.0,0.0,0.0,0.0,0.0,0.0,0.0,0.0,0.0,Aumua Amata Coleman Radewagen,Radewagen,Republican
6098,2023,0.0,0.0,0.0,0.0,0.0,0.0,0.0,0.0,0.0,0.0,0.0,0.0,0.0,0.0,0.0,0.0,Aumua Amata Coleman Radewagen,Radewagen,Republican
6698,2010,1270953.568,1270953.568,0.0,1270953.568,0.0,0.0,0.0,0.0,0.0,0.0,0.0,0.0,0.0,0.0,0.0,0.0,James C. Moylan,Moylan,Republican
6698,2011,1318871.114,1318871.114,0.0,1318871.114,0.0,0.0,0.0,0.0,0.0,0.0,0.0,0.0,0.0,0.0,0.0,0.0,James C. Moylan,Moylan,Republican
6698,2012,1065650.608,1065650.608,0.0,1065650.608,0.0,0.0,0.0,0.0,0.0,0.0,0.0,0.0,0.0,0.0,0.0,0.0,James C. Moylan,Moylan,Republican
6698,2013,1113787.62,1113787.62,0.0,1113787.62,0.0,0.0,0.0,0.0,0.0,0.0,0.0,0.0,0.0,0.0,0.0,0.0,James C. Moylan,Moylan,Republican
6698,2014,1248516.406,1248516.406,0.0,1248516.406,0.0,0.0,0.0,0.0,0.0,0.0,0.0,0.0,0.0,0.0,0.0,0.0,James C. Moylan,Moylan,Republican
6698,2015,1271513.716,1271513.716,0.0,1271513.716,0.0,0.0,0.0,0.0,0.0,0.0,0.0,0.0,0.0,0.0,0.0,0.0,James C. Moylan,Moylan,Republican
6698,2016,1153742.202,1153742.202,0.0,1153742.202,0.0,0.0,0.0,0.0,0.0,0.0,0.0,0.0,0.0,0.0,0.0,0.0,James C. Moylan,Moylan,Republican
6698,2017,1220878.234,1220878.234,0.0,1220878.234,0.0,0.0,0.0,0.0,0.0,0.0,0.0,0.0,0.0,0.0,0.0,0.0,James C. Moylan,Moylan,Republican
6698,2018,1236383.3739999998,1236383.3739999998,0.0,1236383.3739999998,0.0,0.0,0.0,0.0,0.0,0.0,0.0,0.0,0.0,0.0,0.0,0.0,James C. Moylan,Moylan,Republican
6698,2019,1248818.328,1248818.328,0.0,1248818.328,0.0,0.0,0.0,0.0,0.0,0.0,0.0,0.0,0.0,0.0,0.0,0.0,James C. Moylan,Moylan,Republican
6698,2020,1213148.368,1213148.368,0.0,1213148.368,0.0,0.0,0.0,0.0,0.0,0.0,0.0,0.0,0.0,0.0,0.0,0.0,James C. Moylan,Moylan,Republican
6698,2021,1363715.4300000002,1363715.4300000002,0.0,1363715.4300000002,0.0,0.0,0.0,0.0,0.0,0.0,0.0,0.0,0.0,0.0,0.0,0.0,James C. Moylan,Moylan,Republican
6698,2022,1308218.662,1308218.662,0.0,1308218.662,0.0,0.0,0.0,0.0,0.0,0.0,0.0,0.0,0.0,0.0,0.0,0.0,James C. Moylan,Moylan,Republican
6698,2023,1304859.404,1304859.404,0.0,1304859.404,0.0,0.0,0.0,0.0,0.0,0.0,0.0,0.0,0.0,0.0,0.0,0.0,James C. Moylan,Moylan,Republican
6998,2010,0.0,0.0,0.0,0.0,0.0,0.0,0.0,0.0,0.0,0.0,0.0,0.0,0.0,0.0,0.0,0.0,Kimberlyn King-Hinds,King-Hinds,Republican
6998,2011,0.0,0.0,0.0,0.0,0.0,0.0,0.0,0.0,0.0,0.0,0.0,0.0,0.0,0.0,0.0,0.0,Kimberlyn King-Hinds,King-Hinds,Republican
6998,2012,0.0,0.0,0.0,0.0,0.0,0.0,0.0,0.0,0.0,0.0,0.0,0.0,0.0,0.0,0.0,0.0,Kimberlyn King-Hinds,King-Hinds,Republican
6998,2013,0.0,0.0,0.0,0.0,0.0,0.0,0.0,0.0,0.0,0.0,0.0,0.0,0.0,0.0,0.0,0.0,Kimberlyn King-Hinds,King-Hinds,Republican
6998,2014,0.0,0.0,0.0,0.0,0.0,0.0,0.0,0.0,0.0,0.0,0.0,0.0,0.0,0.0,0.0,0.0,Kimberlyn King-Hinds,King-Hinds,Republican
6998,2015,0.0,0.0,0.0,0.0,0.0,0.0,0.0,0.0,0.0,0.0,0.0,0.0,0.0,0.0,0.0,0.0,Kimberlyn King-Hinds,King-Hinds,Republican
6998,2016,0.0,0.0,0.0,0.0,0.0,0.0,0.0,0.0,0.0,0.0,0.0,0.0,0.0,0.0,0.0,0.0,Kimberlyn King-Hinds,King-Hinds,Republican
6998,2017,0.0,0.0,0.0,0.0,0.0,0.0,0.0,0.0,0.0,0.0,0.0,0.0,0.0,0.0,0.0,0.0,Kimberlyn King-Hinds,King-Hinds,Republican
6998,2018,0.0,0.0,0.0,0.0,0.0,0.0,0.0,0.0,0.0,0.0,0.0,0.0,0.0,0.0,0.0,0.0,Kimberlyn King-Hinds,King-Hinds,Republican
6998,2019,0.0,0.0,0.0,0.0,0.0,0.0,0.0,0.0,0.0,0.0,0.0,0.0,0.0,0.0,0.0,0.0,Kimberlyn King-Hinds,King-Hinds,Republican
6998,2020,0.0,0.0,0.0,0.0,0.0,0.0,0.0,0.0,0.0,0.0,0.0,0.0,0.0,0.0,0.0,0.0,Kimberlyn King-Hinds,King-Hinds,Republican
6998,2021,0.0,0.0,0.0,0.0,0.0,0.0,0.0,0.0,0.0,0.0,0.0,0.0,0.0,0.0,0.0,0.0,Kimberlyn King-Hinds,King-Hinds,Republican
6998,2022,0.0,0.0,0.0,0.0,0.0,0.0,0.0,0.0,0.0,0.0,0.0,0.0,0.0,0.0,0.0,0.0,Kimberlyn King-Hinds,King-Hinds,Republican
6998,2023,0.0,0.0,0.0,0.0,0.0,0.0,0.0,0.0,0.0,0.0,0.0,0.0,0.0,0.0,0.0,0.0,Kimberlyn King-Hinds,King-Hinds,Republican
7298,2010,18917173.58125,18917173.58125,0.0,18917173.58125,0.0,0.0,0.0,0.0,0.0,0.0,0.0,0.0,0.0,0.0,0.0,0.0,Pablo José Hernández,Hernández,Democrat
7298,2011,19457425.36845,19457425.36845,0.0,19432067.20845,0.0,0.0,0.0,0.0,25358.16,0.0,0.0,0.0,0.0,0.0,0.0,0.0,Pablo José Hernández,Hernández,Democrat
7298,2012,18387774.52845,18387774.52845,0.0,18355001.808450002,0.0,0.0,0.0,0.0,32772.72,0.0,0.0,0.0,0.0,0.0,0.0,0.0,Pablo José Hernández,Hernández,Democrat
7298,2013,16855602.236,16855602.236,0.0,16797386.996,0.0,0.0,0.0,0.0,58215.24,0.0,0.0,0.0,0.0,0.0,0.0,0.0,Pablo José Hernández,Hernández,Democrat
7298,2014,16377035.45,16377035.45,0.0,16342728.29,0.0,0.0,0.0,0.0,34307.16,0.0,0.0,0.0,0.0,0.0,0.0,0.0,Pablo José Hernández,Hernández,Democrat
7298,2015,16817742.51,16817742.51,0.0,16787327.31,0.0,0.0,0.0,0.0,30415.2,0.0,0.0,0.0,0.0,0.0,0.0,0.0,Pablo José Hernández,Hernández,Democrat
7298,2016,14581470.208,14581470.208,0.0,14566153.168,0.0,0.0,0.0,0.0,15317.04,0.0,0.0,0.0,0.0,0.0,0.0,0.0,Pablo José Hernández,Hernández,Democrat
7298,2017,11788543.458,11788543.458,0.0,11758616.178,0.0,0.0,0.0,0.0,29927.28,0.0,0.0,0.0,0.0,0.0,0.0,0.0,Pablo José Hernández,Hernández,Democrat
7298,2018,11575909.352,11575909.352,0.0,11538706.592,0.0,0.0,0.0,0.0,37202.76,0.0,0.0,0.0,0.0,0.0,0.0,0.0,Pablo José Hernández,Hernández,Democrat
7298,2019,12521918.386,12521918.386,0.0,12506564.866,0.0,0.0,0.0,0.0,15353.52,0.0,0.0,0.0,0.0,0.0,0.0,0.0,Pablo José Hernández,Hernández,Democrat
7298,2020,13925393.368,13925393.368,0.0,13915650.928,0.0,0.0,0.0,0.0,9742.44,0.0,0.0,0.0,0.0,0.0,0.0,0.0,Pablo José Hernández,Hernández,Democrat
7298,2021,14354734.2212,14354734.2212,0.0,14318847.842,0.0,0.0,0.0,0.0,35886.3792,0.0,0.0,0.0,0.0,0.0,0.0,0.0,Pablo José Hernández,Hernández,Democrat
7298,2022,14802263.7288,14802263.7288,0.0,14780783.598000001,0.0,0.0,0.0,0.0,21480.1308,0.0,0.0,0.0,0.0,0.0,0.0,0.0,Pablo José Hernández,Hernández,Democrat
7298,2023,13803419.7336,13803419.7336,0.0,13729981.914,0.0,0.0,0.0,0.0,73437.8196,0.0,0.0,0.0,0.0,0.0,0.0,0.0,Pablo José Hernández,Hernández,Democrat
7898,2010,6327077.812,6327077.812,0.0,6327077.812,0.0,0.0,0.0,0.0,0.0,0.0,0.0,0.0,0.0,0.0,0.0,0.0,Stacey E. Plaskett,Plaskett,Democrat
7898,2011,5492411.242,5492411.242,0.0,5492411.242,0.0,0.0,0.0,0.0,0.0,0.0,0.0,0.0,0.0,0.0,0.0,0.0,Stacey E. Plaskett,Plaskett,Democrat
7898,2012,6253348.409999999,1579789.41,4673559.0,1579789.41,0.0,0.0,0.0,0.0,0.0,0.0,4673559.0,0.0,0.0,0.0,0.0,0.0,Stacey E. Plaskett,Plaskett,Democrat
7898,2013,918587.376,918587.376,0.0,918587.376,0.0,0.0,0.0,0.0,0.0,0.0,0.0,0.0,0.0,0.0,0.0,0.0,Stacey E. Plaskett,Plaskett,Democrat
7898,2014,1160972.2680000002,865800.368,295171.9,865800.368,0.0,0.0,0.0,0.0,0.0,0.0,0.0,0.0,295171.9,0.0,0.0,0.0,Stacey E. Plaskett,Plaskett,Democrat
7898,2015,891703.076,891703.076,0.0,891703.076,0.0,0.0,0.0,0.0,0.0,0.0,0.0,0.0,0.0,0.0,0.0,0.0,Stacey E. Plaskett,Plaskett,Democrat
7898,2016,909047.18,909047.18,0.0,909047.18,0.0,0.0,0.0,0.0,0.0,0.0,0.0,0.0,0.0,0.0,0.0,0.0,Stacey E. Plaskett,Plaskett,Democrat
7898,2017,654352.086,654352.086,0.0,654352.086,0.0,0.0,0.0,0.0,0.0,0.0,0.0,0.0,0.0,0.0,0.0,0.0,Stacey E. Plaskett,Plaskett,Democrat
7898,2018,676118.082,676118.082,0.0,676118.082,0.0,0.0,0.0,0.0,0.0,0.0,0.0,0.0,0.0,0.0,0.0,0.0,Stacey E. Plaskett,Plaskett,Democrat
7898,2019,785977.922,785977.922,0.0,785977.922,0.0,0.0,0.0,0.0,0.0,0.0,0.0,0.0,0.0,0.0,0.0,0.0,Stacey E. Plaskett,Plaskett,Democrat
7898,2020,2568698.793594,1073727.53,1494971.263594,1073727.53,0.0,0.0,0.0,0.0,0.0,0.0,1494971.263594,0.0,0.0,0.0,0.0,0.0,Stacey E. Plaskett,Plaskett,Democrat
7898,2021,4942340.2271259995,1570237.666,3372102.561126,1570237.666,0.0,0.0,0.0,0.0,0.0,0.0,3372102.561126,0.0,0.0,0.0,0.0,0.0,Stacey E. Plaskett,Plaskett,Democrat
7898,2022,728850.01,728850.01,0.0,728850.01,0.0,0.0,0.0,0.0,0.0,0.0,0.0,0.0,0.0,0.0,0.0,0.0,Stacey E. Plaskett,Plaskett,Democrat
7898,2023,581163.676,581163.676,0.0,581163.676,0.0,0.0,0.0,0.0,0.0,0.0,0.0,0.0,0.0,0.0,0.0,0.0,Stacey E. Plaskett,Plaskett,Democrat
